DATAFLOW,LAST UPDATE,freq,reporter,partner,product,flow,indicators,TIME_PERIOD,OBS_VALUE
ESTAT:DS-045409(1.0),06/02/26 11:00:00,Annual,"European Union - 27 countries (AT, BE, BG, CY, CZ, DE, DK, EE, ES, FI, FR, GR, HR, HU, IE, IT, LT, LU, LV, MT, NL, PL, PT, RO, SE, SI, SK)",Angola,EDIBLE FRUIT AND NUTS; PEEL OF CITRUS FRUIT OR MELONS,IMPORT,VALUE_IN_EUROS,2002,345
ESTAT:DS-045409(1.0),06/02/26 11:00:00,Annual,"European Union - 27 countries (AT, BE, BG, CY, CZ, DE, DK, EE, ES, FI, FR, GR, HR, HU, IE, IT, LT, LU, LV, MT, NL, PL, PT, RO, SE, SI, SK)",Angola,EDIBLE FRUIT AND NUTS; PEEL OF CITRUS FRUIT OR MELONS,IMPORT,VALUE_IN_EUROS,2003,1314
ESTAT:DS-045409(1.0),06/02/26 11:00:00,Annual,"European Union - 27 countries (AT, BE, BG, CY, CZ, DE, DK, EE, ES, FI, FR, GR, HR, HU, IE, IT, LT, LU, LV, MT, NL, PL, PT, RO, SE, SI, SK)",Angola,EDIBLE FRUIT AND NUTS; PEEL OF CITRUS FRUIT OR MELONS,IMPORT,VALUE_IN_EUROS,2004,127
ESTAT:DS-045409(1.0),06/02/26 11:00:00,Annual,"European Union - 27 countries (AT, BE, BG, CY, CZ, DE, DK, EE, ES, FI, FR, GR, HR, HU, IE, IT, LT, LU, LV, MT, NL, PL, PT, RO, SE, SI, SK)",Angola,EDIBLE FRUIT AND NUTS; PEEL OF CITRUS FRUIT OR MELONS,IMPORT,VALUE_IN_EUROS,2005,309
ESTAT:DS-045409(1.0),06/02/26 11:00:00,Annual,"European Union - 27 countries (AT, BE, BG, CY, CZ, DE, DK, EE, ES, FI, FR, GR, HR, HU, IE, IT, LT, LU, LV, MT, NL, PL, PT, RO, SE, SI, SK)",Angola,EDIBLE FRUIT AND NUTS; PEEL OF CITRUS FRUIT OR MELONS,IMPORT,VALUE_IN_EUROS,2007,610
ESTAT:DS-045409(1.0),06/02/26 11:00:00,Annual,"European Union - 27 countries (AT, BE, BG, CY, CZ, DE, DK, EE, ES, FI, FR, GR, HR, HU, IE, IT, LT, LU, LV, MT, NL, PL, PT, RO, SE, SI, SK)",Angola,EDIBLE FRUIT AND NUTS; PEEL OF CITRUS FRUIT OR MELONS,IMPORT,VALUE_IN_EUROS,2016,7472
ESTAT:DS-045409(1.0),06/02/26 11:00:00,Annual,"European Union - 27 countries (AT, BE, BG, CY, CZ, DE, DK, EE, ES, FI, FR, GR, HR, HU, IE, IT, LT, LU, LV, MT, NL, PL, PT, RO, SE, SI, SK)",Angola,EDIBLE FRUIT AND NUTS; PEEL OF CITRUS FRUIT OR MELONS,IMPORT,VALUE_IN_EUROS,2017,283154
ESTAT:DS-045409(1.0),06/02/26 11:00:00,Annual,"European Union - 27 countries (AT, BE, BG, CY, CZ, DE, DK, EE, ES, FI, FR, GR, HR, HU, IE, IT, LT, LU, LV, MT, NL, PL, PT, RO, SE, SI, SK)",Angola,EDIBLE FRUIT AND NUTS; PEEL OF CITRUS FRUIT OR MELONS,IMPORT,VALUE_IN_EUROS,2018,2280066
ESTAT:DS-045409(1.0),06/02/26 11:00:00,Annual,"European Union - 27 countries (AT, BE, BG, CY, CZ, DE, DK, EE, ES, FI, FR, GR, HR, HU, IE, IT, LT, LU, LV, MT, NL, PL, PT, RO, SE, SI, SK)",Angola,EDIBLE FRUIT AND NUTS; PEEL OF CITRUS FRUIT OR MELONS,IMPORT,VALUE_IN_EUROS,2019,2878266
ESTAT:DS-045409(1.0),06/02/26 11:00:00,Annual,"European Union - 27 countries (AT, BE, BG, CY, CZ, DE, DK, EE, ES, FI, FR, GR, HR, HU, IE, IT, LT, LU, LV, MT, NL, PL, PT, RO, SE, SI, SK)",Angola,EDIBLE FRUIT AND NUTS; PEEL OF CITRUS FRUIT OR MELONS,IMPORT,VALUE_IN_EUROS,2020,4146042
ESTAT:DS-045409(1.0),06/02/26 11:00:00,Annual,"European Union - 27 countries (AT, BE, BG, CY, CZ, DE, DK, EE, ES, FI, FR, GR, HR, HU, IE, IT, LT, LU, LV, MT, NL, PL, PT, RO, SE, SI, SK)",Angola,EDIBLE FRUIT AND NUTS; PEEL OF CITRUS FRUIT OR MELONS,IMPORT,VALUE_IN_EUROS,2021,5106276
ESTAT:DS-045409(1.0),06/02/26 11:00:00,Annual,"European Union - 27 countries (AT, BE, BG, CY, CZ, DE, DK, EE, ES, FI, FR, GR, HR, HU, IE, IT, LT, LU, LV, MT, NL, PL, PT, RO, SE, SI, SK)",Angola,EDIBLE FRUIT AND NUTS; PEEL OF CITRUS FRUIT OR MELONS,IMPORT,VALUE_IN_EUROS,2022,8241953
ESTAT:DS-045409(1.0),06/02/26 11:00:00,Annual,"European Union - 27 countries (AT, BE, BG, CY, CZ, DE, DK, EE, ES, FI, FR, GR, HR, HU, IE, IT, LT, LU, LV, MT, NL, PL, PT, RO, SE, SI, SK)",Angola,EDIBLE FRUIT AND NUTS; PEEL OF CITRUS FRUIT OR MELONS,IMPORT,VALUE_IN_EUROS,2023,10881266
ESTAT:DS-045409(1.0),06/02/26 11:00:00,Annual,"European Union - 27 countries (AT, BE, BG, CY, CZ, DE, DK, EE, ES, FI, FR, GR, HR, HU, IE, IT, LT, LU, LV, MT, NL, PL, PT, RO, SE, SI, SK)",Angola,EDIBLE FRUIT AND NUTS; PEEL OF CITRUS FRUIT OR MELONS,IMPORT,VALUE_IN_EUROS,2024,5087351
ESTAT:DS-045409(1.0),06/02/26 11:00:00,Annual,"European Union - 27 countries (AT, BE, BG, CY, CZ, DE, DK, EE, ES, FI, FR, GR, HR, HU, IE, IT, LT, LU, LV, MT, NL, PL, PT, RO, SE, SI, SK)",Burkina Faso,EDIBLE FRUIT AND NUTS; PEEL OF CITRUS FRUIT OR MELONS,IMPORT,VALUE_IN_EUROS,1999,343971
ESTAT:DS-045409(1.0),06/02/26 11:00:00,Annual,"European Union - 27 countries (AT, BE, BG, CY, CZ, DE, DK, EE, ES, FI, FR, GR, HR, HU, IE, IT, LT, LU, LV, MT, NL, PL, PT, RO, SE, SI, SK)",Burkina Faso,EDIBLE FRUIT AND NUTS; PEEL OF CITRUS FRUIT OR MELONS,IMPORT,VALUE_IN_EUROS,2000,434707
ESTAT:DS-045409(1.0),06/02/26 11:00:00,Annual,"European Union - 27 countries (AT, BE, BG, CY, CZ, DE, DK, EE, ES, FI, FR, GR, HR, HU, IE, IT, LT, LU, LV, MT, NL, PL, PT, RO, SE, SI, SK)",Burkina Faso,EDIBLE FRUIT AND NUTS; PEEL OF CITRUS FRUIT OR MELONS,IMPORT,VALUE_IN_EUROS,2001,983161
ESTAT:DS-045409(1.0),06/02/26 11:00:00,Annual,"European Union - 27 countries (AT, BE, BG, CY, CZ, DE, DK, EE, ES, FI, FR, GR, HR, HU, IE, IT, LT, LU, LV, MT, NL, PL, PT, RO, SE, SI, SK)",Burkina Faso,EDIBLE FRUIT AND NUTS; PEEL OF CITRUS FRUIT OR MELONS,IMPORT,VALUE_IN_EUROS,2002,854984
ESTAT:DS-045409(1.0),06/02/26 11:00:00,Annual,"European Union - 27 countries (AT, BE, BG, CY, CZ, DE, DK, EE, ES, FI, FR, GR, HR, HU, IE, IT, LT, LU, LV, MT, NL, PL, PT, RO, SE, SI, SK)",Burkina Faso,EDIBLE FRUIT AND NUTS; PEEL OF CITRUS FRUIT OR MELONS,IMPORT,VALUE_IN_EUROS,2003,1942647
ESTAT:DS-045409(1.0),06/02/26 11:00:00,Annual,"European Union - 27 countries (AT, BE, BG, CY, CZ, DE, DK, EE, ES, FI, FR, GR, HR, HU, IE, IT, LT, LU, LV, MT, NL, PL, PT, RO, SE, SI, SK)",Burkina Faso,EDIBLE FRUIT AND NUTS; PEEL OF CITRUS FRUIT OR MELONS,IMPORT,VALUE_IN_EUROS,2004,2008436
ESTAT:DS-045409(1.0),06/02/26 11:00:00,Annual,"European Union - 27 countries (AT, BE, BG, CY, CZ, DE, DK, EE, ES, FI, FR, GR, HR, HU, IE, IT, LT, LU, LV, MT, NL, PL, PT, RO, SE, SI, SK)",Burkina Faso,EDIBLE FRUIT AND NUTS; PEEL OF CITRUS FRUIT OR MELONS,IMPORT,VALUE_IN_EUROS,2005,2447841
ESTAT:DS-045409(1.0),06/02/26 11:00:00,Annual,"European Union - 27 countries (AT, BE, BG, CY, CZ, DE, DK, EE, ES, FI, FR, GR, HR, HU, IE, IT, LT, LU, LV, MT, NL, PL, PT, RO, SE, SI, SK)",Burkina Faso,EDIBLE FRUIT AND NUTS; PEEL OF CITRUS FRUIT OR MELONS,IMPORT,VALUE_IN_EUROS,2006,3656929
ESTAT:DS-045409(1.0),06/02/26 11:00:00,Annual,"European Union - 27 countries (AT, BE, BG, CY, CZ, DE, DK, EE, ES, FI, FR, GR, HR, HU, IE, IT, LT, LU, LV, MT, NL, PL, PT, RO, SE, SI, SK)",Burkina Faso,EDIBLE FRUIT AND NUTS; PEEL OF CITRUS FRUIT OR MELONS,IMPORT,VALUE_IN_EUROS,2007,5168485
ESTAT:DS-045409(1.0),06/02/26 11:00:00,Annual,"European Union - 27 countries (AT, BE, BG, CY, CZ, DE, DK, EE, ES, FI, FR, GR, HR, HU, IE, IT, LT, LU, LV, MT, NL, PL, PT, RO, SE, SI, SK)",Burkina Faso,EDIBLE FRUIT AND NUTS; PEEL OF CITRUS FRUIT OR MELONS,IMPORT,VALUE_IN_EUROS,2008,5100053
ESTAT:DS-045409(1.0),06/02/26 11:00:00,Annual,"European Union - 27 countries (AT, BE, BG, CY, CZ, DE, DK, EE, ES, FI, FR, GR, HR, HU, IE, IT, LT, LU, LV, MT, NL, PL, PT, RO, SE, SI, SK)",Burkina Faso,EDIBLE FRUIT AND NUTS; PEEL OF CITRUS FRUIT OR MELONS,IMPORT,VALUE_IN_EUROS,2009,3156760
ESTAT:DS-045409(1.0),06/02/26 11:00:00,Annual,"European Union - 27 countries (AT, BE, BG, CY, CZ, DE, DK, EE, ES, FI, FR, GR, HR, HU, IE, IT, LT, LU, LV, MT, NL, PL, PT, RO, SE, SI, SK)",Burkina Faso,EDIBLE FRUIT AND NUTS; PEEL OF CITRUS FRUIT OR MELONS,IMPORT,VALUE_IN_EUROS,2010,4686275
ESTAT:DS-045409(1.0),06/02/26 11:00:00,Annual,"European Union - 27 countries (AT, BE, BG, CY, CZ, DE, DK, EE, ES, FI, FR, GR, HR, HU, IE, IT, LT, LU, LV, MT, NL, PL, PT, RO, SE, SI, SK)",Burkina Faso,EDIBLE FRUIT AND NUTS; PEEL OF CITRUS FRUIT OR MELONS,IMPORT,VALUE_IN_EUROS,2011,4741465
ESTAT:DS-045409(1.0),06/02/26 11:00:00,Annual,"European Union - 27 countries (AT, BE, BG, CY, CZ, DE, DK, EE, ES, FI, FR, GR, HR, HU, IE, IT, LT, LU, LV, MT, NL, PL, PT, RO, SE, SI, SK)",Burkina Faso,EDIBLE FRUIT AND NUTS; PEEL OF CITRUS FRUIT OR MELONS,IMPORT,VALUE_IN_EUROS,2012,7657330
ESTAT:DS-045409(1.0),06/02/26 11:00:00,Annual,"European Union - 27 countries (AT, BE, BG, CY, CZ, DE, DK, EE, ES, FI, FR, GR, HR, HU, IE, IT, LT, LU, LV, MT, NL, PL, PT, RO, SE, SI, SK)",Burkina Faso,EDIBLE FRUIT AND NUTS; PEEL OF CITRUS FRUIT OR MELONS,IMPORT,VALUE_IN_EUROS,2013,10040837
ESTAT:DS-045409(1.0),06/02/26 11:00:00,Annual,"European Union - 27 countries (AT, BE, BG, CY, CZ, DE, DK, EE, ES, FI, FR, GR, HR, HU, IE, IT, LT, LU, LV, MT, NL, PL, PT, RO, SE, SI, SK)",Burkina Faso,EDIBLE FRUIT AND NUTS; PEEL OF CITRUS FRUIT OR MELONS,IMPORT,VALUE_IN_EUROS,2014,11576797
ESTAT:DS-045409(1.0),06/02/26 11:00:00,Annual,"European Union - 27 countries (AT, BE, BG, CY, CZ, DE, DK, EE, ES, FI, FR, GR, HR, HU, IE, IT, LT, LU, LV, MT, NL, PL, PT, RO, SE, SI, SK)",Burkina Faso,EDIBLE FRUIT AND NUTS; PEEL OF CITRUS FRUIT OR MELONS,IMPORT,VALUE_IN_EUROS,2015,14740718
ESTAT:DS-045409(1.0),06/02/26 11:00:00,Annual,"European Union - 27 countries (AT, BE, BG, CY, CZ, DE, DK, EE, ES, FI, FR, GR, HR, HU, IE, IT, LT, LU, LV, MT, NL, PL, PT, RO, SE, SI, SK)",Burkina Faso,EDIBLE FRUIT AND NUTS; PEEL OF CITRUS FRUIT OR MELONS,IMPORT,VALUE_IN_EUROS,2016,19072758
ESTAT:DS-045409(1.0),06/02/26 11:00:00,Annual,"European Union - 27 countries (AT, BE, BG, CY, CZ, DE, DK, EE, ES, FI, FR, GR, HR, HU, IE, IT, LT, LU, LV, MT, NL, PL, PT, RO, SE, SI, SK)",Burkina Faso,EDIBLE FRUIT AND NUTS; PEEL OF CITRUS FRUIT OR MELONS,IMPORT,VALUE_IN_EUROS,2017,17995614
ESTAT:DS-045409(1.0),06/02/26 11:00:00,Annual,"European Union - 27 countries (AT, BE, BG, CY, CZ, DE, DK, EE, ES, FI, FR, GR, HR, HU, IE, IT, LT, LU, LV, MT, NL, PL, PT, RO, SE, SI, SK)",Burkina Faso,EDIBLE FRUIT AND NUTS; PEEL OF CITRUS FRUIT OR MELONS,IMPORT,VALUE_IN_EUROS,2018,23427140
ESTAT:DS-045409(1.0),06/02/26 11:00:00,Annual,"European Union - 27 countries (AT, BE, BG, CY, CZ, DE, DK, EE, ES, FI, FR, GR, HR, HU, IE, IT, LT, LU, LV, MT, NL, PL, PT, RO, SE, SI, SK)",Burkina Faso,EDIBLE FRUIT AND NUTS; PEEL OF CITRUS FRUIT OR MELONS,IMPORT,VALUE_IN_EUROS,2019,29024947
ESTAT:DS-045409(1.0),06/02/26 11:00:00,Annual,"European Union - 27 countries (AT, BE, BG, CY, CZ, DE, DK, EE, ES, FI, FR, GR, HR, HU, IE, IT, LT, LU, LV, MT, NL, PL, PT, RO, SE, SI, SK)",Burkina Faso,EDIBLE FRUIT AND NUTS; PEEL OF CITRUS FRUIT OR MELONS,IMPORT,VALUE_IN_EUROS,2020,33829960
ESTAT:DS-045409(1.0),06/02/26 11:00:00,Annual,"European Union - 27 countries (AT, BE, BG, CY, CZ, DE, DK, EE, ES, FI, FR, GR, HR, HU, IE, IT, LT, LU, LV, MT, NL, PL, PT, RO, SE, SI, SK)",Burkina Faso,EDIBLE FRUIT AND NUTS; PEEL OF CITRUS FRUIT OR MELONS,IMPORT,VALUE_IN_EUROS,2021,37800888
ESTAT:DS-045409(1.0),06/02/26 11:00:00,Annual,"European Union - 27 countries (AT, BE, BG, CY, CZ, DE, DK, EE, ES, FI, FR, GR, HR, HU, IE, IT, LT, LU, LV, MT, NL, PL, PT, RO, SE, SI, SK)",Burkina Faso,EDIBLE FRUIT AND NUTS; PEEL OF CITRUS FRUIT OR MELONS,IMPORT,VALUE_IN_EUROS,2022,47941385
ESTAT:DS-045409(1.0),06/02/26 11:00:00,Annual,"European Union - 27 countries (AT, BE, BG, CY, CZ, DE, DK, EE, ES, FI, FR, GR, HR, HU, IE, IT, LT, LU, LV, MT, NL, PL, PT, RO, SE, SI, SK)",Burkina Faso,EDIBLE FRUIT AND NUTS; PEEL OF CITRUS FRUIT OR MELONS,IMPORT,VALUE_IN_EUROS,2023,38150539
ESTAT:DS-045409(1.0),06/02/26 11:00:00,Annual,"European Union - 27 countries (AT, BE, BG, CY, CZ, DE, DK, EE, ES, FI, FR, GR, HR, HU, IE, IT, LT, LU, LV, MT, NL, PL, PT, RO, SE, SI, SK)",Burkina Faso,EDIBLE FRUIT AND NUTS; PEEL OF CITRUS FRUIT OR MELONS,IMPORT,VALUE_IN_EUROS,2024,39948641
ESTAT:DS-045409(1.0),06/02/26 11:00:00,Annual,"European Union - 27 countries (AT, BE, BG, CY, CZ, DE, DK, EE, ES, FI, FR, GR, HR, HU, IE, IT, LT, LU, LV, MT, NL, PL, PT, RO, SE, SI, SK)",Burundi,EDIBLE FRUIT AND NUTS; PEEL OF CITRUS FRUIT OR MELONS,IMPORT,VALUE_IN_EUROS,1999,19722
ESTAT:DS-045409(1.0),06/02/26 11:00:00,Annual,"European Union - 27 countries (AT, BE, BG, CY, CZ, DE, DK, EE, ES, FI, FR, GR, HR, HU, IE, IT, LT, LU, LV, MT, NL, PL, PT, RO, SE, SI, SK)",Burundi,EDIBLE FRUIT AND NUTS; PEEL OF CITRUS FRUIT OR MELONS,IMPORT,VALUE_IN_EUROS,2000,43352
ESTAT:DS-045409(1.0),06/02/26 11:00:00,Annual,"European Union - 27 countries (AT, BE, BG, CY, CZ, DE, DK, EE, ES, FI, FR, GR, HR, HU, IE, IT, LT, LU, LV, MT, NL, PL, PT, RO, SE, SI, SK)",Burundi,EDIBLE FRUIT AND NUTS; PEEL OF CITRUS FRUIT OR MELONS,IMPORT,VALUE_IN_EUROS,2003,1929
ESTAT:DS-045409(1.0),06/02/26 11:00:00,Annual,"European Union - 27 countries (AT, BE, BG, CY, CZ, DE, DK, EE, ES, FI, FR, GR, HR, HU, IE, IT, LT, LU, LV, MT, NL, PL, PT, RO, SE, SI, SK)",Burundi,EDIBLE FRUIT AND NUTS; PEEL OF CITRUS FRUIT OR MELONS,IMPORT,VALUE_IN_EUROS,2004,25
ESTAT:DS-045409(1.0),06/02/26 11:00:00,Annual,"European Union - 27 countries (AT, BE, BG, CY, CZ, DE, DK, EE, ES, FI, FR, GR, HR, HU, IE, IT, LT, LU, LV, MT, NL, PL, PT, RO, SE, SI, SK)",Burundi,EDIBLE FRUIT AND NUTS; PEEL OF CITRUS FRUIT OR MELONS,IMPORT,VALUE_IN_EUROS,2007,35265
ESTAT:DS-045409(1.0),06/02/26 11:00:00,Annual,"European Union - 27 countries (AT, BE, BG, CY, CZ, DE, DK, EE, ES, FI, FR, GR, HR, HU, IE, IT, LT, LU, LV, MT, NL, PL, PT, RO, SE, SI, SK)",Burundi,EDIBLE FRUIT AND NUTS; PEEL OF CITRUS FRUIT OR MELONS,IMPORT,VALUE_IN_EUROS,2008,92422
ESTAT:DS-045409(1.0),06/02/26 11:00:00,Annual,"European Union - 27 countries (AT, BE, BG, CY, CZ, DE, DK, EE, ES, FI, FR, GR, HR, HU, IE, IT, LT, LU, LV, MT, NL, PL, PT, RO, SE, SI, SK)",Burundi,EDIBLE FRUIT AND NUTS; PEEL OF CITRUS FRUIT OR MELONS,IMPORT,VALUE_IN_EUROS,2009,111602
ESTAT:DS-045409(1.0),06/02/26 11:00:00,Annual,"European Union - 27 countries (AT, BE, BG, CY, CZ, DE, DK, EE, ES, FI, FR, GR, HR, HU, IE, IT, LT, LU, LV, MT, NL, PL, PT, RO, SE, SI, SK)",Burundi,EDIBLE FRUIT AND NUTS; PEEL OF CITRUS FRUIT OR MELONS,IMPORT,VALUE_IN_EUROS,2010,123070
ESTAT:DS-045409(1.0),06/02/26 11:00:00,Annual,"European Union - 27 countries (AT, BE, BG, CY, CZ, DE, DK, EE, ES, FI, FR, GR, HR, HU, IE, IT, LT, LU, LV, MT, NL, PL, PT, RO, SE, SI, SK)",Burundi,EDIBLE FRUIT AND NUTS; PEEL OF CITRUS FRUIT OR MELONS,IMPORT,VALUE_IN_EUROS,2011,96084
ESTAT:DS-045409(1.0),06/02/26 11:00:00,Annual,"European Union - 27 countries (AT, BE, BG, CY, CZ, DE, DK, EE, ES, FI, FR, GR, HR, HU, IE, IT, LT, LU, LV, MT, NL, PL, PT, RO, SE, SI, SK)",Burundi,EDIBLE FRUIT AND NUTS; PEEL OF CITRUS FRUIT OR MELONS,IMPORT,VALUE_IN_EUROS,2012,91260
ESTAT:DS-045409(1.0),06/02/26 11:00:00,Annual,"European Union - 27 countries (AT, BE, BG, CY, CZ, DE, DK, EE, ES, FI, FR, GR, HR, HU, IE, IT, LT, LU, LV, MT, NL, PL, PT, RO, SE, SI, SK)",Burundi,EDIBLE FRUIT AND NUTS; PEEL OF CITRUS FRUIT OR MELONS,IMPORT,VALUE_IN_EUROS,2013,102916
ESTAT:DS-045409(1.0),06/02/26 11:00:00,Annual,"European Union - 27 countries (AT, BE, BG, CY, CZ, DE, DK, EE, ES, FI, FR, GR, HR, HU, IE, IT, LT, LU, LV, MT, NL, PL, PT, RO, SE, SI, SK)",Burundi,EDIBLE FRUIT AND NUTS; PEEL OF CITRUS FRUIT OR MELONS,IMPORT,VALUE_IN_EUROS,2014,119398
ESTAT:DS-045409(1.0),06/02/26 11:00:00,Annual,"European Union - 27 countries (AT, BE, BG, CY, CZ, DE, DK, EE, ES, FI, FR, GR, HR, HU, IE, IT, LT, LU, LV, MT, NL, PL, PT, RO, SE, SI, SK)",Burundi,EDIBLE FRUIT AND NUTS; PEEL OF CITRUS FRUIT OR MELONS,IMPORT,VALUE_IN_EUROS,2015,118490
ESTAT:DS-045409(1.0),06/02/26 11:00:00,Annual,"European Union - 27 countries (AT, BE, BG, CY, CZ, DE, DK, EE, ES, FI, FR, GR, HR, HU, IE, IT, LT, LU, LV, MT, NL, PL, PT, RO, SE, SI, SK)",Burundi,EDIBLE FRUIT AND NUTS; PEEL OF CITRUS FRUIT OR MELONS,IMPORT,VALUE_IN_EUROS,2016,111791
ESTAT:DS-045409(1.0),06/02/26 11:00:00,Annual,"European Union - 27 countries (AT, BE, BG, CY, CZ, DE, DK, EE, ES, FI, FR, GR, HR, HU, IE, IT, LT, LU, LV, MT, NL, PL, PT, RO, SE, SI, SK)",Burundi,EDIBLE FRUIT AND NUTS; PEEL OF CITRUS FRUIT OR MELONS,IMPORT,VALUE_IN_EUROS,2017,23416
ESTAT:DS-045409(1.0),06/02/26 11:00:00,Annual,"European Union - 27 countries (AT, BE, BG, CY, CZ, DE, DK, EE, ES, FI, FR, GR, HR, HU, IE, IT, LT, LU, LV, MT, NL, PL, PT, RO, SE, SI, SK)",Burundi,EDIBLE FRUIT AND NUTS; PEEL OF CITRUS FRUIT OR MELONS,IMPORT,VALUE_IN_EUROS,2018,119405
ESTAT:DS-045409(1.0),06/02/26 11:00:00,Annual,"European Union - 27 countries (AT, BE, BG, CY, CZ, DE, DK, EE, ES, FI, FR, GR, HR, HU, IE, IT, LT, LU, LV, MT, NL, PL, PT, RO, SE, SI, SK)",Burundi,EDIBLE FRUIT AND NUTS; PEEL OF CITRUS FRUIT OR MELONS,IMPORT,VALUE_IN_EUROS,2019,100057
ESTAT:DS-045409(1.0),06/02/26 11:00:00,Annual,"European Union - 27 countries (AT, BE, BG, CY, CZ, DE, DK, EE, ES, FI, FR, GR, HR, HU, IE, IT, LT, LU, LV, MT, NL, PL, PT, RO, SE, SI, SK)",Burundi,EDIBLE FRUIT AND NUTS; PEEL OF CITRUS FRUIT OR MELONS,IMPORT,VALUE_IN_EUROS,2020,49863
ESTAT:DS-045409(1.0),06/02/26 11:00:00,Annual,"European Union - 27 countries (AT, BE, BG, CY, CZ, DE, DK, EE, ES, FI, FR, GR, HR, HU, IE, IT, LT, LU, LV, MT, NL, PL, PT, RO, SE, SI, SK)",Burundi,EDIBLE FRUIT AND NUTS; PEEL OF CITRUS FRUIT OR MELONS,IMPORT,VALUE_IN_EUROS,2021,121058
ESTAT:DS-045409(1.0),06/02/26 11:00:00,Annual,"European Union - 27 countries (AT, BE, BG, CY, CZ, DE, DK, EE, ES, FI, FR, GR, HR, HU, IE, IT, LT, LU, LV, MT, NL, PL, PT, RO, SE, SI, SK)",Burundi,EDIBLE FRUIT AND NUTS; PEEL OF CITRUS FRUIT OR MELONS,IMPORT,VALUE_IN_EUROS,2022,76147
ESTAT:DS-045409(1.0),06/02/26 11:00:00,Annual,"European Union - 27 countries (AT, BE, BG, CY, CZ, DE, DK, EE, ES, FI, FR, GR, HR, HU, IE, IT, LT, LU, LV, MT, NL, PL, PT, RO, SE, SI, SK)",Burundi,EDIBLE FRUIT AND NUTS; PEEL OF CITRUS FRUIT OR MELONS,IMPORT,VALUE_IN_EUROS,2023,18128
ESTAT:DS-045409(1.0),06/02/26 11:00:00,Annual,"European Union - 27 countries (AT, BE, BG, CY, CZ, DE, DK, EE, ES, FI, FR, GR, HR, HU, IE, IT, LT, LU, LV, MT, NL, PL, PT, RO, SE, SI, SK)",Burundi,EDIBLE FRUIT AND NUTS; PEEL OF CITRUS FRUIT OR MELONS,IMPORT,VALUE_IN_EUROS,2024,62329
ESTAT:DS-045409(1.0),06/02/26 11:00:00,Annual,"European Union - 27 countries (AT, BE, BG, CY, CZ, DE, DK, EE, ES, FI, FR, GR, HR, HU, IE, IT, LT, LU, LV, MT, NL, PL, PT, RO, SE, SI, SK)",Benin,EDIBLE FRUIT AND NUTS; PEEL OF CITRUS FRUIT OR MELONS,IMPORT,VALUE_IN_EUROS,1999,439798
ESTAT:DS-045409(1.0),06/02/26 11:00:00,Annual,"European Union - 27 countries (AT, BE, BG, CY, CZ, DE, DK, EE, ES, FI, FR, GR, HR, HU, IE, IT, LT, LU, LV, MT, NL, PL, PT, RO, SE, SI, SK)",Benin,EDIBLE FRUIT AND NUTS; PEEL OF CITRUS FRUIT OR MELONS,IMPORT,VALUE_IN_EUROS,2000,758458
ESTAT:DS-045409(1.0),06/02/26 11:00:00,Annual,"European Union - 27 countries (AT, BE, BG, CY, CZ, DE, DK, EE, ES, FI, FR, GR, HR, HU, IE, IT, LT, LU, LV, MT, NL, PL, PT, RO, SE, SI, SK)",Benin,EDIBLE FRUIT AND NUTS; PEEL OF CITRUS FRUIT OR MELONS,IMPORT,VALUE_IN_EUROS,2001,1463733
ESTAT:DS-045409(1.0),06/02/26 11:00:00,Annual,"European Union - 27 countries (AT, BE, BG, CY, CZ, DE, DK, EE, ES, FI, FR, GR, HR, HU, IE, IT, LT, LU, LV, MT, NL, PL, PT, RO, SE, SI, SK)",Benin,EDIBLE FRUIT AND NUTS; PEEL OF CITRUS FRUIT OR MELONS,IMPORT,VALUE_IN_EUROS,2002,1672418
ESTAT:DS-045409(1.0),06/02/26 11:00:00,Annual,"European Union - 27 countries (AT, BE, BG, CY, CZ, DE, DK, EE, ES, FI, FR, GR, HR, HU, IE, IT, LT, LU, LV, MT, NL, PL, PT, RO, SE, SI, SK)",Benin,EDIBLE FRUIT AND NUTS; PEEL OF CITRUS FRUIT OR MELONS,IMPORT,VALUE_IN_EUROS,2003,1588697
ESTAT:DS-045409(1.0),06/02/26 11:00:00,Annual,"European Union - 27 countries (AT, BE, BG, CY, CZ, DE, DK, EE, ES, FI, FR, GR, HR, HU, IE, IT, LT, LU, LV, MT, NL, PL, PT, RO, SE, SI, SK)",Benin,EDIBLE FRUIT AND NUTS; PEEL OF CITRUS FRUIT OR MELONS,IMPORT,VALUE_IN_EUROS,2004,1950629
ESTAT:DS-045409(1.0),06/02/26 11:00:00,Annual,"European Union - 27 countries (AT, BE, BG, CY, CZ, DE, DK, EE, ES, FI, FR, GR, HR, HU, IE, IT, LT, LU, LV, MT, NL, PL, PT, RO, SE, SI, SK)",Benin,EDIBLE FRUIT AND NUTS; PEEL OF CITRUS FRUIT OR MELONS,IMPORT,VALUE_IN_EUROS,2005,1631284
ESTAT:DS-045409(1.0),06/02/26 11:00:00,Annual,"European Union - 27 countries (AT, BE, BG, CY, CZ, DE, DK, EE, ES, FI, FR, GR, HR, HU, IE, IT, LT, LU, LV, MT, NL, PL, PT, RO, SE, SI, SK)",Benin,EDIBLE FRUIT AND NUTS; PEEL OF CITRUS FRUIT OR MELONS,IMPORT,VALUE_IN_EUROS,2006,2007203
ESTAT:DS-045409(1.0),06/02/26 11:00:00,Annual,"European Union - 27 countries (AT, BE, BG, CY, CZ, DE, DK, EE, ES, FI, FR, GR, HR, HU, IE, IT, LT, LU, LV, MT, NL, PL, PT, RO, SE, SI, SK)",Benin,EDIBLE FRUIT AND NUTS; PEEL OF CITRUS FRUIT OR MELONS,IMPORT,VALUE_IN_EUROS,2007,1758850
ESTAT:DS-045409(1.0),06/02/26 11:00:00,Annual,"European Union - 27 countries (AT, BE, BG, CY, CZ, DE, DK, EE, ES, FI, FR, GR, HR, HU, IE, IT, LT, LU, LV, MT, NL, PL, PT, RO, SE, SI, SK)",Benin,EDIBLE FRUIT AND NUTS; PEEL OF CITRUS FRUIT OR MELONS,IMPORT,VALUE_IN_EUROS,2008,1517800
ESTAT:DS-045409(1.0),06/02/26 11:00:00,Annual,"European Union - 27 countries (AT, BE, BG, CY, CZ, DE, DK, EE, ES, FI, FR, GR, HR, HU, IE, IT, LT, LU, LV, MT, NL, PL, PT, RO, SE, SI, SK)",Benin,EDIBLE FRUIT AND NUTS; PEEL OF CITRUS FRUIT OR MELONS,IMPORT,VALUE_IN_EUROS,2009,1634535
ESTAT:DS-045409(1.0),06/02/26 11:00:00,Annual,"European Union - 27 countries (AT, BE, BG, CY, CZ, DE, DK, EE, ES, FI, FR, GR, HR, HU, IE, IT, LT, LU, LV, MT, NL, PL, PT, RO, SE, SI, SK)",Benin,EDIBLE FRUIT AND NUTS; PEEL OF CITRUS FRUIT OR MELONS,IMPORT,VALUE_IN_EUROS,2010,1752668
ESTAT:DS-045409(1.0),06/02/26 11:00:00,Annual,"European Union - 27 countries (AT, BE, BG, CY, CZ, DE, DK, EE, ES, FI, FR, GR, HR, HU, IE, IT, LT, LU, LV, MT, NL, PL, PT, RO, SE, SI, SK)",Benin,EDIBLE FRUIT AND NUTS; PEEL OF CITRUS FRUIT OR MELONS,IMPORT,VALUE_IN_EUROS,2011,1897057
ESTAT:DS-045409(1.0),06/02/26 11:00:00,Annual,"European Union - 27 countries (AT, BE, BG, CY, CZ, DE, DK, EE, ES, FI, FR, GR, HR, HU, IE, IT, LT, LU, LV, MT, NL, PL, PT, RO, SE, SI, SK)",Benin,EDIBLE FRUIT AND NUTS; PEEL OF CITRUS FRUIT OR MELONS,IMPORT,VALUE_IN_EUROS,2012,2139187
ESTAT:DS-045409(1.0),06/02/26 11:00:00,Annual,"European Union - 27 countries (AT, BE, BG, CY, CZ, DE, DK, EE, ES, FI, FR, GR, HR, HU, IE, IT, LT, LU, LV, MT, NL, PL, PT, RO, SE, SI, SK)",Benin,EDIBLE FRUIT AND NUTS; PEEL OF CITRUS FRUIT OR MELONS,IMPORT,VALUE_IN_EUROS,2013,2600673
ESTAT:DS-045409(1.0),06/02/26 11:00:00,Annual,"European Union - 27 countries (AT, BE, BG, CY, CZ, DE, DK, EE, ES, FI, FR, GR, HR, HU, IE, IT, LT, LU, LV, MT, NL, PL, PT, RO, SE, SI, SK)",Benin,EDIBLE FRUIT AND NUTS; PEEL OF CITRUS FRUIT OR MELONS,IMPORT,VALUE_IN_EUROS,2014,4004409
ESTAT:DS-045409(1.0),06/02/26 11:00:00,Annual,"European Union - 27 countries (AT, BE, BG, CY, CZ, DE, DK, EE, ES, FI, FR, GR, HR, HU, IE, IT, LT, LU, LV, MT, NL, PL, PT, RO, SE, SI, SK)",Benin,EDIBLE FRUIT AND NUTS; PEEL OF CITRUS FRUIT OR MELONS,IMPORT,VALUE_IN_EUROS,2015,6313190
ESTAT:DS-045409(1.0),06/02/26 11:00:00,Annual,"European Union - 27 countries (AT, BE, BG, CY, CZ, DE, DK, EE, ES, FI, FR, GR, HR, HU, IE, IT, LT, LU, LV, MT, NL, PL, PT, RO, SE, SI, SK)",Benin,EDIBLE FRUIT AND NUTS; PEEL OF CITRUS FRUIT OR MELONS,IMPORT,VALUE_IN_EUROS,2016,4874033
ESTAT:DS-045409(1.0),06/02/26 11:00:00,Annual,"European Union - 27 countries (AT, BE, BG, CY, CZ, DE, DK, EE, ES, FI, FR, GR, HR, HU, IE, IT, LT, LU, LV, MT, NL, PL, PT, RO, SE, SI, SK)",Benin,EDIBLE FRUIT AND NUTS; PEEL OF CITRUS FRUIT OR MELONS,IMPORT,VALUE_IN_EUROS,2017,2631443
ESTAT:DS-045409(1.0),06/02/26 11:00:00,Annual,"European Union - 27 countries (AT, BE, BG, CY, CZ, DE, DK, EE, ES, FI, FR, GR, HR, HU, IE, IT, LT, LU, LV, MT, NL, PL, PT, RO, SE, SI, SK)",Benin,EDIBLE FRUIT AND NUTS; PEEL OF CITRUS FRUIT OR MELONS,IMPORT,VALUE_IN_EUROS,2018,2612916
ESTAT:DS-045409(1.0),06/02/26 11:00:00,Annual,"European Union - 27 countries (AT, BE, BG, CY, CZ, DE, DK, EE, ES, FI, FR, GR, HR, HU, IE, IT, LT, LU, LV, MT, NL, PL, PT, RO, SE, SI, SK)",Benin,EDIBLE FRUIT AND NUTS; PEEL OF CITRUS FRUIT OR MELONS,IMPORT,VALUE_IN_EUROS,2019,5190270
ESTAT:DS-045409(1.0),06/02/26 11:00:00,Annual,"European Union - 27 countries (AT, BE, BG, CY, CZ, DE, DK, EE, ES, FI, FR, GR, HR, HU, IE, IT, LT, LU, LV, MT, NL, PL, PT, RO, SE, SI, SK)",Benin,EDIBLE FRUIT AND NUTS; PEEL OF CITRUS FRUIT OR MELONS,IMPORT,VALUE_IN_EUROS,2020,8051954
ESTAT:DS-045409(1.0),06/02/26 11:00:00,Annual,"European Union - 27 countries (AT, BE, BG, CY, CZ, DE, DK, EE, ES, FI, FR, GR, HR, HU, IE, IT, LT, LU, LV, MT, NL, PL, PT, RO, SE, SI, SK)",Benin,EDIBLE FRUIT AND NUTS; PEEL OF CITRUS FRUIT OR MELONS,IMPORT,VALUE_IN_EUROS,2021,10301711
ESTAT:DS-045409(1.0),06/02/26 11:00:00,Annual,"European Union - 27 countries (AT, BE, BG, CY, CZ, DE, DK, EE, ES, FI, FR, GR, HR, HU, IE, IT, LT, LU, LV, MT, NL, PL, PT, RO, SE, SI, SK)",Benin,EDIBLE FRUIT AND NUTS; PEEL OF CITRUS FRUIT OR MELONS,IMPORT,VALUE_IN_EUROS,2022,12534779
ESTAT:DS-045409(1.0),06/02/26 11:00:00,Annual,"European Union - 27 countries (AT, BE, BG, CY, CZ, DE, DK, EE, ES, FI, FR, GR, HR, HU, IE, IT, LT, LU, LV, MT, NL, PL, PT, RO, SE, SI, SK)",Benin,EDIBLE FRUIT AND NUTS; PEEL OF CITRUS FRUIT OR MELONS,IMPORT,VALUE_IN_EUROS,2023,15463725
ESTAT:DS-045409(1.0),06/02/26 11:00:00,Annual,"European Union - 27 countries (AT, BE, BG, CY, CZ, DE, DK, EE, ES, FI, FR, GR, HR, HU, IE, IT, LT, LU, LV, MT, NL, PL, PT, RO, SE, SI, SK)",Benin,EDIBLE FRUIT AND NUTS; PEEL OF CITRUS FRUIT OR MELONS,IMPORT,VALUE_IN_EUROS,2024,28845154
ESTAT:DS-045409(1.0),06/02/26 11:00:00,Annual,"European Union - 27 countries (AT, BE, BG, CY, CZ, DE, DK, EE, ES, FI, FR, GR, HR, HU, IE, IT, LT, LU, LV, MT, NL, PL, PT, RO, SE, SI, SK)",Botswana,EDIBLE FRUIT AND NUTS; PEEL OF CITRUS FRUIT OR MELONS,IMPORT,VALUE_IN_EUROS,1999,989
ESTAT:DS-045409(1.0),06/02/26 11:00:00,Annual,"European Union - 27 countries (AT, BE, BG, CY, CZ, DE, DK, EE, ES, FI, FR, GR, HR, HU, IE, IT, LT, LU, LV, MT, NL, PL, PT, RO, SE, SI, SK)",Botswana,EDIBLE FRUIT AND NUTS; PEEL OF CITRUS FRUIT OR MELONS,IMPORT,VALUE_IN_EUROS,2009,175
ESTAT:DS-045409(1.0),06/02/26 11:00:00,Annual,"European Union - 27 countries (AT, BE, BG, CY, CZ, DE, DK, EE, ES, FI, FR, GR, HR, HU, IE, IT, LT, LU, LV, MT, NL, PL, PT, RO, SE, SI, SK)",Botswana,EDIBLE FRUIT AND NUTS; PEEL OF CITRUS FRUIT OR MELONS,IMPORT,VALUE_IN_EUROS,2010,642
ESTAT:DS-045409(1.0),06/02/26 11:00:00,Annual,"European Union - 27 countries (AT, BE, BG, CY, CZ, DE, DK, EE, ES, FI, FR, GR, HR, HU, IE, IT, LT, LU, LV, MT, NL, PL, PT, RO, SE, SI, SK)",Botswana,EDIBLE FRUIT AND NUTS; PEEL OF CITRUS FRUIT OR MELONS,IMPORT,VALUE_IN_EUROS,2015,91
ESTAT:DS-045409(1.0),06/02/26 11:00:00,Annual,"European Union - 27 countries (AT, BE, BG, CY, CZ, DE, DK, EE, ES, FI, FR, GR, HR, HU, IE, IT, LT, LU, LV, MT, NL, PL, PT, RO, SE, SI, SK)",Botswana,EDIBLE FRUIT AND NUTS; PEEL OF CITRUS FRUIT OR MELONS,IMPORT,VALUE_IN_EUROS,2021,22
ESTAT:DS-045409(1.0),06/02/26 11:00:00,Annual,"European Union - 27 countries (AT, BE, BG, CY, CZ, DE, DK, EE, ES, FI, FR, GR, HR, HU, IE, IT, LT, LU, LV, MT, NL, PL, PT, RO, SE, SI, SK)",Botswana,EDIBLE FRUIT AND NUTS; PEEL OF CITRUS FRUIT OR MELONS,IMPORT,VALUE_IN_EUROS,2023,0
ESTAT:DS-045409(1.0),06/02/26 11:00:00,Annual,"European Union - 27 countries (AT, BE, BG, CY, CZ, DE, DK, EE, ES, FI, FR, GR, HR, HU, IE, IT, LT, LU, LV, MT, NL, PL, PT, RO, SE, SI, SK)",Botswana,EDIBLE FRUIT AND NUTS; PEEL OF CITRUS FRUIT OR MELONS,IMPORT,VALUE_IN_EUROS,2024,1612186
ESTAT:DS-045409(1.0),06/02/26 11:00:00,Annual,"European Union - 27 countries (AT, BE, BG, CY, CZ, DE, DK, EE, ES, FI, FR, GR, HR, HU, IE, IT, LT, LU, LV, MT, NL, PL, PT, RO, SE, SI, SK)","Congo, Democratic Republic of",EDIBLE FRUIT AND NUTS; PEEL OF CITRUS FRUIT OR MELONS,IMPORT,VALUE_IN_EUROS,1999,53002
ESTAT:DS-045409(1.0),06/02/26 11:00:00,Annual,"European Union - 27 countries (AT, BE, BG, CY, CZ, DE, DK, EE, ES, FI, FR, GR, HR, HU, IE, IT, LT, LU, LV, MT, NL, PL, PT, RO, SE, SI, SK)","Congo, Democratic Republic of",EDIBLE FRUIT AND NUTS; PEEL OF CITRUS FRUIT OR MELONS,IMPORT,VALUE_IN_EUROS,2000,109311
ESTAT:DS-045409(1.0),06/02/26 11:00:00,Annual,"European Union - 27 countries (AT, BE, BG, CY, CZ, DE, DK, EE, ES, FI, FR, GR, HR, HU, IE, IT, LT, LU, LV, MT, NL, PL, PT, RO, SE, SI, SK)","Congo, Democratic Republic of",EDIBLE FRUIT AND NUTS; PEEL OF CITRUS FRUIT OR MELONS,IMPORT,VALUE_IN_EUROS,2001,184389
ESTAT:DS-045409(1.0),06/02/26 11:00:00,Annual,"European Union - 27 countries (AT, BE, BG, CY, CZ, DE, DK, EE, ES, FI, FR, GR, HR, HU, IE, IT, LT, LU, LV, MT, NL, PL, PT, RO, SE, SI, SK)","Congo, Democratic Republic of",EDIBLE FRUIT AND NUTS; PEEL OF CITRUS FRUIT OR MELONS,IMPORT,VALUE_IN_EUROS,2002,165653
ESTAT:DS-045409(1.0),06/02/26 11:00:00,Annual,"European Union - 27 countries (AT, BE, BG, CY, CZ, DE, DK, EE, ES, FI, FR, GR, HR, HU, IE, IT, LT, LU, LV, MT, NL, PL, PT, RO, SE, SI, SK)","Congo, Democratic Republic of",EDIBLE FRUIT AND NUTS; PEEL OF CITRUS FRUIT OR MELONS,IMPORT,VALUE_IN_EUROS,2003,56743
ESTAT:DS-045409(1.0),06/02/26 11:00:00,Annual,"European Union - 27 countries (AT, BE, BG, CY, CZ, DE, DK, EE, ES, FI, FR, GR, HR, HU, IE, IT, LT, LU, LV, MT, NL, PL, PT, RO, SE, SI, SK)","Congo, Democratic Republic of",EDIBLE FRUIT AND NUTS; PEEL OF CITRUS FRUIT OR MELONS,IMPORT,VALUE_IN_EUROS,2004,13204
ESTAT:DS-045409(1.0),06/02/26 11:00:00,Annual,"European Union - 27 countries (AT, BE, BG, CY, CZ, DE, DK, EE, ES, FI, FR, GR, HR, HU, IE, IT, LT, LU, LV, MT, NL, PL, PT, RO, SE, SI, SK)","Congo, Democratic Republic of",EDIBLE FRUIT AND NUTS; PEEL OF CITRUS FRUIT OR MELONS,IMPORT,VALUE_IN_EUROS,2005,9299
ESTAT:DS-045409(1.0),06/02/26 11:00:00,Annual,"European Union - 27 countries (AT, BE, BG, CY, CZ, DE, DK, EE, ES, FI, FR, GR, HR, HU, IE, IT, LT, LU, LV, MT, NL, PL, PT, RO, SE, SI, SK)","Congo, Democratic Republic of",EDIBLE FRUIT AND NUTS; PEEL OF CITRUS FRUIT OR MELONS,IMPORT,VALUE_IN_EUROS,2007,1615
ESTAT:DS-045409(1.0),06/02/26 11:00:00,Annual,"European Union - 27 countries (AT, BE, BG, CY, CZ, DE, DK, EE, ES, FI, FR, GR, HR, HU, IE, IT, LT, LU, LV, MT, NL, PL, PT, RO, SE, SI, SK)","Congo, Democratic Republic of",EDIBLE FRUIT AND NUTS; PEEL OF CITRUS FRUIT OR MELONS,IMPORT,VALUE_IN_EUROS,2008,19200
ESTAT:DS-045409(1.0),06/02/26 11:00:00,Annual,"European Union - 27 countries (AT, BE, BG, CY, CZ, DE, DK, EE, ES, FI, FR, GR, HR, HU, IE, IT, LT, LU, LV, MT, NL, PL, PT, RO, SE, SI, SK)","Congo, Democratic Republic of",EDIBLE FRUIT AND NUTS; PEEL OF CITRUS FRUIT OR MELONS,IMPORT,VALUE_IN_EUROS,2009,39028
ESTAT:DS-045409(1.0),06/02/26 11:00:00,Annual,"European Union - 27 countries (AT, BE, BG, CY, CZ, DE, DK, EE, ES, FI, FR, GR, HR, HU, IE, IT, LT, LU, LV, MT, NL, PL, PT, RO, SE, SI, SK)","Congo, Democratic Republic of",EDIBLE FRUIT AND NUTS; PEEL OF CITRUS FRUIT OR MELONS,IMPORT,VALUE_IN_EUROS,2010,16246
ESTAT:DS-045409(1.0),06/02/26 11:00:00,Annual,"European Union - 27 countries (AT, BE, BG, CY, CZ, DE, DK, EE, ES, FI, FR, GR, HR, HU, IE, IT, LT, LU, LV, MT, NL, PL, PT, RO, SE, SI, SK)","Congo, Democratic Republic of",EDIBLE FRUIT AND NUTS; PEEL OF CITRUS FRUIT OR MELONS,IMPORT,VALUE_IN_EUROS,2011,40514
ESTAT:DS-045409(1.0),06/02/26 11:00:00,Annual,"European Union - 27 countries (AT, BE, BG, CY, CZ, DE, DK, EE, ES, FI, FR, GR, HR, HU, IE, IT, LT, LU, LV, MT, NL, PL, PT, RO, SE, SI, SK)","Congo, Democratic Republic of",EDIBLE FRUIT AND NUTS; PEEL OF CITRUS FRUIT OR MELONS,IMPORT,VALUE_IN_EUROS,2012,31064
ESTAT:DS-045409(1.0),06/02/26 11:00:00,Annual,"European Union - 27 countries (AT, BE, BG, CY, CZ, DE, DK, EE, ES, FI, FR, GR, HR, HU, IE, IT, LT, LU, LV, MT, NL, PL, PT, RO, SE, SI, SK)","Congo, Democratic Republic of",EDIBLE FRUIT AND NUTS; PEEL OF CITRUS FRUIT OR MELONS,IMPORT,VALUE_IN_EUROS,2013,43460
ESTAT:DS-045409(1.0),06/02/26 11:00:00,Annual,"European Union - 27 countries (AT, BE, BG, CY, CZ, DE, DK, EE, ES, FI, FR, GR, HR, HU, IE, IT, LT, LU, LV, MT, NL, PL, PT, RO, SE, SI, SK)","Congo, Democratic Republic of",EDIBLE FRUIT AND NUTS; PEEL OF CITRUS FRUIT OR MELONS,IMPORT,VALUE_IN_EUROS,2014,14492
ESTAT:DS-045409(1.0),06/02/26 11:00:00,Annual,"European Union - 27 countries (AT, BE, BG, CY, CZ, DE, DK, EE, ES, FI, FR, GR, HR, HU, IE, IT, LT, LU, LV, MT, NL, PL, PT, RO, SE, SI, SK)","Congo, Democratic Republic of",EDIBLE FRUIT AND NUTS; PEEL OF CITRUS FRUIT OR MELONS,IMPORT,VALUE_IN_EUROS,2015,6585
ESTAT:DS-045409(1.0),06/02/26 11:00:00,Annual,"European Union - 27 countries (AT, BE, BG, CY, CZ, DE, DK, EE, ES, FI, FR, GR, HR, HU, IE, IT, LT, LU, LV, MT, NL, PL, PT, RO, SE, SI, SK)","Congo, Democratic Republic of",EDIBLE FRUIT AND NUTS; PEEL OF CITRUS FRUIT OR MELONS,IMPORT,VALUE_IN_EUROS,2016,6612
ESTAT:DS-045409(1.0),06/02/26 11:00:00,Annual,"European Union - 27 countries (AT, BE, BG, CY, CZ, DE, DK, EE, ES, FI, FR, GR, HR, HU, IE, IT, LT, LU, LV, MT, NL, PL, PT, RO, SE, SI, SK)","Congo, Democratic Republic of",EDIBLE FRUIT AND NUTS; PEEL OF CITRUS FRUIT OR MELONS,IMPORT,VALUE_IN_EUROS,2017,34190
ESTAT:DS-045409(1.0),06/02/26 11:00:00,Annual,"European Union - 27 countries (AT, BE, BG, CY, CZ, DE, DK, EE, ES, FI, FR, GR, HR, HU, IE, IT, LT, LU, LV, MT, NL, PL, PT, RO, SE, SI, SK)","Congo, Democratic Republic of",EDIBLE FRUIT AND NUTS; PEEL OF CITRUS FRUIT OR MELONS,IMPORT,VALUE_IN_EUROS,2018,27140
ESTAT:DS-045409(1.0),06/02/26 11:00:00,Annual,"European Union - 27 countries (AT, BE, BG, CY, CZ, DE, DK, EE, ES, FI, FR, GR, HR, HU, IE, IT, LT, LU, LV, MT, NL, PL, PT, RO, SE, SI, SK)","Congo, Democratic Republic of",EDIBLE FRUIT AND NUTS; PEEL OF CITRUS FRUIT OR MELONS,IMPORT,VALUE_IN_EUROS,2019,12066
ESTAT:DS-045409(1.0),06/02/26 11:00:00,Annual,"European Union - 27 countries (AT, BE, BG, CY, CZ, DE, DK, EE, ES, FI, FR, GR, HR, HU, IE, IT, LT, LU, LV, MT, NL, PL, PT, RO, SE, SI, SK)","Congo, Democratic Republic of",EDIBLE FRUIT AND NUTS; PEEL OF CITRUS FRUIT OR MELONS,IMPORT,VALUE_IN_EUROS,2020,66353
ESTAT:DS-045409(1.0),06/02/26 11:00:00,Annual,"European Union - 27 countries (AT, BE, BG, CY, CZ, DE, DK, EE, ES, FI, FR, GR, HR, HU, IE, IT, LT, LU, LV, MT, NL, PL, PT, RO, SE, SI, SK)","Congo, Democratic Republic of",EDIBLE FRUIT AND NUTS; PEEL OF CITRUS FRUIT OR MELONS,IMPORT,VALUE_IN_EUROS,2021,32645
ESTAT:DS-045409(1.0),06/02/26 11:00:00,Annual,"European Union - 27 countries (AT, BE, BG, CY, CZ, DE, DK, EE, ES, FI, FR, GR, HR, HU, IE, IT, LT, LU, LV, MT, NL, PL, PT, RO, SE, SI, SK)","Congo, Democratic Republic of",EDIBLE FRUIT AND NUTS; PEEL OF CITRUS FRUIT OR MELONS,IMPORT,VALUE_IN_EUROS,2022,98628
ESTAT:DS-045409(1.0),06/02/26 11:00:00,Annual,"European Union - 27 countries (AT, BE, BG, CY, CZ, DE, DK, EE, ES, FI, FR, GR, HR, HU, IE, IT, LT, LU, LV, MT, NL, PL, PT, RO, SE, SI, SK)","Congo, Democratic Republic of",EDIBLE FRUIT AND NUTS; PEEL OF CITRUS FRUIT OR MELONS,IMPORT,VALUE_IN_EUROS,2023,61956
ESTAT:DS-045409(1.0),06/02/26 11:00:00,Annual,"European Union - 27 countries (AT, BE, BG, CY, CZ, DE, DK, EE, ES, FI, FR, GR, HR, HU, IE, IT, LT, LU, LV, MT, NL, PL, PT, RO, SE, SI, SK)","Congo, Democratic Republic of",EDIBLE FRUIT AND NUTS; PEEL OF CITRUS FRUIT OR MELONS,IMPORT,VALUE_IN_EUROS,2024,21109
ESTAT:DS-045409(1.0),06/02/26 11:00:00,Annual,"European Union - 27 countries (AT, BE, BG, CY, CZ, DE, DK, EE, ES, FI, FR, GR, HR, HU, IE, IT, LT, LU, LV, MT, NL, PL, PT, RO, SE, SI, SK)",Central African Republic,EDIBLE FRUIT AND NUTS; PEEL OF CITRUS FRUIT OR MELONS,IMPORT,VALUE_IN_EUROS,1999,69508
ESTAT:DS-045409(1.0),06/02/26 11:00:00,Annual,"European Union - 27 countries (AT, BE, BG, CY, CZ, DE, DK, EE, ES, FI, FR, GR, HR, HU, IE, IT, LT, LU, LV, MT, NL, PL, PT, RO, SE, SI, SK)",Central African Republic,EDIBLE FRUIT AND NUTS; PEEL OF CITRUS FRUIT OR MELONS,IMPORT,VALUE_IN_EUROS,2000,25397
ESTAT:DS-045409(1.0),06/02/26 11:00:00,Annual,"European Union - 27 countries (AT, BE, BG, CY, CZ, DE, DK, EE, ES, FI, FR, GR, HR, HU, IE, IT, LT, LU, LV, MT, NL, PL, PT, RO, SE, SI, SK)",Central African Republic,EDIBLE FRUIT AND NUTS; PEEL OF CITRUS FRUIT OR MELONS,IMPORT,VALUE_IN_EUROS,2001,2793
ESTAT:DS-045409(1.0),06/02/26 11:00:00,Annual,"European Union - 27 countries (AT, BE, BG, CY, CZ, DE, DK, EE, ES, FI, FR, GR, HR, HU, IE, IT, LT, LU, LV, MT, NL, PL, PT, RO, SE, SI, SK)",Central African Republic,EDIBLE FRUIT AND NUTS; PEEL OF CITRUS FRUIT OR MELONS,IMPORT,VALUE_IN_EUROS,2002,2432
ESTAT:DS-045409(1.0),06/02/26 11:00:00,Annual,"European Union - 27 countries (AT, BE, BG, CY, CZ, DE, DK, EE, ES, FI, FR, GR, HR, HU, IE, IT, LT, LU, LV, MT, NL, PL, PT, RO, SE, SI, SK)",Central African Republic,EDIBLE FRUIT AND NUTS; PEEL OF CITRUS FRUIT OR MELONS,IMPORT,VALUE_IN_EUROS,2003,9799
ESTAT:DS-045409(1.0),06/02/26 11:00:00,Annual,"European Union - 27 countries (AT, BE, BG, CY, CZ, DE, DK, EE, ES, FI, FR, GR, HR, HU, IE, IT, LT, LU, LV, MT, NL, PL, PT, RO, SE, SI, SK)",Central African Republic,EDIBLE FRUIT AND NUTS; PEEL OF CITRUS FRUIT OR MELONS,IMPORT,VALUE_IN_EUROS,2004,25221
ESTAT:DS-045409(1.0),06/02/26 11:00:00,Annual,"European Union - 27 countries (AT, BE, BG, CY, CZ, DE, DK, EE, ES, FI, FR, GR, HR, HU, IE, IT, LT, LU, LV, MT, NL, PL, PT, RO, SE, SI, SK)",Central African Republic,EDIBLE FRUIT AND NUTS; PEEL OF CITRUS FRUIT OR MELONS,IMPORT,VALUE_IN_EUROS,2005,6484
ESTAT:DS-045409(1.0),06/02/26 11:00:00,Annual,"European Union - 27 countries (AT, BE, BG, CY, CZ, DE, DK, EE, ES, FI, FR, GR, HR, HU, IE, IT, LT, LU, LV, MT, NL, PL, PT, RO, SE, SI, SK)",Central African Republic,EDIBLE FRUIT AND NUTS; PEEL OF CITRUS FRUIT OR MELONS,IMPORT,VALUE_IN_EUROS,2006,9597
ESTAT:DS-045409(1.0),06/02/26 11:00:00,Annual,"European Union - 27 countries (AT, BE, BG, CY, CZ, DE, DK, EE, ES, FI, FR, GR, HR, HU, IE, IT, LT, LU, LV, MT, NL, PL, PT, RO, SE, SI, SK)",Central African Republic,EDIBLE FRUIT AND NUTS; PEEL OF CITRUS FRUIT OR MELONS,IMPORT,VALUE_IN_EUROS,2007,2770
ESTAT:DS-045409(1.0),06/02/26 11:00:00,Annual,"European Union - 27 countries (AT, BE, BG, CY, CZ, DE, DK, EE, ES, FI, FR, GR, HR, HU, IE, IT, LT, LU, LV, MT, NL, PL, PT, RO, SE, SI, SK)",Central African Republic,EDIBLE FRUIT AND NUTS; PEEL OF CITRUS FRUIT OR MELONS,IMPORT,VALUE_IN_EUROS,2008,2566
ESTAT:DS-045409(1.0),06/02/26 11:00:00,Annual,"European Union - 27 countries (AT, BE, BG, CY, CZ, DE, DK, EE, ES, FI, FR, GR, HR, HU, IE, IT, LT, LU, LV, MT, NL, PL, PT, RO, SE, SI, SK)",Central African Republic,EDIBLE FRUIT AND NUTS; PEEL OF CITRUS FRUIT OR MELONS,IMPORT,VALUE_IN_EUROS,2010,277
ESTAT:DS-045409(1.0),06/02/26 11:00:00,Annual,"European Union - 27 countries (AT, BE, BG, CY, CZ, DE, DK, EE, ES, FI, FR, GR, HR, HU, IE, IT, LT, LU, LV, MT, NL, PL, PT, RO, SE, SI, SK)",Central African Republic,EDIBLE FRUIT AND NUTS; PEEL OF CITRUS FRUIT OR MELONS,IMPORT,VALUE_IN_EUROS,2012,16
ESTAT:DS-045409(1.0),06/02/26 11:00:00,Annual,"European Union - 27 countries (AT, BE, BG, CY, CZ, DE, DK, EE, ES, FI, FR, GR, HR, HU, IE, IT, LT, LU, LV, MT, NL, PL, PT, RO, SE, SI, SK)",Central African Republic,EDIBLE FRUIT AND NUTS; PEEL OF CITRUS FRUIT OR MELONS,IMPORT,VALUE_IN_EUROS,2017,1028
ESTAT:DS-045409(1.0),06/02/26 11:00:00,Annual,"European Union - 27 countries (AT, BE, BG, CY, CZ, DE, DK, EE, ES, FI, FR, GR, HR, HU, IE, IT, LT, LU, LV, MT, NL, PL, PT, RO, SE, SI, SK)",Central African Republic,EDIBLE FRUIT AND NUTS; PEEL OF CITRUS FRUIT OR MELONS,IMPORT,VALUE_IN_EUROS,2020,32
ESTAT:DS-045409(1.0),06/02/26 11:00:00,Annual,"European Union - 27 countries (AT, BE, BG, CY, CZ, DE, DK, EE, ES, FI, FR, GR, HR, HU, IE, IT, LT, LU, LV, MT, NL, PL, PT, RO, SE, SI, SK)",Central African Republic,EDIBLE FRUIT AND NUTS; PEEL OF CITRUS FRUIT OR MELONS,IMPORT,VALUE_IN_EUROS,2023,30379
ESTAT:DS-045409(1.0),06/02/26 11:00:00,Annual,"European Union - 27 countries (AT, BE, BG, CY, CZ, DE, DK, EE, ES, FI, FR, GR, HR, HU, IE, IT, LT, LU, LV, MT, NL, PL, PT, RO, SE, SI, SK)",Central African Republic,EDIBLE FRUIT AND NUTS; PEEL OF CITRUS FRUIT OR MELONS,IMPORT,VALUE_IN_EUROS,2024,18
ESTAT:DS-045409(1.0),06/02/26 11:00:00,Annual,"European Union - 27 countries (AT, BE, BG, CY, CZ, DE, DK, EE, ES, FI, FR, GR, HR, HU, IE, IT, LT, LU, LV, MT, NL, PL, PT, RO, SE, SI, SK)",Congo,EDIBLE FRUIT AND NUTS; PEEL OF CITRUS FRUIT OR MELONS,IMPORT,VALUE_IN_EUROS,2000,358
ESTAT:DS-045409(1.0),06/02/26 11:00:00,Annual,"European Union - 27 countries (AT, BE, BG, CY, CZ, DE, DK, EE, ES, FI, FR, GR, HR, HU, IE, IT, LT, LU, LV, MT, NL, PL, PT, RO, SE, SI, SK)",Congo,EDIBLE FRUIT AND NUTS; PEEL OF CITRUS FRUIT OR MELONS,IMPORT,VALUE_IN_EUROS,2001,4931
ESTAT:DS-045409(1.0),06/02/26 11:00:00,Annual,"European Union - 27 countries (AT, BE, BG, CY, CZ, DE, DK, EE, ES, FI, FR, GR, HR, HU, IE, IT, LT, LU, LV, MT, NL, PL, PT, RO, SE, SI, SK)",Congo,EDIBLE FRUIT AND NUTS; PEEL OF CITRUS FRUIT OR MELONS,IMPORT,VALUE_IN_EUROS,2002,1578
ESTAT:DS-045409(1.0),06/02/26 11:00:00,Annual,"European Union - 27 countries (AT, BE, BG, CY, CZ, DE, DK, EE, ES, FI, FR, GR, HR, HU, IE, IT, LT, LU, LV, MT, NL, PL, PT, RO, SE, SI, SK)",Congo,EDIBLE FRUIT AND NUTS; PEEL OF CITRUS FRUIT OR MELONS,IMPORT,VALUE_IN_EUROS,2003,258
ESTAT:DS-045409(1.0),06/02/26 11:00:00,Annual,"European Union - 27 countries (AT, BE, BG, CY, CZ, DE, DK, EE, ES, FI, FR, GR, HR, HU, IE, IT, LT, LU, LV, MT, NL, PL, PT, RO, SE, SI, SK)",Congo,EDIBLE FRUIT AND NUTS; PEEL OF CITRUS FRUIT OR MELONS,IMPORT,VALUE_IN_EUROS,2004,8082
ESTAT:DS-045409(1.0),06/02/26 11:00:00,Annual,"European Union - 27 countries (AT, BE, BG, CY, CZ, DE, DK, EE, ES, FI, FR, GR, HR, HU, IE, IT, LT, LU, LV, MT, NL, PL, PT, RO, SE, SI, SK)",Congo,EDIBLE FRUIT AND NUTS; PEEL OF CITRUS FRUIT OR MELONS,IMPORT,VALUE_IN_EUROS,2005,4099
ESTAT:DS-045409(1.0),06/02/26 11:00:00,Annual,"European Union - 27 countries (AT, BE, BG, CY, CZ, DE, DK, EE, ES, FI, FR, GR, HR, HU, IE, IT, LT, LU, LV, MT, NL, PL, PT, RO, SE, SI, SK)",Congo,EDIBLE FRUIT AND NUTS; PEEL OF CITRUS FRUIT OR MELONS,IMPORT,VALUE_IN_EUROS,2006,1053
ESTAT:DS-045409(1.0),06/02/26 11:00:00,Annual,"European Union - 27 countries (AT, BE, BG, CY, CZ, DE, DK, EE, ES, FI, FR, GR, HR, HU, IE, IT, LT, LU, LV, MT, NL, PL, PT, RO, SE, SI, SK)",Congo,EDIBLE FRUIT AND NUTS; PEEL OF CITRUS FRUIT OR MELONS,IMPORT,VALUE_IN_EUROS,2007,3515
ESTAT:DS-045409(1.0),06/02/26 11:00:00,Annual,"European Union - 27 countries (AT, BE, BG, CY, CZ, DE, DK, EE, ES, FI, FR, GR, HR, HU, IE, IT, LT, LU, LV, MT, NL, PL, PT, RO, SE, SI, SK)",Congo,EDIBLE FRUIT AND NUTS; PEEL OF CITRUS FRUIT OR MELONS,IMPORT,VALUE_IN_EUROS,2008,23331
ESTAT:DS-045409(1.0),06/02/26 11:00:00,Annual,"European Union - 27 countries (AT, BE, BG, CY, CZ, DE, DK, EE, ES, FI, FR, GR, HR, HU, IE, IT, LT, LU, LV, MT, NL, PL, PT, RO, SE, SI, SK)",Congo,EDIBLE FRUIT AND NUTS; PEEL OF CITRUS FRUIT OR MELONS,IMPORT,VALUE_IN_EUROS,2009,5024
ESTAT:DS-045409(1.0),06/02/26 11:00:00,Annual,"European Union - 27 countries (AT, BE, BG, CY, CZ, DE, DK, EE, ES, FI, FR, GR, HR, HU, IE, IT, LT, LU, LV, MT, NL, PL, PT, RO, SE, SI, SK)",Congo,EDIBLE FRUIT AND NUTS; PEEL OF CITRUS FRUIT OR MELONS,IMPORT,VALUE_IN_EUROS,2010,57237
ESTAT:DS-045409(1.0),06/02/26 11:00:00,Annual,"European Union - 27 countries (AT, BE, BG, CY, CZ, DE, DK, EE, ES, FI, FR, GR, HR, HU, IE, IT, LT, LU, LV, MT, NL, PL, PT, RO, SE, SI, SK)",Congo,EDIBLE FRUIT AND NUTS; PEEL OF CITRUS FRUIT OR MELONS,IMPORT,VALUE_IN_EUROS,2011,127529
ESTAT:DS-045409(1.0),06/02/26 11:00:00,Annual,"European Union - 27 countries (AT, BE, BG, CY, CZ, DE, DK, EE, ES, FI, FR, GR, HR, HU, IE, IT, LT, LU, LV, MT, NL, PL, PT, RO, SE, SI, SK)",Congo,EDIBLE FRUIT AND NUTS; PEEL OF CITRUS FRUIT OR MELONS,IMPORT,VALUE_IN_EUROS,2012,114473
ESTAT:DS-045409(1.0),06/02/26 11:00:00,Annual,"European Union - 27 countries (AT, BE, BG, CY, CZ, DE, DK, EE, ES, FI, FR, GR, HR, HU, IE, IT, LT, LU, LV, MT, NL, PL, PT, RO, SE, SI, SK)",Congo,EDIBLE FRUIT AND NUTS; PEEL OF CITRUS FRUIT OR MELONS,IMPORT,VALUE_IN_EUROS,2013,190229
ESTAT:DS-045409(1.0),06/02/26 11:00:00,Annual,"European Union - 27 countries (AT, BE, BG, CY, CZ, DE, DK, EE, ES, FI, FR, GR, HR, HU, IE, IT, LT, LU, LV, MT, NL, PL, PT, RO, SE, SI, SK)",Congo,EDIBLE FRUIT AND NUTS; PEEL OF CITRUS FRUIT OR MELONS,IMPORT,VALUE_IN_EUROS,2014,176312
ESTAT:DS-045409(1.0),06/02/26 11:00:00,Annual,"European Union - 27 countries (AT, BE, BG, CY, CZ, DE, DK, EE, ES, FI, FR, GR, HR, HU, IE, IT, LT, LU, LV, MT, NL, PL, PT, RO, SE, SI, SK)",Congo,EDIBLE FRUIT AND NUTS; PEEL OF CITRUS FRUIT OR MELONS,IMPORT,VALUE_IN_EUROS,2015,132211
ESTAT:DS-045409(1.0),06/02/26 11:00:00,Annual,"European Union - 27 countries (AT, BE, BG, CY, CZ, DE, DK, EE, ES, FI, FR, GR, HR, HU, IE, IT, LT, LU, LV, MT, NL, PL, PT, RO, SE, SI, SK)",Congo,EDIBLE FRUIT AND NUTS; PEEL OF CITRUS FRUIT OR MELONS,IMPORT,VALUE_IN_EUROS,2016,202780
ESTAT:DS-045409(1.0),06/02/26 11:00:00,Annual,"European Union - 27 countries (AT, BE, BG, CY, CZ, DE, DK, EE, ES, FI, FR, GR, HR, HU, IE, IT, LT, LU, LV, MT, NL, PL, PT, RO, SE, SI, SK)",Congo,EDIBLE FRUIT AND NUTS; PEEL OF CITRUS FRUIT OR MELONS,IMPORT,VALUE_IN_EUROS,2017,65224
ESTAT:DS-045409(1.0),06/02/26 11:00:00,Annual,"European Union - 27 countries (AT, BE, BG, CY, CZ, DE, DK, EE, ES, FI, FR, GR, HR, HU, IE, IT, LT, LU, LV, MT, NL, PL, PT, RO, SE, SI, SK)",Congo,EDIBLE FRUIT AND NUTS; PEEL OF CITRUS FRUIT OR MELONS,IMPORT,VALUE_IN_EUROS,2018,169204
ESTAT:DS-045409(1.0),06/02/26 11:00:00,Annual,"European Union - 27 countries (AT, BE, BG, CY, CZ, DE, DK, EE, ES, FI, FR, GR, HR, HU, IE, IT, LT, LU, LV, MT, NL, PL, PT, RO, SE, SI, SK)",Congo,EDIBLE FRUIT AND NUTS; PEEL OF CITRUS FRUIT OR MELONS,IMPORT,VALUE_IN_EUROS,2019,178940
ESTAT:DS-045409(1.0),06/02/26 11:00:00,Annual,"European Union - 27 countries (AT, BE, BG, CY, CZ, DE, DK, EE, ES, FI, FR, GR, HR, HU, IE, IT, LT, LU, LV, MT, NL, PL, PT, RO, SE, SI, SK)",Congo,EDIBLE FRUIT AND NUTS; PEEL OF CITRUS FRUIT OR MELONS,IMPORT,VALUE_IN_EUROS,2020,157537
ESTAT:DS-045409(1.0),06/02/26 11:00:00,Annual,"European Union - 27 countries (AT, BE, BG, CY, CZ, DE, DK, EE, ES, FI, FR, GR, HR, HU, IE, IT, LT, LU, LV, MT, NL, PL, PT, RO, SE, SI, SK)",Congo,EDIBLE FRUIT AND NUTS; PEEL OF CITRUS FRUIT OR MELONS,IMPORT,VALUE_IN_EUROS,2021,424937
ESTAT:DS-045409(1.0),06/02/26 11:00:00,Annual,"European Union - 27 countries (AT, BE, BG, CY, CZ, DE, DK, EE, ES, FI, FR, GR, HR, HU, IE, IT, LT, LU, LV, MT, NL, PL, PT, RO, SE, SI, SK)",Congo,EDIBLE FRUIT AND NUTS; PEEL OF CITRUS FRUIT OR MELONS,IMPORT,VALUE_IN_EUROS,2022,445395
ESTAT:DS-045409(1.0),06/02/26 11:00:00,Annual,"European Union - 27 countries (AT, BE, BG, CY, CZ, DE, DK, EE, ES, FI, FR, GR, HR, HU, IE, IT, LT, LU, LV, MT, NL, PL, PT, RO, SE, SI, SK)",Congo,EDIBLE FRUIT AND NUTS; PEEL OF CITRUS FRUIT OR MELONS,IMPORT,VALUE_IN_EUROS,2023,642775
ESTAT:DS-045409(1.0),06/02/26 11:00:00,Annual,"European Union - 27 countries (AT, BE, BG, CY, CZ, DE, DK, EE, ES, FI, FR, GR, HR, HU, IE, IT, LT, LU, LV, MT, NL, PL, PT, RO, SE, SI, SK)",Congo,EDIBLE FRUIT AND NUTS; PEEL OF CITRUS FRUIT OR MELONS,IMPORT,VALUE_IN_EUROS,2024,515960
ESTAT:DS-045409(1.0),06/02/26 11:00:00,Annual,"European Union - 27 countries (AT, BE, BG, CY, CZ, DE, DK, EE, ES, FI, FR, GR, HR, HU, IE, IT, LT, LU, LV, MT, NL, PL, PT, RO, SE, SI, SK)",Côte d’Ivoire (Ivory Coast),EDIBLE FRUIT AND NUTS; PEEL OF CITRUS FRUIT OR MELONS,IMPORT,VALUE_IN_EUROS,1999,206822450
ESTAT:DS-045409(1.0),06/02/26 11:00:00,Annual,"European Union - 27 countries (AT, BE, BG, CY, CZ, DE, DK, EE, ES, FI, FR, GR, HR, HU, IE, IT, LT, LU, LV, MT, NL, PL, PT, RO, SE, SI, SK)",Côte d’Ivoire (Ivory Coast),EDIBLE FRUIT AND NUTS; PEEL OF CITRUS FRUIT OR MELONS,IMPORT,VALUE_IN_EUROS,2000,224822446
ESTAT:DS-045409(1.0),06/02/26 11:00:00,Annual,"European Union - 27 countries (AT, BE, BG, CY, CZ, DE, DK, EE, ES, FI, FR, GR, HR, HU, IE, IT, LT, LU, LV, MT, NL, PL, PT, RO, SE, SI, SK)",Côte d’Ivoire (Ivory Coast),EDIBLE FRUIT AND NUTS; PEEL OF CITRUS FRUIT OR MELONS,IMPORT,VALUE_IN_EUROS,2001,259102845
ESTAT:DS-045409(1.0),06/02/26 11:00:00,Annual,"European Union - 27 countries (AT, BE, BG, CY, CZ, DE, DK, EE, ES, FI, FR, GR, HR, HU, IE, IT, LT, LU, LV, MT, NL, PL, PT, RO, SE, SI, SK)",Côte d’Ivoire (Ivory Coast),EDIBLE FRUIT AND NUTS; PEEL OF CITRUS FRUIT OR MELONS,IMPORT,VALUE_IN_EUROS,2002,244171978
ESTAT:DS-045409(1.0),06/02/26 11:00:00,Annual,"European Union - 27 countries (AT, BE, BG, CY, CZ, DE, DK, EE, ES, FI, FR, GR, HR, HU, IE, IT, LT, LU, LV, MT, NL, PL, PT, RO, SE, SI, SK)",Côte d’Ivoire (Ivory Coast),EDIBLE FRUIT AND NUTS; PEEL OF CITRUS FRUIT OR MELONS,IMPORT,VALUE_IN_EUROS,2003,255087824
ESTAT:DS-045409(1.0),06/02/26 11:00:00,Annual,"European Union - 27 countries (AT, BE, BG, CY, CZ, DE, DK, EE, ES, FI, FR, GR, HR, HU, IE, IT, LT, LU, LV, MT, NL, PL, PT, RO, SE, SI, SK)",Côte d’Ivoire (Ivory Coast),EDIBLE FRUIT AND NUTS; PEEL OF CITRUS FRUIT OR MELONS,IMPORT,VALUE_IN_EUROS,2004,248334130
ESTAT:DS-045409(1.0),06/02/26 11:00:00,Annual,"European Union - 27 countries (AT, BE, BG, CY, CZ, DE, DK, EE, ES, FI, FR, GR, HR, HU, IE, IT, LT, LU, LV, MT, NL, PL, PT, RO, SE, SI, SK)",Côte d’Ivoire (Ivory Coast),EDIBLE FRUIT AND NUTS; PEEL OF CITRUS FRUIT OR MELONS,IMPORT,VALUE_IN_EUROS,2005,198743154
ESTAT:DS-045409(1.0),06/02/26 11:00:00,Annual,"European Union - 27 countries (AT, BE, BG, CY, CZ, DE, DK, EE, ES, FI, FR, GR, HR, HU, IE, IT, LT, LU, LV, MT, NL, PL, PT, RO, SE, SI, SK)",Côte d’Ivoire (Ivory Coast),EDIBLE FRUIT AND NUTS; PEEL OF CITRUS FRUIT OR MELONS,IMPORT,VALUE_IN_EUROS,2006,201724798
ESTAT:DS-045409(1.0),06/02/26 11:00:00,Annual,"European Union - 27 countries (AT, BE, BG, CY, CZ, DE, DK, EE, ES, FI, FR, GR, HR, HU, IE, IT, LT, LU, LV, MT, NL, PL, PT, RO, SE, SI, SK)",Côte d’Ivoire (Ivory Coast),EDIBLE FRUIT AND NUTS; PEEL OF CITRUS FRUIT OR MELONS,IMPORT,VALUE_IN_EUROS,2007,187369242
ESTAT:DS-045409(1.0),06/02/26 11:00:00,Annual,"European Union - 27 countries (AT, BE, BG, CY, CZ, DE, DK, EE, ES, FI, FR, GR, HR, HU, IE, IT, LT, LU, LV, MT, NL, PL, PT, RO, SE, SI, SK)",Côte d’Ivoire (Ivory Coast),EDIBLE FRUIT AND NUTS; PEEL OF CITRUS FRUIT OR MELONS,IMPORT,VALUE_IN_EUROS,2008,197149378
ESTAT:DS-045409(1.0),06/02/26 11:00:00,Annual,"European Union - 27 countries (AT, BE, BG, CY, CZ, DE, DK, EE, ES, FI, FR, GR, HR, HU, IE, IT, LT, LU, LV, MT, NL, PL, PT, RO, SE, SI, SK)",Côte d’Ivoire (Ivory Coast),EDIBLE FRUIT AND NUTS; PEEL OF CITRUS FRUIT OR MELONS,IMPORT,VALUE_IN_EUROS,2009,174397402
ESTAT:DS-045409(1.0),06/02/26 11:00:00,Annual,"European Union - 27 countries (AT, BE, BG, CY, CZ, DE, DK, EE, ES, FI, FR, GR, HR, HU, IE, IT, LT, LU, LV, MT, NL, PL, PT, RO, SE, SI, SK)",Côte d’Ivoire (Ivory Coast),EDIBLE FRUIT AND NUTS; PEEL OF CITRUS FRUIT OR MELONS,IMPORT,VALUE_IN_EUROS,2010,164410916
ESTAT:DS-045409(1.0),06/02/26 11:00:00,Annual,"European Union - 27 countries (AT, BE, BG, CY, CZ, DE, DK, EE, ES, FI, FR, GR, HR, HU, IE, IT, LT, LU, LV, MT, NL, PL, PT, RO, SE, SI, SK)",Côte d’Ivoire (Ivory Coast),EDIBLE FRUIT AND NUTS; PEEL OF CITRUS FRUIT OR MELONS,IMPORT,VALUE_IN_EUROS,2011,125753997
ESTAT:DS-045409(1.0),06/02/26 11:00:00,Annual,"European Union - 27 countries (AT, BE, BG, CY, CZ, DE, DK, EE, ES, FI, FR, GR, HR, HU, IE, IT, LT, LU, LV, MT, NL, PL, PT, RO, SE, SI, SK)",Côte d’Ivoire (Ivory Coast),EDIBLE FRUIT AND NUTS; PEEL OF CITRUS FRUIT OR MELONS,IMPORT,VALUE_IN_EUROS,2012,143093159
ESTAT:DS-045409(1.0),06/02/26 11:00:00,Annual,"European Union - 27 countries (AT, BE, BG, CY, CZ, DE, DK, EE, ES, FI, FR, GR, HR, HU, IE, IT, LT, LU, LV, MT, NL, PL, PT, RO, SE, SI, SK)",Côte d’Ivoire (Ivory Coast),EDIBLE FRUIT AND NUTS; PEEL OF CITRUS FRUIT OR MELONS,IMPORT,VALUE_IN_EUROS,2013,174604149
ESTAT:DS-045409(1.0),06/02/26 11:00:00,Annual,"European Union - 27 countries (AT, BE, BG, CY, CZ, DE, DK, EE, ES, FI, FR, GR, HR, HU, IE, IT, LT, LU, LV, MT, NL, PL, PT, RO, SE, SI, SK)",Côte d’Ivoire (Ivory Coast),EDIBLE FRUIT AND NUTS; PEEL OF CITRUS FRUIT OR MELONS,IMPORT,VALUE_IN_EUROS,2014,203747665
ESTAT:DS-045409(1.0),06/02/26 11:00:00,Annual,"European Union - 27 countries (AT, BE, BG, CY, CZ, DE, DK, EE, ES, FI, FR, GR, HR, HU, IE, IT, LT, LU, LV, MT, NL, PL, PT, RO, SE, SI, SK)",Côte d’Ivoire (Ivory Coast),EDIBLE FRUIT AND NUTS; PEEL OF CITRUS FRUIT OR MELONS,IMPORT,VALUE_IN_EUROS,2015,220214557
ESTAT:DS-045409(1.0),06/02/26 11:00:00,Annual,"European Union - 27 countries (AT, BE, BG, CY, CZ, DE, DK, EE, ES, FI, FR, GR, HR, HU, IE, IT, LT, LU, LV, MT, NL, PL, PT, RO, SE, SI, SK)",Côte d’Ivoire (Ivory Coast),EDIBLE FRUIT AND NUTS; PEEL OF CITRUS FRUIT OR MELONS,IMPORT,VALUE_IN_EUROS,2016,267347499
ESTAT:DS-045409(1.0),06/02/26 11:00:00,Annual,"European Union - 27 countries (AT, BE, BG, CY, CZ, DE, DK, EE, ES, FI, FR, GR, HR, HU, IE, IT, LT, LU, LV, MT, NL, PL, PT, RO, SE, SI, SK)",Côte d’Ivoire (Ivory Coast),EDIBLE FRUIT AND NUTS; PEEL OF CITRUS FRUIT OR MELONS,IMPORT,VALUE_IN_EUROS,2017,250562086
ESTAT:DS-045409(1.0),06/02/26 11:00:00,Annual,"European Union - 27 countries (AT, BE, BG, CY, CZ, DE, DK, EE, ES, FI, FR, GR, HR, HU, IE, IT, LT, LU, LV, MT, NL, PL, PT, RO, SE, SI, SK)",Côte d’Ivoire (Ivory Coast),EDIBLE FRUIT AND NUTS; PEEL OF CITRUS FRUIT OR MELONS,IMPORT,VALUE_IN_EUROS,2018,271014382
ESTAT:DS-045409(1.0),06/02/26 11:00:00,Annual,"European Union - 27 countries (AT, BE, BG, CY, CZ, DE, DK, EE, ES, FI, FR, GR, HR, HU, IE, IT, LT, LU, LV, MT, NL, PL, PT, RO, SE, SI, SK)",Côte d’Ivoire (Ivory Coast),EDIBLE FRUIT AND NUTS; PEEL OF CITRUS FRUIT OR MELONS,IMPORT,VALUE_IN_EUROS,2019,303929137
ESTAT:DS-045409(1.0),06/02/26 11:00:00,Annual,"European Union - 27 countries (AT, BE, BG, CY, CZ, DE, DK, EE, ES, FI, FR, GR, HR, HU, IE, IT, LT, LU, LV, MT, NL, PL, PT, RO, SE, SI, SK)",Côte d’Ivoire (Ivory Coast),EDIBLE FRUIT AND NUTS; PEEL OF CITRUS FRUIT OR MELONS,IMPORT,VALUE_IN_EUROS,2020,310577718
ESTAT:DS-045409(1.0),06/02/26 11:00:00,Annual,"European Union - 27 countries (AT, BE, BG, CY, CZ, DE, DK, EE, ES, FI, FR, GR, HR, HU, IE, IT, LT, LU, LV, MT, NL, PL, PT, RO, SE, SI, SK)",Côte d’Ivoire (Ivory Coast),EDIBLE FRUIT AND NUTS; PEEL OF CITRUS FRUIT OR MELONS,IMPORT,VALUE_IN_EUROS,2021,328165022
ESTAT:DS-045409(1.0),06/02/26 11:00:00,Annual,"European Union - 27 countries (AT, BE, BG, CY, CZ, DE, DK, EE, ES, FI, FR, GR, HR, HU, IE, IT, LT, LU, LV, MT, NL, PL, PT, RO, SE, SI, SK)",Côte d’Ivoire (Ivory Coast),EDIBLE FRUIT AND NUTS; PEEL OF CITRUS FRUIT OR MELONS,IMPORT,VALUE_IN_EUROS,2022,367567729
ESTAT:DS-045409(1.0),06/02/26 11:00:00,Annual,"European Union - 27 countries (AT, BE, BG, CY, CZ, DE, DK, EE, ES, FI, FR, GR, HR, HU, IE, IT, LT, LU, LV, MT, NL, PL, PT, RO, SE, SI, SK)",Côte d’Ivoire (Ivory Coast),EDIBLE FRUIT AND NUTS; PEEL OF CITRUS FRUIT OR MELONS,IMPORT,VALUE_IN_EUROS,2023,404115719
ESTAT:DS-045409(1.0),06/02/26 11:00:00,Annual,"European Union - 27 countries (AT, BE, BG, CY, CZ, DE, DK, EE, ES, FI, FR, GR, HR, HU, IE, IT, LT, LU, LV, MT, NL, PL, PT, RO, SE, SI, SK)",Côte d’Ivoire (Ivory Coast),EDIBLE FRUIT AND NUTS; PEEL OF CITRUS FRUIT OR MELONS,IMPORT,VALUE_IN_EUROS,2024,401960218
ESTAT:DS-045409(1.0),06/02/26 11:00:00,Annual,"European Union - 27 countries (AT, BE, BG, CY, CZ, DE, DK, EE, ES, FI, FR, GR, HR, HU, IE, IT, LT, LU, LV, MT, NL, PL, PT, RO, SE, SI, SK)",Cameroon,EDIBLE FRUIT AND NUTS; PEEL OF CITRUS FRUIT OR MELONS,IMPORT,VALUE_IN_EUROS,1999,71580899
ESTAT:DS-045409(1.0),06/02/26 11:00:00,Annual,"European Union - 27 countries (AT, BE, BG, CY, CZ, DE, DK, EE, ES, FI, FR, GR, HR, HU, IE, IT, LT, LU, LV, MT, NL, PL, PT, RO, SE, SI, SK)",Cameroon,EDIBLE FRUIT AND NUTS; PEEL OF CITRUS FRUIT OR MELONS,IMPORT,VALUE_IN_EUROS,2000,99111882
ESTAT:DS-045409(1.0),06/02/26 11:00:00,Annual,"European Union - 27 countries (AT, BE, BG, CY, CZ, DE, DK, EE, ES, FI, FR, GR, HR, HU, IE, IT, LT, LU, LV, MT, NL, PL, PT, RO, SE, SI, SK)",Cameroon,EDIBLE FRUIT AND NUTS; PEEL OF CITRUS FRUIT OR MELONS,IMPORT,VALUE_IN_EUROS,2001,110300798
ESTAT:DS-045409(1.0),06/02/26 11:00:00,Annual,"European Union - 27 countries (AT, BE, BG, CY, CZ, DE, DK, EE, ES, FI, FR, GR, HR, HU, IE, IT, LT, LU, LV, MT, NL, PL, PT, RO, SE, SI, SK)",Cameroon,EDIBLE FRUIT AND NUTS; PEEL OF CITRUS FRUIT OR MELONS,IMPORT,VALUE_IN_EUROS,2002,84288620
ESTAT:DS-045409(1.0),06/02/26 11:00:00,Annual,"European Union - 27 countries (AT, BE, BG, CY, CZ, DE, DK, EE, ES, FI, FR, GR, HR, HU, IE, IT, LT, LU, LV, MT, NL, PL, PT, RO, SE, SI, SK)",Cameroon,EDIBLE FRUIT AND NUTS; PEEL OF CITRUS FRUIT OR MELONS,IMPORT,VALUE_IN_EUROS,2003,92411687
ESTAT:DS-045409(1.0),06/02/26 11:00:00,Annual,"European Union - 27 countries (AT, BE, BG, CY, CZ, DE, DK, EE, ES, FI, FR, GR, HR, HU, IE, IT, LT, LU, LV, MT, NL, PL, PT, RO, SE, SI, SK)",Cameroon,EDIBLE FRUIT AND NUTS; PEEL OF CITRUS FRUIT OR MELONS,IMPORT,VALUE_IN_EUROS,2004,69382652
ESTAT:DS-045409(1.0),06/02/26 11:00:00,Annual,"European Union - 27 countries (AT, BE, BG, CY, CZ, DE, DK, EE, ES, FI, FR, GR, HR, HU, IE, IT, LT, LU, LV, MT, NL, PL, PT, RO, SE, SI, SK)",Cameroon,EDIBLE FRUIT AND NUTS; PEEL OF CITRUS FRUIT OR MELONS,IMPORT,VALUE_IN_EUROS,2005,88151966
ESTAT:DS-045409(1.0),06/02/26 11:00:00,Annual,"European Union - 27 countries (AT, BE, BG, CY, CZ, DE, DK, EE, ES, FI, FR, GR, HR, HU, IE, IT, LT, LU, LV, MT, NL, PL, PT, RO, SE, SI, SK)",Cameroon,EDIBLE FRUIT AND NUTS; PEEL OF CITRUS FRUIT OR MELONS,IMPORT,VALUE_IN_EUROS,2006,119292407
ESTAT:DS-045409(1.0),06/02/26 11:00:00,Annual,"European Union - 27 countries (AT, BE, BG, CY, CZ, DE, DK, EE, ES, FI, FR, GR, HR, HU, IE, IT, LT, LU, LV, MT, NL, PL, PT, RO, SE, SI, SK)",Cameroon,EDIBLE FRUIT AND NUTS; PEEL OF CITRUS FRUIT OR MELONS,IMPORT,VALUE_IN_EUROS,2007,112926007
ESTAT:DS-045409(1.0),06/02/26 11:00:00,Annual,"European Union - 27 countries (AT, BE, BG, CY, CZ, DE, DK, EE, ES, FI, FR, GR, HR, HU, IE, IT, LT, LU, LV, MT, NL, PL, PT, RO, SE, SI, SK)",Cameroon,EDIBLE FRUIT AND NUTS; PEEL OF CITRUS FRUIT OR MELONS,IMPORT,VALUE_IN_EUROS,2008,163594505
ESTAT:DS-045409(1.0),06/02/26 11:00:00,Annual,"European Union - 27 countries (AT, BE, BG, CY, CZ, DE, DK, EE, ES, FI, FR, GR, HR, HU, IE, IT, LT, LU, LV, MT, NL, PL, PT, RO, SE, SI, SK)",Cameroon,EDIBLE FRUIT AND NUTS; PEEL OF CITRUS FRUIT OR MELONS,IMPORT,VALUE_IN_EUROS,2009,126145043
ESTAT:DS-045409(1.0),06/02/26 11:00:00,Annual,"European Union - 27 countries (AT, BE, BG, CY, CZ, DE, DK, EE, ES, FI, FR, GR, HR, HU, IE, IT, LT, LU, LV, MT, NL, PL, PT, RO, SE, SI, SK)",Cameroon,EDIBLE FRUIT AND NUTS; PEEL OF CITRUS FRUIT OR MELONS,IMPORT,VALUE_IN_EUROS,2010,127765154
ESTAT:DS-045409(1.0),06/02/26 11:00:00,Annual,"European Union - 27 countries (AT, BE, BG, CY, CZ, DE, DK, EE, ES, FI, FR, GR, HR, HU, IE, IT, LT, LU, LV, MT, NL, PL, PT, RO, SE, SI, SK)",Cameroon,EDIBLE FRUIT AND NUTS; PEEL OF CITRUS FRUIT OR MELONS,IMPORT,VALUE_IN_EUROS,2011,133124938
ESTAT:DS-045409(1.0),06/02/26 11:00:00,Annual,"European Union - 27 countries (AT, BE, BG, CY, CZ, DE, DK, EE, ES, FI, FR, GR, HR, HU, IE, IT, LT, LU, LV, MT, NL, PL, PT, RO, SE, SI, SK)",Cameroon,EDIBLE FRUIT AND NUTS; PEEL OF CITRUS FRUIT OR MELONS,IMPORT,VALUE_IN_EUROS,2012,122222818
ESTAT:DS-045409(1.0),06/02/26 11:00:00,Annual,"European Union - 27 countries (AT, BE, BG, CY, CZ, DE, DK, EE, ES, FI, FR, GR, HR, HU, IE, IT, LT, LU, LV, MT, NL, PL, PT, RO, SE, SI, SK)",Cameroon,EDIBLE FRUIT AND NUTS; PEEL OF CITRUS FRUIT OR MELONS,IMPORT,VALUE_IN_EUROS,2013,151249466
ESTAT:DS-045409(1.0),06/02/26 11:00:00,Annual,"European Union - 27 countries (AT, BE, BG, CY, CZ, DE, DK, EE, ES, FI, FR, GR, HR, HU, IE, IT, LT, LU, LV, MT, NL, PL, PT, RO, SE, SI, SK)",Cameroon,EDIBLE FRUIT AND NUTS; PEEL OF CITRUS FRUIT OR MELONS,IMPORT,VALUE_IN_EUROS,2014,172760518
ESTAT:DS-045409(1.0),06/02/26 11:00:00,Annual,"European Union - 27 countries (AT, BE, BG, CY, CZ, DE, DK, EE, ES, FI, FR, GR, HR, HU, IE, IT, LT, LU, LV, MT, NL, PL, PT, RO, SE, SI, SK)",Cameroon,EDIBLE FRUIT AND NUTS; PEEL OF CITRUS FRUIT OR MELONS,IMPORT,VALUE_IN_EUROS,2015,198573738
ESTAT:DS-045409(1.0),06/02/26 11:00:00,Annual,"European Union - 27 countries (AT, BE, BG, CY, CZ, DE, DK, EE, ES, FI, FR, GR, HR, HU, IE, IT, LT, LU, LV, MT, NL, PL, PT, RO, SE, SI, SK)",Cameroon,EDIBLE FRUIT AND NUTS; PEEL OF CITRUS FRUIT OR MELONS,IMPORT,VALUE_IN_EUROS,2016,207598558
ESTAT:DS-045409(1.0),06/02/26 11:00:00,Annual,"European Union - 27 countries (AT, BE, BG, CY, CZ, DE, DK, EE, ES, FI, FR, GR, HR, HU, IE, IT, LT, LU, LV, MT, NL, PL, PT, RO, SE, SI, SK)",Cameroon,EDIBLE FRUIT AND NUTS; PEEL OF CITRUS FRUIT OR MELONS,IMPORT,VALUE_IN_EUROS,2017,195797126
ESTAT:DS-045409(1.0),06/02/26 11:00:00,Annual,"European Union - 27 countries (AT, BE, BG, CY, CZ, DE, DK, EE, ES, FI, FR, GR, HR, HU, IE, IT, LT, LU, LV, MT, NL, PL, PT, RO, SE, SI, SK)",Cameroon,EDIBLE FRUIT AND NUTS; PEEL OF CITRUS FRUIT OR MELONS,IMPORT,VALUE_IN_EUROS,2018,156818574
ESTAT:DS-045409(1.0),06/02/26 11:00:00,Annual,"European Union - 27 countries (AT, BE, BG, CY, CZ, DE, DK, EE, ES, FI, FR, GR, HR, HU, IE, IT, LT, LU, LV, MT, NL, PL, PT, RO, SE, SI, SK)",Cameroon,EDIBLE FRUIT AND NUTS; PEEL OF CITRUS FRUIT OR MELONS,IMPORT,VALUE_IN_EUROS,2019,149180839
ESTAT:DS-045409(1.0),06/02/26 11:00:00,Annual,"European Union - 27 countries (AT, BE, BG, CY, CZ, DE, DK, EE, ES, FI, FR, GR, HR, HU, IE, IT, LT, LU, LV, MT, NL, PL, PT, RO, SE, SI, SK)",Cameroon,EDIBLE FRUIT AND NUTS; PEEL OF CITRUS FRUIT OR MELONS,IMPORT,VALUE_IN_EUROS,2020,154314553
ESTAT:DS-045409(1.0),06/02/26 11:00:00,Annual,"European Union - 27 countries (AT, BE, BG, CY, CZ, DE, DK, EE, ES, FI, FR, GR, HR, HU, IE, IT, LT, LU, LV, MT, NL, PL, PT, RO, SE, SI, SK)",Cameroon,EDIBLE FRUIT AND NUTS; PEEL OF CITRUS FRUIT OR MELONS,IMPORT,VALUE_IN_EUROS,2021,145371291
ESTAT:DS-045409(1.0),06/02/26 11:00:00,Annual,"European Union - 27 countries (AT, BE, BG, CY, CZ, DE, DK, EE, ES, FI, FR, GR, HR, HU, IE, IT, LT, LU, LV, MT, NL, PL, PT, RO, SE, SI, SK)",Cameroon,EDIBLE FRUIT AND NUTS; PEEL OF CITRUS FRUIT OR MELONS,IMPORT,VALUE_IN_EUROS,2022,112849774
ESTAT:DS-045409(1.0),06/02/26 11:00:00,Annual,"European Union - 27 countries (AT, BE, BG, CY, CZ, DE, DK, EE, ES, FI, FR, GR, HR, HU, IE, IT, LT, LU, LV, MT, NL, PL, PT, RO, SE, SI, SK)",Cameroon,EDIBLE FRUIT AND NUTS; PEEL OF CITRUS FRUIT OR MELONS,IMPORT,VALUE_IN_EUROS,2023,111667246
ESTAT:DS-045409(1.0),06/02/26 11:00:00,Annual,"European Union - 27 countries (AT, BE, BG, CY, CZ, DE, DK, EE, ES, FI, FR, GR, HR, HU, IE, IT, LT, LU, LV, MT, NL, PL, PT, RO, SE, SI, SK)",Cameroon,EDIBLE FRUIT AND NUTS; PEEL OF CITRUS FRUIT OR MELONS,IMPORT,VALUE_IN_EUROS,2024,146179174
ESTAT:DS-045409(1.0),06/02/26 11:00:00,Annual,"European Union - 27 countries (AT, BE, BG, CY, CZ, DE, DK, EE, ES, FI, FR, GR, HR, HU, IE, IT, LT, LU, LV, MT, NL, PL, PT, RO, SE, SI, SK)",Cabo Verde,EDIBLE FRUIT AND NUTS; PEEL OF CITRUS FRUIT OR MELONS,IMPORT,VALUE_IN_EUROS,1999,14378
ESTAT:DS-045409(1.0),06/02/26 11:00:00,Annual,"European Union - 27 countries (AT, BE, BG, CY, CZ, DE, DK, EE, ES, FI, FR, GR, HR, HU, IE, IT, LT, LU, LV, MT, NL, PL, PT, RO, SE, SI, SK)",Cabo Verde,EDIBLE FRUIT AND NUTS; PEEL OF CITRUS FRUIT OR MELONS,IMPORT,VALUE_IN_EUROS,2000,1516
ESTAT:DS-045409(1.0),06/02/26 11:00:00,Annual,"European Union - 27 countries (AT, BE, BG, CY, CZ, DE, DK, EE, ES, FI, FR, GR, HR, HU, IE, IT, LT, LU, LV, MT, NL, PL, PT, RO, SE, SI, SK)",Cabo Verde,EDIBLE FRUIT AND NUTS; PEEL OF CITRUS FRUIT OR MELONS,IMPORT,VALUE_IN_EUROS,2001,6163
ESTAT:DS-045409(1.0),06/02/26 11:00:00,Annual,"European Union - 27 countries (AT, BE, BG, CY, CZ, DE, DK, EE, ES, FI, FR, GR, HR, HU, IE, IT, LT, LU, LV, MT, NL, PL, PT, RO, SE, SI, SK)",Cabo Verde,EDIBLE FRUIT AND NUTS; PEEL OF CITRUS FRUIT OR MELONS,IMPORT,VALUE_IN_EUROS,2004,1912
ESTAT:DS-045409(1.0),06/02/26 11:00:00,Annual,"European Union - 27 countries (AT, BE, BG, CY, CZ, DE, DK, EE, ES, FI, FR, GR, HR, HU, IE, IT, LT, LU, LV, MT, NL, PL, PT, RO, SE, SI, SK)",Cabo Verde,EDIBLE FRUIT AND NUTS; PEEL OF CITRUS FRUIT OR MELONS,IMPORT,VALUE_IN_EUROS,2005,103
ESTAT:DS-045409(1.0),06/02/26 11:00:00,Annual,"European Union - 27 countries (AT, BE, BG, CY, CZ, DE, DK, EE, ES, FI, FR, GR, HR, HU, IE, IT, LT, LU, LV, MT, NL, PL, PT, RO, SE, SI, SK)",Cabo Verde,EDIBLE FRUIT AND NUTS; PEEL OF CITRUS FRUIT OR MELONS,IMPORT,VALUE_IN_EUROS,2011,122
ESTAT:DS-045409(1.0),06/02/26 11:00:00,Annual,"European Union - 27 countries (AT, BE, BG, CY, CZ, DE, DK, EE, ES, FI, FR, GR, HR, HU, IE, IT, LT, LU, LV, MT, NL, PL, PT, RO, SE, SI, SK)",Cabo Verde,EDIBLE FRUIT AND NUTS; PEEL OF CITRUS FRUIT OR MELONS,IMPORT,VALUE_IN_EUROS,2016,3371
ESTAT:DS-045409(1.0),06/02/26 11:00:00,Annual,"European Union - 27 countries (AT, BE, BG, CY, CZ, DE, DK, EE, ES, FI, FR, GR, HR, HU, IE, IT, LT, LU, LV, MT, NL, PL, PT, RO, SE, SI, SK)",Cabo Verde,EDIBLE FRUIT AND NUTS; PEEL OF CITRUS FRUIT OR MELONS,IMPORT,VALUE_IN_EUROS,2020,6267
ESTAT:DS-045409(1.0),06/02/26 11:00:00,Annual,"European Union - 27 countries (AT, BE, BG, CY, CZ, DE, DK, EE, ES, FI, FR, GR, HR, HU, IE, IT, LT, LU, LV, MT, NL, PL, PT, RO, SE, SI, SK)",Cabo Verde,EDIBLE FRUIT AND NUTS; PEEL OF CITRUS FRUIT OR MELONS,IMPORT,VALUE_IN_EUROS,2023,1645
ESTAT:DS-045409(1.0),06/02/26 11:00:00,Annual,"European Union - 27 countries (AT, BE, BG, CY, CZ, DE, DK, EE, ES, FI, FR, GR, HR, HU, IE, IT, LT, LU, LV, MT, NL, PL, PT, RO, SE, SI, SK)",Cabo Verde,EDIBLE FRUIT AND NUTS; PEEL OF CITRUS FRUIT OR MELONS,IMPORT,VALUE_IN_EUROS,2024,20181
ESTAT:DS-045409(1.0),06/02/26 11:00:00,Annual,"European Union - 27 countries (AT, BE, BG, CY, CZ, DE, DK, EE, ES, FI, FR, GR, HR, HU, IE, IT, LT, LU, LV, MT, NL, PL, PT, RO, SE, SI, SK)",Djibouti,EDIBLE FRUIT AND NUTS; PEEL OF CITRUS FRUIT OR MELONS,IMPORT,VALUE_IN_EUROS,1999,890077
ESTAT:DS-045409(1.0),06/02/26 11:00:00,Annual,"European Union - 27 countries (AT, BE, BG, CY, CZ, DE, DK, EE, ES, FI, FR, GR, HR, HU, IE, IT, LT, LU, LV, MT, NL, PL, PT, RO, SE, SI, SK)",Djibouti,EDIBLE FRUIT AND NUTS; PEEL OF CITRUS FRUIT OR MELONS,IMPORT,VALUE_IN_EUROS,2000,165
ESTAT:DS-045409(1.0),06/02/26 11:00:00,Annual,"European Union - 27 countries (AT, BE, BG, CY, CZ, DE, DK, EE, ES, FI, FR, GR, HR, HU, IE, IT, LT, LU, LV, MT, NL, PL, PT, RO, SE, SI, SK)",Djibouti,EDIBLE FRUIT AND NUTS; PEEL OF CITRUS FRUIT OR MELONS,IMPORT,VALUE_IN_EUROS,2001,17251
ESTAT:DS-045409(1.0),06/02/26 11:00:00,Annual,"European Union - 27 countries (AT, BE, BG, CY, CZ, DE, DK, EE, ES, FI, FR, GR, HR, HU, IE, IT, LT, LU, LV, MT, NL, PL, PT, RO, SE, SI, SK)",Djibouti,EDIBLE FRUIT AND NUTS; PEEL OF CITRUS FRUIT OR MELONS,IMPORT,VALUE_IN_EUROS,2002,15066
ESTAT:DS-045409(1.0),06/02/26 11:00:00,Annual,"European Union - 27 countries (AT, BE, BG, CY, CZ, DE, DK, EE, ES, FI, FR, GR, HR, HU, IE, IT, LT, LU, LV, MT, NL, PL, PT, RO, SE, SI, SK)",Djibouti,EDIBLE FRUIT AND NUTS; PEEL OF CITRUS FRUIT OR MELONS,IMPORT,VALUE_IN_EUROS,2003,2226
ESTAT:DS-045409(1.0),06/02/26 11:00:00,Annual,"European Union - 27 countries (AT, BE, BG, CY, CZ, DE, DK, EE, ES, FI, FR, GR, HR, HU, IE, IT, LT, LU, LV, MT, NL, PL, PT, RO, SE, SI, SK)",Djibouti,EDIBLE FRUIT AND NUTS; PEEL OF CITRUS FRUIT OR MELONS,IMPORT,VALUE_IN_EUROS,2004,553
ESTAT:DS-045409(1.0),06/02/26 11:00:00,Annual,"European Union - 27 countries (AT, BE, BG, CY, CZ, DE, DK, EE, ES, FI, FR, GR, HR, HU, IE, IT, LT, LU, LV, MT, NL, PL, PT, RO, SE, SI, SK)",Djibouti,EDIBLE FRUIT AND NUTS; PEEL OF CITRUS FRUIT OR MELONS,IMPORT,VALUE_IN_EUROS,2018,78
ESTAT:DS-045409(1.0),06/02/26 11:00:00,Annual,"European Union - 27 countries (AT, BE, BG, CY, CZ, DE, DK, EE, ES, FI, FR, GR, HR, HU, IE, IT, LT, LU, LV, MT, NL, PL, PT, RO, SE, SI, SK)",Algeria,EDIBLE FRUIT AND NUTS; PEEL OF CITRUS FRUIT OR MELONS,IMPORT,VALUE_IN_EUROS,1999,14226853
ESTAT:DS-045409(1.0),06/02/26 11:00:00,Annual,"European Union - 27 countries (AT, BE, BG, CY, CZ, DE, DK, EE, ES, FI, FR, GR, HR, HU, IE, IT, LT, LU, LV, MT, NL, PL, PT, RO, SE, SI, SK)",Algeria,EDIBLE FRUIT AND NUTS; PEEL OF CITRUS FRUIT OR MELONS,IMPORT,VALUE_IN_EUROS,2000,15824083
ESTAT:DS-045409(1.0),06/02/26 11:00:00,Annual,"European Union - 27 countries (AT, BE, BG, CY, CZ, DE, DK, EE, ES, FI, FR, GR, HR, HU, IE, IT, LT, LU, LV, MT, NL, PL, PT, RO, SE, SI, SK)",Algeria,EDIBLE FRUIT AND NUTS; PEEL OF CITRUS FRUIT OR MELONS,IMPORT,VALUE_IN_EUROS,2001,10576108
ESTAT:DS-045409(1.0),06/02/26 11:00:00,Annual,"European Union - 27 countries (AT, BE, BG, CY, CZ, DE, DK, EE, ES, FI, FR, GR, HR, HU, IE, IT, LT, LU, LV, MT, NL, PL, PT, RO, SE, SI, SK)",Algeria,EDIBLE FRUIT AND NUTS; PEEL OF CITRUS FRUIT OR MELONS,IMPORT,VALUE_IN_EUROS,2002,14262712
ESTAT:DS-045409(1.0),06/02/26 11:00:00,Annual,"European Union - 27 countries (AT, BE, BG, CY, CZ, DE, DK, EE, ES, FI, FR, GR, HR, HU, IE, IT, LT, LU, LV, MT, NL, PL, PT, RO, SE, SI, SK)",Algeria,EDIBLE FRUIT AND NUTS; PEEL OF CITRUS FRUIT OR MELONS,IMPORT,VALUE_IN_EUROS,2003,12855637
ESTAT:DS-045409(1.0),06/02/26 11:00:00,Annual,"European Union - 27 countries (AT, BE, BG, CY, CZ, DE, DK, EE, ES, FI, FR, GR, HR, HU, IE, IT, LT, LU, LV, MT, NL, PL, PT, RO, SE, SI, SK)",Algeria,EDIBLE FRUIT AND NUTS; PEEL OF CITRUS FRUIT OR MELONS,IMPORT,VALUE_IN_EUROS,2004,12404366
ESTAT:DS-045409(1.0),06/02/26 11:00:00,Annual,"European Union - 27 countries (AT, BE, BG, CY, CZ, DE, DK, EE, ES, FI, FR, GR, HR, HU, IE, IT, LT, LU, LV, MT, NL, PL, PT, RO, SE, SI, SK)",Algeria,EDIBLE FRUIT AND NUTS; PEEL OF CITRUS FRUIT OR MELONS,IMPORT,VALUE_IN_EUROS,2005,12535420
ESTAT:DS-045409(1.0),06/02/26 11:00:00,Annual,"European Union - 27 countries (AT, BE, BG, CY, CZ, DE, DK, EE, ES, FI, FR, GR, HR, HU, IE, IT, LT, LU, LV, MT, NL, PL, PT, RO, SE, SI, SK)",Algeria,EDIBLE FRUIT AND NUTS; PEEL OF CITRUS FRUIT OR MELONS,IMPORT,VALUE_IN_EUROS,2006,13858321
ESTAT:DS-045409(1.0),06/02/26 11:00:00,Annual,"European Union - 27 countries (AT, BE, BG, CY, CZ, DE, DK, EE, ES, FI, FR, GR, HR, HU, IE, IT, LT, LU, LV, MT, NL, PL, PT, RO, SE, SI, SK)",Algeria,EDIBLE FRUIT AND NUTS; PEEL OF CITRUS FRUIT OR MELONS,IMPORT,VALUE_IN_EUROS,2007,14632174
ESTAT:DS-045409(1.0),06/02/26 11:00:00,Annual,"European Union - 27 countries (AT, BE, BG, CY, CZ, DE, DK, EE, ES, FI, FR, GR, HR, HU, IE, IT, LT, LU, LV, MT, NL, PL, PT, RO, SE, SI, SK)",Algeria,EDIBLE FRUIT AND NUTS; PEEL OF CITRUS FRUIT OR MELONS,IMPORT,VALUE_IN_EUROS,2008,11633126
ESTAT:DS-045409(1.0),06/02/26 11:00:00,Annual,"European Union - 27 countries (AT, BE, BG, CY, CZ, DE, DK, EE, ES, FI, FR, GR, HR, HU, IE, IT, LT, LU, LV, MT, NL, PL, PT, RO, SE, SI, SK)",Algeria,EDIBLE FRUIT AND NUTS; PEEL OF CITRUS FRUIT OR MELONS,IMPORT,VALUE_IN_EUROS,2009,8165877
ESTAT:DS-045409(1.0),06/02/26 11:00:00,Annual,"European Union - 27 countries (AT, BE, BG, CY, CZ, DE, DK, EE, ES, FI, FR, GR, HR, HU, IE, IT, LT, LU, LV, MT, NL, PL, PT, RO, SE, SI, SK)",Algeria,EDIBLE FRUIT AND NUTS; PEEL OF CITRUS FRUIT OR MELONS,IMPORT,VALUE_IN_EUROS,2010,12668982
ESTAT:DS-045409(1.0),06/02/26 11:00:00,Annual,"European Union - 27 countries (AT, BE, BG, CY, CZ, DE, DK, EE, ES, FI, FR, GR, HR, HU, IE, IT, LT, LU, LV, MT, NL, PL, PT, RO, SE, SI, SK)",Algeria,EDIBLE FRUIT AND NUTS; PEEL OF CITRUS FRUIT OR MELONS,IMPORT,VALUE_IN_EUROS,2011,12910917
ESTAT:DS-045409(1.0),06/02/26 11:00:00,Annual,"European Union - 27 countries (AT, BE, BG, CY, CZ, DE, DK, EE, ES, FI, FR, GR, HR, HU, IE, IT, LT, LU, LV, MT, NL, PL, PT, RO, SE, SI, SK)",Algeria,EDIBLE FRUIT AND NUTS; PEEL OF CITRUS FRUIT OR MELONS,IMPORT,VALUE_IN_EUROS,2012,14021887
ESTAT:DS-045409(1.0),06/02/26 11:00:00,Annual,"European Union - 27 countries (AT, BE, BG, CY, CZ, DE, DK, EE, ES, FI, FR, GR, HR, HU, IE, IT, LT, LU, LV, MT, NL, PL, PT, RO, SE, SI, SK)",Algeria,EDIBLE FRUIT AND NUTS; PEEL OF CITRUS FRUIT OR MELONS,IMPORT,VALUE_IN_EUROS,2013,15689384
ESTAT:DS-045409(1.0),06/02/26 11:00:00,Annual,"European Union - 27 countries (AT, BE, BG, CY, CZ, DE, DK, EE, ES, FI, FR, GR, HR, HU, IE, IT, LT, LU, LV, MT, NL, PL, PT, RO, SE, SI, SK)",Algeria,EDIBLE FRUIT AND NUTS; PEEL OF CITRUS FRUIT OR MELONS,IMPORT,VALUE_IN_EUROS,2014,20723032
ESTAT:DS-045409(1.0),06/02/26 11:00:00,Annual,"European Union - 27 countries (AT, BE, BG, CY, CZ, DE, DK, EE, ES, FI, FR, GR, HR, HU, IE, IT, LT, LU, LV, MT, NL, PL, PT, RO, SE, SI, SK)",Algeria,EDIBLE FRUIT AND NUTS; PEEL OF CITRUS FRUIT OR MELONS,IMPORT,VALUE_IN_EUROS,2015,24520904
ESTAT:DS-045409(1.0),06/02/26 11:00:00,Annual,"European Union - 27 countries (AT, BE, BG, CY, CZ, DE, DK, EE, ES, FI, FR, GR, HR, HU, IE, IT, LT, LU, LV, MT, NL, PL, PT, RO, SE, SI, SK)",Algeria,EDIBLE FRUIT AND NUTS; PEEL OF CITRUS FRUIT OR MELONS,IMPORT,VALUE_IN_EUROS,2016,23467533
ESTAT:DS-045409(1.0),06/02/26 11:00:00,Annual,"European Union - 27 countries (AT, BE, BG, CY, CZ, DE, DK, EE, ES, FI, FR, GR, HR, HU, IE, IT, LT, LU, LV, MT, NL, PL, PT, RO, SE, SI, SK)",Algeria,EDIBLE FRUIT AND NUTS; PEEL OF CITRUS FRUIT OR MELONS,IMPORT,VALUE_IN_EUROS,2017,34443678
ESTAT:DS-045409(1.0),06/02/26 11:00:00,Annual,"European Union - 27 countries (AT, BE, BG, CY, CZ, DE, DK, EE, ES, FI, FR, GR, HR, HU, IE, IT, LT, LU, LV, MT, NL, PL, PT, RO, SE, SI, SK)",Algeria,EDIBLE FRUIT AND NUTS; PEEL OF CITRUS FRUIT OR MELONS,IMPORT,VALUE_IN_EUROS,2018,37920160
ESTAT:DS-045409(1.0),06/02/26 11:00:00,Annual,"European Union - 27 countries (AT, BE, BG, CY, CZ, DE, DK, EE, ES, FI, FR, GR, HR, HU, IE, IT, LT, LU, LV, MT, NL, PL, PT, RO, SE, SI, SK)",Algeria,EDIBLE FRUIT AND NUTS; PEEL OF CITRUS FRUIT OR MELONS,IMPORT,VALUE_IN_EUROS,2019,39979819
ESTAT:DS-045409(1.0),06/02/26 11:00:00,Annual,"European Union - 27 countries (AT, BE, BG, CY, CZ, DE, DK, EE, ES, FI, FR, GR, HR, HU, IE, IT, LT, LU, LV, MT, NL, PL, PT, RO, SE, SI, SK)",Algeria,EDIBLE FRUIT AND NUTS; PEEL OF CITRUS FRUIT OR MELONS,IMPORT,VALUE_IN_EUROS,2020,48716521
ESTAT:DS-045409(1.0),06/02/26 11:00:00,Annual,"European Union - 27 countries (AT, BE, BG, CY, CZ, DE, DK, EE, ES, FI, FR, GR, HR, HU, IE, IT, LT, LU, LV, MT, NL, PL, PT, RO, SE, SI, SK)",Algeria,EDIBLE FRUIT AND NUTS; PEEL OF CITRUS FRUIT OR MELONS,IMPORT,VALUE_IN_EUROS,2021,49929005
ESTAT:DS-045409(1.0),06/02/26 11:00:00,Annual,"European Union - 27 countries (AT, BE, BG, CY, CZ, DE, DK, EE, ES, FI, FR, GR, HR, HU, IE, IT, LT, LU, LV, MT, NL, PL, PT, RO, SE, SI, SK)",Algeria,EDIBLE FRUIT AND NUTS; PEEL OF CITRUS FRUIT OR MELONS,IMPORT,VALUE_IN_EUROS,2022,38049504
ESTAT:DS-045409(1.0),06/02/26 11:00:00,Annual,"European Union - 27 countries (AT, BE, BG, CY, CZ, DE, DK, EE, ES, FI, FR, GR, HR, HU, IE, IT, LT, LU, LV, MT, NL, PL, PT, RO, SE, SI, SK)",Algeria,EDIBLE FRUIT AND NUTS; PEEL OF CITRUS FRUIT OR MELONS,IMPORT,VALUE_IN_EUROS,2023,41264358
ESTAT:DS-045409(1.0),06/02/26 11:00:00,Annual,"European Union - 27 countries (AT, BE, BG, CY, CZ, DE, DK, EE, ES, FI, FR, GR, HR, HU, IE, IT, LT, LU, LV, MT, NL, PL, PT, RO, SE, SI, SK)",Algeria,EDIBLE FRUIT AND NUTS; PEEL OF CITRUS FRUIT OR MELONS,IMPORT,VALUE_IN_EUROS,2024,48249453
ESTAT:DS-045409(1.0),06/02/26 11:00:00,Annual,"European Union - 27 countries (AT, BE, BG, CY, CZ, DE, DK, EE, ES, FI, FR, GR, HR, HU, IE, IT, LT, LU, LV, MT, NL, PL, PT, RO, SE, SI, SK)",Egypt,EDIBLE FRUIT AND NUTS; PEEL OF CITRUS FRUIT OR MELONS,IMPORT,VALUE_IN_EUROS,1999,6027663
ESTAT:DS-045409(1.0),06/02/26 11:00:00,Annual,"European Union - 27 countries (AT, BE, BG, CY, CZ, DE, DK, EE, ES, FI, FR, GR, HR, HU, IE, IT, LT, LU, LV, MT, NL, PL, PT, RO, SE, SI, SK)",Egypt,EDIBLE FRUIT AND NUTS; PEEL OF CITRUS FRUIT OR MELONS,IMPORT,VALUE_IN_EUROS,2000,7249618
ESTAT:DS-045409(1.0),06/02/26 11:00:00,Annual,"European Union - 27 countries (AT, BE, BG, CY, CZ, DE, DK, EE, ES, FI, FR, GR, HR, HU, IE, IT, LT, LU, LV, MT, NL, PL, PT, RO, SE, SI, SK)",Egypt,EDIBLE FRUIT AND NUTS; PEEL OF CITRUS FRUIT OR MELONS,IMPORT,VALUE_IN_EUROS,2001,14147084
ESTAT:DS-045409(1.0),06/02/26 11:00:00,Annual,"European Union - 27 countries (AT, BE, BG, CY, CZ, DE, DK, EE, ES, FI, FR, GR, HR, HU, IE, IT, LT, LU, LV, MT, NL, PL, PT, RO, SE, SI, SK)",Egypt,EDIBLE FRUIT AND NUTS; PEEL OF CITRUS FRUIT OR MELONS,IMPORT,VALUE_IN_EUROS,2002,19104456
ESTAT:DS-045409(1.0),06/02/26 11:00:00,Annual,"European Union - 27 countries (AT, BE, BG, CY, CZ, DE, DK, EE, ES, FI, FR, GR, HR, HU, IE, IT, LT, LU, LV, MT, NL, PL, PT, RO, SE, SI, SK)",Egypt,EDIBLE FRUIT AND NUTS; PEEL OF CITRUS FRUIT OR MELONS,IMPORT,VALUE_IN_EUROS,2003,29112193
ESTAT:DS-045409(1.0),06/02/26 11:00:00,Annual,"European Union - 27 countries (AT, BE, BG, CY, CZ, DE, DK, EE, ES, FI, FR, GR, HR, HU, IE, IT, LT, LU, LV, MT, NL, PL, PT, RO, SE, SI, SK)",Egypt,EDIBLE FRUIT AND NUTS; PEEL OF CITRUS FRUIT OR MELONS,IMPORT,VALUE_IN_EUROS,2004,51624267
ESTAT:DS-045409(1.0),06/02/26 11:00:00,Annual,"European Union - 27 countries (AT, BE, BG, CY, CZ, DE, DK, EE, ES, FI, FR, GR, HR, HU, IE, IT, LT, LU, LV, MT, NL, PL, PT, RO, SE, SI, SK)",Egypt,EDIBLE FRUIT AND NUTS; PEEL OF CITRUS FRUIT OR MELONS,IMPORT,VALUE_IN_EUROS,2005,79324093
ESTAT:DS-045409(1.0),06/02/26 11:00:00,Annual,"European Union - 27 countries (AT, BE, BG, CY, CZ, DE, DK, EE, ES, FI, FR, GR, HR, HU, IE, IT, LT, LU, LV, MT, NL, PL, PT, RO, SE, SI, SK)",Egypt,EDIBLE FRUIT AND NUTS; PEEL OF CITRUS FRUIT OR MELONS,IMPORT,VALUE_IN_EUROS,2006,75053595
ESTAT:DS-045409(1.0),06/02/26 11:00:00,Annual,"European Union - 27 countries (AT, BE, BG, CY, CZ, DE, DK, EE, ES, FI, FR, GR, HR, HU, IE, IT, LT, LU, LV, MT, NL, PL, PT, RO, SE, SI, SK)",Egypt,EDIBLE FRUIT AND NUTS; PEEL OF CITRUS FRUIT OR MELONS,IMPORT,VALUE_IN_EUROS,2007,103865370
ESTAT:DS-045409(1.0),06/02/26 11:00:00,Annual,"European Union - 27 countries (AT, BE, BG, CY, CZ, DE, DK, EE, ES, FI, FR, GR, HR, HU, IE, IT, LT, LU, LV, MT, NL, PL, PT, RO, SE, SI, SK)",Egypt,EDIBLE FRUIT AND NUTS; PEEL OF CITRUS FRUIT OR MELONS,IMPORT,VALUE_IN_EUROS,2008,102525623
ESTAT:DS-045409(1.0),06/02/26 11:00:00,Annual,"European Union - 27 countries (AT, BE, BG, CY, CZ, DE, DK, EE, ES, FI, FR, GR, HR, HU, IE, IT, LT, LU, LV, MT, NL, PL, PT, RO, SE, SI, SK)",Egypt,EDIBLE FRUIT AND NUTS; PEEL OF CITRUS FRUIT OR MELONS,IMPORT,VALUE_IN_EUROS,2009,154599496
ESTAT:DS-045409(1.0),06/02/26 11:00:00,Annual,"European Union - 27 countries (AT, BE, BG, CY, CZ, DE, DK, EE, ES, FI, FR, GR, HR, HU, IE, IT, LT, LU, LV, MT, NL, PL, PT, RO, SE, SI, SK)",Egypt,EDIBLE FRUIT AND NUTS; PEEL OF CITRUS FRUIT OR MELONS,IMPORT,VALUE_IN_EUROS,2010,114995588
ESTAT:DS-045409(1.0),06/02/26 11:00:00,Annual,"European Union - 27 countries (AT, BE, BG, CY, CZ, DE, DK, EE, ES, FI, FR, GR, HR, HU, IE, IT, LT, LU, LV, MT, NL, PL, PT, RO, SE, SI, SK)",Egypt,EDIBLE FRUIT AND NUTS; PEEL OF CITRUS FRUIT OR MELONS,IMPORT,VALUE_IN_EUROS,2011,117854149
ESTAT:DS-045409(1.0),06/02/26 11:00:00,Annual,"European Union - 27 countries (AT, BE, BG, CY, CZ, DE, DK, EE, ES, FI, FR, GR, HR, HU, IE, IT, LT, LU, LV, MT, NL, PL, PT, RO, SE, SI, SK)",Egypt,EDIBLE FRUIT AND NUTS; PEEL OF CITRUS FRUIT OR MELONS,IMPORT,VALUE_IN_EUROS,2012,148723406
ESTAT:DS-045409(1.0),06/02/26 11:00:00,Annual,"European Union - 27 countries (AT, BE, BG, CY, CZ, DE, DK, EE, ES, FI, FR, GR, HR, HU, IE, IT, LT, LU, LV, MT, NL, PL, PT, RO, SE, SI, SK)",Egypt,EDIBLE FRUIT AND NUTS; PEEL OF CITRUS FRUIT OR MELONS,IMPORT,VALUE_IN_EUROS,2013,151162983
ESTAT:DS-045409(1.0),06/02/26 11:00:00,Annual,"European Union - 27 countries (AT, BE, BG, CY, CZ, DE, DK, EE, ES, FI, FR, GR, HR, HU, IE, IT, LT, LU, LV, MT, NL, PL, PT, RO, SE, SI, SK)",Egypt,EDIBLE FRUIT AND NUTS; PEEL OF CITRUS FRUIT OR MELONS,IMPORT,VALUE_IN_EUROS,2014,165565980
ESTAT:DS-045409(1.0),06/02/26 11:00:00,Annual,"European Union - 27 countries (AT, BE, BG, CY, CZ, DE, DK, EE, ES, FI, FR, GR, HR, HU, IE, IT, LT, LU, LV, MT, NL, PL, PT, RO, SE, SI, SK)",Egypt,EDIBLE FRUIT AND NUTS; PEEL OF CITRUS FRUIT OR MELONS,IMPORT,VALUE_IN_EUROS,2015,189043662
ESTAT:DS-045409(1.0),06/02/26 11:00:00,Annual,"European Union - 27 countries (AT, BE, BG, CY, CZ, DE, DK, EE, ES, FI, FR, GR, HR, HU, IE, IT, LT, LU, LV, MT, NL, PL, PT, RO, SE, SI, SK)",Egypt,EDIBLE FRUIT AND NUTS; PEEL OF CITRUS FRUIT OR MELONS,IMPORT,VALUE_IN_EUROS,2016,219432040
ESTAT:DS-045409(1.0),06/02/26 11:00:00,Annual,"European Union - 27 countries (AT, BE, BG, CY, CZ, DE, DK, EE, ES, FI, FR, GR, HR, HU, IE, IT, LT, LU, LV, MT, NL, PL, PT, RO, SE, SI, SK)",Egypt,EDIBLE FRUIT AND NUTS; PEEL OF CITRUS FRUIT OR MELONS,IMPORT,VALUE_IN_EUROS,2017,276849060
ESTAT:DS-045409(1.0),06/02/26 11:00:00,Annual,"European Union - 27 countries (AT, BE, BG, CY, CZ, DE, DK, EE, ES, FI, FR, GR, HR, HU, IE, IT, LT, LU, LV, MT, NL, PL, PT, RO, SE, SI, SK)",Egypt,EDIBLE FRUIT AND NUTS; PEEL OF CITRUS FRUIT OR MELONS,IMPORT,VALUE_IN_EUROS,2018,332127766
ESTAT:DS-045409(1.0),06/02/26 11:00:00,Annual,"European Union - 27 countries (AT, BE, BG, CY, CZ, DE, DK, EE, ES, FI, FR, GR, HR, HU, IE, IT, LT, LU, LV, MT, NL, PL, PT, RO, SE, SI, SK)",Egypt,EDIBLE FRUIT AND NUTS; PEEL OF CITRUS FRUIT OR MELONS,IMPORT,VALUE_IN_EUROS,2019,330619559
ESTAT:DS-045409(1.0),06/02/26 11:00:00,Annual,"European Union - 27 countries (AT, BE, BG, CY, CZ, DE, DK, EE, ES, FI, FR, GR, HR, HU, IE, IT, LT, LU, LV, MT, NL, PL, PT, RO, SE, SI, SK)",Egypt,EDIBLE FRUIT AND NUTS; PEEL OF CITRUS FRUIT OR MELONS,IMPORT,VALUE_IN_EUROS,2020,396931619
ESTAT:DS-045409(1.0),06/02/26 11:00:00,Annual,"European Union - 27 countries (AT, BE, BG, CY, CZ, DE, DK, EE, ES, FI, FR, GR, HR, HU, IE, IT, LT, LU, LV, MT, NL, PL, PT, RO, SE, SI, SK)",Egypt,EDIBLE FRUIT AND NUTS; PEEL OF CITRUS FRUIT OR MELONS,IMPORT,VALUE_IN_EUROS,2021,420419113
ESTAT:DS-045409(1.0),06/02/26 11:00:00,Annual,"European Union - 27 countries (AT, BE, BG, CY, CZ, DE, DK, EE, ES, FI, FR, GR, HR, HU, IE, IT, LT, LU, LV, MT, NL, PL, PT, RO, SE, SI, SK)",Egypt,EDIBLE FRUIT AND NUTS; PEEL OF CITRUS FRUIT OR MELONS,IMPORT,VALUE_IN_EUROS,2022,399638871
ESTAT:DS-045409(1.0),06/02/26 11:00:00,Annual,"European Union - 27 countries (AT, BE, BG, CY, CZ, DE, DK, EE, ES, FI, FR, GR, HR, HU, IE, IT, LT, LU, LV, MT, NL, PL, PT, RO, SE, SI, SK)",Egypt,EDIBLE FRUIT AND NUTS; PEEL OF CITRUS FRUIT OR MELONS,IMPORT,VALUE_IN_EUROS,2023,629457871
ESTAT:DS-045409(1.0),06/02/26 11:00:00,Annual,"European Union - 27 countries (AT, BE, BG, CY, CZ, DE, DK, EE, ES, FI, FR, GR, HR, HU, IE, IT, LT, LU, LV, MT, NL, PL, PT, RO, SE, SI, SK)",Egypt,EDIBLE FRUIT AND NUTS; PEEL OF CITRUS FRUIT OR MELONS,IMPORT,VALUE_IN_EUROS,2024,658398950
ESTAT:DS-045409(1.0),06/02/26 11:00:00,Annual,"European Union - 27 countries (AT, BE, BG, CY, CZ, DE, DK, EE, ES, FI, FR, GR, HR, HU, IE, IT, LT, LU, LV, MT, NL, PL, PT, RO, SE, SI, SK)",Eritrea,EDIBLE FRUIT AND NUTS; PEEL OF CITRUS FRUIT OR MELONS,IMPORT,VALUE_IN_EUROS,1999,38150
ESTAT:DS-045409(1.0),06/02/26 11:00:00,Annual,"European Union - 27 countries (AT, BE, BG, CY, CZ, DE, DK, EE, ES, FI, FR, GR, HR, HU, IE, IT, LT, LU, LV, MT, NL, PL, PT, RO, SE, SI, SK)",Eritrea,EDIBLE FRUIT AND NUTS; PEEL OF CITRUS FRUIT OR MELONS,IMPORT,VALUE_IN_EUROS,2000,33694
ESTAT:DS-045409(1.0),06/02/26 11:00:00,Annual,"European Union - 27 countries (AT, BE, BG, CY, CZ, DE, DK, EE, ES, FI, FR, GR, HR, HU, IE, IT, LT, LU, LV, MT, NL, PL, PT, RO, SE, SI, SK)",Eritrea,EDIBLE FRUIT AND NUTS; PEEL OF CITRUS FRUIT OR MELONS,IMPORT,VALUE_IN_EUROS,2001,68851
ESTAT:DS-045409(1.0),06/02/26 11:00:00,Annual,"European Union - 27 countries (AT, BE, BG, CY, CZ, DE, DK, EE, ES, FI, FR, GR, HR, HU, IE, IT, LT, LU, LV, MT, NL, PL, PT, RO, SE, SI, SK)",Eritrea,EDIBLE FRUIT AND NUTS; PEEL OF CITRUS FRUIT OR MELONS,IMPORT,VALUE_IN_EUROS,2002,26250
ESTAT:DS-045409(1.0),06/02/26 11:00:00,Annual,"European Union - 27 countries (AT, BE, BG, CY, CZ, DE, DK, EE, ES, FI, FR, GR, HR, HU, IE, IT, LT, LU, LV, MT, NL, PL, PT, RO, SE, SI, SK)",Eritrea,EDIBLE FRUIT AND NUTS; PEEL OF CITRUS FRUIT OR MELONS,IMPORT,VALUE_IN_EUROS,2003,34237
ESTAT:DS-045409(1.0),06/02/26 11:00:00,Annual,"European Union - 27 countries (AT, BE, BG, CY, CZ, DE, DK, EE, ES, FI, FR, GR, HR, HU, IE, IT, LT, LU, LV, MT, NL, PL, PT, RO, SE, SI, SK)",Eritrea,EDIBLE FRUIT AND NUTS; PEEL OF CITRUS FRUIT OR MELONS,IMPORT,VALUE_IN_EUROS,2006,64944
ESTAT:DS-045409(1.0),06/02/26 11:00:00,Annual,"European Union - 27 countries (AT, BE, BG, CY, CZ, DE, DK, EE, ES, FI, FR, GR, HR, HU, IE, IT, LT, LU, LV, MT, NL, PL, PT, RO, SE, SI, SK)",Eritrea,EDIBLE FRUIT AND NUTS; PEEL OF CITRUS FRUIT OR MELONS,IMPORT,VALUE_IN_EUROS,2011,658
ESTAT:DS-045409(1.0),06/02/26 11:00:00,Annual,"European Union - 27 countries (AT, BE, BG, CY, CZ, DE, DK, EE, ES, FI, FR, GR, HR, HU, IE, IT, LT, LU, LV, MT, NL, PL, PT, RO, SE, SI, SK)",Eritrea,EDIBLE FRUIT AND NUTS; PEEL OF CITRUS FRUIT OR MELONS,IMPORT,VALUE_IN_EUROS,2012,4
ESTAT:DS-045409(1.0),06/02/26 11:00:00,Annual,"European Union - 27 countries (AT, BE, BG, CY, CZ, DE, DK, EE, ES, FI, FR, GR, HR, HU, IE, IT, LT, LU, LV, MT, NL, PL, PT, RO, SE, SI, SK)",Eritrea,EDIBLE FRUIT AND NUTS; PEEL OF CITRUS FRUIT OR MELONS,IMPORT,VALUE_IN_EUROS,2017,78
ESTAT:DS-045409(1.0),06/02/26 11:00:00,Annual,"European Union - 27 countries (AT, BE, BG, CY, CZ, DE, DK, EE, ES, FI, FR, GR, HR, HU, IE, IT, LT, LU, LV, MT, NL, PL, PT, RO, SE, SI, SK)",Ethiopia (incl. Eritrea 'ER' -> 1993),EDIBLE FRUIT AND NUTS; PEEL OF CITRUS FRUIT OR MELONS,IMPORT,VALUE_IN_EUROS,1999,13786
ESTAT:DS-045409(1.0),06/02/26 11:00:00,Annual,"European Union - 27 countries (AT, BE, BG, CY, CZ, DE, DK, EE, ES, FI, FR, GR, HR, HU, IE, IT, LT, LU, LV, MT, NL, PL, PT, RO, SE, SI, SK)",Ethiopia (incl. Eritrea 'ER' -> 1993),EDIBLE FRUIT AND NUTS; PEEL OF CITRUS FRUIT OR MELONS,IMPORT,VALUE_IN_EUROS,2000,16964
ESTAT:DS-045409(1.0),06/02/26 11:00:00,Annual,"European Union - 27 countries (AT, BE, BG, CY, CZ, DE, DK, EE, ES, FI, FR, GR, HR, HU, IE, IT, LT, LU, LV, MT, NL, PL, PT, RO, SE, SI, SK)",Ethiopia (incl. Eritrea 'ER' -> 1993),EDIBLE FRUIT AND NUTS; PEEL OF CITRUS FRUIT OR MELONS,IMPORT,VALUE_IN_EUROS,2001,48056
ESTAT:DS-045409(1.0),06/02/26 11:00:00,Annual,"European Union - 27 countries (AT, BE, BG, CY, CZ, DE, DK, EE, ES, FI, FR, GR, HR, HU, IE, IT, LT, LU, LV, MT, NL, PL, PT, RO, SE, SI, SK)",Ethiopia (incl. Eritrea 'ER' -> 1993),EDIBLE FRUIT AND NUTS; PEEL OF CITRUS FRUIT OR MELONS,IMPORT,VALUE_IN_EUROS,2002,21815
ESTAT:DS-045409(1.0),06/02/26 11:00:00,Annual,"European Union - 27 countries (AT, BE, BG, CY, CZ, DE, DK, EE, ES, FI, FR, GR, HR, HU, IE, IT, LT, LU, LV, MT, NL, PL, PT, RO, SE, SI, SK)",Ethiopia (incl. Eritrea 'ER' -> 1993),EDIBLE FRUIT AND NUTS; PEEL OF CITRUS FRUIT OR MELONS,IMPORT,VALUE_IN_EUROS,2003,16176
ESTAT:DS-045409(1.0),06/02/26 11:00:00,Annual,"European Union - 27 countries (AT, BE, BG, CY, CZ, DE, DK, EE, ES, FI, FR, GR, HR, HU, IE, IT, LT, LU, LV, MT, NL, PL, PT, RO, SE, SI, SK)",Ethiopia (incl. Eritrea 'ER' -> 1993),EDIBLE FRUIT AND NUTS; PEEL OF CITRUS FRUIT OR MELONS,IMPORT,VALUE_IN_EUROS,2004,77
ESTAT:DS-045409(1.0),06/02/26 11:00:00,Annual,"European Union - 27 countries (AT, BE, BG, CY, CZ, DE, DK, EE, ES, FI, FR, GR, HR, HU, IE, IT, LT, LU, LV, MT, NL, PL, PT, RO, SE, SI, SK)",Ethiopia (incl. Eritrea 'ER' -> 1993),EDIBLE FRUIT AND NUTS; PEEL OF CITRUS FRUIT OR MELONS,IMPORT,VALUE_IN_EUROS,2005,16950
ESTAT:DS-045409(1.0),06/02/26 11:00:00,Annual,"European Union - 27 countries (AT, BE, BG, CY, CZ, DE, DK, EE, ES, FI, FR, GR, HR, HU, IE, IT, LT, LU, LV, MT, NL, PL, PT, RO, SE, SI, SK)",Ethiopia (incl. Eritrea 'ER' -> 1993),EDIBLE FRUIT AND NUTS; PEEL OF CITRUS FRUIT OR MELONS,IMPORT,VALUE_IN_EUROS,2006,73779
ESTAT:DS-045409(1.0),06/02/26 11:00:00,Annual,"European Union - 27 countries (AT, BE, BG, CY, CZ, DE, DK, EE, ES, FI, FR, GR, HR, HU, IE, IT, LT, LU, LV, MT, NL, PL, PT, RO, SE, SI, SK)",Ethiopia (incl. Eritrea 'ER' -> 1993),EDIBLE FRUIT AND NUTS; PEEL OF CITRUS FRUIT OR MELONS,IMPORT,VALUE_IN_EUROS,2007,74702
ESTAT:DS-045409(1.0),06/02/26 11:00:00,Annual,"European Union - 27 countries (AT, BE, BG, CY, CZ, DE, DK, EE, ES, FI, FR, GR, HR, HU, IE, IT, LT, LU, LV, MT, NL, PL, PT, RO, SE, SI, SK)",Ethiopia (incl. Eritrea 'ER' -> 1993),EDIBLE FRUIT AND NUTS; PEEL OF CITRUS FRUIT OR MELONS,IMPORT,VALUE_IN_EUROS,2008,181983
ESTAT:DS-045409(1.0),06/02/26 11:00:00,Annual,"European Union - 27 countries (AT, BE, BG, CY, CZ, DE, DK, EE, ES, FI, FR, GR, HR, HU, IE, IT, LT, LU, LV, MT, NL, PL, PT, RO, SE, SI, SK)",Ethiopia (incl. Eritrea 'ER' -> 1993),EDIBLE FRUIT AND NUTS; PEEL OF CITRUS FRUIT OR MELONS,IMPORT,VALUE_IN_EUROS,2009,21299
ESTAT:DS-045409(1.0),06/02/26 11:00:00,Annual,"European Union - 27 countries (AT, BE, BG, CY, CZ, DE, DK, EE, ES, FI, FR, GR, HR, HU, IE, IT, LT, LU, LV, MT, NL, PL, PT, RO, SE, SI, SK)",Ethiopia (incl. Eritrea 'ER' -> 1993),EDIBLE FRUIT AND NUTS; PEEL OF CITRUS FRUIT OR MELONS,IMPORT,VALUE_IN_EUROS,2010,70703
ESTAT:DS-045409(1.0),06/02/26 11:00:00,Annual,"European Union - 27 countries (AT, BE, BG, CY, CZ, DE, DK, EE, ES, FI, FR, GR, HR, HU, IE, IT, LT, LU, LV, MT, NL, PL, PT, RO, SE, SI, SK)",Ethiopia (incl. Eritrea 'ER' -> 1993),EDIBLE FRUIT AND NUTS; PEEL OF CITRUS FRUIT OR MELONS,IMPORT,VALUE_IN_EUROS,2011,92955
ESTAT:DS-045409(1.0),06/02/26 11:00:00,Annual,"European Union - 27 countries (AT, BE, BG, CY, CZ, DE, DK, EE, ES, FI, FR, GR, HR, HU, IE, IT, LT, LU, LV, MT, NL, PL, PT, RO, SE, SI, SK)",Ethiopia (incl. Eritrea 'ER' -> 1993),EDIBLE FRUIT AND NUTS; PEEL OF CITRUS FRUIT OR MELONS,IMPORT,VALUE_IN_EUROS,2012,114915
ESTAT:DS-045409(1.0),06/02/26 11:00:00,Annual,"European Union - 27 countries (AT, BE, BG, CY, CZ, DE, DK, EE, ES, FI, FR, GR, HR, HU, IE, IT, LT, LU, LV, MT, NL, PL, PT, RO, SE, SI, SK)",Ethiopia (incl. Eritrea 'ER' -> 1993),EDIBLE FRUIT AND NUTS; PEEL OF CITRUS FRUIT OR MELONS,IMPORT,VALUE_IN_EUROS,2013,130655
ESTAT:DS-045409(1.0),06/02/26 11:00:00,Annual,"European Union - 27 countries (AT, BE, BG, CY, CZ, DE, DK, EE, ES, FI, FR, GR, HR, HU, IE, IT, LT, LU, LV, MT, NL, PL, PT, RO, SE, SI, SK)",Ethiopia (incl. Eritrea 'ER' -> 1993),EDIBLE FRUIT AND NUTS; PEEL OF CITRUS FRUIT OR MELONS,IMPORT,VALUE_IN_EUROS,2014,171558
ESTAT:DS-045409(1.0),06/02/26 11:00:00,Annual,"European Union - 27 countries (AT, BE, BG, CY, CZ, DE, DK, EE, ES, FI, FR, GR, HR, HU, IE, IT, LT, LU, LV, MT, NL, PL, PT, RO, SE, SI, SK)",Ethiopia (incl. Eritrea 'ER' -> 1993),EDIBLE FRUIT AND NUTS; PEEL OF CITRUS FRUIT OR MELONS,IMPORT,VALUE_IN_EUROS,2015,11937
ESTAT:DS-045409(1.0),06/02/26 11:00:00,Annual,"European Union - 27 countries (AT, BE, BG, CY, CZ, DE, DK, EE, ES, FI, FR, GR, HR, HU, IE, IT, LT, LU, LV, MT, NL, PL, PT, RO, SE, SI, SK)",Ethiopia (incl. Eritrea 'ER' -> 1993),EDIBLE FRUIT AND NUTS; PEEL OF CITRUS FRUIT OR MELONS,IMPORT,VALUE_IN_EUROS,2016,336471
ESTAT:DS-045409(1.0),06/02/26 11:00:00,Annual,"European Union - 27 countries (AT, BE, BG, CY, CZ, DE, DK, EE, ES, FI, FR, GR, HR, HU, IE, IT, LT, LU, LV, MT, NL, PL, PT, RO, SE, SI, SK)",Ethiopia (incl. Eritrea 'ER' -> 1993),EDIBLE FRUIT AND NUTS; PEEL OF CITRUS FRUIT OR MELONS,IMPORT,VALUE_IN_EUROS,2017,417285
ESTAT:DS-045409(1.0),06/02/26 11:00:00,Annual,"European Union - 27 countries (AT, BE, BG, CY, CZ, DE, DK, EE, ES, FI, FR, GR, HR, HU, IE, IT, LT, LU, LV, MT, NL, PL, PT, RO, SE, SI, SK)",Ethiopia (incl. Eritrea 'ER' -> 1993),EDIBLE FRUIT AND NUTS; PEEL OF CITRUS FRUIT OR MELONS,IMPORT,VALUE_IN_EUROS,2018,167382
ESTAT:DS-045409(1.0),06/02/26 11:00:00,Annual,"European Union - 27 countries (AT, BE, BG, CY, CZ, DE, DK, EE, ES, FI, FR, GR, HR, HU, IE, IT, LT, LU, LV, MT, NL, PL, PT, RO, SE, SI, SK)",Ethiopia (incl. Eritrea 'ER' -> 1993),EDIBLE FRUIT AND NUTS; PEEL OF CITRUS FRUIT OR MELONS,IMPORT,VALUE_IN_EUROS,2019,59048
ESTAT:DS-045409(1.0),06/02/26 11:00:00,Annual,"European Union - 27 countries (AT, BE, BG, CY, CZ, DE, DK, EE, ES, FI, FR, GR, HR, HU, IE, IT, LT, LU, LV, MT, NL, PL, PT, RO, SE, SI, SK)",Ethiopia (incl. Eritrea 'ER' -> 1993),EDIBLE FRUIT AND NUTS; PEEL OF CITRUS FRUIT OR MELONS,IMPORT,VALUE_IN_EUROS,2020,13477
ESTAT:DS-045409(1.0),06/02/26 11:00:00,Annual,"European Union - 27 countries (AT, BE, BG, CY, CZ, DE, DK, EE, ES, FI, FR, GR, HR, HU, IE, IT, LT, LU, LV, MT, NL, PL, PT, RO, SE, SI, SK)",Ethiopia (incl. Eritrea 'ER' -> 1993),EDIBLE FRUIT AND NUTS; PEEL OF CITRUS FRUIT OR MELONS,IMPORT,VALUE_IN_EUROS,2021,190860
ESTAT:DS-045409(1.0),06/02/26 11:00:00,Annual,"European Union - 27 countries (AT, BE, BG, CY, CZ, DE, DK, EE, ES, FI, FR, GR, HR, HU, IE, IT, LT, LU, LV, MT, NL, PL, PT, RO, SE, SI, SK)",Ethiopia (incl. Eritrea 'ER' -> 1993),EDIBLE FRUIT AND NUTS; PEEL OF CITRUS FRUIT OR MELONS,IMPORT,VALUE_IN_EUROS,2022,333509
ESTAT:DS-045409(1.0),06/02/26 11:00:00,Annual,"European Union - 27 countries (AT, BE, BG, CY, CZ, DE, DK, EE, ES, FI, FR, GR, HR, HU, IE, IT, LT, LU, LV, MT, NL, PL, PT, RO, SE, SI, SK)",Ethiopia (incl. Eritrea 'ER' -> 1993),EDIBLE FRUIT AND NUTS; PEEL OF CITRUS FRUIT OR MELONS,IMPORT,VALUE_IN_EUROS,2023,273786
ESTAT:DS-045409(1.0),06/02/26 11:00:00,Annual,"European Union - 27 countries (AT, BE, BG, CY, CZ, DE, DK, EE, ES, FI, FR, GR, HR, HU, IE, IT, LT, LU, LV, MT, NL, PL, PT, RO, SE, SI, SK)",Ethiopia (incl. Eritrea 'ER' -> 1993),EDIBLE FRUIT AND NUTS; PEEL OF CITRUS FRUIT OR MELONS,IMPORT,VALUE_IN_EUROS,2024,179016
ESTAT:DS-045409(1.0),06/02/26 11:00:00,Annual,"European Union - 27 countries (AT, BE, BG, CY, CZ, DE, DK, EE, ES, FI, FR, GR, HR, HU, IE, IT, LT, LU, LV, MT, NL, PL, PT, RO, SE, SI, SK)",Gabon,EDIBLE FRUIT AND NUTS; PEEL OF CITRUS FRUIT OR MELONS,IMPORT,VALUE_IN_EUROS,1999,801
ESTAT:DS-045409(1.0),06/02/26 11:00:00,Annual,"European Union - 27 countries (AT, BE, BG, CY, CZ, DE, DK, EE, ES, FI, FR, GR, HR, HU, IE, IT, LT, LU, LV, MT, NL, PL, PT, RO, SE, SI, SK)",Gabon,EDIBLE FRUIT AND NUTS; PEEL OF CITRUS FRUIT OR MELONS,IMPORT,VALUE_IN_EUROS,2000,7710
ESTAT:DS-045409(1.0),06/02/26 11:00:00,Annual,"European Union - 27 countries (AT, BE, BG, CY, CZ, DE, DK, EE, ES, FI, FR, GR, HR, HU, IE, IT, LT, LU, LV, MT, NL, PL, PT, RO, SE, SI, SK)",Gabon,EDIBLE FRUIT AND NUTS; PEEL OF CITRUS FRUIT OR MELONS,IMPORT,VALUE_IN_EUROS,2002,59
ESTAT:DS-045409(1.0),06/02/26 11:00:00,Annual,"European Union - 27 countries (AT, BE, BG, CY, CZ, DE, DK, EE, ES, FI, FR, GR, HR, HU, IE, IT, LT, LU, LV, MT, NL, PL, PT, RO, SE, SI, SK)",Gabon,EDIBLE FRUIT AND NUTS; PEEL OF CITRUS FRUIT OR MELONS,IMPORT,VALUE_IN_EUROS,2003,133
ESTAT:DS-045409(1.0),06/02/26 11:00:00,Annual,"European Union - 27 countries (AT, BE, BG, CY, CZ, DE, DK, EE, ES, FI, FR, GR, HR, HU, IE, IT, LT, LU, LV, MT, NL, PL, PT, RO, SE, SI, SK)",Gabon,EDIBLE FRUIT AND NUTS; PEEL OF CITRUS FRUIT OR MELONS,IMPORT,VALUE_IN_EUROS,2005,1833
ESTAT:DS-045409(1.0),06/02/26 11:00:00,Annual,"European Union - 27 countries (AT, BE, BG, CY, CZ, DE, DK, EE, ES, FI, FR, GR, HR, HU, IE, IT, LT, LU, LV, MT, NL, PL, PT, RO, SE, SI, SK)",Gabon,EDIBLE FRUIT AND NUTS; PEEL OF CITRUS FRUIT OR MELONS,IMPORT,VALUE_IN_EUROS,2007,11497
ESTAT:DS-045409(1.0),06/02/26 11:00:00,Annual,"European Union - 27 countries (AT, BE, BG, CY, CZ, DE, DK, EE, ES, FI, FR, GR, HR, HU, IE, IT, LT, LU, LV, MT, NL, PL, PT, RO, SE, SI, SK)",Gabon,EDIBLE FRUIT AND NUTS; PEEL OF CITRUS FRUIT OR MELONS,IMPORT,VALUE_IN_EUROS,2008,42698
ESTAT:DS-045409(1.0),06/02/26 11:00:00,Annual,"European Union - 27 countries (AT, BE, BG, CY, CZ, DE, DK, EE, ES, FI, FR, GR, HR, HU, IE, IT, LT, LU, LV, MT, NL, PL, PT, RO, SE, SI, SK)",Gabon,EDIBLE FRUIT AND NUTS; PEEL OF CITRUS FRUIT OR MELONS,IMPORT,VALUE_IN_EUROS,2009,1024
ESTAT:DS-045409(1.0),06/02/26 11:00:00,Annual,"European Union - 27 countries (AT, BE, BG, CY, CZ, DE, DK, EE, ES, FI, FR, GR, HR, HU, IE, IT, LT, LU, LV, MT, NL, PL, PT, RO, SE, SI, SK)",Gabon,EDIBLE FRUIT AND NUTS; PEEL OF CITRUS FRUIT OR MELONS,IMPORT,VALUE_IN_EUROS,2011,194
ESTAT:DS-045409(1.0),06/02/26 11:00:00,Annual,"European Union - 27 countries (AT, BE, BG, CY, CZ, DE, DK, EE, ES, FI, FR, GR, HR, HU, IE, IT, LT, LU, LV, MT, NL, PL, PT, RO, SE, SI, SK)",Gabon,EDIBLE FRUIT AND NUTS; PEEL OF CITRUS FRUIT OR MELONS,IMPORT,VALUE_IN_EUROS,2013,147
ESTAT:DS-045409(1.0),06/02/26 11:00:00,Annual,"European Union - 27 countries (AT, BE, BG, CY, CZ, DE, DK, EE, ES, FI, FR, GR, HR, HU, IE, IT, LT, LU, LV, MT, NL, PL, PT, RO, SE, SI, SK)",Gabon,EDIBLE FRUIT AND NUTS; PEEL OF CITRUS FRUIT OR MELONS,IMPORT,VALUE_IN_EUROS,2021,3203
ESTAT:DS-045409(1.0),06/02/26 11:00:00,Annual,"European Union - 27 countries (AT, BE, BG, CY, CZ, DE, DK, EE, ES, FI, FR, GR, HR, HU, IE, IT, LT, LU, LV, MT, NL, PL, PT, RO, SE, SI, SK)",Gabon,EDIBLE FRUIT AND NUTS; PEEL OF CITRUS FRUIT OR MELONS,IMPORT,VALUE_IN_EUROS,2022,1325
ESTAT:DS-045409(1.0),06/02/26 11:00:00,Annual,"European Union - 27 countries (AT, BE, BG, CY, CZ, DE, DK, EE, ES, FI, FR, GR, HR, HU, IE, IT, LT, LU, LV, MT, NL, PL, PT, RO, SE, SI, SK)",Gabon,EDIBLE FRUIT AND NUTS; PEEL OF CITRUS FRUIT OR MELONS,IMPORT,VALUE_IN_EUROS,2024,74
ESTAT:DS-045409(1.0),06/02/26 11:00:00,Annual,"European Union - 27 countries (AT, BE, BG, CY, CZ, DE, DK, EE, ES, FI, FR, GR, HR, HU, IE, IT, LT, LU, LV, MT, NL, PL, PT, RO, SE, SI, SK)",Ghana,EDIBLE FRUIT AND NUTS; PEEL OF CITRUS FRUIT OR MELONS,IMPORT,VALUE_IN_EUROS,1999,18624413
ESTAT:DS-045409(1.0),06/02/26 11:00:00,Annual,"European Union - 27 countries (AT, BE, BG, CY, CZ, DE, DK, EE, ES, FI, FR, GR, HR, HU, IE, IT, LT, LU, LV, MT, NL, PL, PT, RO, SE, SI, SK)",Ghana,EDIBLE FRUIT AND NUTS; PEEL OF CITRUS FRUIT OR MELONS,IMPORT,VALUE_IN_EUROS,2000,25828211
ESTAT:DS-045409(1.0),06/02/26 11:00:00,Annual,"European Union - 27 countries (AT, BE, BG, CY, CZ, DE, DK, EE, ES, FI, FR, GR, HR, HU, IE, IT, LT, LU, LV, MT, NL, PL, PT, RO, SE, SI, SK)",Ghana,EDIBLE FRUIT AND NUTS; PEEL OF CITRUS FRUIT OR MELONS,IMPORT,VALUE_IN_EUROS,2001,32970752
ESTAT:DS-045409(1.0),06/02/26 11:00:00,Annual,"European Union - 27 countries (AT, BE, BG, CY, CZ, DE, DK, EE, ES, FI, FR, GR, HR, HU, IE, IT, LT, LU, LV, MT, NL, PL, PT, RO, SE, SI, SK)",Ghana,EDIBLE FRUIT AND NUTS; PEEL OF CITRUS FRUIT OR MELONS,IMPORT,VALUE_IN_EUROS,2002,44087470
ESTAT:DS-045409(1.0),06/02/26 11:00:00,Annual,"European Union - 27 countries (AT, BE, BG, CY, CZ, DE, DK, EE, ES, FI, FR, GR, HR, HU, IE, IT, LT, LU, LV, MT, NL, PL, PT, RO, SE, SI, SK)",Ghana,EDIBLE FRUIT AND NUTS; PEEL OF CITRUS FRUIT OR MELONS,IMPORT,VALUE_IN_EUROS,2003,53729435
ESTAT:DS-045409(1.0),06/02/26 11:00:00,Annual,"European Union - 27 countries (AT, BE, BG, CY, CZ, DE, DK, EE, ES, FI, FR, GR, HR, HU, IE, IT, LT, LU, LV, MT, NL, PL, PT, RO, SE, SI, SK)",Ghana,EDIBLE FRUIT AND NUTS; PEEL OF CITRUS FRUIT OR MELONS,IMPORT,VALUE_IN_EUROS,2004,58634531
ESTAT:DS-045409(1.0),06/02/26 11:00:00,Annual,"European Union - 27 countries (AT, BE, BG, CY, CZ, DE, DK, EE, ES, FI, FR, GR, HR, HU, IE, IT, LT, LU, LV, MT, NL, PL, PT, RO, SE, SI, SK)",Ghana,EDIBLE FRUIT AND NUTS; PEEL OF CITRUS FRUIT OR MELONS,IMPORT,VALUE_IN_EUROS,2005,48264044
ESTAT:DS-045409(1.0),06/02/26 11:00:00,Annual,"European Union - 27 countries (AT, BE, BG, CY, CZ, DE, DK, EE, ES, FI, FR, GR, HR, HU, IE, IT, LT, LU, LV, MT, NL, PL, PT, RO, SE, SI, SK)",Ghana,EDIBLE FRUIT AND NUTS; PEEL OF CITRUS FRUIT OR MELONS,IMPORT,VALUE_IN_EUROS,2006,49261157
ESTAT:DS-045409(1.0),06/02/26 11:00:00,Annual,"European Union - 27 countries (AT, BE, BG, CY, CZ, DE, DK, EE, ES, FI, FR, GR, HR, HU, IE, IT, LT, LU, LV, MT, NL, PL, PT, RO, SE, SI, SK)",Ghana,EDIBLE FRUIT AND NUTS; PEEL OF CITRUS FRUIT OR MELONS,IMPORT,VALUE_IN_EUROS,2007,50357770
ESTAT:DS-045409(1.0),06/02/26 11:00:00,Annual,"European Union - 27 countries (AT, BE, BG, CY, CZ, DE, DK, EE, ES, FI, FR, GR, HR, HU, IE, IT, LT, LU, LV, MT, NL, PL, PT, RO, SE, SI, SK)",Ghana,EDIBLE FRUIT AND NUTS; PEEL OF CITRUS FRUIT OR MELONS,IMPORT,VALUE_IN_EUROS,2008,58127298
ESTAT:DS-045409(1.0),06/02/26 11:00:00,Annual,"European Union - 27 countries (AT, BE, BG, CY, CZ, DE, DK, EE, ES, FI, FR, GR, HR, HU, IE, IT, LT, LU, LV, MT, NL, PL, PT, RO, SE, SI, SK)",Ghana,EDIBLE FRUIT AND NUTS; PEEL OF CITRUS FRUIT OR MELONS,IMPORT,VALUE_IN_EUROS,2009,46066778
ESTAT:DS-045409(1.0),06/02/26 11:00:00,Annual,"European Union - 27 countries (AT, BE, BG, CY, CZ, DE, DK, EE, ES, FI, FR, GR, HR, HU, IE, IT, LT, LU, LV, MT, NL, PL, PT, RO, SE, SI, SK)",Ghana,EDIBLE FRUIT AND NUTS; PEEL OF CITRUS FRUIT OR MELONS,IMPORT,VALUE_IN_EUROS,2010,66929370
ESTAT:DS-045409(1.0),06/02/26 11:00:00,Annual,"European Union - 27 countries (AT, BE, BG, CY, CZ, DE, DK, EE, ES, FI, FR, GR, HR, HU, IE, IT, LT, LU, LV, MT, NL, PL, PT, RO, SE, SI, SK)",Ghana,EDIBLE FRUIT AND NUTS; PEEL OF CITRUS FRUIT OR MELONS,IMPORT,VALUE_IN_EUROS,2011,62990442
ESTAT:DS-045409(1.0),06/02/26 11:00:00,Annual,"European Union - 27 countries (AT, BE, BG, CY, CZ, DE, DK, EE, ES, FI, FR, GR, HR, HU, IE, IT, LT, LU, LV, MT, NL, PL, PT, RO, SE, SI, SK)",Ghana,EDIBLE FRUIT AND NUTS; PEEL OF CITRUS FRUIT OR MELONS,IMPORT,VALUE_IN_EUROS,2012,61853579
ESTAT:DS-045409(1.0),06/02/26 11:00:00,Annual,"European Union - 27 countries (AT, BE, BG, CY, CZ, DE, DK, EE, ES, FI, FR, GR, HR, HU, IE, IT, LT, LU, LV, MT, NL, PL, PT, RO, SE, SI, SK)",Ghana,EDIBLE FRUIT AND NUTS; PEEL OF CITRUS FRUIT OR MELONS,IMPORT,VALUE_IN_EUROS,2013,64223161
ESTAT:DS-045409(1.0),06/02/26 11:00:00,Annual,"European Union - 27 countries (AT, BE, BG, CY, CZ, DE, DK, EE, ES, FI, FR, GR, HR, HU, IE, IT, LT, LU, LV, MT, NL, PL, PT, RO, SE, SI, SK)",Ghana,EDIBLE FRUIT AND NUTS; PEEL OF CITRUS FRUIT OR MELONS,IMPORT,VALUE_IN_EUROS,2014,61933110
ESTAT:DS-045409(1.0),06/02/26 11:00:00,Annual,"European Union - 27 countries (AT, BE, BG, CY, CZ, DE, DK, EE, ES, FI, FR, GR, HR, HU, IE, IT, LT, LU, LV, MT, NL, PL, PT, RO, SE, SI, SK)",Ghana,EDIBLE FRUIT AND NUTS; PEEL OF CITRUS FRUIT OR MELONS,IMPORT,VALUE_IN_EUROS,2015,60230226
ESTAT:DS-045409(1.0),06/02/26 11:00:00,Annual,"European Union - 27 countries (AT, BE, BG, CY, CZ, DE, DK, EE, ES, FI, FR, GR, HR, HU, IE, IT, LT, LU, LV, MT, NL, PL, PT, RO, SE, SI, SK)",Ghana,EDIBLE FRUIT AND NUTS; PEEL OF CITRUS FRUIT OR MELONS,IMPORT,VALUE_IN_EUROS,2016,62884835
ESTAT:DS-045409(1.0),06/02/26 11:00:00,Annual,"European Union - 27 countries (AT, BE, BG, CY, CZ, DE, DK, EE, ES, FI, FR, GR, HR, HU, IE, IT, LT, LU, LV, MT, NL, PL, PT, RO, SE, SI, SK)",Ghana,EDIBLE FRUIT AND NUTS; PEEL OF CITRUS FRUIT OR MELONS,IMPORT,VALUE_IN_EUROS,2017,77400855
ESTAT:DS-045409(1.0),06/02/26 11:00:00,Annual,"European Union - 27 countries (AT, BE, BG, CY, CZ, DE, DK, EE, ES, FI, FR, GR, HR, HU, IE, IT, LT, LU, LV, MT, NL, PL, PT, RO, SE, SI, SK)",Ghana,EDIBLE FRUIT AND NUTS; PEEL OF CITRUS FRUIT OR MELONS,IMPORT,VALUE_IN_EUROS,2018,84385562
ESTAT:DS-045409(1.0),06/02/26 11:00:00,Annual,"European Union - 27 countries (AT, BE, BG, CY, CZ, DE, DK, EE, ES, FI, FR, GR, HR, HU, IE, IT, LT, LU, LV, MT, NL, PL, PT, RO, SE, SI, SK)",Ghana,EDIBLE FRUIT AND NUTS; PEEL OF CITRUS FRUIT OR MELONS,IMPORT,VALUE_IN_EUROS,2019,105669876
ESTAT:DS-045409(1.0),06/02/26 11:00:00,Annual,"European Union - 27 countries (AT, BE, BG, CY, CZ, DE, DK, EE, ES, FI, FR, GR, HR, HU, IE, IT, LT, LU, LV, MT, NL, PL, PT, RO, SE, SI, SK)",Ghana,EDIBLE FRUIT AND NUTS; PEEL OF CITRUS FRUIT OR MELONS,IMPORT,VALUE_IN_EUROS,2020,108192009
ESTAT:DS-045409(1.0),06/02/26 11:00:00,Annual,"European Union - 27 countries (AT, BE, BG, CY, CZ, DE, DK, EE, ES, FI, FR, GR, HR, HU, IE, IT, LT, LU, LV, MT, NL, PL, PT, RO, SE, SI, SK)",Ghana,EDIBLE FRUIT AND NUTS; PEEL OF CITRUS FRUIT OR MELONS,IMPORT,VALUE_IN_EUROS,2021,100589993
ESTAT:DS-045409(1.0),06/02/26 11:00:00,Annual,"European Union - 27 countries (AT, BE, BG, CY, CZ, DE, DK, EE, ES, FI, FR, GR, HR, HU, IE, IT, LT, LU, LV, MT, NL, PL, PT, RO, SE, SI, SK)",Ghana,EDIBLE FRUIT AND NUTS; PEEL OF CITRUS FRUIT OR MELONS,IMPORT,VALUE_IN_EUROS,2022,82078625
ESTAT:DS-045409(1.0),06/02/26 11:00:00,Annual,"European Union - 27 countries (AT, BE, BG, CY, CZ, DE, DK, EE, ES, FI, FR, GR, HR, HU, IE, IT, LT, LU, LV, MT, NL, PL, PT, RO, SE, SI, SK)",Ghana,EDIBLE FRUIT AND NUTS; PEEL OF CITRUS FRUIT OR MELONS,IMPORT,VALUE_IN_EUROS,2023,111146810
ESTAT:DS-045409(1.0),06/02/26 11:00:00,Annual,"European Union - 27 countries (AT, BE, BG, CY, CZ, DE, DK, EE, ES, FI, FR, GR, HR, HU, IE, IT, LT, LU, LV, MT, NL, PL, PT, RO, SE, SI, SK)",Ghana,EDIBLE FRUIT AND NUTS; PEEL OF CITRUS FRUIT OR MELONS,IMPORT,VALUE_IN_EUROS,2024,123449680
ESTAT:DS-045409(1.0),06/02/26 11:00:00,Annual,"European Union - 27 countries (AT, BE, BG, CY, CZ, DE, DK, EE, ES, FI, FR, GR, HR, HU, IE, IT, LT, LU, LV, MT, NL, PL, PT, RO, SE, SI, SK)",Gambia,EDIBLE FRUIT AND NUTS; PEEL OF CITRUS FRUIT OR MELONS,IMPORT,VALUE_IN_EUROS,1999,44377
ESTAT:DS-045409(1.0),06/02/26 11:00:00,Annual,"European Union - 27 countries (AT, BE, BG, CY, CZ, DE, DK, EE, ES, FI, FR, GR, HR, HU, IE, IT, LT, LU, LV, MT, NL, PL, PT, RO, SE, SI, SK)",Gambia,EDIBLE FRUIT AND NUTS; PEEL OF CITRUS FRUIT OR MELONS,IMPORT,VALUE_IN_EUROS,2000,7398
ESTAT:DS-045409(1.0),06/02/26 11:00:00,Annual,"European Union - 27 countries (AT, BE, BG, CY, CZ, DE, DK, EE, ES, FI, FR, GR, HR, HU, IE, IT, LT, LU, LV, MT, NL, PL, PT, RO, SE, SI, SK)",Gambia,EDIBLE FRUIT AND NUTS; PEEL OF CITRUS FRUIT OR MELONS,IMPORT,VALUE_IN_EUROS,2001,22017
ESTAT:DS-045409(1.0),06/02/26 11:00:00,Annual,"European Union - 27 countries (AT, BE, BG, CY, CZ, DE, DK, EE, ES, FI, FR, GR, HR, HU, IE, IT, LT, LU, LV, MT, NL, PL, PT, RO, SE, SI, SK)",Gambia,EDIBLE FRUIT AND NUTS; PEEL OF CITRUS FRUIT OR MELONS,IMPORT,VALUE_IN_EUROS,2002,27838
ESTAT:DS-045409(1.0),06/02/26 11:00:00,Annual,"European Union - 27 countries (AT, BE, BG, CY, CZ, DE, DK, EE, ES, FI, FR, GR, HR, HU, IE, IT, LT, LU, LV, MT, NL, PL, PT, RO, SE, SI, SK)",Gambia,EDIBLE FRUIT AND NUTS; PEEL OF CITRUS FRUIT OR MELONS,IMPORT,VALUE_IN_EUROS,2003,6938
ESTAT:DS-045409(1.0),06/02/26 11:00:00,Annual,"European Union - 27 countries (AT, BE, BG, CY, CZ, DE, DK, EE, ES, FI, FR, GR, HR, HU, IE, IT, LT, LU, LV, MT, NL, PL, PT, RO, SE, SI, SK)",Gambia,EDIBLE FRUIT AND NUTS; PEEL OF CITRUS FRUIT OR MELONS,IMPORT,VALUE_IN_EUROS,2004,16119
ESTAT:DS-045409(1.0),06/02/26 11:00:00,Annual,"European Union - 27 countries (AT, BE, BG, CY, CZ, DE, DK, EE, ES, FI, FR, GR, HR, HU, IE, IT, LT, LU, LV, MT, NL, PL, PT, RO, SE, SI, SK)",Gambia,EDIBLE FRUIT AND NUTS; PEEL OF CITRUS FRUIT OR MELONS,IMPORT,VALUE_IN_EUROS,2006,7898
ESTAT:DS-045409(1.0),06/02/26 11:00:00,Annual,"European Union - 27 countries (AT, BE, BG, CY, CZ, DE, DK, EE, ES, FI, FR, GR, HR, HU, IE, IT, LT, LU, LV, MT, NL, PL, PT, RO, SE, SI, SK)",Gambia,EDIBLE FRUIT AND NUTS; PEEL OF CITRUS FRUIT OR MELONS,IMPORT,VALUE_IN_EUROS,2007,2780
ESTAT:DS-045409(1.0),06/02/26 11:00:00,Annual,"European Union - 27 countries (AT, BE, BG, CY, CZ, DE, DK, EE, ES, FI, FR, GR, HR, HU, IE, IT, LT, LU, LV, MT, NL, PL, PT, RO, SE, SI, SK)",Gambia,EDIBLE FRUIT AND NUTS; PEEL OF CITRUS FRUIT OR MELONS,IMPORT,VALUE_IN_EUROS,2008,33207
ESTAT:DS-045409(1.0),06/02/26 11:00:00,Annual,"European Union - 27 countries (AT, BE, BG, CY, CZ, DE, DK, EE, ES, FI, FR, GR, HR, HU, IE, IT, LT, LU, LV, MT, NL, PL, PT, RO, SE, SI, SK)",Gambia,EDIBLE FRUIT AND NUTS; PEEL OF CITRUS FRUIT OR MELONS,IMPORT,VALUE_IN_EUROS,2009,39444
ESTAT:DS-045409(1.0),06/02/26 11:00:00,Annual,"European Union - 27 countries (AT, BE, BG, CY, CZ, DE, DK, EE, ES, FI, FR, GR, HR, HU, IE, IT, LT, LU, LV, MT, NL, PL, PT, RO, SE, SI, SK)",Gambia,EDIBLE FRUIT AND NUTS; PEEL OF CITRUS FRUIT OR MELONS,IMPORT,VALUE_IN_EUROS,2010,19190
ESTAT:DS-045409(1.0),06/02/26 11:00:00,Annual,"European Union - 27 countries (AT, BE, BG, CY, CZ, DE, DK, EE, ES, FI, FR, GR, HR, HU, IE, IT, LT, LU, LV, MT, NL, PL, PT, RO, SE, SI, SK)",Gambia,EDIBLE FRUIT AND NUTS; PEEL OF CITRUS FRUIT OR MELONS,IMPORT,VALUE_IN_EUROS,2011,234828
ESTAT:DS-045409(1.0),06/02/26 11:00:00,Annual,"European Union - 27 countries (AT, BE, BG, CY, CZ, DE, DK, EE, ES, FI, FR, GR, HR, HU, IE, IT, LT, LU, LV, MT, NL, PL, PT, RO, SE, SI, SK)",Gambia,EDIBLE FRUIT AND NUTS; PEEL OF CITRUS FRUIT OR MELONS,IMPORT,VALUE_IN_EUROS,2012,123806
ESTAT:DS-045409(1.0),06/02/26 11:00:00,Annual,"European Union - 27 countries (AT, BE, BG, CY, CZ, DE, DK, EE, ES, FI, FR, GR, HR, HU, IE, IT, LT, LU, LV, MT, NL, PL, PT, RO, SE, SI, SK)",Gambia,EDIBLE FRUIT AND NUTS; PEEL OF CITRUS FRUIT OR MELONS,IMPORT,VALUE_IN_EUROS,2013,375927
ESTAT:DS-045409(1.0),06/02/26 11:00:00,Annual,"European Union - 27 countries (AT, BE, BG, CY, CZ, DE, DK, EE, ES, FI, FR, GR, HR, HU, IE, IT, LT, LU, LV, MT, NL, PL, PT, RO, SE, SI, SK)",Gambia,EDIBLE FRUIT AND NUTS; PEEL OF CITRUS FRUIT OR MELONS,IMPORT,VALUE_IN_EUROS,2014,273396
ESTAT:DS-045409(1.0),06/02/26 11:00:00,Annual,"European Union - 27 countries (AT, BE, BG, CY, CZ, DE, DK, EE, ES, FI, FR, GR, HR, HU, IE, IT, LT, LU, LV, MT, NL, PL, PT, RO, SE, SI, SK)",Gambia,EDIBLE FRUIT AND NUTS; PEEL OF CITRUS FRUIT OR MELONS,IMPORT,VALUE_IN_EUROS,2015,337395
ESTAT:DS-045409(1.0),06/02/26 11:00:00,Annual,"European Union - 27 countries (AT, BE, BG, CY, CZ, DE, DK, EE, ES, FI, FR, GR, HR, HU, IE, IT, LT, LU, LV, MT, NL, PL, PT, RO, SE, SI, SK)",Gambia,EDIBLE FRUIT AND NUTS; PEEL OF CITRUS FRUIT OR MELONS,IMPORT,VALUE_IN_EUROS,2016,266447
ESTAT:DS-045409(1.0),06/02/26 11:00:00,Annual,"European Union - 27 countries (AT, BE, BG, CY, CZ, DE, DK, EE, ES, FI, FR, GR, HR, HU, IE, IT, LT, LU, LV, MT, NL, PL, PT, RO, SE, SI, SK)",Gambia,EDIBLE FRUIT AND NUTS; PEEL OF CITRUS FRUIT OR MELONS,IMPORT,VALUE_IN_EUROS,2017,301385
ESTAT:DS-045409(1.0),06/02/26 11:00:00,Annual,"European Union - 27 countries (AT, BE, BG, CY, CZ, DE, DK, EE, ES, FI, FR, GR, HR, HU, IE, IT, LT, LU, LV, MT, NL, PL, PT, RO, SE, SI, SK)",Gambia,EDIBLE FRUIT AND NUTS; PEEL OF CITRUS FRUIT OR MELONS,IMPORT,VALUE_IN_EUROS,2018,143242
ESTAT:DS-045409(1.0),06/02/26 11:00:00,Annual,"European Union - 27 countries (AT, BE, BG, CY, CZ, DE, DK, EE, ES, FI, FR, GR, HR, HU, IE, IT, LT, LU, LV, MT, NL, PL, PT, RO, SE, SI, SK)",Gambia,EDIBLE FRUIT AND NUTS; PEEL OF CITRUS FRUIT OR MELONS,IMPORT,VALUE_IN_EUROS,2019,180082
ESTAT:DS-045409(1.0),06/02/26 11:00:00,Annual,"European Union - 27 countries (AT, BE, BG, CY, CZ, DE, DK, EE, ES, FI, FR, GR, HR, HU, IE, IT, LT, LU, LV, MT, NL, PL, PT, RO, SE, SI, SK)",Gambia,EDIBLE FRUIT AND NUTS; PEEL OF CITRUS FRUIT OR MELONS,IMPORT,VALUE_IN_EUROS,2020,141603
ESTAT:DS-045409(1.0),06/02/26 11:00:00,Annual,"European Union - 27 countries (AT, BE, BG, CY, CZ, DE, DK, EE, ES, FI, FR, GR, HR, HU, IE, IT, LT, LU, LV, MT, NL, PL, PT, RO, SE, SI, SK)",Gambia,EDIBLE FRUIT AND NUTS; PEEL OF CITRUS FRUIT OR MELONS,IMPORT,VALUE_IN_EUROS,2021,398405
ESTAT:DS-045409(1.0),06/02/26 11:00:00,Annual,"European Union - 27 countries (AT, BE, BG, CY, CZ, DE, DK, EE, ES, FI, FR, GR, HR, HU, IE, IT, LT, LU, LV, MT, NL, PL, PT, RO, SE, SI, SK)",Gambia,EDIBLE FRUIT AND NUTS; PEEL OF CITRUS FRUIT OR MELONS,IMPORT,VALUE_IN_EUROS,2022,197659
ESTAT:DS-045409(1.0),06/02/26 11:00:00,Annual,"European Union - 27 countries (AT, BE, BG, CY, CZ, DE, DK, EE, ES, FI, FR, GR, HR, HU, IE, IT, LT, LU, LV, MT, NL, PL, PT, RO, SE, SI, SK)",Gambia,EDIBLE FRUIT AND NUTS; PEEL OF CITRUS FRUIT OR MELONS,IMPORT,VALUE_IN_EUROS,2023,201655
ESTAT:DS-045409(1.0),06/02/26 11:00:00,Annual,"European Union - 27 countries (AT, BE, BG, CY, CZ, DE, DK, EE, ES, FI, FR, GR, HR, HU, IE, IT, LT, LU, LV, MT, NL, PL, PT, RO, SE, SI, SK)",Gambia,EDIBLE FRUIT AND NUTS; PEEL OF CITRUS FRUIT OR MELONS,IMPORT,VALUE_IN_EUROS,2024,30196
ESTAT:DS-045409(1.0),06/02/26 11:00:00,Annual,"European Union - 27 countries (AT, BE, BG, CY, CZ, DE, DK, EE, ES, FI, FR, GR, HR, HU, IE, IT, LT, LU, LV, MT, NL, PL, PT, RO, SE, SI, SK)",Guinea,EDIBLE FRUIT AND NUTS; PEEL OF CITRUS FRUIT OR MELONS,IMPORT,VALUE_IN_EUROS,1999,1555734
ESTAT:DS-045409(1.0),06/02/26 11:00:00,Annual,"European Union - 27 countries (AT, BE, BG, CY, CZ, DE, DK, EE, ES, FI, FR, GR, HR, HU, IE, IT, LT, LU, LV, MT, NL, PL, PT, RO, SE, SI, SK)",Guinea,EDIBLE FRUIT AND NUTS; PEEL OF CITRUS FRUIT OR MELONS,IMPORT,VALUE_IN_EUROS,2000,3755021
ESTAT:DS-045409(1.0),06/02/26 11:00:00,Annual,"European Union - 27 countries (AT, BE, BG, CY, CZ, DE, DK, EE, ES, FI, FR, GR, HR, HU, IE, IT, LT, LU, LV, MT, NL, PL, PT, RO, SE, SI, SK)",Guinea,EDIBLE FRUIT AND NUTS; PEEL OF CITRUS FRUIT OR MELONS,IMPORT,VALUE_IN_EUROS,2001,1479143
ESTAT:DS-045409(1.0),06/02/26 11:00:00,Annual,"European Union - 27 countries (AT, BE, BG, CY, CZ, DE, DK, EE, ES, FI, FR, GR, HR, HU, IE, IT, LT, LU, LV, MT, NL, PL, PT, RO, SE, SI, SK)",Guinea,EDIBLE FRUIT AND NUTS; PEEL OF CITRUS FRUIT OR MELONS,IMPORT,VALUE_IN_EUROS,2002,1450449
ESTAT:DS-045409(1.0),06/02/26 11:00:00,Annual,"European Union - 27 countries (AT, BE, BG, CY, CZ, DE, DK, EE, ES, FI, FR, GR, HR, HU, IE, IT, LT, LU, LV, MT, NL, PL, PT, RO, SE, SI, SK)",Guinea,EDIBLE FRUIT AND NUTS; PEEL OF CITRUS FRUIT OR MELONS,IMPORT,VALUE_IN_EUROS,2003,1475871
ESTAT:DS-045409(1.0),06/02/26 11:00:00,Annual,"European Union - 27 countries (AT, BE, BG, CY, CZ, DE, DK, EE, ES, FI, FR, GR, HR, HU, IE, IT, LT, LU, LV, MT, NL, PL, PT, RO, SE, SI, SK)",Guinea,EDIBLE FRUIT AND NUTS; PEEL OF CITRUS FRUIT OR MELONS,IMPORT,VALUE_IN_EUROS,2004,860395
ESTAT:DS-045409(1.0),06/02/26 11:00:00,Annual,"European Union - 27 countries (AT, BE, BG, CY, CZ, DE, DK, EE, ES, FI, FR, GR, HR, HU, IE, IT, LT, LU, LV, MT, NL, PL, PT, RO, SE, SI, SK)",Guinea,EDIBLE FRUIT AND NUTS; PEEL OF CITRUS FRUIT OR MELONS,IMPORT,VALUE_IN_EUROS,2005,1639264
ESTAT:DS-045409(1.0),06/02/26 11:00:00,Annual,"European Union - 27 countries (AT, BE, BG, CY, CZ, DE, DK, EE, ES, FI, FR, GR, HR, HU, IE, IT, LT, LU, LV, MT, NL, PL, PT, RO, SE, SI, SK)",Guinea,EDIBLE FRUIT AND NUTS; PEEL OF CITRUS FRUIT OR MELONS,IMPORT,VALUE_IN_EUROS,2006,1298091
ESTAT:DS-045409(1.0),06/02/26 11:00:00,Annual,"European Union - 27 countries (AT, BE, BG, CY, CZ, DE, DK, EE, ES, FI, FR, GR, HR, HU, IE, IT, LT, LU, LV, MT, NL, PL, PT, RO, SE, SI, SK)",Guinea,EDIBLE FRUIT AND NUTS; PEEL OF CITRUS FRUIT OR MELONS,IMPORT,VALUE_IN_EUROS,2007,630952
ESTAT:DS-045409(1.0),06/02/26 11:00:00,Annual,"European Union - 27 countries (AT, BE, BG, CY, CZ, DE, DK, EE, ES, FI, FR, GR, HR, HU, IE, IT, LT, LU, LV, MT, NL, PL, PT, RO, SE, SI, SK)",Guinea,EDIBLE FRUIT AND NUTS; PEEL OF CITRUS FRUIT OR MELONS,IMPORT,VALUE_IN_EUROS,2008,281597
ESTAT:DS-045409(1.0),06/02/26 11:00:00,Annual,"European Union - 27 countries (AT, BE, BG, CY, CZ, DE, DK, EE, ES, FI, FR, GR, HR, HU, IE, IT, LT, LU, LV, MT, NL, PL, PT, RO, SE, SI, SK)",Guinea,EDIBLE FRUIT AND NUTS; PEEL OF CITRUS FRUIT OR MELONS,IMPORT,VALUE_IN_EUROS,2009,446463
ESTAT:DS-045409(1.0),06/02/26 11:00:00,Annual,"European Union - 27 countries (AT, BE, BG, CY, CZ, DE, DK, EE, ES, FI, FR, GR, HR, HU, IE, IT, LT, LU, LV, MT, NL, PL, PT, RO, SE, SI, SK)",Guinea,EDIBLE FRUIT AND NUTS; PEEL OF CITRUS FRUIT OR MELONS,IMPORT,VALUE_IN_EUROS,2010,625986
ESTAT:DS-045409(1.0),06/02/26 11:00:00,Annual,"European Union - 27 countries (AT, BE, BG, CY, CZ, DE, DK, EE, ES, FI, FR, GR, HR, HU, IE, IT, LT, LU, LV, MT, NL, PL, PT, RO, SE, SI, SK)",Guinea,EDIBLE FRUIT AND NUTS; PEEL OF CITRUS FRUIT OR MELONS,IMPORT,VALUE_IN_EUROS,2011,116844
ESTAT:DS-045409(1.0),06/02/26 11:00:00,Annual,"European Union - 27 countries (AT, BE, BG, CY, CZ, DE, DK, EE, ES, FI, FR, GR, HR, HU, IE, IT, LT, LU, LV, MT, NL, PL, PT, RO, SE, SI, SK)",Guinea,EDIBLE FRUIT AND NUTS; PEEL OF CITRUS FRUIT OR MELONS,IMPORT,VALUE_IN_EUROS,2012,721335
ESTAT:DS-045409(1.0),06/02/26 11:00:00,Annual,"European Union - 27 countries (AT, BE, BG, CY, CZ, DE, DK, EE, ES, FI, FR, GR, HR, HU, IE, IT, LT, LU, LV, MT, NL, PL, PT, RO, SE, SI, SK)",Guinea,EDIBLE FRUIT AND NUTS; PEEL OF CITRUS FRUIT OR MELONS,IMPORT,VALUE_IN_EUROS,2013,847904
ESTAT:DS-045409(1.0),06/02/26 11:00:00,Annual,"European Union - 27 countries (AT, BE, BG, CY, CZ, DE, DK, EE, ES, FI, FR, GR, HR, HU, IE, IT, LT, LU, LV, MT, NL, PL, PT, RO, SE, SI, SK)",Guinea,EDIBLE FRUIT AND NUTS; PEEL OF CITRUS FRUIT OR MELONS,IMPORT,VALUE_IN_EUROS,2014,1108665
ESTAT:DS-045409(1.0),06/02/26 11:00:00,Annual,"European Union - 27 countries (AT, BE, BG, CY, CZ, DE, DK, EE, ES, FI, FR, GR, HR, HU, IE, IT, LT, LU, LV, MT, NL, PL, PT, RO, SE, SI, SK)",Guinea,EDIBLE FRUIT AND NUTS; PEEL OF CITRUS FRUIT OR MELONS,IMPORT,VALUE_IN_EUROS,2015,1076584
ESTAT:DS-045409(1.0),06/02/26 11:00:00,Annual,"European Union - 27 countries (AT, BE, BG, CY, CZ, DE, DK, EE, ES, FI, FR, GR, HR, HU, IE, IT, LT, LU, LV, MT, NL, PL, PT, RO, SE, SI, SK)",Guinea,EDIBLE FRUIT AND NUTS; PEEL OF CITRUS FRUIT OR MELONS,IMPORT,VALUE_IN_EUROS,2016,1214243
ESTAT:DS-045409(1.0),06/02/26 11:00:00,Annual,"European Union - 27 countries (AT, BE, BG, CY, CZ, DE, DK, EE, ES, FI, FR, GR, HR, HU, IE, IT, LT, LU, LV, MT, NL, PL, PT, RO, SE, SI, SK)",Guinea,EDIBLE FRUIT AND NUTS; PEEL OF CITRUS FRUIT OR MELONS,IMPORT,VALUE_IN_EUROS,2017,847523
ESTAT:DS-045409(1.0),06/02/26 11:00:00,Annual,"European Union - 27 countries (AT, BE, BG, CY, CZ, DE, DK, EE, ES, FI, FR, GR, HR, HU, IE, IT, LT, LU, LV, MT, NL, PL, PT, RO, SE, SI, SK)",Guinea,EDIBLE FRUIT AND NUTS; PEEL OF CITRUS FRUIT OR MELONS,IMPORT,VALUE_IN_EUROS,2018,933397
ESTAT:DS-045409(1.0),06/02/26 11:00:00,Annual,"European Union - 27 countries (AT, BE, BG, CY, CZ, DE, DK, EE, ES, FI, FR, GR, HR, HU, IE, IT, LT, LU, LV, MT, NL, PL, PT, RO, SE, SI, SK)",Guinea,EDIBLE FRUIT AND NUTS; PEEL OF CITRUS FRUIT OR MELONS,IMPORT,VALUE_IN_EUROS,2019,805332
ESTAT:DS-045409(1.0),06/02/26 11:00:00,Annual,"European Union - 27 countries (AT, BE, BG, CY, CZ, DE, DK, EE, ES, FI, FR, GR, HR, HU, IE, IT, LT, LU, LV, MT, NL, PL, PT, RO, SE, SI, SK)",Guinea,EDIBLE FRUIT AND NUTS; PEEL OF CITRUS FRUIT OR MELONS,IMPORT,VALUE_IN_EUROS,2020,205635
ESTAT:DS-045409(1.0),06/02/26 11:00:00,Annual,"European Union - 27 countries (AT, BE, BG, CY, CZ, DE, DK, EE, ES, FI, FR, GR, HR, HU, IE, IT, LT, LU, LV, MT, NL, PL, PT, RO, SE, SI, SK)",Guinea,EDIBLE FRUIT AND NUTS; PEEL OF CITRUS FRUIT OR MELONS,IMPORT,VALUE_IN_EUROS,2021,149938
ESTAT:DS-045409(1.0),06/02/26 11:00:00,Annual,"European Union - 27 countries (AT, BE, BG, CY, CZ, DE, DK, EE, ES, FI, FR, GR, HR, HU, IE, IT, LT, LU, LV, MT, NL, PL, PT, RO, SE, SI, SK)",Guinea,EDIBLE FRUIT AND NUTS; PEEL OF CITRUS FRUIT OR MELONS,IMPORT,VALUE_IN_EUROS,2022,634641
ESTAT:DS-045409(1.0),06/02/26 11:00:00,Annual,"European Union - 27 countries (AT, BE, BG, CY, CZ, DE, DK, EE, ES, FI, FR, GR, HR, HU, IE, IT, LT, LU, LV, MT, NL, PL, PT, RO, SE, SI, SK)",Guinea,EDIBLE FRUIT AND NUTS; PEEL OF CITRUS FRUIT OR MELONS,IMPORT,VALUE_IN_EUROS,2023,217227
ESTAT:DS-045409(1.0),06/02/26 11:00:00,Annual,"European Union - 27 countries (AT, BE, BG, CY, CZ, DE, DK, EE, ES, FI, FR, GR, HR, HU, IE, IT, LT, LU, LV, MT, NL, PL, PT, RO, SE, SI, SK)",Guinea,EDIBLE FRUIT AND NUTS; PEEL OF CITRUS FRUIT OR MELONS,IMPORT,VALUE_IN_EUROS,2024,1087724
ESTAT:DS-045409(1.0),06/02/26 11:00:00,Annual,"European Union - 27 countries (AT, BE, BG, CY, CZ, DE, DK, EE, ES, FI, FR, GR, HR, HU, IE, IT, LT, LU, LV, MT, NL, PL, PT, RO, SE, SI, SK)",Equatorial Guinea,EDIBLE FRUIT AND NUTS; PEEL OF CITRUS FRUIT OR MELONS,IMPORT,VALUE_IN_EUROS,1999,3765
ESTAT:DS-045409(1.0),06/02/26 11:00:00,Annual,"European Union - 27 countries (AT, BE, BG, CY, CZ, DE, DK, EE, ES, FI, FR, GR, HR, HU, IE, IT, LT, LU, LV, MT, NL, PL, PT, RO, SE, SI, SK)",Equatorial Guinea,EDIBLE FRUIT AND NUTS; PEEL OF CITRUS FRUIT OR MELONS,IMPORT,VALUE_IN_EUROS,2000,79335
ESTAT:DS-045409(1.0),06/02/26 11:00:00,Annual,"European Union - 27 countries (AT, BE, BG, CY, CZ, DE, DK, EE, ES, FI, FR, GR, HR, HU, IE, IT, LT, LU, LV, MT, NL, PL, PT, RO, SE, SI, SK)",Equatorial Guinea,EDIBLE FRUIT AND NUTS; PEEL OF CITRUS FRUIT OR MELONS,IMPORT,VALUE_IN_EUROS,2001,850
ESTAT:DS-045409(1.0),06/02/26 11:00:00,Annual,"European Union - 27 countries (AT, BE, BG, CY, CZ, DE, DK, EE, ES, FI, FR, GR, HR, HU, IE, IT, LT, LU, LV, MT, NL, PL, PT, RO, SE, SI, SK)",Equatorial Guinea,EDIBLE FRUIT AND NUTS; PEEL OF CITRUS FRUIT OR MELONS,IMPORT,VALUE_IN_EUROS,2002,27523
ESTAT:DS-045409(1.0),06/02/26 11:00:00,Annual,"European Union - 27 countries (AT, BE, BG, CY, CZ, DE, DK, EE, ES, FI, FR, GR, HR, HU, IE, IT, LT, LU, LV, MT, NL, PL, PT, RO, SE, SI, SK)",Equatorial Guinea,EDIBLE FRUIT AND NUTS; PEEL OF CITRUS FRUIT OR MELONS,IMPORT,VALUE_IN_EUROS,2003,19217
ESTAT:DS-045409(1.0),06/02/26 11:00:00,Annual,"European Union - 27 countries (AT, BE, BG, CY, CZ, DE, DK, EE, ES, FI, FR, GR, HR, HU, IE, IT, LT, LU, LV, MT, NL, PL, PT, RO, SE, SI, SK)",Equatorial Guinea,EDIBLE FRUIT AND NUTS; PEEL OF CITRUS FRUIT OR MELONS,IMPORT,VALUE_IN_EUROS,2005,31556
ESTAT:DS-045409(1.0),06/02/26 11:00:00,Annual,"European Union - 27 countries (AT, BE, BG, CY, CZ, DE, DK, EE, ES, FI, FR, GR, HR, HU, IE, IT, LT, LU, LV, MT, NL, PL, PT, RO, SE, SI, SK)",Equatorial Guinea,EDIBLE FRUIT AND NUTS; PEEL OF CITRUS FRUIT OR MELONS,IMPORT,VALUE_IN_EUROS,2007,12865
ESTAT:DS-045409(1.0),06/02/26 11:00:00,Annual,"European Union - 27 countries (AT, BE, BG, CY, CZ, DE, DK, EE, ES, FI, FR, GR, HR, HU, IE, IT, LT, LU, LV, MT, NL, PL, PT, RO, SE, SI, SK)",Guinea-Bissau,EDIBLE FRUIT AND NUTS; PEEL OF CITRUS FRUIT OR MELONS,IMPORT,VALUE_IN_EUROS,1999,664
ESTAT:DS-045409(1.0),06/02/26 11:00:00,Annual,"European Union - 27 countries (AT, BE, BG, CY, CZ, DE, DK, EE, ES, FI, FR, GR, HR, HU, IE, IT, LT, LU, LV, MT, NL, PL, PT, RO, SE, SI, SK)",Guinea-Bissau,EDIBLE FRUIT AND NUTS; PEEL OF CITRUS FRUIT OR MELONS,IMPORT,VALUE_IN_EUROS,2000,196165
ESTAT:DS-045409(1.0),06/02/26 11:00:00,Annual,"European Union - 27 countries (AT, BE, BG, CY, CZ, DE, DK, EE, ES, FI, FR, GR, HR, HU, IE, IT, LT, LU, LV, MT, NL, PL, PT, RO, SE, SI, SK)",Guinea-Bissau,EDIBLE FRUIT AND NUTS; PEEL OF CITRUS FRUIT OR MELONS,IMPORT,VALUE_IN_EUROS,2001,122672
ESTAT:DS-045409(1.0),06/02/26 11:00:00,Annual,"European Union - 27 countries (AT, BE, BG, CY, CZ, DE, DK, EE, ES, FI, FR, GR, HR, HU, IE, IT, LT, LU, LV, MT, NL, PL, PT, RO, SE, SI, SK)",Guinea-Bissau,EDIBLE FRUIT AND NUTS; PEEL OF CITRUS FRUIT OR MELONS,IMPORT,VALUE_IN_EUROS,2002,130892
ESTAT:DS-045409(1.0),06/02/26 11:00:00,Annual,"European Union - 27 countries (AT, BE, BG, CY, CZ, DE, DK, EE, ES, FI, FR, GR, HR, HU, IE, IT, LT, LU, LV, MT, NL, PL, PT, RO, SE, SI, SK)",Guinea-Bissau,EDIBLE FRUIT AND NUTS; PEEL OF CITRUS FRUIT OR MELONS,IMPORT,VALUE_IN_EUROS,2003,159247
ESTAT:DS-045409(1.0),06/02/26 11:00:00,Annual,"European Union - 27 countries (AT, BE, BG, CY, CZ, DE, DK, EE, ES, FI, FR, GR, HR, HU, IE, IT, LT, LU, LV, MT, NL, PL, PT, RO, SE, SI, SK)",Guinea-Bissau,EDIBLE FRUIT AND NUTS; PEEL OF CITRUS FRUIT OR MELONS,IMPORT,VALUE_IN_EUROS,2004,362940
ESTAT:DS-045409(1.0),06/02/26 11:00:00,Annual,"European Union - 27 countries (AT, BE, BG, CY, CZ, DE, DK, EE, ES, FI, FR, GR, HR, HU, IE, IT, LT, LU, LV, MT, NL, PL, PT, RO, SE, SI, SK)",Guinea-Bissau,EDIBLE FRUIT AND NUTS; PEEL OF CITRUS FRUIT OR MELONS,IMPORT,VALUE_IN_EUROS,2005,45647
ESTAT:DS-045409(1.0),06/02/26 11:00:00,Annual,"European Union - 27 countries (AT, BE, BG, CY, CZ, DE, DK, EE, ES, FI, FR, GR, HR, HU, IE, IT, LT, LU, LV, MT, NL, PL, PT, RO, SE, SI, SK)",Guinea-Bissau,EDIBLE FRUIT AND NUTS; PEEL OF CITRUS FRUIT OR MELONS,IMPORT,VALUE_IN_EUROS,2006,203797
ESTAT:DS-045409(1.0),06/02/26 11:00:00,Annual,"European Union - 27 countries (AT, BE, BG, CY, CZ, DE, DK, EE, ES, FI, FR, GR, HR, HU, IE, IT, LT, LU, LV, MT, NL, PL, PT, RO, SE, SI, SK)",Guinea-Bissau,EDIBLE FRUIT AND NUTS; PEEL OF CITRUS FRUIT OR MELONS,IMPORT,VALUE_IN_EUROS,2007,300306
ESTAT:DS-045409(1.0),06/02/26 11:00:00,Annual,"European Union - 27 countries (AT, BE, BG, CY, CZ, DE, DK, EE, ES, FI, FR, GR, HR, HU, IE, IT, LT, LU, LV, MT, NL, PL, PT, RO, SE, SI, SK)",Guinea-Bissau,EDIBLE FRUIT AND NUTS; PEEL OF CITRUS FRUIT OR MELONS,IMPORT,VALUE_IN_EUROS,2008,207813
ESTAT:DS-045409(1.0),06/02/26 11:00:00,Annual,"European Union - 27 countries (AT, BE, BG, CY, CZ, DE, DK, EE, ES, FI, FR, GR, HR, HU, IE, IT, LT, LU, LV, MT, NL, PL, PT, RO, SE, SI, SK)",Guinea-Bissau,EDIBLE FRUIT AND NUTS; PEEL OF CITRUS FRUIT OR MELONS,IMPORT,VALUE_IN_EUROS,2009,18445
ESTAT:DS-045409(1.0),06/02/26 11:00:00,Annual,"European Union - 27 countries (AT, BE, BG, CY, CZ, DE, DK, EE, ES, FI, FR, GR, HR, HU, IE, IT, LT, LU, LV, MT, NL, PL, PT, RO, SE, SI, SK)",Guinea-Bissau,EDIBLE FRUIT AND NUTS; PEEL OF CITRUS FRUIT OR MELONS,IMPORT,VALUE_IN_EUROS,2010,42533
ESTAT:DS-045409(1.0),06/02/26 11:00:00,Annual,"European Union - 27 countries (AT, BE, BG, CY, CZ, DE, DK, EE, ES, FI, FR, GR, HR, HU, IE, IT, LT, LU, LV, MT, NL, PL, PT, RO, SE, SI, SK)",Guinea-Bissau,EDIBLE FRUIT AND NUTS; PEEL OF CITRUS FRUIT OR MELONS,IMPORT,VALUE_IN_EUROS,2011,11955
ESTAT:DS-045409(1.0),06/02/26 11:00:00,Annual,"European Union - 27 countries (AT, BE, BG, CY, CZ, DE, DK, EE, ES, FI, FR, GR, HR, HU, IE, IT, LT, LU, LV, MT, NL, PL, PT, RO, SE, SI, SK)",Guinea-Bissau,EDIBLE FRUIT AND NUTS; PEEL OF CITRUS FRUIT OR MELONS,IMPORT,VALUE_IN_EUROS,2012,53610
ESTAT:DS-045409(1.0),06/02/26 11:00:00,Annual,"European Union - 27 countries (AT, BE, BG, CY, CZ, DE, DK, EE, ES, FI, FR, GR, HR, HU, IE, IT, LT, LU, LV, MT, NL, PL, PT, RO, SE, SI, SK)",Guinea-Bissau,EDIBLE FRUIT AND NUTS; PEEL OF CITRUS FRUIT OR MELONS,IMPORT,VALUE_IN_EUROS,2013,86346
ESTAT:DS-045409(1.0),06/02/26 11:00:00,Annual,"European Union - 27 countries (AT, BE, BG, CY, CZ, DE, DK, EE, ES, FI, FR, GR, HR, HU, IE, IT, LT, LU, LV, MT, NL, PL, PT, RO, SE, SI, SK)",Guinea-Bissau,EDIBLE FRUIT AND NUTS; PEEL OF CITRUS FRUIT OR MELONS,IMPORT,VALUE_IN_EUROS,2014,314423
ESTAT:DS-045409(1.0),06/02/26 11:00:00,Annual,"European Union - 27 countries (AT, BE, BG, CY, CZ, DE, DK, EE, ES, FI, FR, GR, HR, HU, IE, IT, LT, LU, LV, MT, NL, PL, PT, RO, SE, SI, SK)",Guinea-Bissau,EDIBLE FRUIT AND NUTS; PEEL OF CITRUS FRUIT OR MELONS,IMPORT,VALUE_IN_EUROS,2015,495572
ESTAT:DS-045409(1.0),06/02/26 11:00:00,Annual,"European Union - 27 countries (AT, BE, BG, CY, CZ, DE, DK, EE, ES, FI, FR, GR, HR, HU, IE, IT, LT, LU, LV, MT, NL, PL, PT, RO, SE, SI, SK)",Guinea-Bissau,EDIBLE FRUIT AND NUTS; PEEL OF CITRUS FRUIT OR MELONS,IMPORT,VALUE_IN_EUROS,2016,104125
ESTAT:DS-045409(1.0),06/02/26 11:00:00,Annual,"European Union - 27 countries (AT, BE, BG, CY, CZ, DE, DK, EE, ES, FI, FR, GR, HR, HU, IE, IT, LT, LU, LV, MT, NL, PL, PT, RO, SE, SI, SK)",Guinea-Bissau,EDIBLE FRUIT AND NUTS; PEEL OF CITRUS FRUIT OR MELONS,IMPORT,VALUE_IN_EUROS,2017,148502
ESTAT:DS-045409(1.0),06/02/26 11:00:00,Annual,"European Union - 27 countries (AT, BE, BG, CY, CZ, DE, DK, EE, ES, FI, FR, GR, HR, HU, IE, IT, LT, LU, LV, MT, NL, PL, PT, RO, SE, SI, SK)",Guinea-Bissau,EDIBLE FRUIT AND NUTS; PEEL OF CITRUS FRUIT OR MELONS,IMPORT,VALUE_IN_EUROS,2018,3123589
ESTAT:DS-045409(1.0),06/02/26 11:00:00,Annual,"European Union - 27 countries (AT, BE, BG, CY, CZ, DE, DK, EE, ES, FI, FR, GR, HR, HU, IE, IT, LT, LU, LV, MT, NL, PL, PT, RO, SE, SI, SK)",Guinea-Bissau,EDIBLE FRUIT AND NUTS; PEEL OF CITRUS FRUIT OR MELONS,IMPORT,VALUE_IN_EUROS,2019,2126997
ESTAT:DS-045409(1.0),06/02/26 11:00:00,Annual,"European Union - 27 countries (AT, BE, BG, CY, CZ, DE, DK, EE, ES, FI, FR, GR, HR, HU, IE, IT, LT, LU, LV, MT, NL, PL, PT, RO, SE, SI, SK)",Guinea-Bissau,EDIBLE FRUIT AND NUTS; PEEL OF CITRUS FRUIT OR MELONS,IMPORT,VALUE_IN_EUROS,2020,2134343
ESTAT:DS-045409(1.0),06/02/26 11:00:00,Annual,"European Union - 27 countries (AT, BE, BG, CY, CZ, DE, DK, EE, ES, FI, FR, GR, HR, HU, IE, IT, LT, LU, LV, MT, NL, PL, PT, RO, SE, SI, SK)",Guinea-Bissau,EDIBLE FRUIT AND NUTS; PEEL OF CITRUS FRUIT OR MELONS,IMPORT,VALUE_IN_EUROS,2021,2078893
ESTAT:DS-045409(1.0),06/02/26 11:00:00,Annual,"European Union - 27 countries (AT, BE, BG, CY, CZ, DE, DK, EE, ES, FI, FR, GR, HR, HU, IE, IT, LT, LU, LV, MT, NL, PL, PT, RO, SE, SI, SK)",Guinea-Bissau,EDIBLE FRUIT AND NUTS; PEEL OF CITRUS FRUIT OR MELONS,IMPORT,VALUE_IN_EUROS,2022,3279531
ESTAT:DS-045409(1.0),06/02/26 11:00:00,Annual,"European Union - 27 countries (AT, BE, BG, CY, CZ, DE, DK, EE, ES, FI, FR, GR, HR, HU, IE, IT, LT, LU, LV, MT, NL, PL, PT, RO, SE, SI, SK)",Guinea-Bissau,EDIBLE FRUIT AND NUTS; PEEL OF CITRUS FRUIT OR MELONS,IMPORT,VALUE_IN_EUROS,2023,2919406
ESTAT:DS-045409(1.0),06/02/26 11:00:00,Annual,"European Union - 27 countries (AT, BE, BG, CY, CZ, DE, DK, EE, ES, FI, FR, GR, HR, HU, IE, IT, LT, LU, LV, MT, NL, PL, PT, RO, SE, SI, SK)",Guinea-Bissau,EDIBLE FRUIT AND NUTS; PEEL OF CITRUS FRUIT OR MELONS,IMPORT,VALUE_IN_EUROS,2024,2482485
ESTAT:DS-045409(1.0),06/02/26 11:00:00,Annual,"European Union - 27 countries (AT, BE, BG, CY, CZ, DE, DK, EE, ES, FI, FR, GR, HR, HU, IE, IT, LT, LU, LV, MT, NL, PL, PT, RO, SE, SI, SK)",Kenya,EDIBLE FRUIT AND NUTS; PEEL OF CITRUS FRUIT OR MELONS,IMPORT,VALUE_IN_EUROS,1999,14519946
ESTAT:DS-045409(1.0),06/02/26 11:00:00,Annual,"European Union - 27 countries (AT, BE, BG, CY, CZ, DE, DK, EE, ES, FI, FR, GR, HR, HU, IE, IT, LT, LU, LV, MT, NL, PL, PT, RO, SE, SI, SK)",Kenya,EDIBLE FRUIT AND NUTS; PEEL OF CITRUS FRUIT OR MELONS,IMPORT,VALUE_IN_EUROS,2000,15547039
ESTAT:DS-045409(1.0),06/02/26 11:00:00,Annual,"European Union - 27 countries (AT, BE, BG, CY, CZ, DE, DK, EE, ES, FI, FR, GR, HR, HU, IE, IT, LT, LU, LV, MT, NL, PL, PT, RO, SE, SI, SK)",Kenya,EDIBLE FRUIT AND NUTS; PEEL OF CITRUS FRUIT OR MELONS,IMPORT,VALUE_IN_EUROS,2001,24067351
ESTAT:DS-045409(1.0),06/02/26 11:00:00,Annual,"European Union - 27 countries (AT, BE, BG, CY, CZ, DE, DK, EE, ES, FI, FR, GR, HR, HU, IE, IT, LT, LU, LV, MT, NL, PL, PT, RO, SE, SI, SK)",Kenya,EDIBLE FRUIT AND NUTS; PEEL OF CITRUS FRUIT OR MELONS,IMPORT,VALUE_IN_EUROS,2002,14579717
ESTAT:DS-045409(1.0),06/02/26 11:00:00,Annual,"European Union - 27 countries (AT, BE, BG, CY, CZ, DE, DK, EE, ES, FI, FR, GR, HR, HU, IE, IT, LT, LU, LV, MT, NL, PL, PT, RO, SE, SI, SK)",Kenya,EDIBLE FRUIT AND NUTS; PEEL OF CITRUS FRUIT OR MELONS,IMPORT,VALUE_IN_EUROS,2003,28903581
ESTAT:DS-045409(1.0),06/02/26 11:00:00,Annual,"European Union - 27 countries (AT, BE, BG, CY, CZ, DE, DK, EE, ES, FI, FR, GR, HR, HU, IE, IT, LT, LU, LV, MT, NL, PL, PT, RO, SE, SI, SK)",Kenya,EDIBLE FRUIT AND NUTS; PEEL OF CITRUS FRUIT OR MELONS,IMPORT,VALUE_IN_EUROS,2004,20894395
ESTAT:DS-045409(1.0),06/02/26 11:00:00,Annual,"European Union - 27 countries (AT, BE, BG, CY, CZ, DE, DK, EE, ES, FI, FR, GR, HR, HU, IE, IT, LT, LU, LV, MT, NL, PL, PT, RO, SE, SI, SK)",Kenya,EDIBLE FRUIT AND NUTS; PEEL OF CITRUS FRUIT OR MELONS,IMPORT,VALUE_IN_EUROS,2005,18552187
ESTAT:DS-045409(1.0),06/02/26 11:00:00,Annual,"European Union - 27 countries (AT, BE, BG, CY, CZ, DE, DK, EE, ES, FI, FR, GR, HR, HU, IE, IT, LT, LU, LV, MT, NL, PL, PT, RO, SE, SI, SK)",Kenya,EDIBLE FRUIT AND NUTS; PEEL OF CITRUS FRUIT OR MELONS,IMPORT,VALUE_IN_EUROS,2006,19923672
ESTAT:DS-045409(1.0),06/02/26 11:00:00,Annual,"European Union - 27 countries (AT, BE, BG, CY, CZ, DE, DK, EE, ES, FI, FR, GR, HR, HU, IE, IT, LT, LU, LV, MT, NL, PL, PT, RO, SE, SI, SK)",Kenya,EDIBLE FRUIT AND NUTS; PEEL OF CITRUS FRUIT OR MELONS,IMPORT,VALUE_IN_EUROS,2007,17392713
ESTAT:DS-045409(1.0),06/02/26 11:00:00,Annual,"European Union - 27 countries (AT, BE, BG, CY, CZ, DE, DK, EE, ES, FI, FR, GR, HR, HU, IE, IT, LT, LU, LV, MT, NL, PL, PT, RO, SE, SI, SK)",Kenya,EDIBLE FRUIT AND NUTS; PEEL OF CITRUS FRUIT OR MELONS,IMPORT,VALUE_IN_EUROS,2008,19401697
ESTAT:DS-045409(1.0),06/02/26 11:00:00,Annual,"European Union - 27 countries (AT, BE, BG, CY, CZ, DE, DK, EE, ES, FI, FR, GR, HR, HU, IE, IT, LT, LU, LV, MT, NL, PL, PT, RO, SE, SI, SK)",Kenya,EDIBLE FRUIT AND NUTS; PEEL OF CITRUS FRUIT OR MELONS,IMPORT,VALUE_IN_EUROS,2009,19618982
ESTAT:DS-045409(1.0),06/02/26 11:00:00,Annual,"European Union - 27 countries (AT, BE, BG, CY, CZ, DE, DK, EE, ES, FI, FR, GR, HR, HU, IE, IT, LT, LU, LV, MT, NL, PL, PT, RO, SE, SI, SK)",Kenya,EDIBLE FRUIT AND NUTS; PEEL OF CITRUS FRUIT OR MELONS,IMPORT,VALUE_IN_EUROS,2010,20568647
ESTAT:DS-045409(1.0),06/02/26 11:00:00,Annual,"European Union - 27 countries (AT, BE, BG, CY, CZ, DE, DK, EE, ES, FI, FR, GR, HR, HU, IE, IT, LT, LU, LV, MT, NL, PL, PT, RO, SE, SI, SK)",Kenya,EDIBLE FRUIT AND NUTS; PEEL OF CITRUS FRUIT OR MELONS,IMPORT,VALUE_IN_EUROS,2011,24601838
ESTAT:DS-045409(1.0),06/02/26 11:00:00,Annual,"European Union - 27 countries (AT, BE, BG, CY, CZ, DE, DK, EE, ES, FI, FR, GR, HR, HU, IE, IT, LT, LU, LV, MT, NL, PL, PT, RO, SE, SI, SK)",Kenya,EDIBLE FRUIT AND NUTS; PEEL OF CITRUS FRUIT OR MELONS,IMPORT,VALUE_IN_EUROS,2012,29867201
ESTAT:DS-045409(1.0),06/02/26 11:00:00,Annual,"European Union - 27 countries (AT, BE, BG, CY, CZ, DE, DK, EE, ES, FI, FR, GR, HR, HU, IE, IT, LT, LU, LV, MT, NL, PL, PT, RO, SE, SI, SK)",Kenya,EDIBLE FRUIT AND NUTS; PEEL OF CITRUS FRUIT OR MELONS,IMPORT,VALUE_IN_EUROS,2013,24469861
ESTAT:DS-045409(1.0),06/02/26 11:00:00,Annual,"European Union - 27 countries (AT, BE, BG, CY, CZ, DE, DK, EE, ES, FI, FR, GR, HR, HU, IE, IT, LT, LU, LV, MT, NL, PL, PT, RO, SE, SI, SK)",Kenya,EDIBLE FRUIT AND NUTS; PEEL OF CITRUS FRUIT OR MELONS,IMPORT,VALUE_IN_EUROS,2014,36821522
ESTAT:DS-045409(1.0),06/02/26 11:00:00,Annual,"European Union - 27 countries (AT, BE, BG, CY, CZ, DE, DK, EE, ES, FI, FR, GR, HR, HU, IE, IT, LT, LU, LV, MT, NL, PL, PT, RO, SE, SI, SK)",Kenya,EDIBLE FRUIT AND NUTS; PEEL OF CITRUS FRUIT OR MELONS,IMPORT,VALUE_IN_EUROS,2015,57570964
ESTAT:DS-045409(1.0),06/02/26 11:00:00,Annual,"European Union - 27 countries (AT, BE, BG, CY, CZ, DE, DK, EE, ES, FI, FR, GR, HR, HU, IE, IT, LT, LU, LV, MT, NL, PL, PT, RO, SE, SI, SK)",Kenya,EDIBLE FRUIT AND NUTS; PEEL OF CITRUS FRUIT OR MELONS,IMPORT,VALUE_IN_EUROS,2016,68590681
ESTAT:DS-045409(1.0),06/02/26 11:00:00,Annual,"European Union - 27 countries (AT, BE, BG, CY, CZ, DE, DK, EE, ES, FI, FR, GR, HR, HU, IE, IT, LT, LU, LV, MT, NL, PL, PT, RO, SE, SI, SK)",Kenya,EDIBLE FRUIT AND NUTS; PEEL OF CITRUS FRUIT OR MELONS,IMPORT,VALUE_IN_EUROS,2017,73389377
ESTAT:DS-045409(1.0),06/02/26 11:00:00,Annual,"European Union - 27 countries (AT, BE, BG, CY, CZ, DE, DK, EE, ES, FI, FR, GR, HR, HU, IE, IT, LT, LU, LV, MT, NL, PL, PT, RO, SE, SI, SK)",Kenya,EDIBLE FRUIT AND NUTS; PEEL OF CITRUS FRUIT OR MELONS,IMPORT,VALUE_IN_EUROS,2018,90932260
ESTAT:DS-045409(1.0),06/02/26 11:00:00,Annual,"European Union - 27 countries (AT, BE, BG, CY, CZ, DE, DK, EE, ES, FI, FR, GR, HR, HU, IE, IT, LT, LU, LV, MT, NL, PL, PT, RO, SE, SI, SK)",Kenya,EDIBLE FRUIT AND NUTS; PEEL OF CITRUS FRUIT OR MELONS,IMPORT,VALUE_IN_EUROS,2019,94984384
ESTAT:DS-045409(1.0),06/02/26 11:00:00,Annual,"European Union - 27 countries (AT, BE, BG, CY, CZ, DE, DK, EE, ES, FI, FR, GR, HR, HU, IE, IT, LT, LU, LV, MT, NL, PL, PT, RO, SE, SI, SK)",Kenya,EDIBLE FRUIT AND NUTS; PEEL OF CITRUS FRUIT OR MELONS,IMPORT,VALUE_IN_EUROS,2020,117819700
ESTAT:DS-045409(1.0),06/02/26 11:00:00,Annual,"European Union - 27 countries (AT, BE, BG, CY, CZ, DE, DK, EE, ES, FI, FR, GR, HR, HU, IE, IT, LT, LU, LV, MT, NL, PL, PT, RO, SE, SI, SK)",Kenya,EDIBLE FRUIT AND NUTS; PEEL OF CITRUS FRUIT OR MELONS,IMPORT,VALUE_IN_EUROS,2021,133306313
ESTAT:DS-045409(1.0),06/02/26 11:00:00,Annual,"European Union - 27 countries (AT, BE, BG, CY, CZ, DE, DK, EE, ES, FI, FR, GR, HR, HU, IE, IT, LT, LU, LV, MT, NL, PL, PT, RO, SE, SI, SK)",Kenya,EDIBLE FRUIT AND NUTS; PEEL OF CITRUS FRUIT OR MELONS,IMPORT,VALUE_IN_EUROS,2022,160329322
ESTAT:DS-045409(1.0),06/02/26 11:00:00,Annual,"European Union - 27 countries (AT, BE, BG, CY, CZ, DE, DK, EE, ES, FI, FR, GR, HR, HU, IE, IT, LT, LU, LV, MT, NL, PL, PT, RO, SE, SI, SK)",Kenya,EDIBLE FRUIT AND NUTS; PEEL OF CITRUS FRUIT OR MELONS,IMPORT,VALUE_IN_EUROS,2023,171415738
ESTAT:DS-045409(1.0),06/02/26 11:00:00,Annual,"European Union - 27 countries (AT, BE, BG, CY, CZ, DE, DK, EE, ES, FI, FR, GR, HR, HU, IE, IT, LT, LU, LV, MT, NL, PL, PT, RO, SE, SI, SK)",Kenya,EDIBLE FRUIT AND NUTS; PEEL OF CITRUS FRUIT OR MELONS,IMPORT,VALUE_IN_EUROS,2024,215576764
ESTAT:DS-045409(1.0),06/02/26 11:00:00,Annual,"European Union - 27 countries (AT, BE, BG, CY, CZ, DE, DK, EE, ES, FI, FR, GR, HR, HU, IE, IT, LT, LU, LV, MT, NL, PL, PT, RO, SE, SI, SK)",Comoros (incl. Mayotte 'YT' -> 1976),EDIBLE FRUIT AND NUTS; PEEL OF CITRUS FRUIT OR MELONS,IMPORT,VALUE_IN_EUROS,2000,6976
ESTAT:DS-045409(1.0),06/02/26 11:00:00,Annual,"European Union - 27 countries (AT, BE, BG, CY, CZ, DE, DK, EE, ES, FI, FR, GR, HR, HU, IE, IT, LT, LU, LV, MT, NL, PL, PT, RO, SE, SI, SK)",Comoros (incl. Mayotte 'YT' -> 1976),EDIBLE FRUIT AND NUTS; PEEL OF CITRUS FRUIT OR MELONS,IMPORT,VALUE_IN_EUROS,2001,193
ESTAT:DS-045409(1.0),06/02/26 11:00:00,Annual,"European Union - 27 countries (AT, BE, BG, CY, CZ, DE, DK, EE, ES, FI, FR, GR, HR, HU, IE, IT, LT, LU, LV, MT, NL, PL, PT, RO, SE, SI, SK)",Comoros (incl. Mayotte 'YT' -> 1976),EDIBLE FRUIT AND NUTS; PEEL OF CITRUS FRUIT OR MELONS,IMPORT,VALUE_IN_EUROS,2002,2020
ESTAT:DS-045409(1.0),06/02/26 11:00:00,Annual,"European Union - 27 countries (AT, BE, BG, CY, CZ, DE, DK, EE, ES, FI, FR, GR, HR, HU, IE, IT, LT, LU, LV, MT, NL, PL, PT, RO, SE, SI, SK)",Comoros (incl. Mayotte 'YT' -> 1976),EDIBLE FRUIT AND NUTS; PEEL OF CITRUS FRUIT OR MELONS,IMPORT,VALUE_IN_EUROS,2009,150
ESTAT:DS-045409(1.0),06/02/26 11:00:00,Annual,"European Union - 27 countries (AT, BE, BG, CY, CZ, DE, DK, EE, ES, FI, FR, GR, HR, HU, IE, IT, LT, LU, LV, MT, NL, PL, PT, RO, SE, SI, SK)",Comoros (incl. Mayotte 'YT' -> 1976),EDIBLE FRUIT AND NUTS; PEEL OF CITRUS FRUIT OR MELONS,IMPORT,VALUE_IN_EUROS,2011,1367
ESTAT:DS-045409(1.0),06/02/26 11:00:00,Annual,"European Union - 27 countries (AT, BE, BG, CY, CZ, DE, DK, EE, ES, FI, FR, GR, HR, HU, IE, IT, LT, LU, LV, MT, NL, PL, PT, RO, SE, SI, SK)",Comoros (incl. Mayotte 'YT' -> 1976),EDIBLE FRUIT AND NUTS; PEEL OF CITRUS FRUIT OR MELONS,IMPORT,VALUE_IN_EUROS,2019,24505
ESTAT:DS-045409(1.0),06/02/26 11:00:00,Annual,"European Union - 27 countries (AT, BE, BG, CY, CZ, DE, DK, EE, ES, FI, FR, GR, HR, HU, IE, IT, LT, LU, LV, MT, NL, PL, PT, RO, SE, SI, SK)",Liberia,EDIBLE FRUIT AND NUTS; PEEL OF CITRUS FRUIT OR MELONS,IMPORT,VALUE_IN_EUROS,2000,11458
ESTAT:DS-045409(1.0),06/02/26 11:00:00,Annual,"European Union - 27 countries (AT, BE, BG, CY, CZ, DE, DK, EE, ES, FI, FR, GR, HR, HU, IE, IT, LT, LU, LV, MT, NL, PL, PT, RO, SE, SI, SK)",Liberia,EDIBLE FRUIT AND NUTS; PEEL OF CITRUS FRUIT OR MELONS,IMPORT,VALUE_IN_EUROS,2001,8736
ESTAT:DS-045409(1.0),06/02/26 11:00:00,Annual,"European Union - 27 countries (AT, BE, BG, CY, CZ, DE, DK, EE, ES, FI, FR, GR, HR, HU, IE, IT, LT, LU, LV, MT, NL, PL, PT, RO, SE, SI, SK)",Liberia,EDIBLE FRUIT AND NUTS; PEEL OF CITRUS FRUIT OR MELONS,IMPORT,VALUE_IN_EUROS,2002,114726
ESTAT:DS-045409(1.0),06/02/26 11:00:00,Annual,"European Union - 27 countries (AT, BE, BG, CY, CZ, DE, DK, EE, ES, FI, FR, GR, HR, HU, IE, IT, LT, LU, LV, MT, NL, PL, PT, RO, SE, SI, SK)",Liberia,EDIBLE FRUIT AND NUTS; PEEL OF CITRUS FRUIT OR MELONS,IMPORT,VALUE_IN_EUROS,2003,2556
ESTAT:DS-045409(1.0),06/02/26 11:00:00,Annual,"European Union - 27 countries (AT, BE, BG, CY, CZ, DE, DK, EE, ES, FI, FR, GR, HR, HU, IE, IT, LT, LU, LV, MT, NL, PL, PT, RO, SE, SI, SK)",Liberia,EDIBLE FRUIT AND NUTS; PEEL OF CITRUS FRUIT OR MELONS,IMPORT,VALUE_IN_EUROS,2004,9288
ESTAT:DS-045409(1.0),06/02/26 11:00:00,Annual,"European Union - 27 countries (AT, BE, BG, CY, CZ, DE, DK, EE, ES, FI, FR, GR, HR, HU, IE, IT, LT, LU, LV, MT, NL, PL, PT, RO, SE, SI, SK)",Liberia,EDIBLE FRUIT AND NUTS; PEEL OF CITRUS FRUIT OR MELONS,IMPORT,VALUE_IN_EUROS,2005,291995
ESTAT:DS-045409(1.0),06/02/26 11:00:00,Annual,"European Union - 27 countries (AT, BE, BG, CY, CZ, DE, DK, EE, ES, FI, FR, GR, HR, HU, IE, IT, LT, LU, LV, MT, NL, PL, PT, RO, SE, SI, SK)",Liberia,EDIBLE FRUIT AND NUTS; PEEL OF CITRUS FRUIT OR MELONS,IMPORT,VALUE_IN_EUROS,2010,129
ESTAT:DS-045409(1.0),06/02/26 11:00:00,Annual,"European Union - 27 countries (AT, BE, BG, CY, CZ, DE, DK, EE, ES, FI, FR, GR, HR, HU, IE, IT, LT, LU, LV, MT, NL, PL, PT, RO, SE, SI, SK)",Liberia,EDIBLE FRUIT AND NUTS; PEEL OF CITRUS FRUIT OR MELONS,IMPORT,VALUE_IN_EUROS,2011,36380
ESTAT:DS-045409(1.0),06/02/26 11:00:00,Annual,"European Union - 27 countries (AT, BE, BG, CY, CZ, DE, DK, EE, ES, FI, FR, GR, HR, HU, IE, IT, LT, LU, LV, MT, NL, PL, PT, RO, SE, SI, SK)",Liberia,EDIBLE FRUIT AND NUTS; PEEL OF CITRUS FRUIT OR MELONS,IMPORT,VALUE_IN_EUROS,2015,4069
ESTAT:DS-045409(1.0),06/02/26 11:00:00,Annual,"European Union - 27 countries (AT, BE, BG, CY, CZ, DE, DK, EE, ES, FI, FR, GR, HR, HU, IE, IT, LT, LU, LV, MT, NL, PL, PT, RO, SE, SI, SK)",Liberia,EDIBLE FRUIT AND NUTS; PEEL OF CITRUS FRUIT OR MELONS,IMPORT,VALUE_IN_EUROS,2016,7864
ESTAT:DS-045409(1.0),06/02/26 11:00:00,Annual,"European Union - 27 countries (AT, BE, BG, CY, CZ, DE, DK, EE, ES, FI, FR, GR, HR, HU, IE, IT, LT, LU, LV, MT, NL, PL, PT, RO, SE, SI, SK)",Liberia,EDIBLE FRUIT AND NUTS; PEEL OF CITRUS FRUIT OR MELONS,IMPORT,VALUE_IN_EUROS,2018,98
ESTAT:DS-045409(1.0),06/02/26 11:00:00,Annual,"European Union - 27 countries (AT, BE, BG, CY, CZ, DE, DK, EE, ES, FI, FR, GR, HR, HU, IE, IT, LT, LU, LV, MT, NL, PL, PT, RO, SE, SI, SK)",Lesotho,EDIBLE FRUIT AND NUTS; PEEL OF CITRUS FRUIT OR MELONS,IMPORT,VALUE_IN_EUROS,2004,61266
ESTAT:DS-045409(1.0),06/02/26 11:00:00,Annual,"European Union - 27 countries (AT, BE, BG, CY, CZ, DE, DK, EE, ES, FI, FR, GR, HR, HU, IE, IT, LT, LU, LV, MT, NL, PL, PT, RO, SE, SI, SK)",Lesotho,EDIBLE FRUIT AND NUTS; PEEL OF CITRUS FRUIT OR MELONS,IMPORT,VALUE_IN_EUROS,2009,38250
ESTAT:DS-045409(1.0),06/02/26 11:00:00,Annual,"European Union - 27 countries (AT, BE, BG, CY, CZ, DE, DK, EE, ES, FI, FR, GR, HR, HU, IE, IT, LT, LU, LV, MT, NL, PL, PT, RO, SE, SI, SK)",Lesotho,EDIBLE FRUIT AND NUTS; PEEL OF CITRUS FRUIT OR MELONS,IMPORT,VALUE_IN_EUROS,2012,123472
ESTAT:DS-045409(1.0),06/02/26 11:00:00,Annual,"European Union - 27 countries (AT, BE, BG, CY, CZ, DE, DK, EE, ES, FI, FR, GR, HR, HU, IE, IT, LT, LU, LV, MT, NL, PL, PT, RO, SE, SI, SK)",Lesotho,EDIBLE FRUIT AND NUTS; PEEL OF CITRUS FRUIT OR MELONS,IMPORT,VALUE_IN_EUROS,2013,332152
ESTAT:DS-045409(1.0),06/02/26 11:00:00,Annual,"European Union - 27 countries (AT, BE, BG, CY, CZ, DE, DK, EE, ES, FI, FR, GR, HR, HU, IE, IT, LT, LU, LV, MT, NL, PL, PT, RO, SE, SI, SK)",Lesotho,EDIBLE FRUIT AND NUTS; PEEL OF CITRUS FRUIT OR MELONS,IMPORT,VALUE_IN_EUROS,2014,890398
ESTAT:DS-045409(1.0),06/02/26 11:00:00,Annual,"European Union - 27 countries (AT, BE, BG, CY, CZ, DE, DK, EE, ES, FI, FR, GR, HR, HU, IE, IT, LT, LU, LV, MT, NL, PL, PT, RO, SE, SI, SK)",Lesotho,EDIBLE FRUIT AND NUTS; PEEL OF CITRUS FRUIT OR MELONS,IMPORT,VALUE_IN_EUROS,2015,1177975
ESTAT:DS-045409(1.0),06/02/26 11:00:00,Annual,"European Union - 27 countries (AT, BE, BG, CY, CZ, DE, DK, EE, ES, FI, FR, GR, HR, HU, IE, IT, LT, LU, LV, MT, NL, PL, PT, RO, SE, SI, SK)",Lesotho,EDIBLE FRUIT AND NUTS; PEEL OF CITRUS FRUIT OR MELONS,IMPORT,VALUE_IN_EUROS,2016,1248436
ESTAT:DS-045409(1.0),06/02/26 11:00:00,Annual,"European Union - 27 countries (AT, BE, BG, CY, CZ, DE, DK, EE, ES, FI, FR, GR, HR, HU, IE, IT, LT, LU, LV, MT, NL, PL, PT, RO, SE, SI, SK)",Lesotho,EDIBLE FRUIT AND NUTS; PEEL OF CITRUS FRUIT OR MELONS,IMPORT,VALUE_IN_EUROS,2017,1323992
ESTAT:DS-045409(1.0),06/02/26 11:00:00,Annual,"European Union - 27 countries (AT, BE, BG, CY, CZ, DE, DK, EE, ES, FI, FR, GR, HR, HU, IE, IT, LT, LU, LV, MT, NL, PL, PT, RO, SE, SI, SK)",Lesotho,EDIBLE FRUIT AND NUTS; PEEL OF CITRUS FRUIT OR MELONS,IMPORT,VALUE_IN_EUROS,2018,1190827
ESTAT:DS-045409(1.0),06/02/26 11:00:00,Annual,"European Union - 27 countries (AT, BE, BG, CY, CZ, DE, DK, EE, ES, FI, FR, GR, HR, HU, IE, IT, LT, LU, LV, MT, NL, PL, PT, RO, SE, SI, SK)",Lesotho,EDIBLE FRUIT AND NUTS; PEEL OF CITRUS FRUIT OR MELONS,IMPORT,VALUE_IN_EUROS,2019,1054932
ESTAT:DS-045409(1.0),06/02/26 11:00:00,Annual,"European Union - 27 countries (AT, BE, BG, CY, CZ, DE, DK, EE, ES, FI, FR, GR, HR, HU, IE, IT, LT, LU, LV, MT, NL, PL, PT, RO, SE, SI, SK)",Lesotho,EDIBLE FRUIT AND NUTS; PEEL OF CITRUS FRUIT OR MELONS,IMPORT,VALUE_IN_EUROS,2020,1196341
ESTAT:DS-045409(1.0),06/02/26 11:00:00,Annual,"European Union - 27 countries (AT, BE, BG, CY, CZ, DE, DK, EE, ES, FI, FR, GR, HR, HU, IE, IT, LT, LU, LV, MT, NL, PL, PT, RO, SE, SI, SK)",Lesotho,EDIBLE FRUIT AND NUTS; PEEL OF CITRUS FRUIT OR MELONS,IMPORT,VALUE_IN_EUROS,2021,1160843
ESTAT:DS-045409(1.0),06/02/26 11:00:00,Annual,"European Union - 27 countries (AT, BE, BG, CY, CZ, DE, DK, EE, ES, FI, FR, GR, HR, HU, IE, IT, LT, LU, LV, MT, NL, PL, PT, RO, SE, SI, SK)",Lesotho,EDIBLE FRUIT AND NUTS; PEEL OF CITRUS FRUIT OR MELONS,IMPORT,VALUE_IN_EUROS,2022,907910
ESTAT:DS-045409(1.0),06/02/26 11:00:00,Annual,"European Union - 27 countries (AT, BE, BG, CY, CZ, DE, DK, EE, ES, FI, FR, GR, HR, HU, IE, IT, LT, LU, LV, MT, NL, PL, PT, RO, SE, SI, SK)",Lesotho,EDIBLE FRUIT AND NUTS; PEEL OF CITRUS FRUIT OR MELONS,IMPORT,VALUE_IN_EUROS,2023,1245429
ESTAT:DS-045409(1.0),06/02/26 11:00:00,Annual,"European Union - 27 countries (AT, BE, BG, CY, CZ, DE, DK, EE, ES, FI, FR, GR, HR, HU, IE, IT, LT, LU, LV, MT, NL, PL, PT, RO, SE, SI, SK)",Lesotho,EDIBLE FRUIT AND NUTS; PEEL OF CITRUS FRUIT OR MELONS,IMPORT,VALUE_IN_EUROS,2024,1669631
ESTAT:DS-045409(1.0),06/02/26 11:00:00,Annual,"European Union - 27 countries (AT, BE, BG, CY, CZ, DE, DK, EE, ES, FI, FR, GR, HR, HU, IE, IT, LT, LU, LV, MT, NL, PL, PT, RO, SE, SI, SK)",Libya,EDIBLE FRUIT AND NUTS; PEEL OF CITRUS FRUIT OR MELONS,IMPORT,VALUE_IN_EUROS,1999,8689
ESTAT:DS-045409(1.0),06/02/26 11:00:00,Annual,"European Union - 27 countries (AT, BE, BG, CY, CZ, DE, DK, EE, ES, FI, FR, GR, HR, HU, IE, IT, LT, LU, LV, MT, NL, PL, PT, RO, SE, SI, SK)",Libya,EDIBLE FRUIT AND NUTS; PEEL OF CITRUS FRUIT OR MELONS,IMPORT,VALUE_IN_EUROS,2001,961
ESTAT:DS-045409(1.0),06/02/26 11:00:00,Annual,"European Union - 27 countries (AT, BE, BG, CY, CZ, DE, DK, EE, ES, FI, FR, GR, HR, HU, IE, IT, LT, LU, LV, MT, NL, PL, PT, RO, SE, SI, SK)",Libya,EDIBLE FRUIT AND NUTS; PEEL OF CITRUS FRUIT OR MELONS,IMPORT,VALUE_IN_EUROS,2002,28416
ESTAT:DS-045409(1.0),06/02/26 11:00:00,Annual,"European Union - 27 countries (AT, BE, BG, CY, CZ, DE, DK, EE, ES, FI, FR, GR, HR, HU, IE, IT, LT, LU, LV, MT, NL, PL, PT, RO, SE, SI, SK)",Libya,EDIBLE FRUIT AND NUTS; PEEL OF CITRUS FRUIT OR MELONS,IMPORT,VALUE_IN_EUROS,2003,55010
ESTAT:DS-045409(1.0),06/02/26 11:00:00,Annual,"European Union - 27 countries (AT, BE, BG, CY, CZ, DE, DK, EE, ES, FI, FR, GR, HR, HU, IE, IT, LT, LU, LV, MT, NL, PL, PT, RO, SE, SI, SK)",Libya,EDIBLE FRUIT AND NUTS; PEEL OF CITRUS FRUIT OR MELONS,IMPORT,VALUE_IN_EUROS,2004,98726
ESTAT:DS-045409(1.0),06/02/26 11:00:00,Annual,"European Union - 27 countries (AT, BE, BG, CY, CZ, DE, DK, EE, ES, FI, FR, GR, HR, HU, IE, IT, LT, LU, LV, MT, NL, PL, PT, RO, SE, SI, SK)",Libya,EDIBLE FRUIT AND NUTS; PEEL OF CITRUS FRUIT OR MELONS,IMPORT,VALUE_IN_EUROS,2008,107713
ESTAT:DS-045409(1.0),06/02/26 11:00:00,Annual,"European Union - 27 countries (AT, BE, BG, CY, CZ, DE, DK, EE, ES, FI, FR, GR, HR, HU, IE, IT, LT, LU, LV, MT, NL, PL, PT, RO, SE, SI, SK)",Libya,EDIBLE FRUIT AND NUTS; PEEL OF CITRUS FRUIT OR MELONS,IMPORT,VALUE_IN_EUROS,2009,5000
ESTAT:DS-045409(1.0),06/02/26 11:00:00,Annual,"European Union - 27 countries (AT, BE, BG, CY, CZ, DE, DK, EE, ES, FI, FR, GR, HR, HU, IE, IT, LT, LU, LV, MT, NL, PL, PT, RO, SE, SI, SK)",Libya,EDIBLE FRUIT AND NUTS; PEEL OF CITRUS FRUIT OR MELONS,IMPORT,VALUE_IN_EUROS,2010,3900
ESTAT:DS-045409(1.0),06/02/26 11:00:00,Annual,"European Union - 27 countries (AT, BE, BG, CY, CZ, DE, DK, EE, ES, FI, FR, GR, HR, HU, IE, IT, LT, LU, LV, MT, NL, PL, PT, RO, SE, SI, SK)",Libya,EDIBLE FRUIT AND NUTS; PEEL OF CITRUS FRUIT OR MELONS,IMPORT,VALUE_IN_EUROS,2011,466429
ESTAT:DS-045409(1.0),06/02/26 11:00:00,Annual,"European Union - 27 countries (AT, BE, BG, CY, CZ, DE, DK, EE, ES, FI, FR, GR, HR, HU, IE, IT, LT, LU, LV, MT, NL, PL, PT, RO, SE, SI, SK)",Libya,EDIBLE FRUIT AND NUTS; PEEL OF CITRUS FRUIT OR MELONS,IMPORT,VALUE_IN_EUROS,2012,7101
ESTAT:DS-045409(1.0),06/02/26 11:00:00,Annual,"European Union - 27 countries (AT, BE, BG, CY, CZ, DE, DK, EE, ES, FI, FR, GR, HR, HU, IE, IT, LT, LU, LV, MT, NL, PL, PT, RO, SE, SI, SK)",Libya,EDIBLE FRUIT AND NUTS; PEEL OF CITRUS FRUIT OR MELONS,IMPORT,VALUE_IN_EUROS,2015,61
ESTAT:DS-045409(1.0),06/02/26 11:00:00,Annual,"European Union - 27 countries (AT, BE, BG, CY, CZ, DE, DK, EE, ES, FI, FR, GR, HR, HU, IE, IT, LT, LU, LV, MT, NL, PL, PT, RO, SE, SI, SK)",Libya,EDIBLE FRUIT AND NUTS; PEEL OF CITRUS FRUIT OR MELONS,IMPORT,VALUE_IN_EUROS,2016,60181
ESTAT:DS-045409(1.0),06/02/26 11:00:00,Annual,"European Union - 27 countries (AT, BE, BG, CY, CZ, DE, DK, EE, ES, FI, FR, GR, HR, HU, IE, IT, LT, LU, LV, MT, NL, PL, PT, RO, SE, SI, SK)",Libya,EDIBLE FRUIT AND NUTS; PEEL OF CITRUS FRUIT OR MELONS,IMPORT,VALUE_IN_EUROS,2017,484259
ESTAT:DS-045409(1.0),06/02/26 11:00:00,Annual,"European Union - 27 countries (AT, BE, BG, CY, CZ, DE, DK, EE, ES, FI, FR, GR, HR, HU, IE, IT, LT, LU, LV, MT, NL, PL, PT, RO, SE, SI, SK)",Libya,EDIBLE FRUIT AND NUTS; PEEL OF CITRUS FRUIT OR MELONS,IMPORT,VALUE_IN_EUROS,2018,491616
ESTAT:DS-045409(1.0),06/02/26 11:00:00,Annual,"European Union - 27 countries (AT, BE, BG, CY, CZ, DE, DK, EE, ES, FI, FR, GR, HR, HU, IE, IT, LT, LU, LV, MT, NL, PL, PT, RO, SE, SI, SK)",Libya,EDIBLE FRUIT AND NUTS; PEEL OF CITRUS FRUIT OR MELONS,IMPORT,VALUE_IN_EUROS,2019,11353
ESTAT:DS-045409(1.0),06/02/26 11:00:00,Annual,"European Union - 27 countries (AT, BE, BG, CY, CZ, DE, DK, EE, ES, FI, FR, GR, HR, HU, IE, IT, LT, LU, LV, MT, NL, PL, PT, RO, SE, SI, SK)",Libya,EDIBLE FRUIT AND NUTS; PEEL OF CITRUS FRUIT OR MELONS,IMPORT,VALUE_IN_EUROS,2020,376514
ESTAT:DS-045409(1.0),06/02/26 11:00:00,Annual,"European Union - 27 countries (AT, BE, BG, CY, CZ, DE, DK, EE, ES, FI, FR, GR, HR, HU, IE, IT, LT, LU, LV, MT, NL, PL, PT, RO, SE, SI, SK)",Libya,EDIBLE FRUIT AND NUTS; PEEL OF CITRUS FRUIT OR MELONS,IMPORT,VALUE_IN_EUROS,2021,218196
ESTAT:DS-045409(1.0),06/02/26 11:00:00,Annual,"European Union - 27 countries (AT, BE, BG, CY, CZ, DE, DK, EE, ES, FI, FR, GR, HR, HU, IE, IT, LT, LU, LV, MT, NL, PL, PT, RO, SE, SI, SK)",Libya,EDIBLE FRUIT AND NUTS; PEEL OF CITRUS FRUIT OR MELONS,IMPORT,VALUE_IN_EUROS,2022,158297
ESTAT:DS-045409(1.0),06/02/26 11:00:00,Annual,"European Union - 27 countries (AT, BE, BG, CY, CZ, DE, DK, EE, ES, FI, FR, GR, HR, HU, IE, IT, LT, LU, LV, MT, NL, PL, PT, RO, SE, SI, SK)",Libya,EDIBLE FRUIT AND NUTS; PEEL OF CITRUS FRUIT OR MELONS,IMPORT,VALUE_IN_EUROS,2023,190370
ESTAT:DS-045409(1.0),06/02/26 11:00:00,Annual,"European Union - 27 countries (AT, BE, BG, CY, CZ, DE, DK, EE, ES, FI, FR, GR, HR, HU, IE, IT, LT, LU, LV, MT, NL, PL, PT, RO, SE, SI, SK)",Libya,EDIBLE FRUIT AND NUTS; PEEL OF CITRUS FRUIT OR MELONS,IMPORT,VALUE_IN_EUROS,2024,688487
ESTAT:DS-045409(1.0),06/02/26 11:00:00,Annual,"European Union - 27 countries (AT, BE, BG, CY, CZ, DE, DK, EE, ES, FI, FR, GR, HR, HU, IE, IT, LT, LU, LV, MT, NL, PL, PT, RO, SE, SI, SK)",Morocco,EDIBLE FRUIT AND NUTS; PEEL OF CITRUS FRUIT OR MELONS,IMPORT,VALUE_IN_EUROS,1999,229401614
ESTAT:DS-045409(1.0),06/02/26 11:00:00,Annual,"European Union - 27 countries (AT, BE, BG, CY, CZ, DE, DK, EE, ES, FI, FR, GR, HR, HU, IE, IT, LT, LU, LV, MT, NL, PL, PT, RO, SE, SI, SK)",Morocco,EDIBLE FRUIT AND NUTS; PEEL OF CITRUS FRUIT OR MELONS,IMPORT,VALUE_IN_EUROS,2000,209232814
ESTAT:DS-045409(1.0),06/02/26 11:00:00,Annual,"European Union - 27 countries (AT, BE, BG, CY, CZ, DE, DK, EE, ES, FI, FR, GR, HR, HU, IE, IT, LT, LU, LV, MT, NL, PL, PT, RO, SE, SI, SK)",Morocco,EDIBLE FRUIT AND NUTS; PEEL OF CITRUS FRUIT OR MELONS,IMPORT,VALUE_IN_EUROS,2001,214772295
ESTAT:DS-045409(1.0),06/02/26 11:00:00,Annual,"European Union - 27 countries (AT, BE, BG, CY, CZ, DE, DK, EE, ES, FI, FR, GR, HR, HU, IE, IT, LT, LU, LV, MT, NL, PL, PT, RO, SE, SI, SK)",Morocco,EDIBLE FRUIT AND NUTS; PEEL OF CITRUS FRUIT OR MELONS,IMPORT,VALUE_IN_EUROS,2002,232454674
ESTAT:DS-045409(1.0),06/02/26 11:00:00,Annual,"European Union - 27 countries (AT, BE, BG, CY, CZ, DE, DK, EE, ES, FI, FR, GR, HR, HU, IE, IT, LT, LU, LV, MT, NL, PL, PT, RO, SE, SI, SK)",Morocco,EDIBLE FRUIT AND NUTS; PEEL OF CITRUS FRUIT OR MELONS,IMPORT,VALUE_IN_EUROS,2003,251133984
ESTAT:DS-045409(1.0),06/02/26 11:00:00,Annual,"European Union - 27 countries (AT, BE, BG, CY, CZ, DE, DK, EE, ES, FI, FR, GR, HR, HU, IE, IT, LT, LU, LV, MT, NL, PL, PT, RO, SE, SI, SK)",Morocco,EDIBLE FRUIT AND NUTS; PEEL OF CITRUS FRUIT OR MELONS,IMPORT,VALUE_IN_EUROS,2004,252894826
ESTAT:DS-045409(1.0),06/02/26 11:00:00,Annual,"European Union - 27 countries (AT, BE, BG, CY, CZ, DE, DK, EE, ES, FI, FR, GR, HR, HU, IE, IT, LT, LU, LV, MT, NL, PL, PT, RO, SE, SI, SK)",Morocco,EDIBLE FRUIT AND NUTS; PEEL OF CITRUS FRUIT OR MELONS,IMPORT,VALUE_IN_EUROS,2005,270992178
ESTAT:DS-045409(1.0),06/02/26 11:00:00,Annual,"European Union - 27 countries (AT, BE, BG, CY, CZ, DE, DK, EE, ES, FI, FR, GR, HR, HU, IE, IT, LT, LU, LV, MT, NL, PL, PT, RO, SE, SI, SK)",Morocco,EDIBLE FRUIT AND NUTS; PEEL OF CITRUS FRUIT OR MELONS,IMPORT,VALUE_IN_EUROS,2006,243364629
ESTAT:DS-045409(1.0),06/02/26 11:00:00,Annual,"European Union - 27 countries (AT, BE, BG, CY, CZ, DE, DK, EE, ES, FI, FR, GR, HR, HU, IE, IT, LT, LU, LV, MT, NL, PL, PT, RO, SE, SI, SK)",Morocco,EDIBLE FRUIT AND NUTS; PEEL OF CITRUS FRUIT OR MELONS,IMPORT,VALUE_IN_EUROS,2007,247171024
ESTAT:DS-045409(1.0),06/02/26 11:00:00,Annual,"European Union - 27 countries (AT, BE, BG, CY, CZ, DE, DK, EE, ES, FI, FR, GR, HR, HU, IE, IT, LT, LU, LV, MT, NL, PL, PT, RO, SE, SI, SK)",Morocco,EDIBLE FRUIT AND NUTS; PEEL OF CITRUS FRUIT OR MELONS,IMPORT,VALUE_IN_EUROS,2008,299881301
ESTAT:DS-045409(1.0),06/02/26 11:00:00,Annual,"European Union - 27 countries (AT, BE, BG, CY, CZ, DE, DK, EE, ES, FI, FR, GR, HR, HU, IE, IT, LT, LU, LV, MT, NL, PL, PT, RO, SE, SI, SK)",Morocco,EDIBLE FRUIT AND NUTS; PEEL OF CITRUS FRUIT OR MELONS,IMPORT,VALUE_IN_EUROS,2009,251993539
ESTAT:DS-045409(1.0),06/02/26 11:00:00,Annual,"European Union - 27 countries (AT, BE, BG, CY, CZ, DE, DK, EE, ES, FI, FR, GR, HR, HU, IE, IT, LT, LU, LV, MT, NL, PL, PT, RO, SE, SI, SK)",Morocco,EDIBLE FRUIT AND NUTS; PEEL OF CITRUS FRUIT OR MELONS,IMPORT,VALUE_IN_EUROS,2010,249995823
ESTAT:DS-045409(1.0),06/02/26 11:00:00,Annual,"European Union - 27 countries (AT, BE, BG, CY, CZ, DE, DK, EE, ES, FI, FR, GR, HR, HU, IE, IT, LT, LU, LV, MT, NL, PL, PT, RO, SE, SI, SK)",Morocco,EDIBLE FRUIT AND NUTS; PEEL OF CITRUS FRUIT OR MELONS,IMPORT,VALUE_IN_EUROS,2011,283935165
ESTAT:DS-045409(1.0),06/02/26 11:00:00,Annual,"European Union - 27 countries (AT, BE, BG, CY, CZ, DE, DK, EE, ES, FI, FR, GR, HR, HU, IE, IT, LT, LU, LV, MT, NL, PL, PT, RO, SE, SI, SK)",Morocco,EDIBLE FRUIT AND NUTS; PEEL OF CITRUS FRUIT OR MELONS,IMPORT,VALUE_IN_EUROS,2012,268823541
ESTAT:DS-045409(1.0),06/02/26 11:00:00,Annual,"European Union - 27 countries (AT, BE, BG, CY, CZ, DE, DK, EE, ES, FI, FR, GR, HR, HU, IE, IT, LT, LU, LV, MT, NL, PL, PT, RO, SE, SI, SK)",Morocco,EDIBLE FRUIT AND NUTS; PEEL OF CITRUS FRUIT OR MELONS,IMPORT,VALUE_IN_EUROS,2013,275770445
ESTAT:DS-045409(1.0),06/02/26 11:00:00,Annual,"European Union - 27 countries (AT, BE, BG, CY, CZ, DE, DK, EE, ES, FI, FR, GR, HR, HU, IE, IT, LT, LU, LV, MT, NL, PL, PT, RO, SE, SI, SK)",Morocco,EDIBLE FRUIT AND NUTS; PEEL OF CITRUS FRUIT OR MELONS,IMPORT,VALUE_IN_EUROS,2014,350801200
ESTAT:DS-045409(1.0),06/02/26 11:00:00,Annual,"European Union - 27 countries (AT, BE, BG, CY, CZ, DE, DK, EE, ES, FI, FR, GR, HR, HU, IE, IT, LT, LU, LV, MT, NL, PL, PT, RO, SE, SI, SK)",Morocco,EDIBLE FRUIT AND NUTS; PEEL OF CITRUS FRUIT OR MELONS,IMPORT,VALUE_IN_EUROS,2015,430923895
ESTAT:DS-045409(1.0),06/02/26 11:00:00,Annual,"European Union - 27 countries (AT, BE, BG, CY, CZ, DE, DK, EE, ES, FI, FR, GR, HR, HU, IE, IT, LT, LU, LV, MT, NL, PL, PT, RO, SE, SI, SK)",Morocco,EDIBLE FRUIT AND NUTS; PEEL OF CITRUS FRUIT OR MELONS,IMPORT,VALUE_IN_EUROS,2016,478806352
ESTAT:DS-045409(1.0),06/02/26 11:00:00,Annual,"European Union - 27 countries (AT, BE, BG, CY, CZ, DE, DK, EE, ES, FI, FR, GR, HR, HU, IE, IT, LT, LU, LV, MT, NL, PL, PT, RO, SE, SI, SK)",Morocco,EDIBLE FRUIT AND NUTS; PEEL OF CITRUS FRUIT OR MELONS,IMPORT,VALUE_IN_EUROS,2017,638104279
ESTAT:DS-045409(1.0),06/02/26 11:00:00,Annual,"European Union - 27 countries (AT, BE, BG, CY, CZ, DE, DK, EE, ES, FI, FR, GR, HR, HU, IE, IT, LT, LU, LV, MT, NL, PL, PT, RO, SE, SI, SK)",Morocco,EDIBLE FRUIT AND NUTS; PEEL OF CITRUS FRUIT OR MELONS,IMPORT,VALUE_IN_EUROS,2018,766471508
ESTAT:DS-045409(1.0),06/02/26 11:00:00,Annual,"European Union - 27 countries (AT, BE, BG, CY, CZ, DE, DK, EE, ES, FI, FR, GR, HR, HU, IE, IT, LT, LU, LV, MT, NL, PL, PT, RO, SE, SI, SK)",Morocco,EDIBLE FRUIT AND NUTS; PEEL OF CITRUS FRUIT OR MELONS,IMPORT,VALUE_IN_EUROS,2019,791079915
ESTAT:DS-045409(1.0),06/02/26 11:00:00,Annual,"European Union - 27 countries (AT, BE, BG, CY, CZ, DE, DK, EE, ES, FI, FR, GR, HR, HU, IE, IT, LT, LU, LV, MT, NL, PL, PT, RO, SE, SI, SK)",Morocco,EDIBLE FRUIT AND NUTS; PEEL OF CITRUS FRUIT OR MELONS,IMPORT,VALUE_IN_EUROS,2020,968277523
ESTAT:DS-045409(1.0),06/02/26 11:00:00,Annual,"European Union - 27 countries (AT, BE, BG, CY, CZ, DE, DK, EE, ES, FI, FR, GR, HR, HU, IE, IT, LT, LU, LV, MT, NL, PL, PT, RO, SE, SI, SK)",Morocco,EDIBLE FRUIT AND NUTS; PEEL OF CITRUS FRUIT OR MELONS,IMPORT,VALUE_IN_EUROS,2021,963642463
ESTAT:DS-045409(1.0),06/02/26 11:00:00,Annual,"European Union - 27 countries (AT, BE, BG, CY, CZ, DE, DK, EE, ES, FI, FR, GR, HR, HU, IE, IT, LT, LU, LV, MT, NL, PL, PT, RO, SE, SI, SK)",Morocco,EDIBLE FRUIT AND NUTS; PEEL OF CITRUS FRUIT OR MELONS,IMPORT,VALUE_IN_EUROS,2022,1180322692
ESTAT:DS-045409(1.0),06/02/26 11:00:00,Annual,"European Union - 27 countries (AT, BE, BG, CY, CZ, DE, DK, EE, ES, FI, FR, GR, HR, HU, IE, IT, LT, LU, LV, MT, NL, PL, PT, RO, SE, SI, SK)",Morocco,EDIBLE FRUIT AND NUTS; PEEL OF CITRUS FRUIT OR MELONS,IMPORT,VALUE_IN_EUROS,2023,1053562658
ESTAT:DS-045409(1.0),06/02/26 11:00:00,Annual,"European Union - 27 countries (AT, BE, BG, CY, CZ, DE, DK, EE, ES, FI, FR, GR, HR, HU, IE, IT, LT, LU, LV, MT, NL, PL, PT, RO, SE, SI, SK)",Morocco,EDIBLE FRUIT AND NUTS; PEEL OF CITRUS FRUIT OR MELONS,IMPORT,VALUE_IN_EUROS,2024,1182256433
ESTAT:DS-045409(1.0),06/02/26 11:00:00,Annual,"European Union - 27 countries (AT, BE, BG, CY, CZ, DE, DK, EE, ES, FI, FR, GR, HR, HU, IE, IT, LT, LU, LV, MT, NL, PL, PT, RO, SE, SI, SK)",Madagascar,EDIBLE FRUIT AND NUTS; PEEL OF CITRUS FRUIT OR MELONS,IMPORT,VALUE_IN_EUROS,1999,37469507
ESTAT:DS-045409(1.0),06/02/26 11:00:00,Annual,"European Union - 27 countries (AT, BE, BG, CY, CZ, DE, DK, EE, ES, FI, FR, GR, HR, HU, IE, IT, LT, LU, LV, MT, NL, PL, PT, RO, SE, SI, SK)",Madagascar,EDIBLE FRUIT AND NUTS; PEEL OF CITRUS FRUIT OR MELONS,IMPORT,VALUE_IN_EUROS,2000,56193869
ESTAT:DS-045409(1.0),06/02/26 11:00:00,Annual,"European Union - 27 countries (AT, BE, BG, CY, CZ, DE, DK, EE, ES, FI, FR, GR, HR, HU, IE, IT, LT, LU, LV, MT, NL, PL, PT, RO, SE, SI, SK)",Madagascar,EDIBLE FRUIT AND NUTS; PEEL OF CITRUS FRUIT OR MELONS,IMPORT,VALUE_IN_EUROS,2001,37625996
ESTAT:DS-045409(1.0),06/02/26 11:00:00,Annual,"European Union - 27 countries (AT, BE, BG, CY, CZ, DE, DK, EE, ES, FI, FR, GR, HR, HU, IE, IT, LT, LU, LV, MT, NL, PL, PT, RO, SE, SI, SK)",Madagascar,EDIBLE FRUIT AND NUTS; PEEL OF CITRUS FRUIT OR MELONS,IMPORT,VALUE_IN_EUROS,2002,38269556
ESTAT:DS-045409(1.0),06/02/26 11:00:00,Annual,"European Union - 27 countries (AT, BE, BG, CY, CZ, DE, DK, EE, ES, FI, FR, GR, HR, HU, IE, IT, LT, LU, LV, MT, NL, PL, PT, RO, SE, SI, SK)",Madagascar,EDIBLE FRUIT AND NUTS; PEEL OF CITRUS FRUIT OR MELONS,IMPORT,VALUE_IN_EUROS,2003,34058956
ESTAT:DS-045409(1.0),06/02/26 11:00:00,Annual,"European Union - 27 countries (AT, BE, BG, CY, CZ, DE, DK, EE, ES, FI, FR, GR, HR, HU, IE, IT, LT, LU, LV, MT, NL, PL, PT, RO, SE, SI, SK)",Madagascar,EDIBLE FRUIT AND NUTS; PEEL OF CITRUS FRUIT OR MELONS,IMPORT,VALUE_IN_EUROS,2004,61179272
ESTAT:DS-045409(1.0),06/02/26 11:00:00,Annual,"European Union - 27 countries (AT, BE, BG, CY, CZ, DE, DK, EE, ES, FI, FR, GR, HR, HU, IE, IT, LT, LU, LV, MT, NL, PL, PT, RO, SE, SI, SK)",Madagascar,EDIBLE FRUIT AND NUTS; PEEL OF CITRUS FRUIT OR MELONS,IMPORT,VALUE_IN_EUROS,2005,21204281
ESTAT:DS-045409(1.0),06/02/26 11:00:00,Annual,"European Union - 27 countries (AT, BE, BG, CY, CZ, DE, DK, EE, ES, FI, FR, GR, HR, HU, IE, IT, LT, LU, LV, MT, NL, PL, PT, RO, SE, SI, SK)",Madagascar,EDIBLE FRUIT AND NUTS; PEEL OF CITRUS FRUIT OR MELONS,IMPORT,VALUE_IN_EUROS,2006,24222220
ESTAT:DS-045409(1.0),06/02/26 11:00:00,Annual,"European Union - 27 countries (AT, BE, BG, CY, CZ, DE, DK, EE, ES, FI, FR, GR, HR, HU, IE, IT, LT, LU, LV, MT, NL, PL, PT, RO, SE, SI, SK)",Madagascar,EDIBLE FRUIT AND NUTS; PEEL OF CITRUS FRUIT OR MELONS,IMPORT,VALUE_IN_EUROS,2007,37777435
ESTAT:DS-045409(1.0),06/02/26 11:00:00,Annual,"European Union - 27 countries (AT, BE, BG, CY, CZ, DE, DK, EE, ES, FI, FR, GR, HR, HU, IE, IT, LT, LU, LV, MT, NL, PL, PT, RO, SE, SI, SK)",Madagascar,EDIBLE FRUIT AND NUTS; PEEL OF CITRUS FRUIT OR MELONS,IMPORT,VALUE_IN_EUROS,2008,72655649
ESTAT:DS-045409(1.0),06/02/26 11:00:00,Annual,"European Union - 27 countries (AT, BE, BG, CY, CZ, DE, DK, EE, ES, FI, FR, GR, HR, HU, IE, IT, LT, LU, LV, MT, NL, PL, PT, RO, SE, SI, SK)",Madagascar,EDIBLE FRUIT AND NUTS; PEEL OF CITRUS FRUIT OR MELONS,IMPORT,VALUE_IN_EUROS,2009,17750584
ESTAT:DS-045409(1.0),06/02/26 11:00:00,Annual,"European Union - 27 countries (AT, BE, BG, CY, CZ, DE, DK, EE, ES, FI, FR, GR, HR, HU, IE, IT, LT, LU, LV, MT, NL, PL, PT, RO, SE, SI, SK)",Madagascar,EDIBLE FRUIT AND NUTS; PEEL OF CITRUS FRUIT OR MELONS,IMPORT,VALUE_IN_EUROS,2010,43357077
ESTAT:DS-045409(1.0),06/02/26 11:00:00,Annual,"European Union - 27 countries (AT, BE, BG, CY, CZ, DE, DK, EE, ES, FI, FR, GR, HR, HU, IE, IT, LT, LU, LV, MT, NL, PL, PT, RO, SE, SI, SK)",Madagascar,EDIBLE FRUIT AND NUTS; PEEL OF CITRUS FRUIT OR MELONS,IMPORT,VALUE_IN_EUROS,2011,31918124
ESTAT:DS-045409(1.0),06/02/26 11:00:00,Annual,"European Union - 27 countries (AT, BE, BG, CY, CZ, DE, DK, EE, ES, FI, FR, GR, HR, HU, IE, IT, LT, LU, LV, MT, NL, PL, PT, RO, SE, SI, SK)",Madagascar,EDIBLE FRUIT AND NUTS; PEEL OF CITRUS FRUIT OR MELONS,IMPORT,VALUE_IN_EUROS,2012,25226791
ESTAT:DS-045409(1.0),06/02/26 11:00:00,Annual,"European Union - 27 countries (AT, BE, BG, CY, CZ, DE, DK, EE, ES, FI, FR, GR, HR, HU, IE, IT, LT, LU, LV, MT, NL, PL, PT, RO, SE, SI, SK)",Madagascar,EDIBLE FRUIT AND NUTS; PEEL OF CITRUS FRUIT OR MELONS,IMPORT,VALUE_IN_EUROS,2013,22954046
ESTAT:DS-045409(1.0),06/02/26 11:00:00,Annual,"European Union - 27 countries (AT, BE, BG, CY, CZ, DE, DK, EE, ES, FI, FR, GR, HR, HU, IE, IT, LT, LU, LV, MT, NL, PL, PT, RO, SE, SI, SK)",Madagascar,EDIBLE FRUIT AND NUTS; PEEL OF CITRUS FRUIT OR MELONS,IMPORT,VALUE_IN_EUROS,2014,32362830
ESTAT:DS-045409(1.0),06/02/26 11:00:00,Annual,"European Union - 27 countries (AT, BE, BG, CY, CZ, DE, DK, EE, ES, FI, FR, GR, HR, HU, IE, IT, LT, LU, LV, MT, NL, PL, PT, RO, SE, SI, SK)",Madagascar,EDIBLE FRUIT AND NUTS; PEEL OF CITRUS FRUIT OR MELONS,IMPORT,VALUE_IN_EUROS,2015,26809433
ESTAT:DS-045409(1.0),06/02/26 11:00:00,Annual,"European Union - 27 countries (AT, BE, BG, CY, CZ, DE, DK, EE, ES, FI, FR, GR, HR, HU, IE, IT, LT, LU, LV, MT, NL, PL, PT, RO, SE, SI, SK)",Madagascar,EDIBLE FRUIT AND NUTS; PEEL OF CITRUS FRUIT OR MELONS,IMPORT,VALUE_IN_EUROS,2016,30679275
ESTAT:DS-045409(1.0),06/02/26 11:00:00,Annual,"European Union - 27 countries (AT, BE, BG, CY, CZ, DE, DK, EE, ES, FI, FR, GR, HR, HU, IE, IT, LT, LU, LV, MT, NL, PL, PT, RO, SE, SI, SK)",Madagascar,EDIBLE FRUIT AND NUTS; PEEL OF CITRUS FRUIT OR MELONS,IMPORT,VALUE_IN_EUROS,2017,33088397
ESTAT:DS-045409(1.0),06/02/26 11:00:00,Annual,"European Union - 27 countries (AT, BE, BG, CY, CZ, DE, DK, EE, ES, FI, FR, GR, HR, HU, IE, IT, LT, LU, LV, MT, NL, PL, PT, RO, SE, SI, SK)",Madagascar,EDIBLE FRUIT AND NUTS; PEEL OF CITRUS FRUIT OR MELONS,IMPORT,VALUE_IN_EUROS,2018,34407327
ESTAT:DS-045409(1.0),06/02/26 11:00:00,Annual,"European Union - 27 countries (AT, BE, BG, CY, CZ, DE, DK, EE, ES, FI, FR, GR, HR, HU, IE, IT, LT, LU, LV, MT, NL, PL, PT, RO, SE, SI, SK)",Madagascar,EDIBLE FRUIT AND NUTS; PEEL OF CITRUS FRUIT OR MELONS,IMPORT,VALUE_IN_EUROS,2019,34275507
ESTAT:DS-045409(1.0),06/02/26 11:00:00,Annual,"European Union - 27 countries (AT, BE, BG, CY, CZ, DE, DK, EE, ES, FI, FR, GR, HR, HU, IE, IT, LT, LU, LV, MT, NL, PL, PT, RO, SE, SI, SK)",Madagascar,EDIBLE FRUIT AND NUTS; PEEL OF CITRUS FRUIT OR MELONS,IMPORT,VALUE_IN_EUROS,2020,28129989
ESTAT:DS-045409(1.0),06/02/26 11:00:00,Annual,"European Union - 27 countries (AT, BE, BG, CY, CZ, DE, DK, EE, ES, FI, FR, GR, HR, HU, IE, IT, LT, LU, LV, MT, NL, PL, PT, RO, SE, SI, SK)",Madagascar,EDIBLE FRUIT AND NUTS; PEEL OF CITRUS FRUIT OR MELONS,IMPORT,VALUE_IN_EUROS,2021,32684912
ESTAT:DS-045409(1.0),06/02/26 11:00:00,Annual,"European Union - 27 countries (AT, BE, BG, CY, CZ, DE, DK, EE, ES, FI, FR, GR, HR, HU, IE, IT, LT, LU, LV, MT, NL, PL, PT, RO, SE, SI, SK)",Madagascar,EDIBLE FRUIT AND NUTS; PEEL OF CITRUS FRUIT OR MELONS,IMPORT,VALUE_IN_EUROS,2022,34086588
ESTAT:DS-045409(1.0),06/02/26 11:00:00,Annual,"European Union - 27 countries (AT, BE, BG, CY, CZ, DE, DK, EE, ES, FI, FR, GR, HR, HU, IE, IT, LT, LU, LV, MT, NL, PL, PT, RO, SE, SI, SK)",Madagascar,EDIBLE FRUIT AND NUTS; PEEL OF CITRUS FRUIT OR MELONS,IMPORT,VALUE_IN_EUROS,2023,32650507
ESTAT:DS-045409(1.0),06/02/26 11:00:00,Annual,"European Union - 27 countries (AT, BE, BG, CY, CZ, DE, DK, EE, ES, FI, FR, GR, HR, HU, IE, IT, LT, LU, LV, MT, NL, PL, PT, RO, SE, SI, SK)",Madagascar,EDIBLE FRUIT AND NUTS; PEEL OF CITRUS FRUIT OR MELONS,IMPORT,VALUE_IN_EUROS,2024,33746003
ESTAT:DS-045409(1.0),06/02/26 11:00:00,Annual,"European Union - 27 countries (AT, BE, BG, CY, CZ, DE, DK, EE, ES, FI, FR, GR, HR, HU, IE, IT, LT, LU, LV, MT, NL, PL, PT, RO, SE, SI, SK)",Mali,EDIBLE FRUIT AND NUTS; PEEL OF CITRUS FRUIT OR MELONS,IMPORT,VALUE_IN_EUROS,1999,979185
ESTAT:DS-045409(1.0),06/02/26 11:00:00,Annual,"European Union - 27 countries (AT, BE, BG, CY, CZ, DE, DK, EE, ES, FI, FR, GR, HR, HU, IE, IT, LT, LU, LV, MT, NL, PL, PT, RO, SE, SI, SK)",Mali,EDIBLE FRUIT AND NUTS; PEEL OF CITRUS FRUIT OR MELONS,IMPORT,VALUE_IN_EUROS,2000,1679768
ESTAT:DS-045409(1.0),06/02/26 11:00:00,Annual,"European Union - 27 countries (AT, BE, BG, CY, CZ, DE, DK, EE, ES, FI, FR, GR, HR, HU, IE, IT, LT, LU, LV, MT, NL, PL, PT, RO, SE, SI, SK)",Mali,EDIBLE FRUIT AND NUTS; PEEL OF CITRUS FRUIT OR MELONS,IMPORT,VALUE_IN_EUROS,2001,1380754
ESTAT:DS-045409(1.0),06/02/26 11:00:00,Annual,"European Union - 27 countries (AT, BE, BG, CY, CZ, DE, DK, EE, ES, FI, FR, GR, HR, HU, IE, IT, LT, LU, LV, MT, NL, PL, PT, RO, SE, SI, SK)",Mali,EDIBLE FRUIT AND NUTS; PEEL OF CITRUS FRUIT OR MELONS,IMPORT,VALUE_IN_EUROS,2002,1242277
ESTAT:DS-045409(1.0),06/02/26 11:00:00,Annual,"European Union - 27 countries (AT, BE, BG, CY, CZ, DE, DK, EE, ES, FI, FR, GR, HR, HU, IE, IT, LT, LU, LV, MT, NL, PL, PT, RO, SE, SI, SK)",Mali,EDIBLE FRUIT AND NUTS; PEEL OF CITRUS FRUIT OR MELONS,IMPORT,VALUE_IN_EUROS,2003,2277380
ESTAT:DS-045409(1.0),06/02/26 11:00:00,Annual,"European Union - 27 countries (AT, BE, BG, CY, CZ, DE, DK, EE, ES, FI, FR, GR, HR, HU, IE, IT, LT, LU, LV, MT, NL, PL, PT, RO, SE, SI, SK)",Mali,EDIBLE FRUIT AND NUTS; PEEL OF CITRUS FRUIT OR MELONS,IMPORT,VALUE_IN_EUROS,2004,3078093
ESTAT:DS-045409(1.0),06/02/26 11:00:00,Annual,"European Union - 27 countries (AT, BE, BG, CY, CZ, DE, DK, EE, ES, FI, FR, GR, HR, HU, IE, IT, LT, LU, LV, MT, NL, PL, PT, RO, SE, SI, SK)",Mali,EDIBLE FRUIT AND NUTS; PEEL OF CITRUS FRUIT OR MELONS,IMPORT,VALUE_IN_EUROS,2005,3426580
ESTAT:DS-045409(1.0),06/02/26 11:00:00,Annual,"European Union - 27 countries (AT, BE, BG, CY, CZ, DE, DK, EE, ES, FI, FR, GR, HR, HU, IE, IT, LT, LU, LV, MT, NL, PL, PT, RO, SE, SI, SK)",Mali,EDIBLE FRUIT AND NUTS; PEEL OF CITRUS FRUIT OR MELONS,IMPORT,VALUE_IN_EUROS,2006,2581852
ESTAT:DS-045409(1.0),06/02/26 11:00:00,Annual,"European Union - 27 countries (AT, BE, BG, CY, CZ, DE, DK, EE, ES, FI, FR, GR, HR, HU, IE, IT, LT, LU, LV, MT, NL, PL, PT, RO, SE, SI, SK)",Mali,EDIBLE FRUIT AND NUTS; PEEL OF CITRUS FRUIT OR MELONS,IMPORT,VALUE_IN_EUROS,2007,6759026
ESTAT:DS-045409(1.0),06/02/26 11:00:00,Annual,"European Union - 27 countries (AT, BE, BG, CY, CZ, DE, DK, EE, ES, FI, FR, GR, HR, HU, IE, IT, LT, LU, LV, MT, NL, PL, PT, RO, SE, SI, SK)",Mali,EDIBLE FRUIT AND NUTS; PEEL OF CITRUS FRUIT OR MELONS,IMPORT,VALUE_IN_EUROS,2008,6556905
ESTAT:DS-045409(1.0),06/02/26 11:00:00,Annual,"European Union - 27 countries (AT, BE, BG, CY, CZ, DE, DK, EE, ES, FI, FR, GR, HR, HU, IE, IT, LT, LU, LV, MT, NL, PL, PT, RO, SE, SI, SK)",Mali,EDIBLE FRUIT AND NUTS; PEEL OF CITRUS FRUIT OR MELONS,IMPORT,VALUE_IN_EUROS,2009,4173043
ESTAT:DS-045409(1.0),06/02/26 11:00:00,Annual,"European Union - 27 countries (AT, BE, BG, CY, CZ, DE, DK, EE, ES, FI, FR, GR, HR, HU, IE, IT, LT, LU, LV, MT, NL, PL, PT, RO, SE, SI, SK)",Mali,EDIBLE FRUIT AND NUTS; PEEL OF CITRUS FRUIT OR MELONS,IMPORT,VALUE_IN_EUROS,2010,3580964
ESTAT:DS-045409(1.0),06/02/26 11:00:00,Annual,"European Union - 27 countries (AT, BE, BG, CY, CZ, DE, DK, EE, ES, FI, FR, GR, HR, HU, IE, IT, LT, LU, LV, MT, NL, PL, PT, RO, SE, SI, SK)",Mali,EDIBLE FRUIT AND NUTS; PEEL OF CITRUS FRUIT OR MELONS,IMPORT,VALUE_IN_EUROS,2011,2043592
ESTAT:DS-045409(1.0),06/02/26 11:00:00,Annual,"European Union - 27 countries (AT, BE, BG, CY, CZ, DE, DK, EE, ES, FI, FR, GR, HR, HU, IE, IT, LT, LU, LV, MT, NL, PL, PT, RO, SE, SI, SK)",Mali,EDIBLE FRUIT AND NUTS; PEEL OF CITRUS FRUIT OR MELONS,IMPORT,VALUE_IN_EUROS,2012,4451977
ESTAT:DS-045409(1.0),06/02/26 11:00:00,Annual,"European Union - 27 countries (AT, BE, BG, CY, CZ, DE, DK, EE, ES, FI, FR, GR, HR, HU, IE, IT, LT, LU, LV, MT, NL, PL, PT, RO, SE, SI, SK)",Mali,EDIBLE FRUIT AND NUTS; PEEL OF CITRUS FRUIT OR MELONS,IMPORT,VALUE_IN_EUROS,2013,6459469
ESTAT:DS-045409(1.0),06/02/26 11:00:00,Annual,"European Union - 27 countries (AT, BE, BG, CY, CZ, DE, DK, EE, ES, FI, FR, GR, HR, HU, IE, IT, LT, LU, LV, MT, NL, PL, PT, RO, SE, SI, SK)",Mali,EDIBLE FRUIT AND NUTS; PEEL OF CITRUS FRUIT OR MELONS,IMPORT,VALUE_IN_EUROS,2014,4432393
ESTAT:DS-045409(1.0),06/02/26 11:00:00,Annual,"European Union - 27 countries (AT, BE, BG, CY, CZ, DE, DK, EE, ES, FI, FR, GR, HR, HU, IE, IT, LT, LU, LV, MT, NL, PL, PT, RO, SE, SI, SK)",Mali,EDIBLE FRUIT AND NUTS; PEEL OF CITRUS FRUIT OR MELONS,IMPORT,VALUE_IN_EUROS,2015,8039461
ESTAT:DS-045409(1.0),06/02/26 11:00:00,Annual,"European Union - 27 countries (AT, BE, BG, CY, CZ, DE, DK, EE, ES, FI, FR, GR, HR, HU, IE, IT, LT, LU, LV, MT, NL, PL, PT, RO, SE, SI, SK)",Mali,EDIBLE FRUIT AND NUTS; PEEL OF CITRUS FRUIT OR MELONS,IMPORT,VALUE_IN_EUROS,2016,8345804
ESTAT:DS-045409(1.0),06/02/26 11:00:00,Annual,"European Union - 27 countries (AT, BE, BG, CY, CZ, DE, DK, EE, ES, FI, FR, GR, HR, HU, IE, IT, LT, LU, LV, MT, NL, PL, PT, RO, SE, SI, SK)",Mali,EDIBLE FRUIT AND NUTS; PEEL OF CITRUS FRUIT OR MELONS,IMPORT,VALUE_IN_EUROS,2017,4892310
ESTAT:DS-045409(1.0),06/02/26 11:00:00,Annual,"European Union - 27 countries (AT, BE, BG, CY, CZ, DE, DK, EE, ES, FI, FR, GR, HR, HU, IE, IT, LT, LU, LV, MT, NL, PL, PT, RO, SE, SI, SK)",Mali,EDIBLE FRUIT AND NUTS; PEEL OF CITRUS FRUIT OR MELONS,IMPORT,VALUE_IN_EUROS,2018,7173163
ESTAT:DS-045409(1.0),06/02/26 11:00:00,Annual,"European Union - 27 countries (AT, BE, BG, CY, CZ, DE, DK, EE, ES, FI, FR, GR, HR, HU, IE, IT, LT, LU, LV, MT, NL, PL, PT, RO, SE, SI, SK)",Mali,EDIBLE FRUIT AND NUTS; PEEL OF CITRUS FRUIT OR MELONS,IMPORT,VALUE_IN_EUROS,2019,9629351
ESTAT:DS-045409(1.0),06/02/26 11:00:00,Annual,"European Union - 27 countries (AT, BE, BG, CY, CZ, DE, DK, EE, ES, FI, FR, GR, HR, HU, IE, IT, LT, LU, LV, MT, NL, PL, PT, RO, SE, SI, SK)",Mali,EDIBLE FRUIT AND NUTS; PEEL OF CITRUS FRUIT OR MELONS,IMPORT,VALUE_IN_EUROS,2020,9106062
ESTAT:DS-045409(1.0),06/02/26 11:00:00,Annual,"European Union - 27 countries (AT, BE, BG, CY, CZ, DE, DK, EE, ES, FI, FR, GR, HR, HU, IE, IT, LT, LU, LV, MT, NL, PL, PT, RO, SE, SI, SK)",Mali,EDIBLE FRUIT AND NUTS; PEEL OF CITRUS FRUIT OR MELONS,IMPORT,VALUE_IN_EUROS,2021,5434341
ESTAT:DS-045409(1.0),06/02/26 11:00:00,Annual,"European Union - 27 countries (AT, BE, BG, CY, CZ, DE, DK, EE, ES, FI, FR, GR, HR, HU, IE, IT, LT, LU, LV, MT, NL, PL, PT, RO, SE, SI, SK)",Mali,EDIBLE FRUIT AND NUTS; PEEL OF CITRUS FRUIT OR MELONS,IMPORT,VALUE_IN_EUROS,2022,7589603
ESTAT:DS-045409(1.0),06/02/26 11:00:00,Annual,"European Union - 27 countries (AT, BE, BG, CY, CZ, DE, DK, EE, ES, FI, FR, GR, HR, HU, IE, IT, LT, LU, LV, MT, NL, PL, PT, RO, SE, SI, SK)",Mali,EDIBLE FRUIT AND NUTS; PEEL OF CITRUS FRUIT OR MELONS,IMPORT,VALUE_IN_EUROS,2023,7299550
ESTAT:DS-045409(1.0),06/02/26 11:00:00,Annual,"European Union - 27 countries (AT, BE, BG, CY, CZ, DE, DK, EE, ES, FI, FR, GR, HR, HU, IE, IT, LT, LU, LV, MT, NL, PL, PT, RO, SE, SI, SK)",Mali,EDIBLE FRUIT AND NUTS; PEEL OF CITRUS FRUIT OR MELONS,IMPORT,VALUE_IN_EUROS,2024,7921019
ESTAT:DS-045409(1.0),06/02/26 11:00:00,Annual,"European Union - 27 countries (AT, BE, BG, CY, CZ, DE, DK, EE, ES, FI, FR, GR, HR, HU, IE, IT, LT, LU, LV, MT, NL, PL, PT, RO, SE, SI, SK)",Mauritania (incl. Spanish Sahara from 1977),EDIBLE FRUIT AND NUTS; PEEL OF CITRUS FRUIT OR MELONS,IMPORT,VALUE_IN_EUROS,1999,8282
ESTAT:DS-045409(1.0),06/02/26 11:00:00,Annual,"European Union - 27 countries (AT, BE, BG, CY, CZ, DE, DK, EE, ES, FI, FR, GR, HR, HU, IE, IT, LT, LU, LV, MT, NL, PL, PT, RO, SE, SI, SK)",Mauritania (incl. Spanish Sahara from 1977),EDIBLE FRUIT AND NUTS; PEEL OF CITRUS FRUIT OR MELONS,IMPORT,VALUE_IN_EUROS,2000,41541
ESTAT:DS-045409(1.0),06/02/26 11:00:00,Annual,"European Union - 27 countries (AT, BE, BG, CY, CZ, DE, DK, EE, ES, FI, FR, GR, HR, HU, IE, IT, LT, LU, LV, MT, NL, PL, PT, RO, SE, SI, SK)",Mauritania (incl. Spanish Sahara from 1977),EDIBLE FRUIT AND NUTS; PEEL OF CITRUS FRUIT OR MELONS,IMPORT,VALUE_IN_EUROS,2001,12345
ESTAT:DS-045409(1.0),06/02/26 11:00:00,Annual,"European Union - 27 countries (AT, BE, BG, CY, CZ, DE, DK, EE, ES, FI, FR, GR, HR, HU, IE, IT, LT, LU, LV, MT, NL, PL, PT, RO, SE, SI, SK)",Mauritania (incl. Spanish Sahara from 1977),EDIBLE FRUIT AND NUTS; PEEL OF CITRUS FRUIT OR MELONS,IMPORT,VALUE_IN_EUROS,2002,151655
ESTAT:DS-045409(1.0),06/02/26 11:00:00,Annual,"European Union - 27 countries (AT, BE, BG, CY, CZ, DE, DK, EE, ES, FI, FR, GR, HR, HU, IE, IT, LT, LU, LV, MT, NL, PL, PT, RO, SE, SI, SK)",Mauritania (incl. Spanish Sahara from 1977),EDIBLE FRUIT AND NUTS; PEEL OF CITRUS FRUIT OR MELONS,IMPORT,VALUE_IN_EUROS,2003,170838
ESTAT:DS-045409(1.0),06/02/26 11:00:00,Annual,"European Union - 27 countries (AT, BE, BG, CY, CZ, DE, DK, EE, ES, FI, FR, GR, HR, HU, IE, IT, LT, LU, LV, MT, NL, PL, PT, RO, SE, SI, SK)",Mauritania (incl. Spanish Sahara from 1977),EDIBLE FRUIT AND NUTS; PEEL OF CITRUS FRUIT OR MELONS,IMPORT,VALUE_IN_EUROS,2004,49309
ESTAT:DS-045409(1.0),06/02/26 11:00:00,Annual,"European Union - 27 countries (AT, BE, BG, CY, CZ, DE, DK, EE, ES, FI, FR, GR, HR, HU, IE, IT, LT, LU, LV, MT, NL, PL, PT, RO, SE, SI, SK)",Mauritania (incl. Spanish Sahara from 1977),EDIBLE FRUIT AND NUTS; PEEL OF CITRUS FRUIT OR MELONS,IMPORT,VALUE_IN_EUROS,2005,68885
ESTAT:DS-045409(1.0),06/02/26 11:00:00,Annual,"European Union - 27 countries (AT, BE, BG, CY, CZ, DE, DK, EE, ES, FI, FR, GR, HR, HU, IE, IT, LT, LU, LV, MT, NL, PL, PT, RO, SE, SI, SK)",Mauritania (incl. Spanish Sahara from 1977),EDIBLE FRUIT AND NUTS; PEEL OF CITRUS FRUIT OR MELONS,IMPORT,VALUE_IN_EUROS,2006,122711
ESTAT:DS-045409(1.0),06/02/26 11:00:00,Annual,"European Union - 27 countries (AT, BE, BG, CY, CZ, DE, DK, EE, ES, FI, FR, GR, HR, HU, IE, IT, LT, LU, LV, MT, NL, PL, PT, RO, SE, SI, SK)",Mauritania (incl. Spanish Sahara from 1977),EDIBLE FRUIT AND NUTS; PEEL OF CITRUS FRUIT OR MELONS,IMPORT,VALUE_IN_EUROS,2007,140835
ESTAT:DS-045409(1.0),06/02/26 11:00:00,Annual,"European Union - 27 countries (AT, BE, BG, CY, CZ, DE, DK, EE, ES, FI, FR, GR, HR, HU, IE, IT, LT, LU, LV, MT, NL, PL, PT, RO, SE, SI, SK)",Mauritania (incl. Spanish Sahara from 1977),EDIBLE FRUIT AND NUTS; PEEL OF CITRUS FRUIT OR MELONS,IMPORT,VALUE_IN_EUROS,2008,13079
ESTAT:DS-045409(1.0),06/02/26 11:00:00,Annual,"European Union - 27 countries (AT, BE, BG, CY, CZ, DE, DK, EE, ES, FI, FR, GR, HR, HU, IE, IT, LT, LU, LV, MT, NL, PL, PT, RO, SE, SI, SK)",Mauritania (incl. Spanish Sahara from 1977),EDIBLE FRUIT AND NUTS; PEEL OF CITRUS FRUIT OR MELONS,IMPORT,VALUE_IN_EUROS,2009,6596
ESTAT:DS-045409(1.0),06/02/26 11:00:00,Annual,"European Union - 27 countries (AT, BE, BG, CY, CZ, DE, DK, EE, ES, FI, FR, GR, HR, HU, IE, IT, LT, LU, LV, MT, NL, PL, PT, RO, SE, SI, SK)",Mauritania (incl. Spanish Sahara from 1977),EDIBLE FRUIT AND NUTS; PEEL OF CITRUS FRUIT OR MELONS,IMPORT,VALUE_IN_EUROS,2010,5193
ESTAT:DS-045409(1.0),06/02/26 11:00:00,Annual,"European Union - 27 countries (AT, BE, BG, CY, CZ, DE, DK, EE, ES, FI, FR, GR, HR, HU, IE, IT, LT, LU, LV, MT, NL, PL, PT, RO, SE, SI, SK)",Mauritania (incl. Spanish Sahara from 1977),EDIBLE FRUIT AND NUTS; PEEL OF CITRUS FRUIT OR MELONS,IMPORT,VALUE_IN_EUROS,2011,244
ESTAT:DS-045409(1.0),06/02/26 11:00:00,Annual,"European Union - 27 countries (AT, BE, BG, CY, CZ, DE, DK, EE, ES, FI, FR, GR, HR, HU, IE, IT, LT, LU, LV, MT, NL, PL, PT, RO, SE, SI, SK)",Mauritania (incl. Spanish Sahara from 1977),EDIBLE FRUIT AND NUTS; PEEL OF CITRUS FRUIT OR MELONS,IMPORT,VALUE_IN_EUROS,2012,47
ESTAT:DS-045409(1.0),06/02/26 11:00:00,Annual,"European Union - 27 countries (AT, BE, BG, CY, CZ, DE, DK, EE, ES, FI, FR, GR, HR, HU, IE, IT, LT, LU, LV, MT, NL, PL, PT, RO, SE, SI, SK)",Mauritania (incl. Spanish Sahara from 1977),EDIBLE FRUIT AND NUTS; PEEL OF CITRUS FRUIT OR MELONS,IMPORT,VALUE_IN_EUROS,2013,2273
ESTAT:DS-045409(1.0),06/02/26 11:00:00,Annual,"European Union - 27 countries (AT, BE, BG, CY, CZ, DE, DK, EE, ES, FI, FR, GR, HR, HU, IE, IT, LT, LU, LV, MT, NL, PL, PT, RO, SE, SI, SK)",Mauritania (incl. Spanish Sahara from 1977),EDIBLE FRUIT AND NUTS; PEEL OF CITRUS FRUIT OR MELONS,IMPORT,VALUE_IN_EUROS,2014,609379
ESTAT:DS-045409(1.0),06/02/26 11:00:00,Annual,"European Union - 27 countries (AT, BE, BG, CY, CZ, DE, DK, EE, ES, FI, FR, GR, HR, HU, IE, IT, LT, LU, LV, MT, NL, PL, PT, RO, SE, SI, SK)",Mauritania (incl. Spanish Sahara from 1977),EDIBLE FRUIT AND NUTS; PEEL OF CITRUS FRUIT OR MELONS,IMPORT,VALUE_IN_EUROS,2015,952263
ESTAT:DS-045409(1.0),06/02/26 11:00:00,Annual,"European Union - 27 countries (AT, BE, BG, CY, CZ, DE, DK, EE, ES, FI, FR, GR, HR, HU, IE, IT, LT, LU, LV, MT, NL, PL, PT, RO, SE, SI, SK)",Mauritania (incl. Spanish Sahara from 1977),EDIBLE FRUIT AND NUTS; PEEL OF CITRUS FRUIT OR MELONS,IMPORT,VALUE_IN_EUROS,2016,214532
ESTAT:DS-045409(1.0),06/02/26 11:00:00,Annual,"European Union - 27 countries (AT, BE, BG, CY, CZ, DE, DK, EE, ES, FI, FR, GR, HR, HU, IE, IT, LT, LU, LV, MT, NL, PL, PT, RO, SE, SI, SK)",Mauritania (incl. Spanish Sahara from 1977),EDIBLE FRUIT AND NUTS; PEEL OF CITRUS FRUIT OR MELONS,IMPORT,VALUE_IN_EUROS,2017,21815
ESTAT:DS-045409(1.0),06/02/26 11:00:00,Annual,"European Union - 27 countries (AT, BE, BG, CY, CZ, DE, DK, EE, ES, FI, FR, GR, HR, HU, IE, IT, LT, LU, LV, MT, NL, PL, PT, RO, SE, SI, SK)",Mauritania (incl. Spanish Sahara from 1977),EDIBLE FRUIT AND NUTS; PEEL OF CITRUS FRUIT OR MELONS,IMPORT,VALUE_IN_EUROS,2018,124661
ESTAT:DS-045409(1.0),06/02/26 11:00:00,Annual,"European Union - 27 countries (AT, BE, BG, CY, CZ, DE, DK, EE, ES, FI, FR, GR, HR, HU, IE, IT, LT, LU, LV, MT, NL, PL, PT, RO, SE, SI, SK)",Mauritania (incl. Spanish Sahara from 1977),EDIBLE FRUIT AND NUTS; PEEL OF CITRUS FRUIT OR MELONS,IMPORT,VALUE_IN_EUROS,2019,728327
ESTAT:DS-045409(1.0),06/02/26 11:00:00,Annual,"European Union - 27 countries (AT, BE, BG, CY, CZ, DE, DK, EE, ES, FI, FR, GR, HR, HU, IE, IT, LT, LU, LV, MT, NL, PL, PT, RO, SE, SI, SK)",Mauritania (incl. Spanish Sahara from 1977),EDIBLE FRUIT AND NUTS; PEEL OF CITRUS FRUIT OR MELONS,IMPORT,VALUE_IN_EUROS,2020,347783
ESTAT:DS-045409(1.0),06/02/26 11:00:00,Annual,"European Union - 27 countries (AT, BE, BG, CY, CZ, DE, DK, EE, ES, FI, FR, GR, HR, HU, IE, IT, LT, LU, LV, MT, NL, PL, PT, RO, SE, SI, SK)",Mauritania (incl. Spanish Sahara from 1977),EDIBLE FRUIT AND NUTS; PEEL OF CITRUS FRUIT OR MELONS,IMPORT,VALUE_IN_EUROS,2021,476479
ESTAT:DS-045409(1.0),06/02/26 11:00:00,Annual,"European Union - 27 countries (AT, BE, BG, CY, CZ, DE, DK, EE, ES, FI, FR, GR, HR, HU, IE, IT, LT, LU, LV, MT, NL, PL, PT, RO, SE, SI, SK)",Mauritania (incl. Spanish Sahara from 1977),EDIBLE FRUIT AND NUTS; PEEL OF CITRUS FRUIT OR MELONS,IMPORT,VALUE_IN_EUROS,2022,4368907
ESTAT:DS-045409(1.0),06/02/26 11:00:00,Annual,"European Union - 27 countries (AT, BE, BG, CY, CZ, DE, DK, EE, ES, FI, FR, GR, HR, HU, IE, IT, LT, LU, LV, MT, NL, PL, PT, RO, SE, SI, SK)",Mauritania (incl. Spanish Sahara from 1977),EDIBLE FRUIT AND NUTS; PEEL OF CITRUS FRUIT OR MELONS,IMPORT,VALUE_IN_EUROS,2023,45798917
ESTAT:DS-045409(1.0),06/02/26 11:00:00,Annual,"European Union - 27 countries (AT, BE, BG, CY, CZ, DE, DK, EE, ES, FI, FR, GR, HR, HU, IE, IT, LT, LU, LV, MT, NL, PL, PT, RO, SE, SI, SK)",Mauritania (incl. Spanish Sahara from 1977),EDIBLE FRUIT AND NUTS; PEEL OF CITRUS FRUIT OR MELONS,IMPORT,VALUE_IN_EUROS,2024,25681319
ESTAT:DS-045409(1.0),06/02/26 11:00:00,Annual,"European Union - 27 countries (AT, BE, BG, CY, CZ, DE, DK, EE, ES, FI, FR, GR, HR, HU, IE, IT, LT, LU, LV, MT, NL, PL, PT, RO, SE, SI, SK)",Mauritius,EDIBLE FRUIT AND NUTS; PEEL OF CITRUS FRUIT OR MELONS,IMPORT,VALUE_IN_EUROS,1999,1536182
ESTAT:DS-045409(1.0),06/02/26 11:00:00,Annual,"European Union - 27 countries (AT, BE, BG, CY, CZ, DE, DK, EE, ES, FI, FR, GR, HR, HU, IE, IT, LT, LU, LV, MT, NL, PL, PT, RO, SE, SI, SK)",Mauritius,EDIBLE FRUIT AND NUTS; PEEL OF CITRUS FRUIT OR MELONS,IMPORT,VALUE_IN_EUROS,2000,986369
ESTAT:DS-045409(1.0),06/02/26 11:00:00,Annual,"European Union - 27 countries (AT, BE, BG, CY, CZ, DE, DK, EE, ES, FI, FR, GR, HR, HU, IE, IT, LT, LU, LV, MT, NL, PL, PT, RO, SE, SI, SK)",Mauritius,EDIBLE FRUIT AND NUTS; PEEL OF CITRUS FRUIT OR MELONS,IMPORT,VALUE_IN_EUROS,2001,1487912
ESTAT:DS-045409(1.0),06/02/26 11:00:00,Annual,"European Union - 27 countries (AT, BE, BG, CY, CZ, DE, DK, EE, ES, FI, FR, GR, HR, HU, IE, IT, LT, LU, LV, MT, NL, PL, PT, RO, SE, SI, SK)",Mauritius,EDIBLE FRUIT AND NUTS; PEEL OF CITRUS FRUIT OR MELONS,IMPORT,VALUE_IN_EUROS,2002,1490817
ESTAT:DS-045409(1.0),06/02/26 11:00:00,Annual,"European Union - 27 countries (AT, BE, BG, CY, CZ, DE, DK, EE, ES, FI, FR, GR, HR, HU, IE, IT, LT, LU, LV, MT, NL, PL, PT, RO, SE, SI, SK)",Mauritius,EDIBLE FRUIT AND NUTS; PEEL OF CITRUS FRUIT OR MELONS,IMPORT,VALUE_IN_EUROS,2003,1400369
ESTAT:DS-045409(1.0),06/02/26 11:00:00,Annual,"European Union - 27 countries (AT, BE, BG, CY, CZ, DE, DK, EE, ES, FI, FR, GR, HR, HU, IE, IT, LT, LU, LV, MT, NL, PL, PT, RO, SE, SI, SK)",Mauritius,EDIBLE FRUIT AND NUTS; PEEL OF CITRUS FRUIT OR MELONS,IMPORT,VALUE_IN_EUROS,2004,1193535
ESTAT:DS-045409(1.0),06/02/26 11:00:00,Annual,"European Union - 27 countries (AT, BE, BG, CY, CZ, DE, DK, EE, ES, FI, FR, GR, HR, HU, IE, IT, LT, LU, LV, MT, NL, PL, PT, RO, SE, SI, SK)",Mauritius,EDIBLE FRUIT AND NUTS; PEEL OF CITRUS FRUIT OR MELONS,IMPORT,VALUE_IN_EUROS,2005,1515795
ESTAT:DS-045409(1.0),06/02/26 11:00:00,Annual,"European Union - 27 countries (AT, BE, BG, CY, CZ, DE, DK, EE, ES, FI, FR, GR, HR, HU, IE, IT, LT, LU, LV, MT, NL, PL, PT, RO, SE, SI, SK)",Mauritius,EDIBLE FRUIT AND NUTS; PEEL OF CITRUS FRUIT OR MELONS,IMPORT,VALUE_IN_EUROS,2006,1412326
ESTAT:DS-045409(1.0),06/02/26 11:00:00,Annual,"European Union - 27 countries (AT, BE, BG, CY, CZ, DE, DK, EE, ES, FI, FR, GR, HR, HU, IE, IT, LT, LU, LV, MT, NL, PL, PT, RO, SE, SI, SK)",Mauritius,EDIBLE FRUIT AND NUTS; PEEL OF CITRUS FRUIT OR MELONS,IMPORT,VALUE_IN_EUROS,2007,2229992
ESTAT:DS-045409(1.0),06/02/26 11:00:00,Annual,"European Union - 27 countries (AT, BE, BG, CY, CZ, DE, DK, EE, ES, FI, FR, GR, HR, HU, IE, IT, LT, LU, LV, MT, NL, PL, PT, RO, SE, SI, SK)",Mauritius,EDIBLE FRUIT AND NUTS; PEEL OF CITRUS FRUIT OR MELONS,IMPORT,VALUE_IN_EUROS,2008,2327641
ESTAT:DS-045409(1.0),06/02/26 11:00:00,Annual,"European Union - 27 countries (AT, BE, BG, CY, CZ, DE, DK, EE, ES, FI, FR, GR, HR, HU, IE, IT, LT, LU, LV, MT, NL, PL, PT, RO, SE, SI, SK)",Mauritius,EDIBLE FRUIT AND NUTS; PEEL OF CITRUS FRUIT OR MELONS,IMPORT,VALUE_IN_EUROS,2009,2035874
ESTAT:DS-045409(1.0),06/02/26 11:00:00,Annual,"European Union - 27 countries (AT, BE, BG, CY, CZ, DE, DK, EE, ES, FI, FR, GR, HR, HU, IE, IT, LT, LU, LV, MT, NL, PL, PT, RO, SE, SI, SK)",Mauritius,EDIBLE FRUIT AND NUTS; PEEL OF CITRUS FRUIT OR MELONS,IMPORT,VALUE_IN_EUROS,2010,2880987
ESTAT:DS-045409(1.0),06/02/26 11:00:00,Annual,"European Union - 27 countries (AT, BE, BG, CY, CZ, DE, DK, EE, ES, FI, FR, GR, HR, HU, IE, IT, LT, LU, LV, MT, NL, PL, PT, RO, SE, SI, SK)",Mauritius,EDIBLE FRUIT AND NUTS; PEEL OF CITRUS FRUIT OR MELONS,IMPORT,VALUE_IN_EUROS,2011,3108979
ESTAT:DS-045409(1.0),06/02/26 11:00:00,Annual,"European Union - 27 countries (AT, BE, BG, CY, CZ, DE, DK, EE, ES, FI, FR, GR, HR, HU, IE, IT, LT, LU, LV, MT, NL, PL, PT, RO, SE, SI, SK)",Mauritius,EDIBLE FRUIT AND NUTS; PEEL OF CITRUS FRUIT OR MELONS,IMPORT,VALUE_IN_EUROS,2012,4642095
ESTAT:DS-045409(1.0),06/02/26 11:00:00,Annual,"European Union - 27 countries (AT, BE, BG, CY, CZ, DE, DK, EE, ES, FI, FR, GR, HR, HU, IE, IT, LT, LU, LV, MT, NL, PL, PT, RO, SE, SI, SK)",Mauritius,EDIBLE FRUIT AND NUTS; PEEL OF CITRUS FRUIT OR MELONS,IMPORT,VALUE_IN_EUROS,2013,4237343
ESTAT:DS-045409(1.0),06/02/26 11:00:00,Annual,"European Union - 27 countries (AT, BE, BG, CY, CZ, DE, DK, EE, ES, FI, FR, GR, HR, HU, IE, IT, LT, LU, LV, MT, NL, PL, PT, RO, SE, SI, SK)",Mauritius,EDIBLE FRUIT AND NUTS; PEEL OF CITRUS FRUIT OR MELONS,IMPORT,VALUE_IN_EUROS,2014,4608470
ESTAT:DS-045409(1.0),06/02/26 11:00:00,Annual,"European Union - 27 countries (AT, BE, BG, CY, CZ, DE, DK, EE, ES, FI, FR, GR, HR, HU, IE, IT, LT, LU, LV, MT, NL, PL, PT, RO, SE, SI, SK)",Mauritius,EDIBLE FRUIT AND NUTS; PEEL OF CITRUS FRUIT OR MELONS,IMPORT,VALUE_IN_EUROS,2015,4723179
ESTAT:DS-045409(1.0),06/02/26 11:00:00,Annual,"European Union - 27 countries (AT, BE, BG, CY, CZ, DE, DK, EE, ES, FI, FR, GR, HR, HU, IE, IT, LT, LU, LV, MT, NL, PL, PT, RO, SE, SI, SK)",Mauritius,EDIBLE FRUIT AND NUTS; PEEL OF CITRUS FRUIT OR MELONS,IMPORT,VALUE_IN_EUROS,2016,4840672
ESTAT:DS-045409(1.0),06/02/26 11:00:00,Annual,"European Union - 27 countries (AT, BE, BG, CY, CZ, DE, DK, EE, ES, FI, FR, GR, HR, HU, IE, IT, LT, LU, LV, MT, NL, PL, PT, RO, SE, SI, SK)",Mauritius,EDIBLE FRUIT AND NUTS; PEEL OF CITRUS FRUIT OR MELONS,IMPORT,VALUE_IN_EUROS,2017,5087097
ESTAT:DS-045409(1.0),06/02/26 11:00:00,Annual,"European Union - 27 countries (AT, BE, BG, CY, CZ, DE, DK, EE, ES, FI, FR, GR, HR, HU, IE, IT, LT, LU, LV, MT, NL, PL, PT, RO, SE, SI, SK)",Mauritius,EDIBLE FRUIT AND NUTS; PEEL OF CITRUS FRUIT OR MELONS,IMPORT,VALUE_IN_EUROS,2018,5363413
ESTAT:DS-045409(1.0),06/02/26 11:00:00,Annual,"European Union - 27 countries (AT, BE, BG, CY, CZ, DE, DK, EE, ES, FI, FR, GR, HR, HU, IE, IT, LT, LU, LV, MT, NL, PL, PT, RO, SE, SI, SK)",Mauritius,EDIBLE FRUIT AND NUTS; PEEL OF CITRUS FRUIT OR MELONS,IMPORT,VALUE_IN_EUROS,2019,8878378
ESTAT:DS-045409(1.0),06/02/26 11:00:00,Annual,"European Union - 27 countries (AT, BE, BG, CY, CZ, DE, DK, EE, ES, FI, FR, GR, HR, HU, IE, IT, LT, LU, LV, MT, NL, PL, PT, RO, SE, SI, SK)",Mauritius,EDIBLE FRUIT AND NUTS; PEEL OF CITRUS FRUIT OR MELONS,IMPORT,VALUE_IN_EUROS,2020,3644484
ESTAT:DS-045409(1.0),06/02/26 11:00:00,Annual,"European Union - 27 countries (AT, BE, BG, CY, CZ, DE, DK, EE, ES, FI, FR, GR, HR, HU, IE, IT, LT, LU, LV, MT, NL, PL, PT, RO, SE, SI, SK)",Mauritius,EDIBLE FRUIT AND NUTS; PEEL OF CITRUS FRUIT OR MELONS,IMPORT,VALUE_IN_EUROS,2021,5182258
ESTAT:DS-045409(1.0),06/02/26 11:00:00,Annual,"European Union - 27 countries (AT, BE, BG, CY, CZ, DE, DK, EE, ES, FI, FR, GR, HR, HU, IE, IT, LT, LU, LV, MT, NL, PL, PT, RO, SE, SI, SK)",Mauritius,EDIBLE FRUIT AND NUTS; PEEL OF CITRUS FRUIT OR MELONS,IMPORT,VALUE_IN_EUROS,2022,4293135
ESTAT:DS-045409(1.0),06/02/26 11:00:00,Annual,"European Union - 27 countries (AT, BE, BG, CY, CZ, DE, DK, EE, ES, FI, FR, GR, HR, HU, IE, IT, LT, LU, LV, MT, NL, PL, PT, RO, SE, SI, SK)",Mauritius,EDIBLE FRUIT AND NUTS; PEEL OF CITRUS FRUIT OR MELONS,IMPORT,VALUE_IN_EUROS,2023,3736567
ESTAT:DS-045409(1.0),06/02/26 11:00:00,Annual,"European Union - 27 countries (AT, BE, BG, CY, CZ, DE, DK, EE, ES, FI, FR, GR, HR, HU, IE, IT, LT, LU, LV, MT, NL, PL, PT, RO, SE, SI, SK)",Mauritius,EDIBLE FRUIT AND NUTS; PEEL OF CITRUS FRUIT OR MELONS,IMPORT,VALUE_IN_EUROS,2024,3801521
ESTAT:DS-045409(1.0),06/02/26 11:00:00,Annual,"European Union - 27 countries (AT, BE, BG, CY, CZ, DE, DK, EE, ES, FI, FR, GR, HR, HU, IE, IT, LT, LU, LV, MT, NL, PL, PT, RO, SE, SI, SK)",Malawi,EDIBLE FRUIT AND NUTS; PEEL OF CITRUS FRUIT OR MELONS,IMPORT,VALUE_IN_EUROS,1999,28671
ESTAT:DS-045409(1.0),06/02/26 11:00:00,Annual,"European Union - 27 countries (AT, BE, BG, CY, CZ, DE, DK, EE, ES, FI, FR, GR, HR, HU, IE, IT, LT, LU, LV, MT, NL, PL, PT, RO, SE, SI, SK)",Malawi,EDIBLE FRUIT AND NUTS; PEEL OF CITRUS FRUIT OR MELONS,IMPORT,VALUE_IN_EUROS,2000,454150
ESTAT:DS-045409(1.0),06/02/26 11:00:00,Annual,"European Union - 27 countries (AT, BE, BG, CY, CZ, DE, DK, EE, ES, FI, FR, GR, HR, HU, IE, IT, LT, LU, LV, MT, NL, PL, PT, RO, SE, SI, SK)",Malawi,EDIBLE FRUIT AND NUTS; PEEL OF CITRUS FRUIT OR MELONS,IMPORT,VALUE_IN_EUROS,2001,641702
ESTAT:DS-045409(1.0),06/02/26 11:00:00,Annual,"European Union - 27 countries (AT, BE, BG, CY, CZ, DE, DK, EE, ES, FI, FR, GR, HR, HU, IE, IT, LT, LU, LV, MT, NL, PL, PT, RO, SE, SI, SK)",Malawi,EDIBLE FRUIT AND NUTS; PEEL OF CITRUS FRUIT OR MELONS,IMPORT,VALUE_IN_EUROS,2002,305718
ESTAT:DS-045409(1.0),06/02/26 11:00:00,Annual,"European Union - 27 countries (AT, BE, BG, CY, CZ, DE, DK, EE, ES, FI, FR, GR, HR, HU, IE, IT, LT, LU, LV, MT, NL, PL, PT, RO, SE, SI, SK)",Malawi,EDIBLE FRUIT AND NUTS; PEEL OF CITRUS FRUIT OR MELONS,IMPORT,VALUE_IN_EUROS,2003,989567
ESTAT:DS-045409(1.0),06/02/26 11:00:00,Annual,"European Union - 27 countries (AT, BE, BG, CY, CZ, DE, DK, EE, ES, FI, FR, GR, HR, HU, IE, IT, LT, LU, LV, MT, NL, PL, PT, RO, SE, SI, SK)",Malawi,EDIBLE FRUIT AND NUTS; PEEL OF CITRUS FRUIT OR MELONS,IMPORT,VALUE_IN_EUROS,2004,1159256
ESTAT:DS-045409(1.0),06/02/26 11:00:00,Annual,"European Union - 27 countries (AT, BE, BG, CY, CZ, DE, DK, EE, ES, FI, FR, GR, HR, HU, IE, IT, LT, LU, LV, MT, NL, PL, PT, RO, SE, SI, SK)",Malawi,EDIBLE FRUIT AND NUTS; PEEL OF CITRUS FRUIT OR MELONS,IMPORT,VALUE_IN_EUROS,2005,2308543
ESTAT:DS-045409(1.0),06/02/26 11:00:00,Annual,"European Union - 27 countries (AT, BE, BG, CY, CZ, DE, DK, EE, ES, FI, FR, GR, HR, HU, IE, IT, LT, LU, LV, MT, NL, PL, PT, RO, SE, SI, SK)",Malawi,EDIBLE FRUIT AND NUTS; PEEL OF CITRUS FRUIT OR MELONS,IMPORT,VALUE_IN_EUROS,2006,1416216
ESTAT:DS-045409(1.0),06/02/26 11:00:00,Annual,"European Union - 27 countries (AT, BE, BG, CY, CZ, DE, DK, EE, ES, FI, FR, GR, HR, HU, IE, IT, LT, LU, LV, MT, NL, PL, PT, RO, SE, SI, SK)",Malawi,EDIBLE FRUIT AND NUTS; PEEL OF CITRUS FRUIT OR MELONS,IMPORT,VALUE_IN_EUROS,2007,542755
ESTAT:DS-045409(1.0),06/02/26 11:00:00,Annual,"European Union - 27 countries (AT, BE, BG, CY, CZ, DE, DK, EE, ES, FI, FR, GR, HR, HU, IE, IT, LT, LU, LV, MT, NL, PL, PT, RO, SE, SI, SK)",Malawi,EDIBLE FRUIT AND NUTS; PEEL OF CITRUS FRUIT OR MELONS,IMPORT,VALUE_IN_EUROS,2008,1879849
ESTAT:DS-045409(1.0),06/02/26 11:00:00,Annual,"European Union - 27 countries (AT, BE, BG, CY, CZ, DE, DK, EE, ES, FI, FR, GR, HR, HU, IE, IT, LT, LU, LV, MT, NL, PL, PT, RO, SE, SI, SK)",Malawi,EDIBLE FRUIT AND NUTS; PEEL OF CITRUS FRUIT OR MELONS,IMPORT,VALUE_IN_EUROS,2009,1460660
ESTAT:DS-045409(1.0),06/02/26 11:00:00,Annual,"European Union - 27 countries (AT, BE, BG, CY, CZ, DE, DK, EE, ES, FI, FR, GR, HR, HU, IE, IT, LT, LU, LV, MT, NL, PL, PT, RO, SE, SI, SK)",Malawi,EDIBLE FRUIT AND NUTS; PEEL OF CITRUS FRUIT OR MELONS,IMPORT,VALUE_IN_EUROS,2010,2153329
ESTAT:DS-045409(1.0),06/02/26 11:00:00,Annual,"European Union - 27 countries (AT, BE, BG, CY, CZ, DE, DK, EE, ES, FI, FR, GR, HR, HU, IE, IT, LT, LU, LV, MT, NL, PL, PT, RO, SE, SI, SK)",Malawi,EDIBLE FRUIT AND NUTS; PEEL OF CITRUS FRUIT OR MELONS,IMPORT,VALUE_IN_EUROS,2011,3370039
ESTAT:DS-045409(1.0),06/02/26 11:00:00,Annual,"European Union - 27 countries (AT, BE, BG, CY, CZ, DE, DK, EE, ES, FI, FR, GR, HR, HU, IE, IT, LT, LU, LV, MT, NL, PL, PT, RO, SE, SI, SK)",Malawi,EDIBLE FRUIT AND NUTS; PEEL OF CITRUS FRUIT OR MELONS,IMPORT,VALUE_IN_EUROS,2012,2282050
ESTAT:DS-045409(1.0),06/02/26 11:00:00,Annual,"European Union - 27 countries (AT, BE, BG, CY, CZ, DE, DK, EE, ES, FI, FR, GR, HR, HU, IE, IT, LT, LU, LV, MT, NL, PL, PT, RO, SE, SI, SK)",Malawi,EDIBLE FRUIT AND NUTS; PEEL OF CITRUS FRUIT OR MELONS,IMPORT,VALUE_IN_EUROS,2013,1089096
ESTAT:DS-045409(1.0),06/02/26 11:00:00,Annual,"European Union - 27 countries (AT, BE, BG, CY, CZ, DE, DK, EE, ES, FI, FR, GR, HR, HU, IE, IT, LT, LU, LV, MT, NL, PL, PT, RO, SE, SI, SK)",Malawi,EDIBLE FRUIT AND NUTS; PEEL OF CITRUS FRUIT OR MELONS,IMPORT,VALUE_IN_EUROS,2014,2737084
ESTAT:DS-045409(1.0),06/02/26 11:00:00,Annual,"European Union - 27 countries (AT, BE, BG, CY, CZ, DE, DK, EE, ES, FI, FR, GR, HR, HU, IE, IT, LT, LU, LV, MT, NL, PL, PT, RO, SE, SI, SK)",Malawi,EDIBLE FRUIT AND NUTS; PEEL OF CITRUS FRUIT OR MELONS,IMPORT,VALUE_IN_EUROS,2015,4380741
ESTAT:DS-045409(1.0),06/02/26 11:00:00,Annual,"European Union - 27 countries (AT, BE, BG, CY, CZ, DE, DK, EE, ES, FI, FR, GR, HR, HU, IE, IT, LT, LU, LV, MT, NL, PL, PT, RO, SE, SI, SK)",Malawi,EDIBLE FRUIT AND NUTS; PEEL OF CITRUS FRUIT OR MELONS,IMPORT,VALUE_IN_EUROS,2016,5312379
ESTAT:DS-045409(1.0),06/02/26 11:00:00,Annual,"European Union - 27 countries (AT, BE, BG, CY, CZ, DE, DK, EE, ES, FI, FR, GR, HR, HU, IE, IT, LT, LU, LV, MT, NL, PL, PT, RO, SE, SI, SK)",Malawi,EDIBLE FRUIT AND NUTS; PEEL OF CITRUS FRUIT OR MELONS,IMPORT,VALUE_IN_EUROS,2017,5240183
ESTAT:DS-045409(1.0),06/02/26 11:00:00,Annual,"European Union - 27 countries (AT, BE, BG, CY, CZ, DE, DK, EE, ES, FI, FR, GR, HR, HU, IE, IT, LT, LU, LV, MT, NL, PL, PT, RO, SE, SI, SK)",Malawi,EDIBLE FRUIT AND NUTS; PEEL OF CITRUS FRUIT OR MELONS,IMPORT,VALUE_IN_EUROS,2018,7709896
ESTAT:DS-045409(1.0),06/02/26 11:00:00,Annual,"European Union - 27 countries (AT, BE, BG, CY, CZ, DE, DK, EE, ES, FI, FR, GR, HR, HU, IE, IT, LT, LU, LV, MT, NL, PL, PT, RO, SE, SI, SK)",Malawi,EDIBLE FRUIT AND NUTS; PEEL OF CITRUS FRUIT OR MELONS,IMPORT,VALUE_IN_EUROS,2019,9547504
ESTAT:DS-045409(1.0),06/02/26 11:00:00,Annual,"European Union - 27 countries (AT, BE, BG, CY, CZ, DE, DK, EE, ES, FI, FR, GR, HR, HU, IE, IT, LT, LU, LV, MT, NL, PL, PT, RO, SE, SI, SK)",Malawi,EDIBLE FRUIT AND NUTS; PEEL OF CITRUS FRUIT OR MELONS,IMPORT,VALUE_IN_EUROS,2020,6113653
ESTAT:DS-045409(1.0),06/02/26 11:00:00,Annual,"European Union - 27 countries (AT, BE, BG, CY, CZ, DE, DK, EE, ES, FI, FR, GR, HR, HU, IE, IT, LT, LU, LV, MT, NL, PL, PT, RO, SE, SI, SK)",Malawi,EDIBLE FRUIT AND NUTS; PEEL OF CITRUS FRUIT OR MELONS,IMPORT,VALUE_IN_EUROS,2021,8061750
ESTAT:DS-045409(1.0),06/02/26 11:00:00,Annual,"European Union - 27 countries (AT, BE, BG, CY, CZ, DE, DK, EE, ES, FI, FR, GR, HR, HU, IE, IT, LT, LU, LV, MT, NL, PL, PT, RO, SE, SI, SK)",Malawi,EDIBLE FRUIT AND NUTS; PEEL OF CITRUS FRUIT OR MELONS,IMPORT,VALUE_IN_EUROS,2022,6069651
ESTAT:DS-045409(1.0),06/02/26 11:00:00,Annual,"European Union - 27 countries (AT, BE, BG, CY, CZ, DE, DK, EE, ES, FI, FR, GR, HR, HU, IE, IT, LT, LU, LV, MT, NL, PL, PT, RO, SE, SI, SK)",Malawi,EDIBLE FRUIT AND NUTS; PEEL OF CITRUS FRUIT OR MELONS,IMPORT,VALUE_IN_EUROS,2023,3571215
ESTAT:DS-045409(1.0),06/02/26 11:00:00,Annual,"European Union - 27 countries (AT, BE, BG, CY, CZ, DE, DK, EE, ES, FI, FR, GR, HR, HU, IE, IT, LT, LU, LV, MT, NL, PL, PT, RO, SE, SI, SK)",Malawi,EDIBLE FRUIT AND NUTS; PEEL OF CITRUS FRUIT OR MELONS,IMPORT,VALUE_IN_EUROS,2024,5171565
ESTAT:DS-045409(1.0),06/02/26 11:00:00,Annual,"European Union - 27 countries (AT, BE, BG, CY, CZ, DE, DK, EE, ES, FI, FR, GR, HR, HU, IE, IT, LT, LU, LV, MT, NL, PL, PT, RO, SE, SI, SK)",Mozambique,EDIBLE FRUIT AND NUTS; PEEL OF CITRUS FRUIT OR MELONS,IMPORT,VALUE_IN_EUROS,1999,2435772
ESTAT:DS-045409(1.0),06/02/26 11:00:00,Annual,"European Union - 27 countries (AT, BE, BG, CY, CZ, DE, DK, EE, ES, FI, FR, GR, HR, HU, IE, IT, LT, LU, LV, MT, NL, PL, PT, RO, SE, SI, SK)",Mozambique,EDIBLE FRUIT AND NUTS; PEEL OF CITRUS FRUIT OR MELONS,IMPORT,VALUE_IN_EUROS,2000,939932
ESTAT:DS-045409(1.0),06/02/26 11:00:00,Annual,"European Union - 27 countries (AT, BE, BG, CY, CZ, DE, DK, EE, ES, FI, FR, GR, HR, HU, IE, IT, LT, LU, LV, MT, NL, PL, PT, RO, SE, SI, SK)",Mozambique,EDIBLE FRUIT AND NUTS; PEEL OF CITRUS FRUIT OR MELONS,IMPORT,VALUE_IN_EUROS,2001,504459
ESTAT:DS-045409(1.0),06/02/26 11:00:00,Annual,"European Union - 27 countries (AT, BE, BG, CY, CZ, DE, DK, EE, ES, FI, FR, GR, HR, HU, IE, IT, LT, LU, LV, MT, NL, PL, PT, RO, SE, SI, SK)",Mozambique,EDIBLE FRUIT AND NUTS; PEEL OF CITRUS FRUIT OR MELONS,IMPORT,VALUE_IN_EUROS,2002,29248
ESTAT:DS-045409(1.0),06/02/26 11:00:00,Annual,"European Union - 27 countries (AT, BE, BG, CY, CZ, DE, DK, EE, ES, FI, FR, GR, HR, HU, IE, IT, LT, LU, LV, MT, NL, PL, PT, RO, SE, SI, SK)",Mozambique,EDIBLE FRUIT AND NUTS; PEEL OF CITRUS FRUIT OR MELONS,IMPORT,VALUE_IN_EUROS,2003,221106
ESTAT:DS-045409(1.0),06/02/26 11:00:00,Annual,"European Union - 27 countries (AT, BE, BG, CY, CZ, DE, DK, EE, ES, FI, FR, GR, HR, HU, IE, IT, LT, LU, LV, MT, NL, PL, PT, RO, SE, SI, SK)",Mozambique,EDIBLE FRUIT AND NUTS; PEEL OF CITRUS FRUIT OR MELONS,IMPORT,VALUE_IN_EUROS,2004,884440
ESTAT:DS-045409(1.0),06/02/26 11:00:00,Annual,"European Union - 27 countries (AT, BE, BG, CY, CZ, DE, DK, EE, ES, FI, FR, GR, HR, HU, IE, IT, LT, LU, LV, MT, NL, PL, PT, RO, SE, SI, SK)",Mozambique,EDIBLE FRUIT AND NUTS; PEEL OF CITRUS FRUIT OR MELONS,IMPORT,VALUE_IN_EUROS,2005,3159658
ESTAT:DS-045409(1.0),06/02/26 11:00:00,Annual,"European Union - 27 countries (AT, BE, BG, CY, CZ, DE, DK, EE, ES, FI, FR, GR, HR, HU, IE, IT, LT, LU, LV, MT, NL, PL, PT, RO, SE, SI, SK)",Mozambique,EDIBLE FRUIT AND NUTS; PEEL OF CITRUS FRUIT OR MELONS,IMPORT,VALUE_IN_EUROS,2006,3978039
ESTAT:DS-045409(1.0),06/02/26 11:00:00,Annual,"European Union - 27 countries (AT, BE, BG, CY, CZ, DE, DK, EE, ES, FI, FR, GR, HR, HU, IE, IT, LT, LU, LV, MT, NL, PL, PT, RO, SE, SI, SK)",Mozambique,EDIBLE FRUIT AND NUTS; PEEL OF CITRUS FRUIT OR MELONS,IMPORT,VALUE_IN_EUROS,2007,6146194
ESTAT:DS-045409(1.0),06/02/26 11:00:00,Annual,"European Union - 27 countries (AT, BE, BG, CY, CZ, DE, DK, EE, ES, FI, FR, GR, HR, HU, IE, IT, LT, LU, LV, MT, NL, PL, PT, RO, SE, SI, SK)",Mozambique,EDIBLE FRUIT AND NUTS; PEEL OF CITRUS FRUIT OR MELONS,IMPORT,VALUE_IN_EUROS,2008,6974783
ESTAT:DS-045409(1.0),06/02/26 11:00:00,Annual,"European Union - 27 countries (AT, BE, BG, CY, CZ, DE, DK, EE, ES, FI, FR, GR, HR, HU, IE, IT, LT, LU, LV, MT, NL, PL, PT, RO, SE, SI, SK)",Mozambique,EDIBLE FRUIT AND NUTS; PEEL OF CITRUS FRUIT OR MELONS,IMPORT,VALUE_IN_EUROS,2009,9383633
ESTAT:DS-045409(1.0),06/02/26 11:00:00,Annual,"European Union - 27 countries (AT, BE, BG, CY, CZ, DE, DK, EE, ES, FI, FR, GR, HR, HU, IE, IT, LT, LU, LV, MT, NL, PL, PT, RO, SE, SI, SK)",Mozambique,EDIBLE FRUIT AND NUTS; PEEL OF CITRUS FRUIT OR MELONS,IMPORT,VALUE_IN_EUROS,2010,4220611
ESTAT:DS-045409(1.0),06/02/26 11:00:00,Annual,"European Union - 27 countries (AT, BE, BG, CY, CZ, DE, DK, EE, ES, FI, FR, GR, HR, HU, IE, IT, LT, LU, LV, MT, NL, PL, PT, RO, SE, SI, SK)",Mozambique,EDIBLE FRUIT AND NUTS; PEEL OF CITRUS FRUIT OR MELONS,IMPORT,VALUE_IN_EUROS,2011,4960006
ESTAT:DS-045409(1.0),06/02/26 11:00:00,Annual,"European Union - 27 countries (AT, BE, BG, CY, CZ, DE, DK, EE, ES, FI, FR, GR, HR, HU, IE, IT, LT, LU, LV, MT, NL, PL, PT, RO, SE, SI, SK)",Mozambique,EDIBLE FRUIT AND NUTS; PEEL OF CITRUS FRUIT OR MELONS,IMPORT,VALUE_IN_EUROS,2012,4807071
ESTAT:DS-045409(1.0),06/02/26 11:00:00,Annual,"European Union - 27 countries (AT, BE, BG, CY, CZ, DE, DK, EE, ES, FI, FR, GR, HR, HU, IE, IT, LT, LU, LV, MT, NL, PL, PT, RO, SE, SI, SK)",Mozambique,EDIBLE FRUIT AND NUTS; PEEL OF CITRUS FRUIT OR MELONS,IMPORT,VALUE_IN_EUROS,2013,881632
ESTAT:DS-045409(1.0),06/02/26 11:00:00,Annual,"European Union - 27 countries (AT, BE, BG, CY, CZ, DE, DK, EE, ES, FI, FR, GR, HR, HU, IE, IT, LT, LU, LV, MT, NL, PL, PT, RO, SE, SI, SK)",Mozambique,EDIBLE FRUIT AND NUTS; PEEL OF CITRUS FRUIT OR MELONS,IMPORT,VALUE_IN_EUROS,2014,4256037
ESTAT:DS-045409(1.0),06/02/26 11:00:00,Annual,"European Union - 27 countries (AT, BE, BG, CY, CZ, DE, DK, EE, ES, FI, FR, GR, HR, HU, IE, IT, LT, LU, LV, MT, NL, PL, PT, RO, SE, SI, SK)",Mozambique,EDIBLE FRUIT AND NUTS; PEEL OF CITRUS FRUIT OR MELONS,IMPORT,VALUE_IN_EUROS,2015,4996990
ESTAT:DS-045409(1.0),06/02/26 11:00:00,Annual,"European Union - 27 countries (AT, BE, BG, CY, CZ, DE, DK, EE, ES, FI, FR, GR, HR, HU, IE, IT, LT, LU, LV, MT, NL, PL, PT, RO, SE, SI, SK)",Mozambique,EDIBLE FRUIT AND NUTS; PEEL OF CITRUS FRUIT OR MELONS,IMPORT,VALUE_IN_EUROS,2016,11502956
ESTAT:DS-045409(1.0),06/02/26 11:00:00,Annual,"European Union - 27 countries (AT, BE, BG, CY, CZ, DE, DK, EE, ES, FI, FR, GR, HR, HU, IE, IT, LT, LU, LV, MT, NL, PL, PT, RO, SE, SI, SK)",Mozambique,EDIBLE FRUIT AND NUTS; PEEL OF CITRUS FRUIT OR MELONS,IMPORT,VALUE_IN_EUROS,2017,7060181
ESTAT:DS-045409(1.0),06/02/26 11:00:00,Annual,"European Union - 27 countries (AT, BE, BG, CY, CZ, DE, DK, EE, ES, FI, FR, GR, HR, HU, IE, IT, LT, LU, LV, MT, NL, PL, PT, RO, SE, SI, SK)",Mozambique,EDIBLE FRUIT AND NUTS; PEEL OF CITRUS FRUIT OR MELONS,IMPORT,VALUE_IN_EUROS,2018,11299427
ESTAT:DS-045409(1.0),06/02/26 11:00:00,Annual,"European Union - 27 countries (AT, BE, BG, CY, CZ, DE, DK, EE, ES, FI, FR, GR, HR, HU, IE, IT, LT, LU, LV, MT, NL, PL, PT, RO, SE, SI, SK)",Mozambique,EDIBLE FRUIT AND NUTS; PEEL OF CITRUS FRUIT OR MELONS,IMPORT,VALUE_IN_EUROS,2019,14639334
ESTAT:DS-045409(1.0),06/02/26 11:00:00,Annual,"European Union - 27 countries (AT, BE, BG, CY, CZ, DE, DK, EE, ES, FI, FR, GR, HR, HU, IE, IT, LT, LU, LV, MT, NL, PL, PT, RO, SE, SI, SK)",Mozambique,EDIBLE FRUIT AND NUTS; PEEL OF CITRUS FRUIT OR MELONS,IMPORT,VALUE_IN_EUROS,2020,11376099
ESTAT:DS-045409(1.0),06/02/26 11:00:00,Annual,"European Union - 27 countries (AT, BE, BG, CY, CZ, DE, DK, EE, ES, FI, FR, GR, HR, HU, IE, IT, LT, LU, LV, MT, NL, PL, PT, RO, SE, SI, SK)",Mozambique,EDIBLE FRUIT AND NUTS; PEEL OF CITRUS FRUIT OR MELONS,IMPORT,VALUE_IN_EUROS,2021,10363218
ESTAT:DS-045409(1.0),06/02/26 11:00:00,Annual,"European Union - 27 countries (AT, BE, BG, CY, CZ, DE, DK, EE, ES, FI, FR, GR, HR, HU, IE, IT, LT, LU, LV, MT, NL, PL, PT, RO, SE, SI, SK)",Mozambique,EDIBLE FRUIT AND NUTS; PEEL OF CITRUS FRUIT OR MELONS,IMPORT,VALUE_IN_EUROS,2022,9408263
ESTAT:DS-045409(1.0),06/02/26 11:00:00,Annual,"European Union - 27 countries (AT, BE, BG, CY, CZ, DE, DK, EE, ES, FI, FR, GR, HR, HU, IE, IT, LT, LU, LV, MT, NL, PL, PT, RO, SE, SI, SK)",Mozambique,EDIBLE FRUIT AND NUTS; PEEL OF CITRUS FRUIT OR MELONS,IMPORT,VALUE_IN_EUROS,2023,19658960
ESTAT:DS-045409(1.0),06/02/26 11:00:00,Annual,"European Union - 27 countries (AT, BE, BG, CY, CZ, DE, DK, EE, ES, FI, FR, GR, HR, HU, IE, IT, LT, LU, LV, MT, NL, PL, PT, RO, SE, SI, SK)",Mozambique,EDIBLE FRUIT AND NUTS; PEEL OF CITRUS FRUIT OR MELONS,IMPORT,VALUE_IN_EUROS,2024,12480215
ESTAT:DS-045409(1.0),06/02/26 11:00:00,Annual,"European Union - 27 countries (AT, BE, BG, CY, CZ, DE, DK, EE, ES, FI, FR, GR, HR, HU, IE, IT, LT, LU, LV, MT, NL, PL, PT, RO, SE, SI, SK)",Namibia,EDIBLE FRUIT AND NUTS; PEEL OF CITRUS FRUIT OR MELONS,IMPORT,VALUE_IN_EUROS,1999,2423282
ESTAT:DS-045409(1.0),06/02/26 11:00:00,Annual,"European Union - 27 countries (AT, BE, BG, CY, CZ, DE, DK, EE, ES, FI, FR, GR, HR, HU, IE, IT, LT, LU, LV, MT, NL, PL, PT, RO, SE, SI, SK)",Namibia,EDIBLE FRUIT AND NUTS; PEEL OF CITRUS FRUIT OR MELONS,IMPORT,VALUE_IN_EUROS,2000,2609551
ESTAT:DS-045409(1.0),06/02/26 11:00:00,Annual,"European Union - 27 countries (AT, BE, BG, CY, CZ, DE, DK, EE, ES, FI, FR, GR, HR, HU, IE, IT, LT, LU, LV, MT, NL, PL, PT, RO, SE, SI, SK)",Namibia,EDIBLE FRUIT AND NUTS; PEEL OF CITRUS FRUIT OR MELONS,IMPORT,VALUE_IN_EUROS,2001,2276648
ESTAT:DS-045409(1.0),06/02/26 11:00:00,Annual,"European Union - 27 countries (AT, BE, BG, CY, CZ, DE, DK, EE, ES, FI, FR, GR, HR, HU, IE, IT, LT, LU, LV, MT, NL, PL, PT, RO, SE, SI, SK)",Namibia,EDIBLE FRUIT AND NUTS; PEEL OF CITRUS FRUIT OR MELONS,IMPORT,VALUE_IN_EUROS,2002,8536005
ESTAT:DS-045409(1.0),06/02/26 11:00:00,Annual,"European Union - 27 countries (AT, BE, BG, CY, CZ, DE, DK, EE, ES, FI, FR, GR, HR, HU, IE, IT, LT, LU, LV, MT, NL, PL, PT, RO, SE, SI, SK)",Namibia,EDIBLE FRUIT AND NUTS; PEEL OF CITRUS FRUIT OR MELONS,IMPORT,VALUE_IN_EUROS,2003,8494493
ESTAT:DS-045409(1.0),06/02/26 11:00:00,Annual,"European Union - 27 countries (AT, BE, BG, CY, CZ, DE, DK, EE, ES, FI, FR, GR, HR, HU, IE, IT, LT, LU, LV, MT, NL, PL, PT, RO, SE, SI, SK)",Namibia,EDIBLE FRUIT AND NUTS; PEEL OF CITRUS FRUIT OR MELONS,IMPORT,VALUE_IN_EUROS,2004,9177086
ESTAT:DS-045409(1.0),06/02/26 11:00:00,Annual,"European Union - 27 countries (AT, BE, BG, CY, CZ, DE, DK, EE, ES, FI, FR, GR, HR, HU, IE, IT, LT, LU, LV, MT, NL, PL, PT, RO, SE, SI, SK)",Namibia,EDIBLE FRUIT AND NUTS; PEEL OF CITRUS FRUIT OR MELONS,IMPORT,VALUE_IN_EUROS,2005,16597694
ESTAT:DS-045409(1.0),06/02/26 11:00:00,Annual,"European Union - 27 countries (AT, BE, BG, CY, CZ, DE, DK, EE, ES, FI, FR, GR, HR, HU, IE, IT, LT, LU, LV, MT, NL, PL, PT, RO, SE, SI, SK)",Namibia,EDIBLE FRUIT AND NUTS; PEEL OF CITRUS FRUIT OR MELONS,IMPORT,VALUE_IN_EUROS,2006,22172382
ESTAT:DS-045409(1.0),06/02/26 11:00:00,Annual,"European Union - 27 countries (AT, BE, BG, CY, CZ, DE, DK, EE, ES, FI, FR, GR, HR, HU, IE, IT, LT, LU, LV, MT, NL, PL, PT, RO, SE, SI, SK)",Namibia,EDIBLE FRUIT AND NUTS; PEEL OF CITRUS FRUIT OR MELONS,IMPORT,VALUE_IN_EUROS,2007,16947019
ESTAT:DS-045409(1.0),06/02/26 11:00:00,Annual,"European Union - 27 countries (AT, BE, BG, CY, CZ, DE, DK, EE, ES, FI, FR, GR, HR, HU, IE, IT, LT, LU, LV, MT, NL, PL, PT, RO, SE, SI, SK)",Namibia,EDIBLE FRUIT AND NUTS; PEEL OF CITRUS FRUIT OR MELONS,IMPORT,VALUE_IN_EUROS,2008,29579274
ESTAT:DS-045409(1.0),06/02/26 11:00:00,Annual,"European Union - 27 countries (AT, BE, BG, CY, CZ, DE, DK, EE, ES, FI, FR, GR, HR, HU, IE, IT, LT, LU, LV, MT, NL, PL, PT, RO, SE, SI, SK)",Namibia,EDIBLE FRUIT AND NUTS; PEEL OF CITRUS FRUIT OR MELONS,IMPORT,VALUE_IN_EUROS,2009,26164240
ESTAT:DS-045409(1.0),06/02/26 11:00:00,Annual,"European Union - 27 countries (AT, BE, BG, CY, CZ, DE, DK, EE, ES, FI, FR, GR, HR, HU, IE, IT, LT, LU, LV, MT, NL, PL, PT, RO, SE, SI, SK)",Namibia,EDIBLE FRUIT AND NUTS; PEEL OF CITRUS FRUIT OR MELONS,IMPORT,VALUE_IN_EUROS,2010,32516868
ESTAT:DS-045409(1.0),06/02/26 11:00:00,Annual,"European Union - 27 countries (AT, BE, BG, CY, CZ, DE, DK, EE, ES, FI, FR, GR, HR, HU, IE, IT, LT, LU, LV, MT, NL, PL, PT, RO, SE, SI, SK)",Namibia,EDIBLE FRUIT AND NUTS; PEEL OF CITRUS FRUIT OR MELONS,IMPORT,VALUE_IN_EUROS,2011,20125784
ESTAT:DS-045409(1.0),06/02/26 11:00:00,Annual,"European Union - 27 countries (AT, BE, BG, CY, CZ, DE, DK, EE, ES, FI, FR, GR, HR, HU, IE, IT, LT, LU, LV, MT, NL, PL, PT, RO, SE, SI, SK)",Namibia,EDIBLE FRUIT AND NUTS; PEEL OF CITRUS FRUIT OR MELONS,IMPORT,VALUE_IN_EUROS,2012,22567592
ESTAT:DS-045409(1.0),06/02/26 11:00:00,Annual,"European Union - 27 countries (AT, BE, BG, CY, CZ, DE, DK, EE, ES, FI, FR, GR, HR, HU, IE, IT, LT, LU, LV, MT, NL, PL, PT, RO, SE, SI, SK)",Namibia,EDIBLE FRUIT AND NUTS; PEEL OF CITRUS FRUIT OR MELONS,IMPORT,VALUE_IN_EUROS,2013,34451396
ESTAT:DS-045409(1.0),06/02/26 11:00:00,Annual,"European Union - 27 countries (AT, BE, BG, CY, CZ, DE, DK, EE, ES, FI, FR, GR, HR, HU, IE, IT, LT, LU, LV, MT, NL, PL, PT, RO, SE, SI, SK)",Namibia,EDIBLE FRUIT AND NUTS; PEEL OF CITRUS FRUIT OR MELONS,IMPORT,VALUE_IN_EUROS,2014,43544229
ESTAT:DS-045409(1.0),06/02/26 11:00:00,Annual,"European Union - 27 countries (AT, BE, BG, CY, CZ, DE, DK, EE, ES, FI, FR, GR, HR, HU, IE, IT, LT, LU, LV, MT, NL, PL, PT, RO, SE, SI, SK)",Namibia,EDIBLE FRUIT AND NUTS; PEEL OF CITRUS FRUIT OR MELONS,IMPORT,VALUE_IN_EUROS,2015,35625566
ESTAT:DS-045409(1.0),06/02/26 11:00:00,Annual,"European Union - 27 countries (AT, BE, BG, CY, CZ, DE, DK, EE, ES, FI, FR, GR, HR, HU, IE, IT, LT, LU, LV, MT, NL, PL, PT, RO, SE, SI, SK)",Namibia,EDIBLE FRUIT AND NUTS; PEEL OF CITRUS FRUIT OR MELONS,IMPORT,VALUE_IN_EUROS,2016,39280926
ESTAT:DS-045409(1.0),06/02/26 11:00:00,Annual,"European Union - 27 countries (AT, BE, BG, CY, CZ, DE, DK, EE, ES, FI, FR, GR, HR, HU, IE, IT, LT, LU, LV, MT, NL, PL, PT, RO, SE, SI, SK)",Namibia,EDIBLE FRUIT AND NUTS; PEEL OF CITRUS FRUIT OR MELONS,IMPORT,VALUE_IN_EUROS,2017,32606409
ESTAT:DS-045409(1.0),06/02/26 11:00:00,Annual,"European Union - 27 countries (AT, BE, BG, CY, CZ, DE, DK, EE, ES, FI, FR, GR, HR, HU, IE, IT, LT, LU, LV, MT, NL, PL, PT, RO, SE, SI, SK)",Namibia,EDIBLE FRUIT AND NUTS; PEEL OF CITRUS FRUIT OR MELONS,IMPORT,VALUE_IN_EUROS,2018,48564236
ESTAT:DS-045409(1.0),06/02/26 11:00:00,Annual,"European Union - 27 countries (AT, BE, BG, CY, CZ, DE, DK, EE, ES, FI, FR, GR, HR, HU, IE, IT, LT, LU, LV, MT, NL, PL, PT, RO, SE, SI, SK)",Namibia,EDIBLE FRUIT AND NUTS; PEEL OF CITRUS FRUIT OR MELONS,IMPORT,VALUE_IN_EUROS,2019,53932901
ESTAT:DS-045409(1.0),06/02/26 11:00:00,Annual,"European Union - 27 countries (AT, BE, BG, CY, CZ, DE, DK, EE, ES, FI, FR, GR, HR, HU, IE, IT, LT, LU, LV, MT, NL, PL, PT, RO, SE, SI, SK)",Namibia,EDIBLE FRUIT AND NUTS; PEEL OF CITRUS FRUIT OR MELONS,IMPORT,VALUE_IN_EUROS,2020,35904664
ESTAT:DS-045409(1.0),06/02/26 11:00:00,Annual,"European Union - 27 countries (AT, BE, BG, CY, CZ, DE, DK, EE, ES, FI, FR, GR, HR, HU, IE, IT, LT, LU, LV, MT, NL, PL, PT, RO, SE, SI, SK)",Namibia,EDIBLE FRUIT AND NUTS; PEEL OF CITRUS FRUIT OR MELONS,IMPORT,VALUE_IN_EUROS,2021,45511846
ESTAT:DS-045409(1.0),06/02/26 11:00:00,Annual,"European Union - 27 countries (AT, BE, BG, CY, CZ, DE, DK, EE, ES, FI, FR, GR, HR, HU, IE, IT, LT, LU, LV, MT, NL, PL, PT, RO, SE, SI, SK)",Namibia,EDIBLE FRUIT AND NUTS; PEEL OF CITRUS FRUIT OR MELONS,IMPORT,VALUE_IN_EUROS,2022,41843370
ESTAT:DS-045409(1.0),06/02/26 11:00:00,Annual,"European Union - 27 countries (AT, BE, BG, CY, CZ, DE, DK, EE, ES, FI, FR, GR, HR, HU, IE, IT, LT, LU, LV, MT, NL, PL, PT, RO, SE, SI, SK)",Namibia,EDIBLE FRUIT AND NUTS; PEEL OF CITRUS FRUIT OR MELONS,IMPORT,VALUE_IN_EUROS,2023,46409452
ESTAT:DS-045409(1.0),06/02/26 11:00:00,Annual,"European Union - 27 countries (AT, BE, BG, CY, CZ, DE, DK, EE, ES, FI, FR, GR, HR, HU, IE, IT, LT, LU, LV, MT, NL, PL, PT, RO, SE, SI, SK)",Namibia,EDIBLE FRUIT AND NUTS; PEEL OF CITRUS FRUIT OR MELONS,IMPORT,VALUE_IN_EUROS,2024,52073728
ESTAT:DS-045409(1.0),06/02/26 11:00:00,Annual,"European Union - 27 countries (AT, BE, BG, CY, CZ, DE, DK, EE, ES, FI, FR, GR, HR, HU, IE, IT, LT, LU, LV, MT, NL, PL, PT, RO, SE, SI, SK)",Niger,EDIBLE FRUIT AND NUTS; PEEL OF CITRUS FRUIT OR MELONS,IMPORT,VALUE_IN_EUROS,1999,882
ESTAT:DS-045409(1.0),06/02/26 11:00:00,Annual,"European Union - 27 countries (AT, BE, BG, CY, CZ, DE, DK, EE, ES, FI, FR, GR, HR, HU, IE, IT, LT, LU, LV, MT, NL, PL, PT, RO, SE, SI, SK)",Niger,EDIBLE FRUIT AND NUTS; PEEL OF CITRUS FRUIT OR MELONS,IMPORT,VALUE_IN_EUROS,2000,12484
ESTAT:DS-045409(1.0),06/02/26 11:00:00,Annual,"European Union - 27 countries (AT, BE, BG, CY, CZ, DE, DK, EE, ES, FI, FR, GR, HR, HU, IE, IT, LT, LU, LV, MT, NL, PL, PT, RO, SE, SI, SK)",Niger,EDIBLE FRUIT AND NUTS; PEEL OF CITRUS FRUIT OR MELONS,IMPORT,VALUE_IN_EUROS,2001,35
ESTAT:DS-045409(1.0),06/02/26 11:00:00,Annual,"European Union - 27 countries (AT, BE, BG, CY, CZ, DE, DK, EE, ES, FI, FR, GR, HR, HU, IE, IT, LT, LU, LV, MT, NL, PL, PT, RO, SE, SI, SK)",Niger,EDIBLE FRUIT AND NUTS; PEEL OF CITRUS FRUIT OR MELONS,IMPORT,VALUE_IN_EUROS,2002,25949
ESTAT:DS-045409(1.0),06/02/26 11:00:00,Annual,"European Union - 27 countries (AT, BE, BG, CY, CZ, DE, DK, EE, ES, FI, FR, GR, HR, HU, IE, IT, LT, LU, LV, MT, NL, PL, PT, RO, SE, SI, SK)",Niger,EDIBLE FRUIT AND NUTS; PEEL OF CITRUS FRUIT OR MELONS,IMPORT,VALUE_IN_EUROS,2003,1852
ESTAT:DS-045409(1.0),06/02/26 11:00:00,Annual,"European Union - 27 countries (AT, BE, BG, CY, CZ, DE, DK, EE, ES, FI, FR, GR, HR, HU, IE, IT, LT, LU, LV, MT, NL, PL, PT, RO, SE, SI, SK)",Niger,EDIBLE FRUIT AND NUTS; PEEL OF CITRUS FRUIT OR MELONS,IMPORT,VALUE_IN_EUROS,2004,4650
ESTAT:DS-045409(1.0),06/02/26 11:00:00,Annual,"European Union - 27 countries (AT, BE, BG, CY, CZ, DE, DK, EE, ES, FI, FR, GR, HR, HU, IE, IT, LT, LU, LV, MT, NL, PL, PT, RO, SE, SI, SK)",Niger,EDIBLE FRUIT AND NUTS; PEEL OF CITRUS FRUIT OR MELONS,IMPORT,VALUE_IN_EUROS,2005,8986
ESTAT:DS-045409(1.0),06/02/26 11:00:00,Annual,"European Union - 27 countries (AT, BE, BG, CY, CZ, DE, DK, EE, ES, FI, FR, GR, HR, HU, IE, IT, LT, LU, LV, MT, NL, PL, PT, RO, SE, SI, SK)",Niger,EDIBLE FRUIT AND NUTS; PEEL OF CITRUS FRUIT OR MELONS,IMPORT,VALUE_IN_EUROS,2007,168
ESTAT:DS-045409(1.0),06/02/26 11:00:00,Annual,"European Union - 27 countries (AT, BE, BG, CY, CZ, DE, DK, EE, ES, FI, FR, GR, HR, HU, IE, IT, LT, LU, LV, MT, NL, PL, PT, RO, SE, SI, SK)",Niger,EDIBLE FRUIT AND NUTS; PEEL OF CITRUS FRUIT OR MELONS,IMPORT,VALUE_IN_EUROS,2011,22191
ESTAT:DS-045409(1.0),06/02/26 11:00:00,Annual,"European Union - 27 countries (AT, BE, BG, CY, CZ, DE, DK, EE, ES, FI, FR, GR, HR, HU, IE, IT, LT, LU, LV, MT, NL, PL, PT, RO, SE, SI, SK)",Niger,EDIBLE FRUIT AND NUTS; PEEL OF CITRUS FRUIT OR MELONS,IMPORT,VALUE_IN_EUROS,2013,70989
ESTAT:DS-045409(1.0),06/02/26 11:00:00,Annual,"European Union - 27 countries (AT, BE, BG, CY, CZ, DE, DK, EE, ES, FI, FR, GR, HR, HU, IE, IT, LT, LU, LV, MT, NL, PL, PT, RO, SE, SI, SK)",Niger,EDIBLE FRUIT AND NUTS; PEEL OF CITRUS FRUIT OR MELONS,IMPORT,VALUE_IN_EUROS,2016,23
ESTAT:DS-045409(1.0),06/02/26 11:00:00,Annual,"European Union - 27 countries (AT, BE, BG, CY, CZ, DE, DK, EE, ES, FI, FR, GR, HR, HU, IE, IT, LT, LU, LV, MT, NL, PL, PT, RO, SE, SI, SK)",Niger,EDIBLE FRUIT AND NUTS; PEEL OF CITRUS FRUIT OR MELONS,IMPORT,VALUE_IN_EUROS,2017,79
ESTAT:DS-045409(1.0),06/02/26 11:00:00,Annual,"European Union - 27 countries (AT, BE, BG, CY, CZ, DE, DK, EE, ES, FI, FR, GR, HR, HU, IE, IT, LT, LU, LV, MT, NL, PL, PT, RO, SE, SI, SK)",Niger,EDIBLE FRUIT AND NUTS; PEEL OF CITRUS FRUIT OR MELONS,IMPORT,VALUE_IN_EUROS,2018,47
ESTAT:DS-045409(1.0),06/02/26 11:00:00,Annual,"European Union - 27 countries (AT, BE, BG, CY, CZ, DE, DK, EE, ES, FI, FR, GR, HR, HU, IE, IT, LT, LU, LV, MT, NL, PL, PT, RO, SE, SI, SK)",Niger,EDIBLE FRUIT AND NUTS; PEEL OF CITRUS FRUIT OR MELONS,IMPORT,VALUE_IN_EUROS,2019,49
ESTAT:DS-045409(1.0),06/02/26 11:00:00,Annual,"European Union - 27 countries (AT, BE, BG, CY, CZ, DE, DK, EE, ES, FI, FR, GR, HR, HU, IE, IT, LT, LU, LV, MT, NL, PL, PT, RO, SE, SI, SK)",Niger,EDIBLE FRUIT AND NUTS; PEEL OF CITRUS FRUIT OR MELONS,IMPORT,VALUE_IN_EUROS,2021,95844
ESTAT:DS-045409(1.0),06/02/26 11:00:00,Annual,"European Union - 27 countries (AT, BE, BG, CY, CZ, DE, DK, EE, ES, FI, FR, GR, HR, HU, IE, IT, LT, LU, LV, MT, NL, PL, PT, RO, SE, SI, SK)",Niger,EDIBLE FRUIT AND NUTS; PEEL OF CITRUS FRUIT OR MELONS,IMPORT,VALUE_IN_EUROS,2022,43
ESTAT:DS-045409(1.0),06/02/26 11:00:00,Annual,"European Union - 27 countries (AT, BE, BG, CY, CZ, DE, DK, EE, ES, FI, FR, GR, HR, HU, IE, IT, LT, LU, LV, MT, NL, PL, PT, RO, SE, SI, SK)",Niger,EDIBLE FRUIT AND NUTS; PEEL OF CITRUS FRUIT OR MELONS,IMPORT,VALUE_IN_EUROS,2023,244
ESTAT:DS-045409(1.0),06/02/26 11:00:00,Annual,"European Union - 27 countries (AT, BE, BG, CY, CZ, DE, DK, EE, ES, FI, FR, GR, HR, HU, IE, IT, LT, LU, LV, MT, NL, PL, PT, RO, SE, SI, SK)",Niger,EDIBLE FRUIT AND NUTS; PEEL OF CITRUS FRUIT OR MELONS,IMPORT,VALUE_IN_EUROS,2024,125847
ESTAT:DS-045409(1.0),06/02/26 11:00:00,Annual,"European Union - 27 countries (AT, BE, BG, CY, CZ, DE, DK, EE, ES, FI, FR, GR, HR, HU, IE, IT, LT, LU, LV, MT, NL, PL, PT, RO, SE, SI, SK)",Nigeria,EDIBLE FRUIT AND NUTS; PEEL OF CITRUS FRUIT OR MELONS,IMPORT,VALUE_IN_EUROS,1999,142475
ESTAT:DS-045409(1.0),06/02/26 11:00:00,Annual,"European Union - 27 countries (AT, BE, BG, CY, CZ, DE, DK, EE, ES, FI, FR, GR, HR, HU, IE, IT, LT, LU, LV, MT, NL, PL, PT, RO, SE, SI, SK)",Nigeria,EDIBLE FRUIT AND NUTS; PEEL OF CITRUS FRUIT OR MELONS,IMPORT,VALUE_IN_EUROS,2000,326579
ESTAT:DS-045409(1.0),06/02/26 11:00:00,Annual,"European Union - 27 countries (AT, BE, BG, CY, CZ, DE, DK, EE, ES, FI, FR, GR, HR, HU, IE, IT, LT, LU, LV, MT, NL, PL, PT, RO, SE, SI, SK)",Nigeria,EDIBLE FRUIT AND NUTS; PEEL OF CITRUS FRUIT OR MELONS,IMPORT,VALUE_IN_EUROS,2001,108168
ESTAT:DS-045409(1.0),06/02/26 11:00:00,Annual,"European Union - 27 countries (AT, BE, BG, CY, CZ, DE, DK, EE, ES, FI, FR, GR, HR, HU, IE, IT, LT, LU, LV, MT, NL, PL, PT, RO, SE, SI, SK)",Nigeria,EDIBLE FRUIT AND NUTS; PEEL OF CITRUS FRUIT OR MELONS,IMPORT,VALUE_IN_EUROS,2002,61025
ESTAT:DS-045409(1.0),06/02/26 11:00:00,Annual,"European Union - 27 countries (AT, BE, BG, CY, CZ, DE, DK, EE, ES, FI, FR, GR, HR, HU, IE, IT, LT, LU, LV, MT, NL, PL, PT, RO, SE, SI, SK)",Nigeria,EDIBLE FRUIT AND NUTS; PEEL OF CITRUS FRUIT OR MELONS,IMPORT,VALUE_IN_EUROS,2003,120542
ESTAT:DS-045409(1.0),06/02/26 11:00:00,Annual,"European Union - 27 countries (AT, BE, BG, CY, CZ, DE, DK, EE, ES, FI, FR, GR, HR, HU, IE, IT, LT, LU, LV, MT, NL, PL, PT, RO, SE, SI, SK)",Nigeria,EDIBLE FRUIT AND NUTS; PEEL OF CITRUS FRUIT OR MELONS,IMPORT,VALUE_IN_EUROS,2004,73172
ESTAT:DS-045409(1.0),06/02/26 11:00:00,Annual,"European Union - 27 countries (AT, BE, BG, CY, CZ, DE, DK, EE, ES, FI, FR, GR, HR, HU, IE, IT, LT, LU, LV, MT, NL, PL, PT, RO, SE, SI, SK)",Nigeria,EDIBLE FRUIT AND NUTS; PEEL OF CITRUS FRUIT OR MELONS,IMPORT,VALUE_IN_EUROS,2005,34520
ESTAT:DS-045409(1.0),06/02/26 11:00:00,Annual,"European Union - 27 countries (AT, BE, BG, CY, CZ, DE, DK, EE, ES, FI, FR, GR, HR, HU, IE, IT, LT, LU, LV, MT, NL, PL, PT, RO, SE, SI, SK)",Nigeria,EDIBLE FRUIT AND NUTS; PEEL OF CITRUS FRUIT OR MELONS,IMPORT,VALUE_IN_EUROS,2006,222894
ESTAT:DS-045409(1.0),06/02/26 11:00:00,Annual,"European Union - 27 countries (AT, BE, BG, CY, CZ, DE, DK, EE, ES, FI, FR, GR, HR, HU, IE, IT, LT, LU, LV, MT, NL, PL, PT, RO, SE, SI, SK)",Nigeria,EDIBLE FRUIT AND NUTS; PEEL OF CITRUS FRUIT OR MELONS,IMPORT,VALUE_IN_EUROS,2007,459807
ESTAT:DS-045409(1.0),06/02/26 11:00:00,Annual,"European Union - 27 countries (AT, BE, BG, CY, CZ, DE, DK, EE, ES, FI, FR, GR, HR, HU, IE, IT, LT, LU, LV, MT, NL, PL, PT, RO, SE, SI, SK)",Nigeria,EDIBLE FRUIT AND NUTS; PEEL OF CITRUS FRUIT OR MELONS,IMPORT,VALUE_IN_EUROS,2008,1356656
ESTAT:DS-045409(1.0),06/02/26 11:00:00,Annual,"European Union - 27 countries (AT, BE, BG, CY, CZ, DE, DK, EE, ES, FI, FR, GR, HR, HU, IE, IT, LT, LU, LV, MT, NL, PL, PT, RO, SE, SI, SK)",Nigeria,EDIBLE FRUIT AND NUTS; PEEL OF CITRUS FRUIT OR MELONS,IMPORT,VALUE_IN_EUROS,2009,1638591
ESTAT:DS-045409(1.0),06/02/26 11:00:00,Annual,"European Union - 27 countries (AT, BE, BG, CY, CZ, DE, DK, EE, ES, FI, FR, GR, HR, HU, IE, IT, LT, LU, LV, MT, NL, PL, PT, RO, SE, SI, SK)",Nigeria,EDIBLE FRUIT AND NUTS; PEEL OF CITRUS FRUIT OR MELONS,IMPORT,VALUE_IN_EUROS,2010,636780
ESTAT:DS-045409(1.0),06/02/26 11:00:00,Annual,"European Union - 27 countries (AT, BE, BG, CY, CZ, DE, DK, EE, ES, FI, FR, GR, HR, HU, IE, IT, LT, LU, LV, MT, NL, PL, PT, RO, SE, SI, SK)",Nigeria,EDIBLE FRUIT AND NUTS; PEEL OF CITRUS FRUIT OR MELONS,IMPORT,VALUE_IN_EUROS,2011,674986
ESTAT:DS-045409(1.0),06/02/26 11:00:00,Annual,"European Union - 27 countries (AT, BE, BG, CY, CZ, DE, DK, EE, ES, FI, FR, GR, HR, HU, IE, IT, LT, LU, LV, MT, NL, PL, PT, RO, SE, SI, SK)",Nigeria,EDIBLE FRUIT AND NUTS; PEEL OF CITRUS FRUIT OR MELONS,IMPORT,VALUE_IN_EUROS,2012,758971
ESTAT:DS-045409(1.0),06/02/26 11:00:00,Annual,"European Union - 27 countries (AT, BE, BG, CY, CZ, DE, DK, EE, ES, FI, FR, GR, HR, HU, IE, IT, LT, LU, LV, MT, NL, PL, PT, RO, SE, SI, SK)",Nigeria,EDIBLE FRUIT AND NUTS; PEEL OF CITRUS FRUIT OR MELONS,IMPORT,VALUE_IN_EUROS,2013,855888
ESTAT:DS-045409(1.0),06/02/26 11:00:00,Annual,"European Union - 27 countries (AT, BE, BG, CY, CZ, DE, DK, EE, ES, FI, FR, GR, HR, HU, IE, IT, LT, LU, LV, MT, NL, PL, PT, RO, SE, SI, SK)",Nigeria,EDIBLE FRUIT AND NUTS; PEEL OF CITRUS FRUIT OR MELONS,IMPORT,VALUE_IN_EUROS,2014,1505063
ESTAT:DS-045409(1.0),06/02/26 11:00:00,Annual,"European Union - 27 countries (AT, BE, BG, CY, CZ, DE, DK, EE, ES, FI, FR, GR, HR, HU, IE, IT, LT, LU, LV, MT, NL, PL, PT, RO, SE, SI, SK)",Nigeria,EDIBLE FRUIT AND NUTS; PEEL OF CITRUS FRUIT OR MELONS,IMPORT,VALUE_IN_EUROS,2015,1450329
ESTAT:DS-045409(1.0),06/02/26 11:00:00,Annual,"European Union - 27 countries (AT, BE, BG, CY, CZ, DE, DK, EE, ES, FI, FR, GR, HR, HU, IE, IT, LT, LU, LV, MT, NL, PL, PT, RO, SE, SI, SK)",Nigeria,EDIBLE FRUIT AND NUTS; PEEL OF CITRUS FRUIT OR MELONS,IMPORT,VALUE_IN_EUROS,2016,563798
ESTAT:DS-045409(1.0),06/02/26 11:00:00,Annual,"European Union - 27 countries (AT, BE, BG, CY, CZ, DE, DK, EE, ES, FI, FR, GR, HR, HU, IE, IT, LT, LU, LV, MT, NL, PL, PT, RO, SE, SI, SK)",Nigeria,EDIBLE FRUIT AND NUTS; PEEL OF CITRUS FRUIT OR MELONS,IMPORT,VALUE_IN_EUROS,2017,1224023
ESTAT:DS-045409(1.0),06/02/26 11:00:00,Annual,"European Union - 27 countries (AT, BE, BG, CY, CZ, DE, DK, EE, ES, FI, FR, GR, HR, HU, IE, IT, LT, LU, LV, MT, NL, PL, PT, RO, SE, SI, SK)",Nigeria,EDIBLE FRUIT AND NUTS; PEEL OF CITRUS FRUIT OR MELONS,IMPORT,VALUE_IN_EUROS,2018,1561167
ESTAT:DS-045409(1.0),06/02/26 11:00:00,Annual,"European Union - 27 countries (AT, BE, BG, CY, CZ, DE, DK, EE, ES, FI, FR, GR, HR, HU, IE, IT, LT, LU, LV, MT, NL, PL, PT, RO, SE, SI, SK)",Nigeria,EDIBLE FRUIT AND NUTS; PEEL OF CITRUS FRUIT OR MELONS,IMPORT,VALUE_IN_EUROS,2019,3149071
ESTAT:DS-045409(1.0),06/02/26 11:00:00,Annual,"European Union - 27 countries (AT, BE, BG, CY, CZ, DE, DK, EE, ES, FI, FR, GR, HR, HU, IE, IT, LT, LU, LV, MT, NL, PL, PT, RO, SE, SI, SK)",Nigeria,EDIBLE FRUIT AND NUTS; PEEL OF CITRUS FRUIT OR MELONS,IMPORT,VALUE_IN_EUROS,2020,3717742
ESTAT:DS-045409(1.0),06/02/26 11:00:00,Annual,"European Union - 27 countries (AT, BE, BG, CY, CZ, DE, DK, EE, ES, FI, FR, GR, HR, HU, IE, IT, LT, LU, LV, MT, NL, PL, PT, RO, SE, SI, SK)",Nigeria,EDIBLE FRUIT AND NUTS; PEEL OF CITRUS FRUIT OR MELONS,IMPORT,VALUE_IN_EUROS,2021,5666681
ESTAT:DS-045409(1.0),06/02/26 11:00:00,Annual,"European Union - 27 countries (AT, BE, BG, CY, CZ, DE, DK, EE, ES, FI, FR, GR, HR, HU, IE, IT, LT, LU, LV, MT, NL, PL, PT, RO, SE, SI, SK)",Nigeria,EDIBLE FRUIT AND NUTS; PEEL OF CITRUS FRUIT OR MELONS,IMPORT,VALUE_IN_EUROS,2022,9409220
ESTAT:DS-045409(1.0),06/02/26 11:00:00,Annual,"European Union - 27 countries (AT, BE, BG, CY, CZ, DE, DK, EE, ES, FI, FR, GR, HR, HU, IE, IT, LT, LU, LV, MT, NL, PL, PT, RO, SE, SI, SK)",Nigeria,EDIBLE FRUIT AND NUTS; PEEL OF CITRUS FRUIT OR MELONS,IMPORT,VALUE_IN_EUROS,2023,10432127
ESTAT:DS-045409(1.0),06/02/26 11:00:00,Annual,"European Union - 27 countries (AT, BE, BG, CY, CZ, DE, DK, EE, ES, FI, FR, GR, HR, HU, IE, IT, LT, LU, LV, MT, NL, PL, PT, RO, SE, SI, SK)",Nigeria,EDIBLE FRUIT AND NUTS; PEEL OF CITRUS FRUIT OR MELONS,IMPORT,VALUE_IN_EUROS,2024,13172383
ESTAT:DS-045409(1.0),06/02/26 11:00:00,Annual,"European Union - 27 countries (AT, BE, BG, CY, CZ, DE, DK, EE, ES, FI, FR, GR, HR, HU, IE, IT, LT, LU, LV, MT, NL, PL, PT, RO, SE, SI, SK)",Rwanda,EDIBLE FRUIT AND NUTS; PEEL OF CITRUS FRUIT OR MELONS,IMPORT,VALUE_IN_EUROS,1999,152436
ESTAT:DS-045409(1.0),06/02/26 11:00:00,Annual,"European Union - 27 countries (AT, BE, BG, CY, CZ, DE, DK, EE, ES, FI, FR, GR, HR, HU, IE, IT, LT, LU, LV, MT, NL, PL, PT, RO, SE, SI, SK)",Rwanda,EDIBLE FRUIT AND NUTS; PEEL OF CITRUS FRUIT OR MELONS,IMPORT,VALUE_IN_EUROS,2000,162476
ESTAT:DS-045409(1.0),06/02/26 11:00:00,Annual,"European Union - 27 countries (AT, BE, BG, CY, CZ, DE, DK, EE, ES, FI, FR, GR, HR, HU, IE, IT, LT, LU, LV, MT, NL, PL, PT, RO, SE, SI, SK)",Rwanda,EDIBLE FRUIT AND NUTS; PEEL OF CITRUS FRUIT OR MELONS,IMPORT,VALUE_IN_EUROS,2001,108459
ESTAT:DS-045409(1.0),06/02/26 11:00:00,Annual,"European Union - 27 countries (AT, BE, BG, CY, CZ, DE, DK, EE, ES, FI, FR, GR, HR, HU, IE, IT, LT, LU, LV, MT, NL, PL, PT, RO, SE, SI, SK)",Rwanda,EDIBLE FRUIT AND NUTS; PEEL OF CITRUS FRUIT OR MELONS,IMPORT,VALUE_IN_EUROS,2002,113646
ESTAT:DS-045409(1.0),06/02/26 11:00:00,Annual,"European Union - 27 countries (AT, BE, BG, CY, CZ, DE, DK, EE, ES, FI, FR, GR, HR, HU, IE, IT, LT, LU, LV, MT, NL, PL, PT, RO, SE, SI, SK)",Rwanda,EDIBLE FRUIT AND NUTS; PEEL OF CITRUS FRUIT OR MELONS,IMPORT,VALUE_IN_EUROS,2003,97236
ESTAT:DS-045409(1.0),06/02/26 11:00:00,Annual,"European Union - 27 countries (AT, BE, BG, CY, CZ, DE, DK, EE, ES, FI, FR, GR, HR, HU, IE, IT, LT, LU, LV, MT, NL, PL, PT, RO, SE, SI, SK)",Rwanda,EDIBLE FRUIT AND NUTS; PEEL OF CITRUS FRUIT OR MELONS,IMPORT,VALUE_IN_EUROS,2004,70223
ESTAT:DS-045409(1.0),06/02/26 11:00:00,Annual,"European Union - 27 countries (AT, BE, BG, CY, CZ, DE, DK, EE, ES, FI, FR, GR, HR, HU, IE, IT, LT, LU, LV, MT, NL, PL, PT, RO, SE, SI, SK)",Rwanda,EDIBLE FRUIT AND NUTS; PEEL OF CITRUS FRUIT OR MELONS,IMPORT,VALUE_IN_EUROS,2005,68644
ESTAT:DS-045409(1.0),06/02/26 11:00:00,Annual,"European Union - 27 countries (AT, BE, BG, CY, CZ, DE, DK, EE, ES, FI, FR, GR, HR, HU, IE, IT, LT, LU, LV, MT, NL, PL, PT, RO, SE, SI, SK)",Rwanda,EDIBLE FRUIT AND NUTS; PEEL OF CITRUS FRUIT OR MELONS,IMPORT,VALUE_IN_EUROS,2006,51189
ESTAT:DS-045409(1.0),06/02/26 11:00:00,Annual,"European Union - 27 countries (AT, BE, BG, CY, CZ, DE, DK, EE, ES, FI, FR, GR, HR, HU, IE, IT, LT, LU, LV, MT, NL, PL, PT, RO, SE, SI, SK)",Rwanda,EDIBLE FRUIT AND NUTS; PEEL OF CITRUS FRUIT OR MELONS,IMPORT,VALUE_IN_EUROS,2007,63171
ESTAT:DS-045409(1.0),06/02/26 11:00:00,Annual,"European Union - 27 countries (AT, BE, BG, CY, CZ, DE, DK, EE, ES, FI, FR, GR, HR, HU, IE, IT, LT, LU, LV, MT, NL, PL, PT, RO, SE, SI, SK)",Rwanda,EDIBLE FRUIT AND NUTS; PEEL OF CITRUS FRUIT OR MELONS,IMPORT,VALUE_IN_EUROS,2008,35206
ESTAT:DS-045409(1.0),06/02/26 11:00:00,Annual,"European Union - 27 countries (AT, BE, BG, CY, CZ, DE, DK, EE, ES, FI, FR, GR, HR, HU, IE, IT, LT, LU, LV, MT, NL, PL, PT, RO, SE, SI, SK)",Rwanda,EDIBLE FRUIT AND NUTS; PEEL OF CITRUS FRUIT OR MELONS,IMPORT,VALUE_IN_EUROS,2009,26956
ESTAT:DS-045409(1.0),06/02/26 11:00:00,Annual,"European Union - 27 countries (AT, BE, BG, CY, CZ, DE, DK, EE, ES, FI, FR, GR, HR, HU, IE, IT, LT, LU, LV, MT, NL, PL, PT, RO, SE, SI, SK)",Rwanda,EDIBLE FRUIT AND NUTS; PEEL OF CITRUS FRUIT OR MELONS,IMPORT,VALUE_IN_EUROS,2010,25506
ESTAT:DS-045409(1.0),06/02/26 11:00:00,Annual,"European Union - 27 countries (AT, BE, BG, CY, CZ, DE, DK, EE, ES, FI, FR, GR, HR, HU, IE, IT, LT, LU, LV, MT, NL, PL, PT, RO, SE, SI, SK)",Rwanda,EDIBLE FRUIT AND NUTS; PEEL OF CITRUS FRUIT OR MELONS,IMPORT,VALUE_IN_EUROS,2011,21034
ESTAT:DS-045409(1.0),06/02/26 11:00:00,Annual,"European Union - 27 countries (AT, BE, BG, CY, CZ, DE, DK, EE, ES, FI, FR, GR, HR, HU, IE, IT, LT, LU, LV, MT, NL, PL, PT, RO, SE, SI, SK)",Rwanda,EDIBLE FRUIT AND NUTS; PEEL OF CITRUS FRUIT OR MELONS,IMPORT,VALUE_IN_EUROS,2012,28373
ESTAT:DS-045409(1.0),06/02/26 11:00:00,Annual,"European Union - 27 countries (AT, BE, BG, CY, CZ, DE, DK, EE, ES, FI, FR, GR, HR, HU, IE, IT, LT, LU, LV, MT, NL, PL, PT, RO, SE, SI, SK)",Rwanda,EDIBLE FRUIT AND NUTS; PEEL OF CITRUS FRUIT OR MELONS,IMPORT,VALUE_IN_EUROS,2013,29240
ESTAT:DS-045409(1.0),06/02/26 11:00:00,Annual,"European Union - 27 countries (AT, BE, BG, CY, CZ, DE, DK, EE, ES, FI, FR, GR, HR, HU, IE, IT, LT, LU, LV, MT, NL, PL, PT, RO, SE, SI, SK)",Rwanda,EDIBLE FRUIT AND NUTS; PEEL OF CITRUS FRUIT OR MELONS,IMPORT,VALUE_IN_EUROS,2014,2829
ESTAT:DS-045409(1.0),06/02/26 11:00:00,Annual,"European Union - 27 countries (AT, BE, BG, CY, CZ, DE, DK, EE, ES, FI, FR, GR, HR, HU, IE, IT, LT, LU, LV, MT, NL, PL, PT, RO, SE, SI, SK)",Rwanda,EDIBLE FRUIT AND NUTS; PEEL OF CITRUS FRUIT OR MELONS,IMPORT,VALUE_IN_EUROS,2015,31926
ESTAT:DS-045409(1.0),06/02/26 11:00:00,Annual,"European Union - 27 countries (AT, BE, BG, CY, CZ, DE, DK, EE, ES, FI, FR, GR, HR, HU, IE, IT, LT, LU, LV, MT, NL, PL, PT, RO, SE, SI, SK)",Rwanda,EDIBLE FRUIT AND NUTS; PEEL OF CITRUS FRUIT OR MELONS,IMPORT,VALUE_IN_EUROS,2016,53560
ESTAT:DS-045409(1.0),06/02/26 11:00:00,Annual,"European Union - 27 countries (AT, BE, BG, CY, CZ, DE, DK, EE, ES, FI, FR, GR, HR, HU, IE, IT, LT, LU, LV, MT, NL, PL, PT, RO, SE, SI, SK)",Rwanda,EDIBLE FRUIT AND NUTS; PEEL OF CITRUS FRUIT OR MELONS,IMPORT,VALUE_IN_EUROS,2017,284577
ESTAT:DS-045409(1.0),06/02/26 11:00:00,Annual,"European Union - 27 countries (AT, BE, BG, CY, CZ, DE, DK, EE, ES, FI, FR, GR, HR, HU, IE, IT, LT, LU, LV, MT, NL, PL, PT, RO, SE, SI, SK)",Rwanda,EDIBLE FRUIT AND NUTS; PEEL OF CITRUS FRUIT OR MELONS,IMPORT,VALUE_IN_EUROS,2018,511375
ESTAT:DS-045409(1.0),06/02/26 11:00:00,Annual,"European Union - 27 countries (AT, BE, BG, CY, CZ, DE, DK, EE, ES, FI, FR, GR, HR, HU, IE, IT, LT, LU, LV, MT, NL, PL, PT, RO, SE, SI, SK)",Rwanda,EDIBLE FRUIT AND NUTS; PEEL OF CITRUS FRUIT OR MELONS,IMPORT,VALUE_IN_EUROS,2019,429543
ESTAT:DS-045409(1.0),06/02/26 11:00:00,Annual,"European Union - 27 countries (AT, BE, BG, CY, CZ, DE, DK, EE, ES, FI, FR, GR, HR, HU, IE, IT, LT, LU, LV, MT, NL, PL, PT, RO, SE, SI, SK)",Rwanda,EDIBLE FRUIT AND NUTS; PEEL OF CITRUS FRUIT OR MELONS,IMPORT,VALUE_IN_EUROS,2020,344370
ESTAT:DS-045409(1.0),06/02/26 11:00:00,Annual,"European Union - 27 countries (AT, BE, BG, CY, CZ, DE, DK, EE, ES, FI, FR, GR, HR, HU, IE, IT, LT, LU, LV, MT, NL, PL, PT, RO, SE, SI, SK)",Rwanda,EDIBLE FRUIT AND NUTS; PEEL OF CITRUS FRUIT OR MELONS,IMPORT,VALUE_IN_EUROS,2021,304041
ESTAT:DS-045409(1.0),06/02/26 11:00:00,Annual,"European Union - 27 countries (AT, BE, BG, CY, CZ, DE, DK, EE, ES, FI, FR, GR, HR, HU, IE, IT, LT, LU, LV, MT, NL, PL, PT, RO, SE, SI, SK)",Rwanda,EDIBLE FRUIT AND NUTS; PEEL OF CITRUS FRUIT OR MELONS,IMPORT,VALUE_IN_EUROS,2022,209442
ESTAT:DS-045409(1.0),06/02/26 11:00:00,Annual,"European Union - 27 countries (AT, BE, BG, CY, CZ, DE, DK, EE, ES, FI, FR, GR, HR, HU, IE, IT, LT, LU, LV, MT, NL, PL, PT, RO, SE, SI, SK)",Rwanda,EDIBLE FRUIT AND NUTS; PEEL OF CITRUS FRUIT OR MELONS,IMPORT,VALUE_IN_EUROS,2023,349177
ESTAT:DS-045409(1.0),06/02/26 11:00:00,Annual,"European Union - 27 countries (AT, BE, BG, CY, CZ, DE, DK, EE, ES, FI, FR, GR, HR, HU, IE, IT, LT, LU, LV, MT, NL, PL, PT, RO, SE, SI, SK)",Rwanda,EDIBLE FRUIT AND NUTS; PEEL OF CITRUS FRUIT OR MELONS,IMPORT,VALUE_IN_EUROS,2024,281140
ESTAT:DS-045409(1.0),06/02/26 11:00:00,Annual,"European Union - 27 countries (AT, BE, BG, CY, CZ, DE, DK, EE, ES, FI, FR, GR, HR, HU, IE, IT, LT, LU, LV, MT, NL, PL, PT, RO, SE, SI, SK)",Seychelles,EDIBLE FRUIT AND NUTS; PEEL OF CITRUS FRUIT OR MELONS,IMPORT,VALUE_IN_EUROS,1999,1547
ESTAT:DS-045409(1.0),06/02/26 11:00:00,Annual,"European Union - 27 countries (AT, BE, BG, CY, CZ, DE, DK, EE, ES, FI, FR, GR, HR, HU, IE, IT, LT, LU, LV, MT, NL, PL, PT, RO, SE, SI, SK)",Seychelles,EDIBLE FRUIT AND NUTS; PEEL OF CITRUS FRUIT OR MELONS,IMPORT,VALUE_IN_EUROS,2000,2981
ESTAT:DS-045409(1.0),06/02/26 11:00:00,Annual,"European Union - 27 countries (AT, BE, BG, CY, CZ, DE, DK, EE, ES, FI, FR, GR, HR, HU, IE, IT, LT, LU, LV, MT, NL, PL, PT, RO, SE, SI, SK)",Seychelles,EDIBLE FRUIT AND NUTS; PEEL OF CITRUS FRUIT OR MELONS,IMPORT,VALUE_IN_EUROS,2001,14742
ESTAT:DS-045409(1.0),06/02/26 11:00:00,Annual,"European Union - 27 countries (AT, BE, BG, CY, CZ, DE, DK, EE, ES, FI, FR, GR, HR, HU, IE, IT, LT, LU, LV, MT, NL, PL, PT, RO, SE, SI, SK)",Seychelles,EDIBLE FRUIT AND NUTS; PEEL OF CITRUS FRUIT OR MELONS,IMPORT,VALUE_IN_EUROS,2002,89
ESTAT:DS-045409(1.0),06/02/26 11:00:00,Annual,"European Union - 27 countries (AT, BE, BG, CY, CZ, DE, DK, EE, ES, FI, FR, GR, HR, HU, IE, IT, LT, LU, LV, MT, NL, PL, PT, RO, SE, SI, SK)",Seychelles,EDIBLE FRUIT AND NUTS; PEEL OF CITRUS FRUIT OR MELONS,IMPORT,VALUE_IN_EUROS,2004,58711
ESTAT:DS-045409(1.0),06/02/26 11:00:00,Annual,"European Union - 27 countries (AT, BE, BG, CY, CZ, DE, DK, EE, ES, FI, FR, GR, HR, HU, IE, IT, LT, LU, LV, MT, NL, PL, PT, RO, SE, SI, SK)",Seychelles,EDIBLE FRUIT AND NUTS; PEEL OF CITRUS FRUIT OR MELONS,IMPORT,VALUE_IN_EUROS,2008,40286
ESTAT:DS-045409(1.0),06/02/26 11:00:00,Annual,"European Union - 27 countries (AT, BE, BG, CY, CZ, DE, DK, EE, ES, FI, FR, GR, HR, HU, IE, IT, LT, LU, LV, MT, NL, PL, PT, RO, SE, SI, SK)",Seychelles,EDIBLE FRUIT AND NUTS; PEEL OF CITRUS FRUIT OR MELONS,IMPORT,VALUE_IN_EUROS,2012,36
ESTAT:DS-045409(1.0),06/02/26 11:00:00,Annual,"European Union - 27 countries (AT, BE, BG, CY, CZ, DE, DK, EE, ES, FI, FR, GR, HR, HU, IE, IT, LT, LU, LV, MT, NL, PL, PT, RO, SE, SI, SK)",Seychelles,EDIBLE FRUIT AND NUTS; PEEL OF CITRUS FRUIT OR MELONS,IMPORT,VALUE_IN_EUROS,2013,16678
ESTAT:DS-045409(1.0),06/02/26 11:00:00,Annual,"European Union - 27 countries (AT, BE, BG, CY, CZ, DE, DK, EE, ES, FI, FR, GR, HR, HU, IE, IT, LT, LU, LV, MT, NL, PL, PT, RO, SE, SI, SK)",Seychelles,EDIBLE FRUIT AND NUTS; PEEL OF CITRUS FRUIT OR MELONS,IMPORT,VALUE_IN_EUROS,2018,928
ESTAT:DS-045409(1.0),06/02/26 11:00:00,Annual,"European Union - 27 countries (AT, BE, BG, CY, CZ, DE, DK, EE, ES, FI, FR, GR, HR, HU, IE, IT, LT, LU, LV, MT, NL, PL, PT, RO, SE, SI, SK)",Seychelles,EDIBLE FRUIT AND NUTS; PEEL OF CITRUS FRUIT OR MELONS,IMPORT,VALUE_IN_EUROS,2021,1119
ESTAT:DS-045409(1.0),06/02/26 11:00:00,Annual,"European Union - 27 countries (AT, BE, BG, CY, CZ, DE, DK, EE, ES, FI, FR, GR, HR, HU, IE, IT, LT, LU, LV, MT, NL, PL, PT, RO, SE, SI, SK)",Seychelles,EDIBLE FRUIT AND NUTS; PEEL OF CITRUS FRUIT OR MELONS,IMPORT,VALUE_IN_EUROS,2022,1159
ESTAT:DS-045409(1.0),06/02/26 11:00:00,Annual,"European Union - 27 countries (AT, BE, BG, CY, CZ, DE, DK, EE, ES, FI, FR, GR, HR, HU, IE, IT, LT, LU, LV, MT, NL, PL, PT, RO, SE, SI, SK)",Seychelles,EDIBLE FRUIT AND NUTS; PEEL OF CITRUS FRUIT OR MELONS,IMPORT,VALUE_IN_EUROS,2023,941
ESTAT:DS-045409(1.0),06/02/26 11:00:00,Annual,"European Union - 27 countries (AT, BE, BG, CY, CZ, DE, DK, EE, ES, FI, FR, GR, HR, HU, IE, IT, LT, LU, LV, MT, NL, PL, PT, RO, SE, SI, SK)",Sudan (incl. South Sudan 'SS' -> 2012),EDIBLE FRUIT AND NUTS; PEEL OF CITRUS FRUIT OR MELONS,IMPORT,VALUE_IN_EUROS,1999,909069
ESTAT:DS-045409(1.0),06/02/26 11:00:00,Annual,"European Union - 27 countries (AT, BE, BG, CY, CZ, DE, DK, EE, ES, FI, FR, GR, HR, HU, IE, IT, LT, LU, LV, MT, NL, PL, PT, RO, SE, SI, SK)",Sudan (incl. South Sudan 'SS' -> 2012),EDIBLE FRUIT AND NUTS; PEEL OF CITRUS FRUIT OR MELONS,IMPORT,VALUE_IN_EUROS,2000,525930
ESTAT:DS-045409(1.0),06/02/26 11:00:00,Annual,"European Union - 27 countries (AT, BE, BG, CY, CZ, DE, DK, EE, ES, FI, FR, GR, HR, HU, IE, IT, LT, LU, LV, MT, NL, PL, PT, RO, SE, SI, SK)",Sudan (incl. South Sudan 'SS' -> 2012),EDIBLE FRUIT AND NUTS; PEEL OF CITRUS FRUIT OR MELONS,IMPORT,VALUE_IN_EUROS,2001,176276
ESTAT:DS-045409(1.0),06/02/26 11:00:00,Annual,"European Union - 27 countries (AT, BE, BG, CY, CZ, DE, DK, EE, ES, FI, FR, GR, HR, HU, IE, IT, LT, LU, LV, MT, NL, PL, PT, RO, SE, SI, SK)",Sudan (incl. South Sudan 'SS' -> 2012),EDIBLE FRUIT AND NUTS; PEEL OF CITRUS FRUIT OR MELONS,IMPORT,VALUE_IN_EUROS,2002,57577
ESTAT:DS-045409(1.0),06/02/26 11:00:00,Annual,"European Union - 27 countries (AT, BE, BG, CY, CZ, DE, DK, EE, ES, FI, FR, GR, HR, HU, IE, IT, LT, LU, LV, MT, NL, PL, PT, RO, SE, SI, SK)",Sudan (incl. South Sudan 'SS' -> 2012),EDIBLE FRUIT AND NUTS; PEEL OF CITRUS FRUIT OR MELONS,IMPORT,VALUE_IN_EUROS,2003,28876
ESTAT:DS-045409(1.0),06/02/26 11:00:00,Annual,"European Union - 27 countries (AT, BE, BG, CY, CZ, DE, DK, EE, ES, FI, FR, GR, HR, HU, IE, IT, LT, LU, LV, MT, NL, PL, PT, RO, SE, SI, SK)",Sudan (incl. South Sudan 'SS' -> 2012),EDIBLE FRUIT AND NUTS; PEEL OF CITRUS FRUIT OR MELONS,IMPORT,VALUE_IN_EUROS,2004,18144
ESTAT:DS-045409(1.0),06/02/26 11:00:00,Annual,"European Union - 27 countries (AT, BE, BG, CY, CZ, DE, DK, EE, ES, FI, FR, GR, HR, HU, IE, IT, LT, LU, LV, MT, NL, PL, PT, RO, SE, SI, SK)",Sudan (incl. South Sudan 'SS' -> 2012),EDIBLE FRUIT AND NUTS; PEEL OF CITRUS FRUIT OR MELONS,IMPORT,VALUE_IN_EUROS,2005,5362
ESTAT:DS-045409(1.0),06/02/26 11:00:00,Annual,"European Union - 27 countries (AT, BE, BG, CY, CZ, DE, DK, EE, ES, FI, FR, GR, HR, HU, IE, IT, LT, LU, LV, MT, NL, PL, PT, RO, SE, SI, SK)",Sudan (incl. South Sudan 'SS' -> 2012),EDIBLE FRUIT AND NUTS; PEEL OF CITRUS FRUIT OR MELONS,IMPORT,VALUE_IN_EUROS,2006,10872
ESTAT:DS-045409(1.0),06/02/26 11:00:00,Annual,"European Union - 27 countries (AT, BE, BG, CY, CZ, DE, DK, EE, ES, FI, FR, GR, HR, HU, IE, IT, LT, LU, LV, MT, NL, PL, PT, RO, SE, SI, SK)",Sudan (incl. South Sudan 'SS' -> 2012),EDIBLE FRUIT AND NUTS; PEEL OF CITRUS FRUIT OR MELONS,IMPORT,VALUE_IN_EUROS,2007,201
ESTAT:DS-045409(1.0),06/02/26 11:00:00,Annual,"European Union - 27 countries (AT, BE, BG, CY, CZ, DE, DK, EE, ES, FI, FR, GR, HR, HU, IE, IT, LT, LU, LV, MT, NL, PL, PT, RO, SE, SI, SK)",Sudan (incl. South Sudan 'SS' -> 2012),EDIBLE FRUIT AND NUTS; PEEL OF CITRUS FRUIT OR MELONS,IMPORT,VALUE_IN_EUROS,2008,10389
ESTAT:DS-045409(1.0),06/02/26 11:00:00,Annual,"European Union - 27 countries (AT, BE, BG, CY, CZ, DE, DK, EE, ES, FI, FR, GR, HR, HU, IE, IT, LT, LU, LV, MT, NL, PL, PT, RO, SE, SI, SK)",Sudan (incl. South Sudan 'SS' -> 2012),EDIBLE FRUIT AND NUTS; PEEL OF CITRUS FRUIT OR MELONS,IMPORT,VALUE_IN_EUROS,2009,19784
ESTAT:DS-045409(1.0),06/02/26 11:00:00,Annual,"European Union - 27 countries (AT, BE, BG, CY, CZ, DE, DK, EE, ES, FI, FR, GR, HR, HU, IE, IT, LT, LU, LV, MT, NL, PL, PT, RO, SE, SI, SK)",Sudan (incl. South Sudan 'SS' -> 2012),EDIBLE FRUIT AND NUTS; PEEL OF CITRUS FRUIT OR MELONS,IMPORT,VALUE_IN_EUROS,2010,7837
ESTAT:DS-045409(1.0),06/02/26 11:00:00,Annual,"European Union - 27 countries (AT, BE, BG, CY, CZ, DE, DK, EE, ES, FI, FR, GR, HR, HU, IE, IT, LT, LU, LV, MT, NL, PL, PT, RO, SE, SI, SK)",Sudan (incl. South Sudan 'SS' -> 2012),EDIBLE FRUIT AND NUTS; PEEL OF CITRUS FRUIT OR MELONS,IMPORT,VALUE_IN_EUROS,2011,4922
ESTAT:DS-045409(1.0),06/02/26 11:00:00,Annual,"European Union - 27 countries (AT, BE, BG, CY, CZ, DE, DK, EE, ES, FI, FR, GR, HR, HU, IE, IT, LT, LU, LV, MT, NL, PL, PT, RO, SE, SI, SK)",Sudan (incl. South Sudan 'SS' -> 2012),EDIBLE FRUIT AND NUTS; PEEL OF CITRUS FRUIT OR MELONS,IMPORT,VALUE_IN_EUROS,2013,3977
ESTAT:DS-045409(1.0),06/02/26 11:00:00,Annual,"European Union - 27 countries (AT, BE, BG, CY, CZ, DE, DK, EE, ES, FI, FR, GR, HR, HU, IE, IT, LT, LU, LV, MT, NL, PL, PT, RO, SE, SI, SK)",Sudan (incl. South Sudan 'SS' -> 2012),EDIBLE FRUIT AND NUTS; PEEL OF CITRUS FRUIT OR MELONS,IMPORT,VALUE_IN_EUROS,2014,349
ESTAT:DS-045409(1.0),06/02/26 11:00:00,Annual,"European Union - 27 countries (AT, BE, BG, CY, CZ, DE, DK, EE, ES, FI, FR, GR, HR, HU, IE, IT, LT, LU, LV, MT, NL, PL, PT, RO, SE, SI, SK)",Sudan (incl. South Sudan 'SS' -> 2012),EDIBLE FRUIT AND NUTS; PEEL OF CITRUS FRUIT OR MELONS,IMPORT,VALUE_IN_EUROS,2015,34435
ESTAT:DS-045409(1.0),06/02/26 11:00:00,Annual,"European Union - 27 countries (AT, BE, BG, CY, CZ, DE, DK, EE, ES, FI, FR, GR, HR, HU, IE, IT, LT, LU, LV, MT, NL, PL, PT, RO, SE, SI, SK)",Sudan (incl. South Sudan 'SS' -> 2012),EDIBLE FRUIT AND NUTS; PEEL OF CITRUS FRUIT OR MELONS,IMPORT,VALUE_IN_EUROS,2016,11249
ESTAT:DS-045409(1.0),06/02/26 11:00:00,Annual,"European Union - 27 countries (AT, BE, BG, CY, CZ, DE, DK, EE, ES, FI, FR, GR, HR, HU, IE, IT, LT, LU, LV, MT, NL, PL, PT, RO, SE, SI, SK)",Sudan (incl. South Sudan 'SS' -> 2012),EDIBLE FRUIT AND NUTS; PEEL OF CITRUS FRUIT OR MELONS,IMPORT,VALUE_IN_EUROS,2017,7019
ESTAT:DS-045409(1.0),06/02/26 11:00:00,Annual,"European Union - 27 countries (AT, BE, BG, CY, CZ, DE, DK, EE, ES, FI, FR, GR, HR, HU, IE, IT, LT, LU, LV, MT, NL, PL, PT, RO, SE, SI, SK)",Sudan (incl. South Sudan 'SS' -> 2012),EDIBLE FRUIT AND NUTS; PEEL OF CITRUS FRUIT OR MELONS,IMPORT,VALUE_IN_EUROS,2018,34190
ESTAT:DS-045409(1.0),06/02/26 11:00:00,Annual,"European Union - 27 countries (AT, BE, BG, CY, CZ, DE, DK, EE, ES, FI, FR, GR, HR, HU, IE, IT, LT, LU, LV, MT, NL, PL, PT, RO, SE, SI, SK)",Sudan (incl. South Sudan 'SS' -> 2012),EDIBLE FRUIT AND NUTS; PEEL OF CITRUS FRUIT OR MELONS,IMPORT,VALUE_IN_EUROS,2019,6581
ESTAT:DS-045409(1.0),06/02/26 11:00:00,Annual,"European Union - 27 countries (AT, BE, BG, CY, CZ, DE, DK, EE, ES, FI, FR, GR, HR, HU, IE, IT, LT, LU, LV, MT, NL, PL, PT, RO, SE, SI, SK)",Sudan (incl. South Sudan 'SS' -> 2012),EDIBLE FRUIT AND NUTS; PEEL OF CITRUS FRUIT OR MELONS,IMPORT,VALUE_IN_EUROS,2020,32796
ESTAT:DS-045409(1.0),06/02/26 11:00:00,Annual,"European Union - 27 countries (AT, BE, BG, CY, CZ, DE, DK, EE, ES, FI, FR, GR, HR, HU, IE, IT, LT, LU, LV, MT, NL, PL, PT, RO, SE, SI, SK)",Sudan (incl. South Sudan 'SS' -> 2012),EDIBLE FRUIT AND NUTS; PEEL OF CITRUS FRUIT OR MELONS,IMPORT,VALUE_IN_EUROS,2021,2928
ESTAT:DS-045409(1.0),06/02/26 11:00:00,Annual,"European Union - 27 countries (AT, BE, BG, CY, CZ, DE, DK, EE, ES, FI, FR, GR, HR, HU, IE, IT, LT, LU, LV, MT, NL, PL, PT, RO, SE, SI, SK)",Sudan (incl. South Sudan 'SS' -> 2012),EDIBLE FRUIT AND NUTS; PEEL OF CITRUS FRUIT OR MELONS,IMPORT,VALUE_IN_EUROS,2022,24343
ESTAT:DS-045409(1.0),06/02/26 11:00:00,Annual,"European Union - 27 countries (AT, BE, BG, CY, CZ, DE, DK, EE, ES, FI, FR, GR, HR, HU, IE, IT, LT, LU, LV, MT, NL, PL, PT, RO, SE, SI, SK)",Sudan (incl. South Sudan 'SS' -> 2012),EDIBLE FRUIT AND NUTS; PEEL OF CITRUS FRUIT OR MELONS,IMPORT,VALUE_IN_EUROS,2023,28635
ESTAT:DS-045409(1.0),06/02/26 11:00:00,Annual,"European Union - 27 countries (AT, BE, BG, CY, CZ, DE, DK, EE, ES, FI, FR, GR, HR, HU, IE, IT, LT, LU, LV, MT, NL, PL, PT, RO, SE, SI, SK)",Sudan (incl. South Sudan 'SS' -> 2012),EDIBLE FRUIT AND NUTS; PEEL OF CITRUS FRUIT OR MELONS,IMPORT,VALUE_IN_EUROS,2024,15591
ESTAT:DS-045409(1.0),06/02/26 11:00:00,Annual,"European Union - 27 countries (AT, BE, BG, CY, CZ, DE, DK, EE, ES, FI, FR, GR, HR, HU, IE, IT, LT, LU, LV, MT, NL, PL, PT, RO, SE, SI, SK)",Sierra Leone,EDIBLE FRUIT AND NUTS; PEEL OF CITRUS FRUIT OR MELONS,IMPORT,VALUE_IN_EUROS,1999,14931
ESTAT:DS-045409(1.0),06/02/26 11:00:00,Annual,"European Union - 27 countries (AT, BE, BG, CY, CZ, DE, DK, EE, ES, FI, FR, GR, HR, HU, IE, IT, LT, LU, LV, MT, NL, PL, PT, RO, SE, SI, SK)",Sierra Leone,EDIBLE FRUIT AND NUTS; PEEL OF CITRUS FRUIT OR MELONS,IMPORT,VALUE_IN_EUROS,2000,67947
ESTAT:DS-045409(1.0),06/02/26 11:00:00,Annual,"European Union - 27 countries (AT, BE, BG, CY, CZ, DE, DK, EE, ES, FI, FR, GR, HR, HU, IE, IT, LT, LU, LV, MT, NL, PL, PT, RO, SE, SI, SK)",Sierra Leone,EDIBLE FRUIT AND NUTS; PEEL OF CITRUS FRUIT OR MELONS,IMPORT,VALUE_IN_EUROS,2001,117570
ESTAT:DS-045409(1.0),06/02/26 11:00:00,Annual,"European Union - 27 countries (AT, BE, BG, CY, CZ, DE, DK, EE, ES, FI, FR, GR, HR, HU, IE, IT, LT, LU, LV, MT, NL, PL, PT, RO, SE, SI, SK)",Sierra Leone,EDIBLE FRUIT AND NUTS; PEEL OF CITRUS FRUIT OR MELONS,IMPORT,VALUE_IN_EUROS,2002,39307
ESTAT:DS-045409(1.0),06/02/26 11:00:00,Annual,"European Union - 27 countries (AT, BE, BG, CY, CZ, DE, DK, EE, ES, FI, FR, GR, HR, HU, IE, IT, LT, LU, LV, MT, NL, PL, PT, RO, SE, SI, SK)",Sierra Leone,EDIBLE FRUIT AND NUTS; PEEL OF CITRUS FRUIT OR MELONS,IMPORT,VALUE_IN_EUROS,2003,77466
ESTAT:DS-045409(1.0),06/02/26 11:00:00,Annual,"European Union - 27 countries (AT, BE, BG, CY, CZ, DE, DK, EE, ES, FI, FR, GR, HR, HU, IE, IT, LT, LU, LV, MT, NL, PL, PT, RO, SE, SI, SK)",Sierra Leone,EDIBLE FRUIT AND NUTS; PEEL OF CITRUS FRUIT OR MELONS,IMPORT,VALUE_IN_EUROS,2004,54
ESTAT:DS-045409(1.0),06/02/26 11:00:00,Annual,"European Union - 27 countries (AT, BE, BG, CY, CZ, DE, DK, EE, ES, FI, FR, GR, HR, HU, IE, IT, LT, LU, LV, MT, NL, PL, PT, RO, SE, SI, SK)",Sierra Leone,EDIBLE FRUIT AND NUTS; PEEL OF CITRUS FRUIT OR MELONS,IMPORT,VALUE_IN_EUROS,2005,12156
ESTAT:DS-045409(1.0),06/02/26 11:00:00,Annual,"European Union - 27 countries (AT, BE, BG, CY, CZ, DE, DK, EE, ES, FI, FR, GR, HR, HU, IE, IT, LT, LU, LV, MT, NL, PL, PT, RO, SE, SI, SK)",Sierra Leone,EDIBLE FRUIT AND NUTS; PEEL OF CITRUS FRUIT OR MELONS,IMPORT,VALUE_IN_EUROS,2006,13209
ESTAT:DS-045409(1.0),06/02/26 11:00:00,Annual,"European Union - 27 countries (AT, BE, BG, CY, CZ, DE, DK, EE, ES, FI, FR, GR, HR, HU, IE, IT, LT, LU, LV, MT, NL, PL, PT, RO, SE, SI, SK)",Sierra Leone,EDIBLE FRUIT AND NUTS; PEEL OF CITRUS FRUIT OR MELONS,IMPORT,VALUE_IN_EUROS,2007,9407
ESTAT:DS-045409(1.0),06/02/26 11:00:00,Annual,"European Union - 27 countries (AT, BE, BG, CY, CZ, DE, DK, EE, ES, FI, FR, GR, HR, HU, IE, IT, LT, LU, LV, MT, NL, PL, PT, RO, SE, SI, SK)",Sierra Leone,EDIBLE FRUIT AND NUTS; PEEL OF CITRUS FRUIT OR MELONS,IMPORT,VALUE_IN_EUROS,2008,33106
ESTAT:DS-045409(1.0),06/02/26 11:00:00,Annual,"European Union - 27 countries (AT, BE, BG, CY, CZ, DE, DK, EE, ES, FI, FR, GR, HR, HU, IE, IT, LT, LU, LV, MT, NL, PL, PT, RO, SE, SI, SK)",Sierra Leone,EDIBLE FRUIT AND NUTS; PEEL OF CITRUS FRUIT OR MELONS,IMPORT,VALUE_IN_EUROS,2009,49737
ESTAT:DS-045409(1.0),06/02/26 11:00:00,Annual,"European Union - 27 countries (AT, BE, BG, CY, CZ, DE, DK, EE, ES, FI, FR, GR, HR, HU, IE, IT, LT, LU, LV, MT, NL, PL, PT, RO, SE, SI, SK)",Sierra Leone,EDIBLE FRUIT AND NUTS; PEEL OF CITRUS FRUIT OR MELONS,IMPORT,VALUE_IN_EUROS,2012,3823
ESTAT:DS-045409(1.0),06/02/26 11:00:00,Annual,"European Union - 27 countries (AT, BE, BG, CY, CZ, DE, DK, EE, ES, FI, FR, GR, HR, HU, IE, IT, LT, LU, LV, MT, NL, PL, PT, RO, SE, SI, SK)",Sierra Leone,EDIBLE FRUIT AND NUTS; PEEL OF CITRUS FRUIT OR MELONS,IMPORT,VALUE_IN_EUROS,2013,891
ESTAT:DS-045409(1.0),06/02/26 11:00:00,Annual,"European Union - 27 countries (AT, BE, BG, CY, CZ, DE, DK, EE, ES, FI, FR, GR, HR, HU, IE, IT, LT, LU, LV, MT, NL, PL, PT, RO, SE, SI, SK)",Sierra Leone,EDIBLE FRUIT AND NUTS; PEEL OF CITRUS FRUIT OR MELONS,IMPORT,VALUE_IN_EUROS,2014,5308
ESTAT:DS-045409(1.0),06/02/26 11:00:00,Annual,"European Union - 27 countries (AT, BE, BG, CY, CZ, DE, DK, EE, ES, FI, FR, GR, HR, HU, IE, IT, LT, LU, LV, MT, NL, PL, PT, RO, SE, SI, SK)",Sierra Leone,EDIBLE FRUIT AND NUTS; PEEL OF CITRUS FRUIT OR MELONS,IMPORT,VALUE_IN_EUROS,2015,5013
ESTAT:DS-045409(1.0),06/02/26 11:00:00,Annual,"European Union - 27 countries (AT, BE, BG, CY, CZ, DE, DK, EE, ES, FI, FR, GR, HR, HU, IE, IT, LT, LU, LV, MT, NL, PL, PT, RO, SE, SI, SK)",Sierra Leone,EDIBLE FRUIT AND NUTS; PEEL OF CITRUS FRUIT OR MELONS,IMPORT,VALUE_IN_EUROS,2017,26829
ESTAT:DS-045409(1.0),06/02/26 11:00:00,Annual,"European Union - 27 countries (AT, BE, BG, CY, CZ, DE, DK, EE, ES, FI, FR, GR, HR, HU, IE, IT, LT, LU, LV, MT, NL, PL, PT, RO, SE, SI, SK)",Sierra Leone,EDIBLE FRUIT AND NUTS; PEEL OF CITRUS FRUIT OR MELONS,IMPORT,VALUE_IN_EUROS,2018,911
ESTAT:DS-045409(1.0),06/02/26 11:00:00,Annual,"European Union - 27 countries (AT, BE, BG, CY, CZ, DE, DK, EE, ES, FI, FR, GR, HR, HU, IE, IT, LT, LU, LV, MT, NL, PL, PT, RO, SE, SI, SK)",Sierra Leone,EDIBLE FRUIT AND NUTS; PEEL OF CITRUS FRUIT OR MELONS,IMPORT,VALUE_IN_EUROS,2019,8620
ESTAT:DS-045409(1.0),06/02/26 11:00:00,Annual,"European Union - 27 countries (AT, BE, BG, CY, CZ, DE, DK, EE, ES, FI, FR, GR, HR, HU, IE, IT, LT, LU, LV, MT, NL, PL, PT, RO, SE, SI, SK)",Sierra Leone,EDIBLE FRUIT AND NUTS; PEEL OF CITRUS FRUIT OR MELONS,IMPORT,VALUE_IN_EUROS,2020,21
ESTAT:DS-045409(1.0),06/02/26 11:00:00,Annual,"European Union - 27 countries (AT, BE, BG, CY, CZ, DE, DK, EE, ES, FI, FR, GR, HR, HU, IE, IT, LT, LU, LV, MT, NL, PL, PT, RO, SE, SI, SK)",Sierra Leone,EDIBLE FRUIT AND NUTS; PEEL OF CITRUS FRUIT OR MELONS,IMPORT,VALUE_IN_EUROS,2022,29665
ESTAT:DS-045409(1.0),06/02/26 11:00:00,Annual,"European Union - 27 countries (AT, BE, BG, CY, CZ, DE, DK, EE, ES, FI, FR, GR, HR, HU, IE, IT, LT, LU, LV, MT, NL, PL, PT, RO, SE, SI, SK)",Sierra Leone,EDIBLE FRUIT AND NUTS; PEEL OF CITRUS FRUIT OR MELONS,IMPORT,VALUE_IN_EUROS,2023,11189
ESTAT:DS-045409(1.0),06/02/26 11:00:00,Annual,"European Union - 27 countries (AT, BE, BG, CY, CZ, DE, DK, EE, ES, FI, FR, GR, HR, HU, IE, IT, LT, LU, LV, MT, NL, PL, PT, RO, SE, SI, SK)",Sierra Leone,EDIBLE FRUIT AND NUTS; PEEL OF CITRUS FRUIT OR MELONS,IMPORT,VALUE_IN_EUROS,2024,19119
ESTAT:DS-045409(1.0),06/02/26 11:00:00,Annual,"European Union - 27 countries (AT, BE, BG, CY, CZ, DE, DK, EE, ES, FI, FR, GR, HR, HU, IE, IT, LT, LU, LV, MT, NL, PL, PT, RO, SE, SI, SK)",Senegal,EDIBLE FRUIT AND NUTS; PEEL OF CITRUS FRUIT OR MELONS,IMPORT,VALUE_IN_EUROS,1999,1430769
ESTAT:DS-045409(1.0),06/02/26 11:00:00,Annual,"European Union - 27 countries (AT, BE, BG, CY, CZ, DE, DK, EE, ES, FI, FR, GR, HR, HU, IE, IT, LT, LU, LV, MT, NL, PL, PT, RO, SE, SI, SK)",Senegal,EDIBLE FRUIT AND NUTS; PEEL OF CITRUS FRUIT OR MELONS,IMPORT,VALUE_IN_EUROS,2000,1767880
ESTAT:DS-045409(1.0),06/02/26 11:00:00,Annual,"European Union - 27 countries (AT, BE, BG, CY, CZ, DE, DK, EE, ES, FI, FR, GR, HR, HU, IE, IT, LT, LU, LV, MT, NL, PL, PT, RO, SE, SI, SK)",Senegal,EDIBLE FRUIT AND NUTS; PEEL OF CITRUS FRUIT OR MELONS,IMPORT,VALUE_IN_EUROS,2001,1927749
ESTAT:DS-045409(1.0),06/02/26 11:00:00,Annual,"European Union - 27 countries (AT, BE, BG, CY, CZ, DE, DK, EE, ES, FI, FR, GR, HR, HU, IE, IT, LT, LU, LV, MT, NL, PL, PT, RO, SE, SI, SK)",Senegal,EDIBLE FRUIT AND NUTS; PEEL OF CITRUS FRUIT OR MELONS,IMPORT,VALUE_IN_EUROS,2002,2815912
ESTAT:DS-045409(1.0),06/02/26 11:00:00,Annual,"European Union - 27 countries (AT, BE, BG, CY, CZ, DE, DK, EE, ES, FI, FR, GR, HR, HU, IE, IT, LT, LU, LV, MT, NL, PL, PT, RO, SE, SI, SK)",Senegal,EDIBLE FRUIT AND NUTS; PEEL OF CITRUS FRUIT OR MELONS,IMPORT,VALUE_IN_EUROS,2003,3456999
ESTAT:DS-045409(1.0),06/02/26 11:00:00,Annual,"European Union - 27 countries (AT, BE, BG, CY, CZ, DE, DK, EE, ES, FI, FR, GR, HR, HU, IE, IT, LT, LU, LV, MT, NL, PL, PT, RO, SE, SI, SK)",Senegal,EDIBLE FRUIT AND NUTS; PEEL OF CITRUS FRUIT OR MELONS,IMPORT,VALUE_IN_EUROS,2004,4988813
ESTAT:DS-045409(1.0),06/02/26 11:00:00,Annual,"European Union - 27 countries (AT, BE, BG, CY, CZ, DE, DK, EE, ES, FI, FR, GR, HR, HU, IE, IT, LT, LU, LV, MT, NL, PL, PT, RO, SE, SI, SK)",Senegal,EDIBLE FRUIT AND NUTS; PEEL OF CITRUS FRUIT OR MELONS,IMPORT,VALUE_IN_EUROS,2005,3922438
ESTAT:DS-045409(1.0),06/02/26 11:00:00,Annual,"European Union - 27 countries (AT, BE, BG, CY, CZ, DE, DK, EE, ES, FI, FR, GR, HR, HU, IE, IT, LT, LU, LV, MT, NL, PL, PT, RO, SE, SI, SK)",Senegal,EDIBLE FRUIT AND NUTS; PEEL OF CITRUS FRUIT OR MELONS,IMPORT,VALUE_IN_EUROS,2006,4671831
ESTAT:DS-045409(1.0),06/02/26 11:00:00,Annual,"European Union - 27 countries (AT, BE, BG, CY, CZ, DE, DK, EE, ES, FI, FR, GR, HR, HU, IE, IT, LT, LU, LV, MT, NL, PL, PT, RO, SE, SI, SK)",Senegal,EDIBLE FRUIT AND NUTS; PEEL OF CITRUS FRUIT OR MELONS,IMPORT,VALUE_IN_EUROS,2007,9443409
ESTAT:DS-045409(1.0),06/02/26 11:00:00,Annual,"European Union - 27 countries (AT, BE, BG, CY, CZ, DE, DK, EE, ES, FI, FR, GR, HR, HU, IE, IT, LT, LU, LV, MT, NL, PL, PT, RO, SE, SI, SK)",Senegal,EDIBLE FRUIT AND NUTS; PEEL OF CITRUS FRUIT OR MELONS,IMPORT,VALUE_IN_EUROS,2008,8718198
ESTAT:DS-045409(1.0),06/02/26 11:00:00,Annual,"European Union - 27 countries (AT, BE, BG, CY, CZ, DE, DK, EE, ES, FI, FR, GR, HR, HU, IE, IT, LT, LU, LV, MT, NL, PL, PT, RO, SE, SI, SK)",Senegal,EDIBLE FRUIT AND NUTS; PEEL OF CITRUS FRUIT OR MELONS,IMPORT,VALUE_IN_EUROS,2009,11171091
ESTAT:DS-045409(1.0),06/02/26 11:00:00,Annual,"European Union - 27 countries (AT, BE, BG, CY, CZ, DE, DK, EE, ES, FI, FR, GR, HR, HU, IE, IT, LT, LU, LV, MT, NL, PL, PT, RO, SE, SI, SK)",Senegal,EDIBLE FRUIT AND NUTS; PEEL OF CITRUS FRUIT OR MELONS,IMPORT,VALUE_IN_EUROS,2010,7110067
ESTAT:DS-045409(1.0),06/02/26 11:00:00,Annual,"European Union - 27 countries (AT, BE, BG, CY, CZ, DE, DK, EE, ES, FI, FR, GR, HR, HU, IE, IT, LT, LU, LV, MT, NL, PL, PT, RO, SE, SI, SK)",Senegal,EDIBLE FRUIT AND NUTS; PEEL OF CITRUS FRUIT OR MELONS,IMPORT,VALUE_IN_EUROS,2011,15423170
ESTAT:DS-045409(1.0),06/02/26 11:00:00,Annual,"European Union - 27 countries (AT, BE, BG, CY, CZ, DE, DK, EE, ES, FI, FR, GR, HR, HU, IE, IT, LT, LU, LV, MT, NL, PL, PT, RO, SE, SI, SK)",Senegal,EDIBLE FRUIT AND NUTS; PEEL OF CITRUS FRUIT OR MELONS,IMPORT,VALUE_IN_EUROS,2012,21637582
ESTAT:DS-045409(1.0),06/02/26 11:00:00,Annual,"European Union - 27 countries (AT, BE, BG, CY, CZ, DE, DK, EE, ES, FI, FR, GR, HR, HU, IE, IT, LT, LU, LV, MT, NL, PL, PT, RO, SE, SI, SK)",Senegal,EDIBLE FRUIT AND NUTS; PEEL OF CITRUS FRUIT OR MELONS,IMPORT,VALUE_IN_EUROS,2013,25491138
ESTAT:DS-045409(1.0),06/02/26 11:00:00,Annual,"European Union - 27 countries (AT, BE, BG, CY, CZ, DE, DK, EE, ES, FI, FR, GR, HR, HU, IE, IT, LT, LU, LV, MT, NL, PL, PT, RO, SE, SI, SK)",Senegal,EDIBLE FRUIT AND NUTS; PEEL OF CITRUS FRUIT OR MELONS,IMPORT,VALUE_IN_EUROS,2014,30274283
ESTAT:DS-045409(1.0),06/02/26 11:00:00,Annual,"European Union - 27 countries (AT, BE, BG, CY, CZ, DE, DK, EE, ES, FI, FR, GR, HR, HU, IE, IT, LT, LU, LV, MT, NL, PL, PT, RO, SE, SI, SK)",Senegal,EDIBLE FRUIT AND NUTS; PEEL OF CITRUS FRUIT OR MELONS,IMPORT,VALUE_IN_EUROS,2015,26386383
ESTAT:DS-045409(1.0),06/02/26 11:00:00,Annual,"European Union - 27 countries (AT, BE, BG, CY, CZ, DE, DK, EE, ES, FI, FR, GR, HR, HU, IE, IT, LT, LU, LV, MT, NL, PL, PT, RO, SE, SI, SK)",Senegal,EDIBLE FRUIT AND NUTS; PEEL OF CITRUS FRUIT OR MELONS,IMPORT,VALUE_IN_EUROS,2016,25240477
ESTAT:DS-045409(1.0),06/02/26 11:00:00,Annual,"European Union - 27 countries (AT, BE, BG, CY, CZ, DE, DK, EE, ES, FI, FR, GR, HR, HU, IE, IT, LT, LU, LV, MT, NL, PL, PT, RO, SE, SI, SK)",Senegal,EDIBLE FRUIT AND NUTS; PEEL OF CITRUS FRUIT OR MELONS,IMPORT,VALUE_IN_EUROS,2017,32588417
ESTAT:DS-045409(1.0),06/02/26 11:00:00,Annual,"European Union - 27 countries (AT, BE, BG, CY, CZ, DE, DK, EE, ES, FI, FR, GR, HR, HU, IE, IT, LT, LU, LV, MT, NL, PL, PT, RO, SE, SI, SK)",Senegal,EDIBLE FRUIT AND NUTS; PEEL OF CITRUS FRUIT OR MELONS,IMPORT,VALUE_IN_EUROS,2018,37333555
ESTAT:DS-045409(1.0),06/02/26 11:00:00,Annual,"European Union - 27 countries (AT, BE, BG, CY, CZ, DE, DK, EE, ES, FI, FR, GR, HR, HU, IE, IT, LT, LU, LV, MT, NL, PL, PT, RO, SE, SI, SK)",Senegal,EDIBLE FRUIT AND NUTS; PEEL OF CITRUS FRUIT OR MELONS,IMPORT,VALUE_IN_EUROS,2019,40171050
ESTAT:DS-045409(1.0),06/02/26 11:00:00,Annual,"European Union - 27 countries (AT, BE, BG, CY, CZ, DE, DK, EE, ES, FI, FR, GR, HR, HU, IE, IT, LT, LU, LV, MT, NL, PL, PT, RO, SE, SI, SK)",Senegal,EDIBLE FRUIT AND NUTS; PEEL OF CITRUS FRUIT OR MELONS,IMPORT,VALUE_IN_EUROS,2020,33935147
ESTAT:DS-045409(1.0),06/02/26 11:00:00,Annual,"European Union - 27 countries (AT, BE, BG, CY, CZ, DE, DK, EE, ES, FI, FR, GR, HR, HU, IE, IT, LT, LU, LV, MT, NL, PL, PT, RO, SE, SI, SK)",Senegal,EDIBLE FRUIT AND NUTS; PEEL OF CITRUS FRUIT OR MELONS,IMPORT,VALUE_IN_EUROS,2021,39332984
ESTAT:DS-045409(1.0),06/02/26 11:00:00,Annual,"European Union - 27 countries (AT, BE, BG, CY, CZ, DE, DK, EE, ES, FI, FR, GR, HR, HU, IE, IT, LT, LU, LV, MT, NL, PL, PT, RO, SE, SI, SK)",Senegal,EDIBLE FRUIT AND NUTS; PEEL OF CITRUS FRUIT OR MELONS,IMPORT,VALUE_IN_EUROS,2022,34013445
ESTAT:DS-045409(1.0),06/02/26 11:00:00,Annual,"European Union - 27 countries (AT, BE, BG, CY, CZ, DE, DK, EE, ES, FI, FR, GR, HR, HU, IE, IT, LT, LU, LV, MT, NL, PL, PT, RO, SE, SI, SK)",Senegal,EDIBLE FRUIT AND NUTS; PEEL OF CITRUS FRUIT OR MELONS,IMPORT,VALUE_IN_EUROS,2023,40561098
ESTAT:DS-045409(1.0),06/02/26 11:00:00,Annual,"European Union - 27 countries (AT, BE, BG, CY, CZ, DE, DK, EE, ES, FI, FR, GR, HR, HU, IE, IT, LT, LU, LV, MT, NL, PL, PT, RO, SE, SI, SK)",Senegal,EDIBLE FRUIT AND NUTS; PEEL OF CITRUS FRUIT OR MELONS,IMPORT,VALUE_IN_EUROS,2024,37389980
ESTAT:DS-045409(1.0),06/02/26 11:00:00,Annual,"European Union - 27 countries (AT, BE, BG, CY, CZ, DE, DK, EE, ES, FI, FR, GR, HR, HU, IE, IT, LT, LU, LV, MT, NL, PL, PT, RO, SE, SI, SK)",Somalia,EDIBLE FRUIT AND NUTS; PEEL OF CITRUS FRUIT OR MELONS,IMPORT,VALUE_IN_EUROS,1999,1810
ESTAT:DS-045409(1.0),06/02/26 11:00:00,Annual,"European Union - 27 countries (AT, BE, BG, CY, CZ, DE, DK, EE, ES, FI, FR, GR, HR, HU, IE, IT, LT, LU, LV, MT, NL, PL, PT, RO, SE, SI, SK)",Somalia,EDIBLE FRUIT AND NUTS; PEEL OF CITRUS FRUIT OR MELONS,IMPORT,VALUE_IN_EUROS,2000,538
ESTAT:DS-045409(1.0),06/02/26 11:00:00,Annual,"European Union - 27 countries (AT, BE, BG, CY, CZ, DE, DK, EE, ES, FI, FR, GR, HR, HU, IE, IT, LT, LU, LV, MT, NL, PL, PT, RO, SE, SI, SK)",Somalia,EDIBLE FRUIT AND NUTS; PEEL OF CITRUS FRUIT OR MELONS,IMPORT,VALUE_IN_EUROS,2001,1018
ESTAT:DS-045409(1.0),06/02/26 11:00:00,Annual,"European Union - 27 countries (AT, BE, BG, CY, CZ, DE, DK, EE, ES, FI, FR, GR, HR, HU, IE, IT, LT, LU, LV, MT, NL, PL, PT, RO, SE, SI, SK)",Somalia,EDIBLE FRUIT AND NUTS; PEEL OF CITRUS FRUIT OR MELONS,IMPORT,VALUE_IN_EUROS,2002,36745
ESTAT:DS-045409(1.0),06/02/26 11:00:00,Annual,"European Union - 27 countries (AT, BE, BG, CY, CZ, DE, DK, EE, ES, FI, FR, GR, HR, HU, IE, IT, LT, LU, LV, MT, NL, PL, PT, RO, SE, SI, SK)",Somalia,EDIBLE FRUIT AND NUTS; PEEL OF CITRUS FRUIT OR MELONS,IMPORT,VALUE_IN_EUROS,2003,2449
ESTAT:DS-045409(1.0),06/02/26 11:00:00,Annual,"European Union - 27 countries (AT, BE, BG, CY, CZ, DE, DK, EE, ES, FI, FR, GR, HR, HU, IE, IT, LT, LU, LV, MT, NL, PL, PT, RO, SE, SI, SK)",Somalia,EDIBLE FRUIT AND NUTS; PEEL OF CITRUS FRUIT OR MELONS,IMPORT,VALUE_IN_EUROS,2004,1111
ESTAT:DS-045409(1.0),06/02/26 11:00:00,Annual,"European Union - 27 countries (AT, BE, BG, CY, CZ, DE, DK, EE, ES, FI, FR, GR, HR, HU, IE, IT, LT, LU, LV, MT, NL, PL, PT, RO, SE, SI, SK)",Somalia,EDIBLE FRUIT AND NUTS; PEEL OF CITRUS FRUIT OR MELONS,IMPORT,VALUE_IN_EUROS,2005,7535
ESTAT:DS-045409(1.0),06/02/26 11:00:00,Annual,"European Union - 27 countries (AT, BE, BG, CY, CZ, DE, DK, EE, ES, FI, FR, GR, HR, HU, IE, IT, LT, LU, LV, MT, NL, PL, PT, RO, SE, SI, SK)",Somalia,EDIBLE FRUIT AND NUTS; PEEL OF CITRUS FRUIT OR MELONS,IMPORT,VALUE_IN_EUROS,2007,1496
ESTAT:DS-045409(1.0),06/02/26 11:00:00,Annual,"European Union - 27 countries (AT, BE, BG, CY, CZ, DE, DK, EE, ES, FI, FR, GR, HR, HU, IE, IT, LT, LU, LV, MT, NL, PL, PT, RO, SE, SI, SK)",Somalia,EDIBLE FRUIT AND NUTS; PEEL OF CITRUS FRUIT OR MELONS,IMPORT,VALUE_IN_EUROS,2008,2825
ESTAT:DS-045409(1.0),06/02/26 11:00:00,Annual,"European Union - 27 countries (AT, BE, BG, CY, CZ, DE, DK, EE, ES, FI, FR, GR, HR, HU, IE, IT, LT, LU, LV, MT, NL, PL, PT, RO, SE, SI, SK)",Somalia,EDIBLE FRUIT AND NUTS; PEEL OF CITRUS FRUIT OR MELONS,IMPORT,VALUE_IN_EUROS,2009,2564
ESTAT:DS-045409(1.0),06/02/26 11:00:00,Annual,"European Union - 27 countries (AT, BE, BG, CY, CZ, DE, DK, EE, ES, FI, FR, GR, HR, HU, IE, IT, LT, LU, LV, MT, NL, PL, PT, RO, SE, SI, SK)",Somalia,EDIBLE FRUIT AND NUTS; PEEL OF CITRUS FRUIT OR MELONS,IMPORT,VALUE_IN_EUROS,2010,33828
ESTAT:DS-045409(1.0),06/02/26 11:00:00,Annual,"European Union - 27 countries (AT, BE, BG, CY, CZ, DE, DK, EE, ES, FI, FR, GR, HR, HU, IE, IT, LT, LU, LV, MT, NL, PL, PT, RO, SE, SI, SK)",Somalia,EDIBLE FRUIT AND NUTS; PEEL OF CITRUS FRUIT OR MELONS,IMPORT,VALUE_IN_EUROS,2011,28963
ESTAT:DS-045409(1.0),06/02/26 11:00:00,Annual,"European Union - 27 countries (AT, BE, BG, CY, CZ, DE, DK, EE, ES, FI, FR, GR, HR, HU, IE, IT, LT, LU, LV, MT, NL, PL, PT, RO, SE, SI, SK)",Somalia,EDIBLE FRUIT AND NUTS; PEEL OF CITRUS FRUIT OR MELONS,IMPORT,VALUE_IN_EUROS,2012,16807
ESTAT:DS-045409(1.0),06/02/26 11:00:00,Annual,"European Union - 27 countries (AT, BE, BG, CY, CZ, DE, DK, EE, ES, FI, FR, GR, HR, HU, IE, IT, LT, LU, LV, MT, NL, PL, PT, RO, SE, SI, SK)",Somalia,EDIBLE FRUIT AND NUTS; PEEL OF CITRUS FRUIT OR MELONS,IMPORT,VALUE_IN_EUROS,2014,39648
ESTAT:DS-045409(1.0),06/02/26 11:00:00,Annual,"European Union - 27 countries (AT, BE, BG, CY, CZ, DE, DK, EE, ES, FI, FR, GR, HR, HU, IE, IT, LT, LU, LV, MT, NL, PL, PT, RO, SE, SI, SK)",Somalia,EDIBLE FRUIT AND NUTS; PEEL OF CITRUS FRUIT OR MELONS,IMPORT,VALUE_IN_EUROS,2015,12993
ESTAT:DS-045409(1.0),06/02/26 11:00:00,Annual,"European Union - 27 countries (AT, BE, BG, CY, CZ, DE, DK, EE, ES, FI, FR, GR, HR, HU, IE, IT, LT, LU, LV, MT, NL, PL, PT, RO, SE, SI, SK)",Somalia,EDIBLE FRUIT AND NUTS; PEEL OF CITRUS FRUIT OR MELONS,IMPORT,VALUE_IN_EUROS,2016,95787
ESTAT:DS-045409(1.0),06/02/26 11:00:00,Annual,"European Union - 27 countries (AT, BE, BG, CY, CZ, DE, DK, EE, ES, FI, FR, GR, HR, HU, IE, IT, LT, LU, LV, MT, NL, PL, PT, RO, SE, SI, SK)",Somalia,EDIBLE FRUIT AND NUTS; PEEL OF CITRUS FRUIT OR MELONS,IMPORT,VALUE_IN_EUROS,2017,39138
ESTAT:DS-045409(1.0),06/02/26 11:00:00,Annual,"European Union - 27 countries (AT, BE, BG, CY, CZ, DE, DK, EE, ES, FI, FR, GR, HR, HU, IE, IT, LT, LU, LV, MT, NL, PL, PT, RO, SE, SI, SK)",Somalia,EDIBLE FRUIT AND NUTS; PEEL OF CITRUS FRUIT OR MELONS,IMPORT,VALUE_IN_EUROS,2018,88956
ESTAT:DS-045409(1.0),06/02/26 11:00:00,Annual,"European Union - 27 countries (AT, BE, BG, CY, CZ, DE, DK, EE, ES, FI, FR, GR, HR, HU, IE, IT, LT, LU, LV, MT, NL, PL, PT, RO, SE, SI, SK)",Somalia,EDIBLE FRUIT AND NUTS; PEEL OF CITRUS FRUIT OR MELONS,IMPORT,VALUE_IN_EUROS,2019,123026
ESTAT:DS-045409(1.0),06/02/26 11:00:00,Annual,"European Union - 27 countries (AT, BE, BG, CY, CZ, DE, DK, EE, ES, FI, FR, GR, HR, HU, IE, IT, LT, LU, LV, MT, NL, PL, PT, RO, SE, SI, SK)",Somalia,EDIBLE FRUIT AND NUTS; PEEL OF CITRUS FRUIT OR MELONS,IMPORT,VALUE_IN_EUROS,2020,48662
ESTAT:DS-045409(1.0),06/02/26 11:00:00,Annual,"European Union - 27 countries (AT, BE, BG, CY, CZ, DE, DK, EE, ES, FI, FR, GR, HR, HU, IE, IT, LT, LU, LV, MT, NL, PL, PT, RO, SE, SI, SK)",Somalia,EDIBLE FRUIT AND NUTS; PEEL OF CITRUS FRUIT OR MELONS,IMPORT,VALUE_IN_EUROS,2021,107445
ESTAT:DS-045409(1.0),06/02/26 11:00:00,Annual,"European Union - 27 countries (AT, BE, BG, CY, CZ, DE, DK, EE, ES, FI, FR, GR, HR, HU, IE, IT, LT, LU, LV, MT, NL, PL, PT, RO, SE, SI, SK)",Somalia,EDIBLE FRUIT AND NUTS; PEEL OF CITRUS FRUIT OR MELONS,IMPORT,VALUE_IN_EUROS,2022,66472
ESTAT:DS-045409(1.0),06/02/26 11:00:00,Annual,"European Union - 27 countries (AT, BE, BG, CY, CZ, DE, DK, EE, ES, FI, FR, GR, HR, HU, IE, IT, LT, LU, LV, MT, NL, PL, PT, RO, SE, SI, SK)",Somalia,EDIBLE FRUIT AND NUTS; PEEL OF CITRUS FRUIT OR MELONS,IMPORT,VALUE_IN_EUROS,2023,97354
ESTAT:DS-045409(1.0),06/02/26 11:00:00,Annual,"European Union - 27 countries (AT, BE, BG, CY, CZ, DE, DK, EE, ES, FI, FR, GR, HR, HU, IE, IT, LT, LU, LV, MT, NL, PL, PT, RO, SE, SI, SK)",Somalia,EDIBLE FRUIT AND NUTS; PEEL OF CITRUS FRUIT OR MELONS,IMPORT,VALUE_IN_EUROS,2024,81185
ESTAT:DS-045409(1.0),06/02/26 11:00:00,Annual,"European Union - 27 countries (AT, BE, BG, CY, CZ, DE, DK, EE, ES, FI, FR, GR, HR, HU, IE, IT, LT, LU, LV, MT, NL, PL, PT, RO, SE, SI, SK)",South Sudan,EDIBLE FRUIT AND NUTS; PEEL OF CITRUS FRUIT OR MELONS,IMPORT,VALUE_IN_EUROS,2016,1272
ESTAT:DS-045409(1.0),06/02/26 11:00:00,Annual,"European Union - 27 countries (AT, BE, BG, CY, CZ, DE, DK, EE, ES, FI, FR, GR, HR, HU, IE, IT, LT, LU, LV, MT, NL, PL, PT, RO, SE, SI, SK)",Sao Tome and Principe,EDIBLE FRUIT AND NUTS; PEEL OF CITRUS FRUIT OR MELONS,IMPORT,VALUE_IN_EUROS,2000,1129
ESTAT:DS-045409(1.0),06/02/26 11:00:00,Annual,"European Union - 27 countries (AT, BE, BG, CY, CZ, DE, DK, EE, ES, FI, FR, GR, HR, HU, IE, IT, LT, LU, LV, MT, NL, PL, PT, RO, SE, SI, SK)",Sao Tome and Principe,EDIBLE FRUIT AND NUTS; PEEL OF CITRUS FRUIT OR MELONS,IMPORT,VALUE_IN_EUROS,2001,6378
ESTAT:DS-045409(1.0),06/02/26 11:00:00,Annual,"European Union - 27 countries (AT, BE, BG, CY, CZ, DE, DK, EE, ES, FI, FR, GR, HR, HU, IE, IT, LT, LU, LV, MT, NL, PL, PT, RO, SE, SI, SK)",Sao Tome and Principe,EDIBLE FRUIT AND NUTS; PEEL OF CITRUS FRUIT OR MELONS,IMPORT,VALUE_IN_EUROS,2002,10715
ESTAT:DS-045409(1.0),06/02/26 11:00:00,Annual,"European Union - 27 countries (AT, BE, BG, CY, CZ, DE, DK, EE, ES, FI, FR, GR, HR, HU, IE, IT, LT, LU, LV, MT, NL, PL, PT, RO, SE, SI, SK)",Sao Tome and Principe,EDIBLE FRUIT AND NUTS; PEEL OF CITRUS FRUIT OR MELONS,IMPORT,VALUE_IN_EUROS,2003,12390
ESTAT:DS-045409(1.0),06/02/26 11:00:00,Annual,"European Union - 27 countries (AT, BE, BG, CY, CZ, DE, DK, EE, ES, FI, FR, GR, HR, HU, IE, IT, LT, LU, LV, MT, NL, PL, PT, RO, SE, SI, SK)",Sao Tome and Principe,EDIBLE FRUIT AND NUTS; PEEL OF CITRUS FRUIT OR MELONS,IMPORT,VALUE_IN_EUROS,2004,3636
ESTAT:DS-045409(1.0),06/02/26 11:00:00,Annual,"European Union - 27 countries (AT, BE, BG, CY, CZ, DE, DK, EE, ES, FI, FR, GR, HR, HU, IE, IT, LT, LU, LV, MT, NL, PL, PT, RO, SE, SI, SK)",Sao Tome and Principe,EDIBLE FRUIT AND NUTS; PEEL OF CITRUS FRUIT OR MELONS,IMPORT,VALUE_IN_EUROS,2005,1324
ESTAT:DS-045409(1.0),06/02/26 11:00:00,Annual,"European Union - 27 countries (AT, BE, BG, CY, CZ, DE, DK, EE, ES, FI, FR, GR, HR, HU, IE, IT, LT, LU, LV, MT, NL, PL, PT, RO, SE, SI, SK)",Sao Tome and Principe,EDIBLE FRUIT AND NUTS; PEEL OF CITRUS FRUIT OR MELONS,IMPORT,VALUE_IN_EUROS,2006,217
ESTAT:DS-045409(1.0),06/02/26 11:00:00,Annual,"European Union - 27 countries (AT, BE, BG, CY, CZ, DE, DK, EE, ES, FI, FR, GR, HR, HU, IE, IT, LT, LU, LV, MT, NL, PL, PT, RO, SE, SI, SK)",Sao Tome and Principe,EDIBLE FRUIT AND NUTS; PEEL OF CITRUS FRUIT OR MELONS,IMPORT,VALUE_IN_EUROS,2009,4038
ESTAT:DS-045409(1.0),06/02/26 11:00:00,Annual,"European Union - 27 countries (AT, BE, BG, CY, CZ, DE, DK, EE, ES, FI, FR, GR, HR, HU, IE, IT, LT, LU, LV, MT, NL, PL, PT, RO, SE, SI, SK)",Sao Tome and Principe,EDIBLE FRUIT AND NUTS; PEEL OF CITRUS FRUIT OR MELONS,IMPORT,VALUE_IN_EUROS,2018,14112
ESTAT:DS-045409(1.0),06/02/26 11:00:00,Annual,"European Union - 27 countries (AT, BE, BG, CY, CZ, DE, DK, EE, ES, FI, FR, GR, HR, HU, IE, IT, LT, LU, LV, MT, NL, PL, PT, RO, SE, SI, SK)",Sao Tome and Principe,EDIBLE FRUIT AND NUTS; PEEL OF CITRUS FRUIT OR MELONS,IMPORT,VALUE_IN_EUROS,2019,5119
ESTAT:DS-045409(1.0),06/02/26 11:00:00,Annual,"European Union - 27 countries (AT, BE, BG, CY, CZ, DE, DK, EE, ES, FI, FR, GR, HR, HU, IE, IT, LT, LU, LV, MT, NL, PL, PT, RO, SE, SI, SK)",Sao Tome and Principe,EDIBLE FRUIT AND NUTS; PEEL OF CITRUS FRUIT OR MELONS,IMPORT,VALUE_IN_EUROS,2020,16948
ESTAT:DS-045409(1.0),06/02/26 11:00:00,Annual,"European Union - 27 countries (AT, BE, BG, CY, CZ, DE, DK, EE, ES, FI, FR, GR, HR, HU, IE, IT, LT, LU, LV, MT, NL, PL, PT, RO, SE, SI, SK)",Sao Tome and Principe,EDIBLE FRUIT AND NUTS; PEEL OF CITRUS FRUIT OR MELONS,IMPORT,VALUE_IN_EUROS,2021,34463
ESTAT:DS-045409(1.0),06/02/26 11:00:00,Annual,"European Union - 27 countries (AT, BE, BG, CY, CZ, DE, DK, EE, ES, FI, FR, GR, HR, HU, IE, IT, LT, LU, LV, MT, NL, PL, PT, RO, SE, SI, SK)",Sao Tome and Principe,EDIBLE FRUIT AND NUTS; PEEL OF CITRUS FRUIT OR MELONS,IMPORT,VALUE_IN_EUROS,2022,225
ESTAT:DS-045409(1.0),06/02/26 11:00:00,Annual,"European Union - 27 countries (AT, BE, BG, CY, CZ, DE, DK, EE, ES, FI, FR, GR, HR, HU, IE, IT, LT, LU, LV, MT, NL, PL, PT, RO, SE, SI, SK)",Sao Tome and Principe,EDIBLE FRUIT AND NUTS; PEEL OF CITRUS FRUIT OR MELONS,IMPORT,VALUE_IN_EUROS,2023,28088
ESTAT:DS-045409(1.0),06/02/26 11:00:00,Annual,"European Union - 27 countries (AT, BE, BG, CY, CZ, DE, DK, EE, ES, FI, FR, GR, HR, HU, IE, IT, LT, LU, LV, MT, NL, PL, PT, RO, SE, SI, SK)",Sao Tome and Principe,EDIBLE FRUIT AND NUTS; PEEL OF CITRUS FRUIT OR MELONS,IMPORT,VALUE_IN_EUROS,2024,33401
ESTAT:DS-045409(1.0),06/02/26 11:00:00,Annual,"European Union - 27 countries (AT, BE, BG, CY, CZ, DE, DK, EE, ES, FI, FR, GR, HR, HU, IE, IT, LT, LU, LV, MT, NL, PL, PT, RO, SE, SI, SK)",Eswatini (Ngwane),EDIBLE FRUIT AND NUTS; PEEL OF CITRUS FRUIT OR MELONS,IMPORT,VALUE_IN_EUROS,1999,8815702
ESTAT:DS-045409(1.0),06/02/26 11:00:00,Annual,"European Union - 27 countries (AT, BE, BG, CY, CZ, DE, DK, EE, ES, FI, FR, GR, HR, HU, IE, IT, LT, LU, LV, MT, NL, PL, PT, RO, SE, SI, SK)",Eswatini (Ngwane),EDIBLE FRUIT AND NUTS; PEEL OF CITRUS FRUIT OR MELONS,IMPORT,VALUE_IN_EUROS,2000,11366132
ESTAT:DS-045409(1.0),06/02/26 11:00:00,Annual,"European Union - 27 countries (AT, BE, BG, CY, CZ, DE, DK, EE, ES, FI, FR, GR, HR, HU, IE, IT, LT, LU, LV, MT, NL, PL, PT, RO, SE, SI, SK)",Eswatini (Ngwane),EDIBLE FRUIT AND NUTS; PEEL OF CITRUS FRUIT OR MELONS,IMPORT,VALUE_IN_EUROS,2001,12066664
ESTAT:DS-045409(1.0),06/02/26 11:00:00,Annual,"European Union - 27 countries (AT, BE, BG, CY, CZ, DE, DK, EE, ES, FI, FR, GR, HR, HU, IE, IT, LT, LU, LV, MT, NL, PL, PT, RO, SE, SI, SK)",Eswatini (Ngwane),EDIBLE FRUIT AND NUTS; PEEL OF CITRUS FRUIT OR MELONS,IMPORT,VALUE_IN_EUROS,2002,9153442
ESTAT:DS-045409(1.0),06/02/26 11:00:00,Annual,"European Union - 27 countries (AT, BE, BG, CY, CZ, DE, DK, EE, ES, FI, FR, GR, HR, HU, IE, IT, LT, LU, LV, MT, NL, PL, PT, RO, SE, SI, SK)",Eswatini (Ngwane),EDIBLE FRUIT AND NUTS; PEEL OF CITRUS FRUIT OR MELONS,IMPORT,VALUE_IN_EUROS,2003,11556046
ESTAT:DS-045409(1.0),06/02/26 11:00:00,Annual,"European Union - 27 countries (AT, BE, BG, CY, CZ, DE, DK, EE, ES, FI, FR, GR, HR, HU, IE, IT, LT, LU, LV, MT, NL, PL, PT, RO, SE, SI, SK)",Eswatini (Ngwane),EDIBLE FRUIT AND NUTS; PEEL OF CITRUS FRUIT OR MELONS,IMPORT,VALUE_IN_EUROS,2004,8713477
ESTAT:DS-045409(1.0),06/02/26 11:00:00,Annual,"European Union - 27 countries (AT, BE, BG, CY, CZ, DE, DK, EE, ES, FI, FR, GR, HR, HU, IE, IT, LT, LU, LV, MT, NL, PL, PT, RO, SE, SI, SK)",Eswatini (Ngwane),EDIBLE FRUIT AND NUTS; PEEL OF CITRUS FRUIT OR MELONS,IMPORT,VALUE_IN_EUROS,2005,6712606
ESTAT:DS-045409(1.0),06/02/26 11:00:00,Annual,"European Union - 27 countries (AT, BE, BG, CY, CZ, DE, DK, EE, ES, FI, FR, GR, HR, HU, IE, IT, LT, LU, LV, MT, NL, PL, PT, RO, SE, SI, SK)",Eswatini (Ngwane),EDIBLE FRUIT AND NUTS; PEEL OF CITRUS FRUIT OR MELONS,IMPORT,VALUE_IN_EUROS,2006,9103347
ESTAT:DS-045409(1.0),06/02/26 11:00:00,Annual,"European Union - 27 countries (AT, BE, BG, CY, CZ, DE, DK, EE, ES, FI, FR, GR, HR, HU, IE, IT, LT, LU, LV, MT, NL, PL, PT, RO, SE, SI, SK)",Eswatini (Ngwane),EDIBLE FRUIT AND NUTS; PEEL OF CITRUS FRUIT OR MELONS,IMPORT,VALUE_IN_EUROS,2007,15735435
ESTAT:DS-045409(1.0),06/02/26 11:00:00,Annual,"European Union - 27 countries (AT, BE, BG, CY, CZ, DE, DK, EE, ES, FI, FR, GR, HR, HU, IE, IT, LT, LU, LV, MT, NL, PL, PT, RO, SE, SI, SK)",Eswatini (Ngwane),EDIBLE FRUIT AND NUTS; PEEL OF CITRUS FRUIT OR MELONS,IMPORT,VALUE_IN_EUROS,2008,11531651
ESTAT:DS-045409(1.0),06/02/26 11:00:00,Annual,"European Union - 27 countries (AT, BE, BG, CY, CZ, DE, DK, EE, ES, FI, FR, GR, HR, HU, IE, IT, LT, LU, LV, MT, NL, PL, PT, RO, SE, SI, SK)",Eswatini (Ngwane),EDIBLE FRUIT AND NUTS; PEEL OF CITRUS FRUIT OR MELONS,IMPORT,VALUE_IN_EUROS,2009,8046198
ESTAT:DS-045409(1.0),06/02/26 11:00:00,Annual,"European Union - 27 countries (AT, BE, BG, CY, CZ, DE, DK, EE, ES, FI, FR, GR, HR, HU, IE, IT, LT, LU, LV, MT, NL, PL, PT, RO, SE, SI, SK)",Eswatini (Ngwane),EDIBLE FRUIT AND NUTS; PEEL OF CITRUS FRUIT OR MELONS,IMPORT,VALUE_IN_EUROS,2010,11123109
ESTAT:DS-045409(1.0),06/02/26 11:00:00,Annual,"European Union - 27 countries (AT, BE, BG, CY, CZ, DE, DK, EE, ES, FI, FR, GR, HR, HU, IE, IT, LT, LU, LV, MT, NL, PL, PT, RO, SE, SI, SK)",Eswatini (Ngwane),EDIBLE FRUIT AND NUTS; PEEL OF CITRUS FRUIT OR MELONS,IMPORT,VALUE_IN_EUROS,2011,13852562
ESTAT:DS-045409(1.0),06/02/26 11:00:00,Annual,"European Union - 27 countries (AT, BE, BG, CY, CZ, DE, DK, EE, ES, FI, FR, GR, HR, HU, IE, IT, LT, LU, LV, MT, NL, PL, PT, RO, SE, SI, SK)",Eswatini (Ngwane),EDIBLE FRUIT AND NUTS; PEEL OF CITRUS FRUIT OR MELONS,IMPORT,VALUE_IN_EUROS,2012,10428229
ESTAT:DS-045409(1.0),06/02/26 11:00:00,Annual,"European Union - 27 countries (AT, BE, BG, CY, CZ, DE, DK, EE, ES, FI, FR, GR, HR, HU, IE, IT, LT, LU, LV, MT, NL, PL, PT, RO, SE, SI, SK)",Eswatini (Ngwane),EDIBLE FRUIT AND NUTS; PEEL OF CITRUS FRUIT OR MELONS,IMPORT,VALUE_IN_EUROS,2013,4710443
ESTAT:DS-045409(1.0),06/02/26 11:00:00,Annual,"European Union - 27 countries (AT, BE, BG, CY, CZ, DE, DK, EE, ES, FI, FR, GR, HR, HU, IE, IT, LT, LU, LV, MT, NL, PL, PT, RO, SE, SI, SK)",Eswatini (Ngwane),EDIBLE FRUIT AND NUTS; PEEL OF CITRUS FRUIT OR MELONS,IMPORT,VALUE_IN_EUROS,2014,2318133
ESTAT:DS-045409(1.0),06/02/26 11:00:00,Annual,"European Union - 27 countries (AT, BE, BG, CY, CZ, DE, DK, EE, ES, FI, FR, GR, HR, HU, IE, IT, LT, LU, LV, MT, NL, PL, PT, RO, SE, SI, SK)",Eswatini (Ngwane),EDIBLE FRUIT AND NUTS; PEEL OF CITRUS FRUIT OR MELONS,IMPORT,VALUE_IN_EUROS,2015,2506000
ESTAT:DS-045409(1.0),06/02/26 11:00:00,Annual,"European Union - 27 countries (AT, BE, BG, CY, CZ, DE, DK, EE, ES, FI, FR, GR, HR, HU, IE, IT, LT, LU, LV, MT, NL, PL, PT, RO, SE, SI, SK)",Eswatini (Ngwane),EDIBLE FRUIT AND NUTS; PEEL OF CITRUS FRUIT OR MELONS,IMPORT,VALUE_IN_EUROS,2016,6117519
ESTAT:DS-045409(1.0),06/02/26 11:00:00,Annual,"European Union - 27 countries (AT, BE, BG, CY, CZ, DE, DK, EE, ES, FI, FR, GR, HR, HU, IE, IT, LT, LU, LV, MT, NL, PL, PT, RO, SE, SI, SK)",Eswatini (Ngwane),EDIBLE FRUIT AND NUTS; PEEL OF CITRUS FRUIT OR MELONS,IMPORT,VALUE_IN_EUROS,2017,3605154
ESTAT:DS-045409(1.0),06/02/26 11:00:00,Annual,"European Union - 27 countries (AT, BE, BG, CY, CZ, DE, DK, EE, ES, FI, FR, GR, HR, HU, IE, IT, LT, LU, LV, MT, NL, PL, PT, RO, SE, SI, SK)",Eswatini (Ngwane),EDIBLE FRUIT AND NUTS; PEEL OF CITRUS FRUIT OR MELONS,IMPORT,VALUE_IN_EUROS,2018,5220116
ESTAT:DS-045409(1.0),06/02/26 11:00:00,Annual,"European Union - 27 countries (AT, BE, BG, CY, CZ, DE, DK, EE, ES, FI, FR, GR, HR, HU, IE, IT, LT, LU, LV, MT, NL, PL, PT, RO, SE, SI, SK)",Eswatini (Ngwane),EDIBLE FRUIT AND NUTS; PEEL OF CITRUS FRUIT OR MELONS,IMPORT,VALUE_IN_EUROS,2019,3869035
ESTAT:DS-045409(1.0),06/02/26 11:00:00,Annual,"European Union - 27 countries (AT, BE, BG, CY, CZ, DE, DK, EE, ES, FI, FR, GR, HR, HU, IE, IT, LT, LU, LV, MT, NL, PL, PT, RO, SE, SI, SK)",Eswatini (Ngwane),EDIBLE FRUIT AND NUTS; PEEL OF CITRUS FRUIT OR MELONS,IMPORT,VALUE_IN_EUROS,2020,3810532
ESTAT:DS-045409(1.0),06/02/26 11:00:00,Annual,"European Union - 27 countries (AT, BE, BG, CY, CZ, DE, DK, EE, ES, FI, FR, GR, HR, HU, IE, IT, LT, LU, LV, MT, NL, PL, PT, RO, SE, SI, SK)",Eswatini (Ngwane),EDIBLE FRUIT AND NUTS; PEEL OF CITRUS FRUIT OR MELONS,IMPORT,VALUE_IN_EUROS,2021,2229639
ESTAT:DS-045409(1.0),06/02/26 11:00:00,Annual,"European Union - 27 countries (AT, BE, BG, CY, CZ, DE, DK, EE, ES, FI, FR, GR, HR, HU, IE, IT, LT, LU, LV, MT, NL, PL, PT, RO, SE, SI, SK)",Eswatini (Ngwane),EDIBLE FRUIT AND NUTS; PEEL OF CITRUS FRUIT OR MELONS,IMPORT,VALUE_IN_EUROS,2022,1172662
ESTAT:DS-045409(1.0),06/02/26 11:00:00,Annual,"European Union - 27 countries (AT, BE, BG, CY, CZ, DE, DK, EE, ES, FI, FR, GR, HR, HU, IE, IT, LT, LU, LV, MT, NL, PL, PT, RO, SE, SI, SK)",Eswatini (Ngwane),EDIBLE FRUIT AND NUTS; PEEL OF CITRUS FRUIT OR MELONS,IMPORT,VALUE_IN_EUROS,2023,577659
ESTAT:DS-045409(1.0),06/02/26 11:00:00,Annual,"European Union - 27 countries (AT, BE, BG, CY, CZ, DE, DK, EE, ES, FI, FR, GR, HR, HU, IE, IT, LT, LU, LV, MT, NL, PL, PT, RO, SE, SI, SK)",Eswatini (Ngwane),EDIBLE FRUIT AND NUTS; PEEL OF CITRUS FRUIT OR MELONS,IMPORT,VALUE_IN_EUROS,2024,1346385
ESTAT:DS-045409(1.0),06/02/26 11:00:00,Annual,"European Union - 27 countries (AT, BE, BG, CY, CZ, DE, DK, EE, ES, FI, FR, GR, HR, HU, IE, IT, LT, LU, LV, MT, NL, PL, PT, RO, SE, SI, SK)",Chad,EDIBLE FRUIT AND NUTS; PEEL OF CITRUS FRUIT OR MELONS,IMPORT,VALUE_IN_EUROS,2000,823
ESTAT:DS-045409(1.0),06/02/26 11:00:00,Annual,"European Union - 27 countries (AT, BE, BG, CY, CZ, DE, DK, EE, ES, FI, FR, GR, HR, HU, IE, IT, LT, LU, LV, MT, NL, PL, PT, RO, SE, SI, SK)",Chad,EDIBLE FRUIT AND NUTS; PEEL OF CITRUS FRUIT OR MELONS,IMPORT,VALUE_IN_EUROS,2012,18963
ESTAT:DS-045409(1.0),06/02/26 11:00:00,Annual,"European Union - 27 countries (AT, BE, BG, CY, CZ, DE, DK, EE, ES, FI, FR, GR, HR, HU, IE, IT, LT, LU, LV, MT, NL, PL, PT, RO, SE, SI, SK)",Chad,EDIBLE FRUIT AND NUTS; PEEL OF CITRUS FRUIT OR MELONS,IMPORT,VALUE_IN_EUROS,2018,9
ESTAT:DS-045409(1.0),06/02/26 11:00:00,Annual,"European Union - 27 countries (AT, BE, BG, CY, CZ, DE, DK, EE, ES, FI, FR, GR, HR, HU, IE, IT, LT, LU, LV, MT, NL, PL, PT, RO, SE, SI, SK)",Chad,EDIBLE FRUIT AND NUTS; PEEL OF CITRUS FRUIT OR MELONS,IMPORT,VALUE_IN_EUROS,2023,182
ESTAT:DS-045409(1.0),06/02/26 11:00:00,Annual,"European Union - 27 countries (AT, BE, BG, CY, CZ, DE, DK, EE, ES, FI, FR, GR, HR, HU, IE, IT, LT, LU, LV, MT, NL, PL, PT, RO, SE, SI, SK)",Chad,EDIBLE FRUIT AND NUTS; PEEL OF CITRUS FRUIT OR MELONS,IMPORT,VALUE_IN_EUROS,2024,128
ESTAT:DS-045409(1.0),06/02/26 11:00:00,Annual,"European Union - 27 countries (AT, BE, BG, CY, CZ, DE, DK, EE, ES, FI, FR, GR, HR, HU, IE, IT, LT, LU, LV, MT, NL, PL, PT, RO, SE, SI, SK)",Togo,EDIBLE FRUIT AND NUTS; PEEL OF CITRUS FRUIT OR MELONS,IMPORT,VALUE_IN_EUROS,1999,627870
ESTAT:DS-045409(1.0),06/02/26 11:00:00,Annual,"European Union - 27 countries (AT, BE, BG, CY, CZ, DE, DK, EE, ES, FI, FR, GR, HR, HU, IE, IT, LT, LU, LV, MT, NL, PL, PT, RO, SE, SI, SK)",Togo,EDIBLE FRUIT AND NUTS; PEEL OF CITRUS FRUIT OR MELONS,IMPORT,VALUE_IN_EUROS,2000,412119
ESTAT:DS-045409(1.0),06/02/26 11:00:00,Annual,"European Union - 27 countries (AT, BE, BG, CY, CZ, DE, DK, EE, ES, FI, FR, GR, HR, HU, IE, IT, LT, LU, LV, MT, NL, PL, PT, RO, SE, SI, SK)",Togo,EDIBLE FRUIT AND NUTS; PEEL OF CITRUS FRUIT OR MELONS,IMPORT,VALUE_IN_EUROS,2001,625498
ESTAT:DS-045409(1.0),06/02/26 11:00:00,Annual,"European Union - 27 countries (AT, BE, BG, CY, CZ, DE, DK, EE, ES, FI, FR, GR, HR, HU, IE, IT, LT, LU, LV, MT, NL, PL, PT, RO, SE, SI, SK)",Togo,EDIBLE FRUIT AND NUTS; PEEL OF CITRUS FRUIT OR MELONS,IMPORT,VALUE_IN_EUROS,2002,673303
ESTAT:DS-045409(1.0),06/02/26 11:00:00,Annual,"European Union - 27 countries (AT, BE, BG, CY, CZ, DE, DK, EE, ES, FI, FR, GR, HR, HU, IE, IT, LT, LU, LV, MT, NL, PL, PT, RO, SE, SI, SK)",Togo,EDIBLE FRUIT AND NUTS; PEEL OF CITRUS FRUIT OR MELONS,IMPORT,VALUE_IN_EUROS,2003,963640
ESTAT:DS-045409(1.0),06/02/26 11:00:00,Annual,"European Union - 27 countries (AT, BE, BG, CY, CZ, DE, DK, EE, ES, FI, FR, GR, HR, HU, IE, IT, LT, LU, LV, MT, NL, PL, PT, RO, SE, SI, SK)",Togo,EDIBLE FRUIT AND NUTS; PEEL OF CITRUS FRUIT OR MELONS,IMPORT,VALUE_IN_EUROS,2004,1171322
ESTAT:DS-045409(1.0),06/02/26 11:00:00,Annual,"European Union - 27 countries (AT, BE, BG, CY, CZ, DE, DK, EE, ES, FI, FR, GR, HR, HU, IE, IT, LT, LU, LV, MT, NL, PL, PT, RO, SE, SI, SK)",Togo,EDIBLE FRUIT AND NUTS; PEEL OF CITRUS FRUIT OR MELONS,IMPORT,VALUE_IN_EUROS,2005,1123944
ESTAT:DS-045409(1.0),06/02/26 11:00:00,Annual,"European Union - 27 countries (AT, BE, BG, CY, CZ, DE, DK, EE, ES, FI, FR, GR, HR, HU, IE, IT, LT, LU, LV, MT, NL, PL, PT, RO, SE, SI, SK)",Togo,EDIBLE FRUIT AND NUTS; PEEL OF CITRUS FRUIT OR MELONS,IMPORT,VALUE_IN_EUROS,2006,1745382
ESTAT:DS-045409(1.0),06/02/26 11:00:00,Annual,"European Union - 27 countries (AT, BE, BG, CY, CZ, DE, DK, EE, ES, FI, FR, GR, HR, HU, IE, IT, LT, LU, LV, MT, NL, PL, PT, RO, SE, SI, SK)",Togo,EDIBLE FRUIT AND NUTS; PEEL OF CITRUS FRUIT OR MELONS,IMPORT,VALUE_IN_EUROS,2007,1479504
ESTAT:DS-045409(1.0),06/02/26 11:00:00,Annual,"European Union - 27 countries (AT, BE, BG, CY, CZ, DE, DK, EE, ES, FI, FR, GR, HR, HU, IE, IT, LT, LU, LV, MT, NL, PL, PT, RO, SE, SI, SK)",Togo,EDIBLE FRUIT AND NUTS; PEEL OF CITRUS FRUIT OR MELONS,IMPORT,VALUE_IN_EUROS,2008,1254458
ESTAT:DS-045409(1.0),06/02/26 11:00:00,Annual,"European Union - 27 countries (AT, BE, BG, CY, CZ, DE, DK, EE, ES, FI, FR, GR, HR, HU, IE, IT, LT, LU, LV, MT, NL, PL, PT, RO, SE, SI, SK)",Togo,EDIBLE FRUIT AND NUTS; PEEL OF CITRUS FRUIT OR MELONS,IMPORT,VALUE_IN_EUROS,2009,1058579
ESTAT:DS-045409(1.0),06/02/26 11:00:00,Annual,"European Union - 27 countries (AT, BE, BG, CY, CZ, DE, DK, EE, ES, FI, FR, GR, HR, HU, IE, IT, LT, LU, LV, MT, NL, PL, PT, RO, SE, SI, SK)",Togo,EDIBLE FRUIT AND NUTS; PEEL OF CITRUS FRUIT OR MELONS,IMPORT,VALUE_IN_EUROS,2010,968297
ESTAT:DS-045409(1.0),06/02/26 11:00:00,Annual,"European Union - 27 countries (AT, BE, BG, CY, CZ, DE, DK, EE, ES, FI, FR, GR, HR, HU, IE, IT, LT, LU, LV, MT, NL, PL, PT, RO, SE, SI, SK)",Togo,EDIBLE FRUIT AND NUTS; PEEL OF CITRUS FRUIT OR MELONS,IMPORT,VALUE_IN_EUROS,2011,1637503
ESTAT:DS-045409(1.0),06/02/26 11:00:00,Annual,"European Union - 27 countries (AT, BE, BG, CY, CZ, DE, DK, EE, ES, FI, FR, GR, HR, HU, IE, IT, LT, LU, LV, MT, NL, PL, PT, RO, SE, SI, SK)",Togo,EDIBLE FRUIT AND NUTS; PEEL OF CITRUS FRUIT OR MELONS,IMPORT,VALUE_IN_EUROS,2012,1421200
ESTAT:DS-045409(1.0),06/02/26 11:00:00,Annual,"European Union - 27 countries (AT, BE, BG, CY, CZ, DE, DK, EE, ES, FI, FR, GR, HR, HU, IE, IT, LT, LU, LV, MT, NL, PL, PT, RO, SE, SI, SK)",Togo,EDIBLE FRUIT AND NUTS; PEEL OF CITRUS FRUIT OR MELONS,IMPORT,VALUE_IN_EUROS,2013,1659409
ESTAT:DS-045409(1.0),06/02/26 11:00:00,Annual,"European Union - 27 countries (AT, BE, BG, CY, CZ, DE, DK, EE, ES, FI, FR, GR, HR, HU, IE, IT, LT, LU, LV, MT, NL, PL, PT, RO, SE, SI, SK)",Togo,EDIBLE FRUIT AND NUTS; PEEL OF CITRUS FRUIT OR MELONS,IMPORT,VALUE_IN_EUROS,2014,3018900
ESTAT:DS-045409(1.0),06/02/26 11:00:00,Annual,"European Union - 27 countries (AT, BE, BG, CY, CZ, DE, DK, EE, ES, FI, FR, GR, HR, HU, IE, IT, LT, LU, LV, MT, NL, PL, PT, RO, SE, SI, SK)",Togo,EDIBLE FRUIT AND NUTS; PEEL OF CITRUS FRUIT OR MELONS,IMPORT,VALUE_IN_EUROS,2015,4504900
ESTAT:DS-045409(1.0),06/02/26 11:00:00,Annual,"European Union - 27 countries (AT, BE, BG, CY, CZ, DE, DK, EE, ES, FI, FR, GR, HR, HU, IE, IT, LT, LU, LV, MT, NL, PL, PT, RO, SE, SI, SK)",Togo,EDIBLE FRUIT AND NUTS; PEEL OF CITRUS FRUIT OR MELONS,IMPORT,VALUE_IN_EUROS,2016,3483341
ESTAT:DS-045409(1.0),06/02/26 11:00:00,Annual,"European Union - 27 countries (AT, BE, BG, CY, CZ, DE, DK, EE, ES, FI, FR, GR, HR, HU, IE, IT, LT, LU, LV, MT, NL, PL, PT, RO, SE, SI, SK)",Togo,EDIBLE FRUIT AND NUTS; PEEL OF CITRUS FRUIT OR MELONS,IMPORT,VALUE_IN_EUROS,2017,4887265
ESTAT:DS-045409(1.0),06/02/26 11:00:00,Annual,"European Union - 27 countries (AT, BE, BG, CY, CZ, DE, DK, EE, ES, FI, FR, GR, HR, HU, IE, IT, LT, LU, LV, MT, NL, PL, PT, RO, SE, SI, SK)",Togo,EDIBLE FRUIT AND NUTS; PEEL OF CITRUS FRUIT OR MELONS,IMPORT,VALUE_IN_EUROS,2018,5810029
ESTAT:DS-045409(1.0),06/02/26 11:00:00,Annual,"European Union - 27 countries (AT, BE, BG, CY, CZ, DE, DK, EE, ES, FI, FR, GR, HR, HU, IE, IT, LT, LU, LV, MT, NL, PL, PT, RO, SE, SI, SK)",Togo,EDIBLE FRUIT AND NUTS; PEEL OF CITRUS FRUIT OR MELONS,IMPORT,VALUE_IN_EUROS,2019,6733062
ESTAT:DS-045409(1.0),06/02/26 11:00:00,Annual,"European Union - 27 countries (AT, BE, BG, CY, CZ, DE, DK, EE, ES, FI, FR, GR, HR, HU, IE, IT, LT, LU, LV, MT, NL, PL, PT, RO, SE, SI, SK)",Togo,EDIBLE FRUIT AND NUTS; PEEL OF CITRUS FRUIT OR MELONS,IMPORT,VALUE_IN_EUROS,2020,5685837
ESTAT:DS-045409(1.0),06/02/26 11:00:00,Annual,"European Union - 27 countries (AT, BE, BG, CY, CZ, DE, DK, EE, ES, FI, FR, GR, HR, HU, IE, IT, LT, LU, LV, MT, NL, PL, PT, RO, SE, SI, SK)",Togo,EDIBLE FRUIT AND NUTS; PEEL OF CITRUS FRUIT OR MELONS,IMPORT,VALUE_IN_EUROS,2021,7084227
ESTAT:DS-045409(1.0),06/02/26 11:00:00,Annual,"European Union - 27 countries (AT, BE, BG, CY, CZ, DE, DK, EE, ES, FI, FR, GR, HR, HU, IE, IT, LT, LU, LV, MT, NL, PL, PT, RO, SE, SI, SK)",Togo,EDIBLE FRUIT AND NUTS; PEEL OF CITRUS FRUIT OR MELONS,IMPORT,VALUE_IN_EUROS,2022,7140965
ESTAT:DS-045409(1.0),06/02/26 11:00:00,Annual,"European Union - 27 countries (AT, BE, BG, CY, CZ, DE, DK, EE, ES, FI, FR, GR, HR, HU, IE, IT, LT, LU, LV, MT, NL, PL, PT, RO, SE, SI, SK)",Togo,EDIBLE FRUIT AND NUTS; PEEL OF CITRUS FRUIT OR MELONS,IMPORT,VALUE_IN_EUROS,2023,5017526
ESTAT:DS-045409(1.0),06/02/26 11:00:00,Annual,"European Union - 27 countries (AT, BE, BG, CY, CZ, DE, DK, EE, ES, FI, FR, GR, HR, HU, IE, IT, LT, LU, LV, MT, NL, PL, PT, RO, SE, SI, SK)",Togo,EDIBLE FRUIT AND NUTS; PEEL OF CITRUS FRUIT OR MELONS,IMPORT,VALUE_IN_EUROS,2024,5631717
ESTAT:DS-045409(1.0),06/02/26 11:00:00,Annual,"European Union - 27 countries (AT, BE, BG, CY, CZ, DE, DK, EE, ES, FI, FR, GR, HR, HU, IE, IT, LT, LU, LV, MT, NL, PL, PT, RO, SE, SI, SK)",Tunisia,EDIBLE FRUIT AND NUTS; PEEL OF CITRUS FRUIT OR MELONS,IMPORT,VALUE_IN_EUROS,1999,50998752
ESTAT:DS-045409(1.0),06/02/26 11:00:00,Annual,"European Union - 27 countries (AT, BE, BG, CY, CZ, DE, DK, EE, ES, FI, FR, GR, HR, HU, IE, IT, LT, LU, LV, MT, NL, PL, PT, RO, SE, SI, SK)",Tunisia,EDIBLE FRUIT AND NUTS; PEEL OF CITRUS FRUIT OR MELONS,IMPORT,VALUE_IN_EUROS,2000,61278011
ESTAT:DS-045409(1.0),06/02/26 11:00:00,Annual,"European Union - 27 countries (AT, BE, BG, CY, CZ, DE, DK, EE, ES, FI, FR, GR, HR, HU, IE, IT, LT, LU, LV, MT, NL, PL, PT, RO, SE, SI, SK)",Tunisia,EDIBLE FRUIT AND NUTS; PEEL OF CITRUS FRUIT OR MELONS,IMPORT,VALUE_IN_EUROS,2001,58059139
ESTAT:DS-045409(1.0),06/02/26 11:00:00,Annual,"European Union - 27 countries (AT, BE, BG, CY, CZ, DE, DK, EE, ES, FI, FR, GR, HR, HU, IE, IT, LT, LU, LV, MT, NL, PL, PT, RO, SE, SI, SK)",Tunisia,EDIBLE FRUIT AND NUTS; PEEL OF CITRUS FRUIT OR MELONS,IMPORT,VALUE_IN_EUROS,2002,61830421
ESTAT:DS-045409(1.0),06/02/26 11:00:00,Annual,"European Union - 27 countries (AT, BE, BG, CY, CZ, DE, DK, EE, ES, FI, FR, GR, HR, HU, IE, IT, LT, LU, LV, MT, NL, PL, PT, RO, SE, SI, SK)",Tunisia,EDIBLE FRUIT AND NUTS; PEEL OF CITRUS FRUIT OR MELONS,IMPORT,VALUE_IN_EUROS,2003,60980647
ESTAT:DS-045409(1.0),06/02/26 11:00:00,Annual,"European Union - 27 countries (AT, BE, BG, CY, CZ, DE, DK, EE, ES, FI, FR, GR, HR, HU, IE, IT, LT, LU, LV, MT, NL, PL, PT, RO, SE, SI, SK)",Tunisia,EDIBLE FRUIT AND NUTS; PEEL OF CITRUS FRUIT OR MELONS,IMPORT,VALUE_IN_EUROS,2004,67394096
ESTAT:DS-045409(1.0),06/02/26 11:00:00,Annual,"European Union - 27 countries (AT, BE, BG, CY, CZ, DE, DK, EE, ES, FI, FR, GR, HR, HU, IE, IT, LT, LU, LV, MT, NL, PL, PT, RO, SE, SI, SK)",Tunisia,EDIBLE FRUIT AND NUTS; PEEL OF CITRUS FRUIT OR MELONS,IMPORT,VALUE_IN_EUROS,2005,77617054
ESTAT:DS-045409(1.0),06/02/26 11:00:00,Annual,"European Union - 27 countries (AT, BE, BG, CY, CZ, DE, DK, EE, ES, FI, FR, GR, HR, HU, IE, IT, LT, LU, LV, MT, NL, PL, PT, RO, SE, SI, SK)",Tunisia,EDIBLE FRUIT AND NUTS; PEEL OF CITRUS FRUIT OR MELONS,IMPORT,VALUE_IN_EUROS,2006,72609313
ESTAT:DS-045409(1.0),06/02/26 11:00:00,Annual,"European Union - 27 countries (AT, BE, BG, CY, CZ, DE, DK, EE, ES, FI, FR, GR, HR, HU, IE, IT, LT, LU, LV, MT, NL, PL, PT, RO, SE, SI, SK)",Tunisia,EDIBLE FRUIT AND NUTS; PEEL OF CITRUS FRUIT OR MELONS,IMPORT,VALUE_IN_EUROS,2007,79275440
ESTAT:DS-045409(1.0),06/02/26 11:00:00,Annual,"European Union - 27 countries (AT, BE, BG, CY, CZ, DE, DK, EE, ES, FI, FR, GR, HR, HU, IE, IT, LT, LU, LV, MT, NL, PL, PT, RO, SE, SI, SK)",Tunisia,EDIBLE FRUIT AND NUTS; PEEL OF CITRUS FRUIT OR MELONS,IMPORT,VALUE_IN_EUROS,2008,88178290
ESTAT:DS-045409(1.0),06/02/26 11:00:00,Annual,"European Union - 27 countries (AT, BE, BG, CY, CZ, DE, DK, EE, ES, FI, FR, GR, HR, HU, IE, IT, LT, LU, LV, MT, NL, PL, PT, RO, SE, SI, SK)",Tunisia,EDIBLE FRUIT AND NUTS; PEEL OF CITRUS FRUIT OR MELONS,IMPORT,VALUE_IN_EUROS,2009,80555918
ESTAT:DS-045409(1.0),06/02/26 11:00:00,Annual,"European Union - 27 countries (AT, BE, BG, CY, CZ, DE, DK, EE, ES, FI, FR, GR, HR, HU, IE, IT, LT, LU, LV, MT, NL, PL, PT, RO, SE, SI, SK)",Tunisia,EDIBLE FRUIT AND NUTS; PEEL OF CITRUS FRUIT OR MELONS,IMPORT,VALUE_IN_EUROS,2010,92765376
ESTAT:DS-045409(1.0),06/02/26 11:00:00,Annual,"European Union - 27 countries (AT, BE, BG, CY, CZ, DE, DK, EE, ES, FI, FR, GR, HR, HU, IE, IT, LT, LU, LV, MT, NL, PL, PT, RO, SE, SI, SK)",Tunisia,EDIBLE FRUIT AND NUTS; PEEL OF CITRUS FRUIT OR MELONS,IMPORT,VALUE_IN_EUROS,2011,88776105
ESTAT:DS-045409(1.0),06/02/26 11:00:00,Annual,"European Union - 27 countries (AT, BE, BG, CY, CZ, DE, DK, EE, ES, FI, FR, GR, HR, HU, IE, IT, LT, LU, LV, MT, NL, PL, PT, RO, SE, SI, SK)",Tunisia,EDIBLE FRUIT AND NUTS; PEEL OF CITRUS FRUIT OR MELONS,IMPORT,VALUE_IN_EUROS,2012,82247376
ESTAT:DS-045409(1.0),06/02/26 11:00:00,Annual,"European Union - 27 countries (AT, BE, BG, CY, CZ, DE, DK, EE, ES, FI, FR, GR, HR, HU, IE, IT, LT, LU, LV, MT, NL, PL, PT, RO, SE, SI, SK)",Tunisia,EDIBLE FRUIT AND NUTS; PEEL OF CITRUS FRUIT OR MELONS,IMPORT,VALUE_IN_EUROS,2013,86715931
ESTAT:DS-045409(1.0),06/02/26 11:00:00,Annual,"European Union - 27 countries (AT, BE, BG, CY, CZ, DE, DK, EE, ES, FI, FR, GR, HR, HU, IE, IT, LT, LU, LV, MT, NL, PL, PT, RO, SE, SI, SK)",Tunisia,EDIBLE FRUIT AND NUTS; PEEL OF CITRUS FRUIT OR MELONS,IMPORT,VALUE_IN_EUROS,2014,82195205
ESTAT:DS-045409(1.0),06/02/26 11:00:00,Annual,"European Union - 27 countries (AT, BE, BG, CY, CZ, DE, DK, EE, ES, FI, FR, GR, HR, HU, IE, IT, LT, LU, LV, MT, NL, PL, PT, RO, SE, SI, SK)",Tunisia,EDIBLE FRUIT AND NUTS; PEEL OF CITRUS FRUIT OR MELONS,IMPORT,VALUE_IN_EUROS,2015,95194483
ESTAT:DS-045409(1.0),06/02/26 11:00:00,Annual,"European Union - 27 countries (AT, BE, BG, CY, CZ, DE, DK, EE, ES, FI, FR, GR, HR, HU, IE, IT, LT, LU, LV, MT, NL, PL, PT, RO, SE, SI, SK)",Tunisia,EDIBLE FRUIT AND NUTS; PEEL OF CITRUS FRUIT OR MELONS,IMPORT,VALUE_IN_EUROS,2016,104466339
ESTAT:DS-045409(1.0),06/02/26 11:00:00,Annual,"European Union - 27 countries (AT, BE, BG, CY, CZ, DE, DK, EE, ES, FI, FR, GR, HR, HU, IE, IT, LT, LU, LV, MT, NL, PL, PT, RO, SE, SI, SK)",Tunisia,EDIBLE FRUIT AND NUTS; PEEL OF CITRUS FRUIT OR MELONS,IMPORT,VALUE_IN_EUROS,2017,102202339
ESTAT:DS-045409(1.0),06/02/26 11:00:00,Annual,"European Union - 27 countries (AT, BE, BG, CY, CZ, DE, DK, EE, ES, FI, FR, GR, HR, HU, IE, IT, LT, LU, LV, MT, NL, PL, PT, RO, SE, SI, SK)",Tunisia,EDIBLE FRUIT AND NUTS; PEEL OF CITRUS FRUIT OR MELONS,IMPORT,VALUE_IN_EUROS,2018,118971757
ESTAT:DS-045409(1.0),06/02/26 11:00:00,Annual,"European Union - 27 countries (AT, BE, BG, CY, CZ, DE, DK, EE, ES, FI, FR, GR, HR, HU, IE, IT, LT, LU, LV, MT, NL, PL, PT, RO, SE, SI, SK)",Tunisia,EDIBLE FRUIT AND NUTS; PEEL OF CITRUS FRUIT OR MELONS,IMPORT,VALUE_IN_EUROS,2019,117086732
ESTAT:DS-045409(1.0),06/02/26 11:00:00,Annual,"European Union - 27 countries (AT, BE, BG, CY, CZ, DE, DK, EE, ES, FI, FR, GR, HR, HU, IE, IT, LT, LU, LV, MT, NL, PL, PT, RO, SE, SI, SK)",Tunisia,EDIBLE FRUIT AND NUTS; PEEL OF CITRUS FRUIT OR MELONS,IMPORT,VALUE_IN_EUROS,2020,125517021
ESTAT:DS-045409(1.0),06/02/26 11:00:00,Annual,"European Union - 27 countries (AT, BE, BG, CY, CZ, DE, DK, EE, ES, FI, FR, GR, HR, HU, IE, IT, LT, LU, LV, MT, NL, PL, PT, RO, SE, SI, SK)",Tunisia,EDIBLE FRUIT AND NUTS; PEEL OF CITRUS FRUIT OR MELONS,IMPORT,VALUE_IN_EUROS,2021,115551495
ESTAT:DS-045409(1.0),06/02/26 11:00:00,Annual,"European Union - 27 countries (AT, BE, BG, CY, CZ, DE, DK, EE, ES, FI, FR, GR, HR, HU, IE, IT, LT, LU, LV, MT, NL, PL, PT, RO, SE, SI, SK)",Tunisia,EDIBLE FRUIT AND NUTS; PEEL OF CITRUS FRUIT OR MELONS,IMPORT,VALUE_IN_EUROS,2022,116986387
ESTAT:DS-045409(1.0),06/02/26 11:00:00,Annual,"European Union - 27 countries (AT, BE, BG, CY, CZ, DE, DK, EE, ES, FI, FR, GR, HR, HU, IE, IT, LT, LU, LV, MT, NL, PL, PT, RO, SE, SI, SK)",Tunisia,EDIBLE FRUIT AND NUTS; PEEL OF CITRUS FRUIT OR MELONS,IMPORT,VALUE_IN_EUROS,2023,127513452
ESTAT:DS-045409(1.0),06/02/26 11:00:00,Annual,"European Union - 27 countries (AT, BE, BG, CY, CZ, DE, DK, EE, ES, FI, FR, GR, HR, HU, IE, IT, LT, LU, LV, MT, NL, PL, PT, RO, SE, SI, SK)",Tunisia,EDIBLE FRUIT AND NUTS; PEEL OF CITRUS FRUIT OR MELONS,IMPORT,VALUE_IN_EUROS,2024,146231061
ESTAT:DS-045409(1.0),06/02/26 11:00:00,Annual,"European Union - 27 countries (AT, BE, BG, CY, CZ, DE, DK, EE, ES, FI, FR, GR, HR, HU, IE, IT, LT, LU, LV, MT, NL, PL, PT, RO, SE, SI, SK)","Tanzania, United Republic of",EDIBLE FRUIT AND NUTS; PEEL OF CITRUS FRUIT OR MELONS,IMPORT,VALUE_IN_EUROS,1999,24276
ESTAT:DS-045409(1.0),06/02/26 11:00:00,Annual,"European Union - 27 countries (AT, BE, BG, CY, CZ, DE, DK, EE, ES, FI, FR, GR, HR, HU, IE, IT, LT, LU, LV, MT, NL, PL, PT, RO, SE, SI, SK)","Tanzania, United Republic of",EDIBLE FRUIT AND NUTS; PEEL OF CITRUS FRUIT OR MELONS,IMPORT,VALUE_IN_EUROS,2000,9754
ESTAT:DS-045409(1.0),06/02/26 11:00:00,Annual,"European Union - 27 countries (AT, BE, BG, CY, CZ, DE, DK, EE, ES, FI, FR, GR, HR, HU, IE, IT, LT, LU, LV, MT, NL, PL, PT, RO, SE, SI, SK)","Tanzania, United Republic of",EDIBLE FRUIT AND NUTS; PEEL OF CITRUS FRUIT OR MELONS,IMPORT,VALUE_IN_EUROS,2001,184742
ESTAT:DS-045409(1.0),06/02/26 11:00:00,Annual,"European Union - 27 countries (AT, BE, BG, CY, CZ, DE, DK, EE, ES, FI, FR, GR, HR, HU, IE, IT, LT, LU, LV, MT, NL, PL, PT, RO, SE, SI, SK)","Tanzania, United Republic of",EDIBLE FRUIT AND NUTS; PEEL OF CITRUS FRUIT OR MELONS,IMPORT,VALUE_IN_EUROS,2002,583844
ESTAT:DS-045409(1.0),06/02/26 11:00:00,Annual,"European Union - 27 countries (AT, BE, BG, CY, CZ, DE, DK, EE, ES, FI, FR, GR, HR, HU, IE, IT, LT, LU, LV, MT, NL, PL, PT, RO, SE, SI, SK)","Tanzania, United Republic of",EDIBLE FRUIT AND NUTS; PEEL OF CITRUS FRUIT OR MELONS,IMPORT,VALUE_IN_EUROS,2003,324930
ESTAT:DS-045409(1.0),06/02/26 11:00:00,Annual,"European Union - 27 countries (AT, BE, BG, CY, CZ, DE, DK, EE, ES, FI, FR, GR, HR, HU, IE, IT, LT, LU, LV, MT, NL, PL, PT, RO, SE, SI, SK)","Tanzania, United Republic of",EDIBLE FRUIT AND NUTS; PEEL OF CITRUS FRUIT OR MELONS,IMPORT,VALUE_IN_EUROS,2004,531857
ESTAT:DS-045409(1.0),06/02/26 11:00:00,Annual,"European Union - 27 countries (AT, BE, BG, CY, CZ, DE, DK, EE, ES, FI, FR, GR, HR, HU, IE, IT, LT, LU, LV, MT, NL, PL, PT, RO, SE, SI, SK)","Tanzania, United Republic of",EDIBLE FRUIT AND NUTS; PEEL OF CITRUS FRUIT OR MELONS,IMPORT,VALUE_IN_EUROS,2005,825321
ESTAT:DS-045409(1.0),06/02/26 11:00:00,Annual,"European Union - 27 countries (AT, BE, BG, CY, CZ, DE, DK, EE, ES, FI, FR, GR, HR, HU, IE, IT, LT, LU, LV, MT, NL, PL, PT, RO, SE, SI, SK)","Tanzania, United Republic of",EDIBLE FRUIT AND NUTS; PEEL OF CITRUS FRUIT OR MELONS,IMPORT,VALUE_IN_EUROS,2006,4518877
ESTAT:DS-045409(1.0),06/02/26 11:00:00,Annual,"European Union - 27 countries (AT, BE, BG, CY, CZ, DE, DK, EE, ES, FI, FR, GR, HR, HU, IE, IT, LT, LU, LV, MT, NL, PL, PT, RO, SE, SI, SK)","Tanzania, United Republic of",EDIBLE FRUIT AND NUTS; PEEL OF CITRUS FRUIT OR MELONS,IMPORT,VALUE_IN_EUROS,2007,5680293
ESTAT:DS-045409(1.0),06/02/26 11:00:00,Annual,"European Union - 27 countries (AT, BE, BG, CY, CZ, DE, DK, EE, ES, FI, FR, GR, HR, HU, IE, IT, LT, LU, LV, MT, NL, PL, PT, RO, SE, SI, SK)","Tanzania, United Republic of",EDIBLE FRUIT AND NUTS; PEEL OF CITRUS FRUIT OR MELONS,IMPORT,VALUE_IN_EUROS,2008,7945815
ESTAT:DS-045409(1.0),06/02/26 11:00:00,Annual,"European Union - 27 countries (AT, BE, BG, CY, CZ, DE, DK, EE, ES, FI, FR, GR, HR, HU, IE, IT, LT, LU, LV, MT, NL, PL, PT, RO, SE, SI, SK)","Tanzania, United Republic of",EDIBLE FRUIT AND NUTS; PEEL OF CITRUS FRUIT OR MELONS,IMPORT,VALUE_IN_EUROS,2009,10499868
ESTAT:DS-045409(1.0),06/02/26 11:00:00,Annual,"European Union - 27 countries (AT, BE, BG, CY, CZ, DE, DK, EE, ES, FI, FR, GR, HR, HU, IE, IT, LT, LU, LV, MT, NL, PL, PT, RO, SE, SI, SK)","Tanzania, United Republic of",EDIBLE FRUIT AND NUTS; PEEL OF CITRUS FRUIT OR MELONS,IMPORT,VALUE_IN_EUROS,2010,7893663
ESTAT:DS-045409(1.0),06/02/26 11:00:00,Annual,"European Union - 27 countries (AT, BE, BG, CY, CZ, DE, DK, EE, ES, FI, FR, GR, HR, HU, IE, IT, LT, LU, LV, MT, NL, PL, PT, RO, SE, SI, SK)","Tanzania, United Republic of",EDIBLE FRUIT AND NUTS; PEEL OF CITRUS FRUIT OR MELONS,IMPORT,VALUE_IN_EUROS,2011,8601578
ESTAT:DS-045409(1.0),06/02/26 11:00:00,Annual,"European Union - 27 countries (AT, BE, BG, CY, CZ, DE, DK, EE, ES, FI, FR, GR, HR, HU, IE, IT, LT, LU, LV, MT, NL, PL, PT, RO, SE, SI, SK)","Tanzania, United Republic of",EDIBLE FRUIT AND NUTS; PEEL OF CITRUS FRUIT OR MELONS,IMPORT,VALUE_IN_EUROS,2012,7197024
ESTAT:DS-045409(1.0),06/02/26 11:00:00,Annual,"European Union - 27 countries (AT, BE, BG, CY, CZ, DE, DK, EE, ES, FI, FR, GR, HR, HU, IE, IT, LT, LU, LV, MT, NL, PL, PT, RO, SE, SI, SK)","Tanzania, United Republic of",EDIBLE FRUIT AND NUTS; PEEL OF CITRUS FRUIT OR MELONS,IMPORT,VALUE_IN_EUROS,2013,7989618
ESTAT:DS-045409(1.0),06/02/26 11:00:00,Annual,"European Union - 27 countries (AT, BE, BG, CY, CZ, DE, DK, EE, ES, FI, FR, GR, HR, HU, IE, IT, LT, LU, LV, MT, NL, PL, PT, RO, SE, SI, SK)","Tanzania, United Republic of",EDIBLE FRUIT AND NUTS; PEEL OF CITRUS FRUIT OR MELONS,IMPORT,VALUE_IN_EUROS,2014,10263503
ESTAT:DS-045409(1.0),06/02/26 11:00:00,Annual,"European Union - 27 countries (AT, BE, BG, CY, CZ, DE, DK, EE, ES, FI, FR, GR, HR, HU, IE, IT, LT, LU, LV, MT, NL, PL, PT, RO, SE, SI, SK)","Tanzania, United Republic of",EDIBLE FRUIT AND NUTS; PEEL OF CITRUS FRUIT OR MELONS,IMPORT,VALUE_IN_EUROS,2015,7475266
ESTAT:DS-045409(1.0),06/02/26 11:00:00,Annual,"European Union - 27 countries (AT, BE, BG, CY, CZ, DE, DK, EE, ES, FI, FR, GR, HR, HU, IE, IT, LT, LU, LV, MT, NL, PL, PT, RO, SE, SI, SK)","Tanzania, United Republic of",EDIBLE FRUIT AND NUTS; PEEL OF CITRUS FRUIT OR MELONS,IMPORT,VALUE_IN_EUROS,2016,8722362
ESTAT:DS-045409(1.0),06/02/26 11:00:00,Annual,"European Union - 27 countries (AT, BE, BG, CY, CZ, DE, DK, EE, ES, FI, FR, GR, HR, HU, IE, IT, LT, LU, LV, MT, NL, PL, PT, RO, SE, SI, SK)","Tanzania, United Republic of",EDIBLE FRUIT AND NUTS; PEEL OF CITRUS FRUIT OR MELONS,IMPORT,VALUE_IN_EUROS,2017,9490484
ESTAT:DS-045409(1.0),06/02/26 11:00:00,Annual,"European Union - 27 countries (AT, BE, BG, CY, CZ, DE, DK, EE, ES, FI, FR, GR, HR, HU, IE, IT, LT, LU, LV, MT, NL, PL, PT, RO, SE, SI, SK)","Tanzania, United Republic of",EDIBLE FRUIT AND NUTS; PEEL OF CITRUS FRUIT OR MELONS,IMPORT,VALUE_IN_EUROS,2018,11162675
ESTAT:DS-045409(1.0),06/02/26 11:00:00,Annual,"European Union - 27 countries (AT, BE, BG, CY, CZ, DE, DK, EE, ES, FI, FR, GR, HR, HU, IE, IT, LT, LU, LV, MT, NL, PL, PT, RO, SE, SI, SK)","Tanzania, United Republic of",EDIBLE FRUIT AND NUTS; PEEL OF CITRUS FRUIT OR MELONS,IMPORT,VALUE_IN_EUROS,2019,16390964
ESTAT:DS-045409(1.0),06/02/26 11:00:00,Annual,"European Union - 27 countries (AT, BE, BG, CY, CZ, DE, DK, EE, ES, FI, FR, GR, HR, HU, IE, IT, LT, LU, LV, MT, NL, PL, PT, RO, SE, SI, SK)","Tanzania, United Republic of",EDIBLE FRUIT AND NUTS; PEEL OF CITRUS FRUIT OR MELONS,IMPORT,VALUE_IN_EUROS,2020,13111417
ESTAT:DS-045409(1.0),06/02/26 11:00:00,Annual,"European Union - 27 countries (AT, BE, BG, CY, CZ, DE, DK, EE, ES, FI, FR, GR, HR, HU, IE, IT, LT, LU, LV, MT, NL, PL, PT, RO, SE, SI, SK)","Tanzania, United Republic of",EDIBLE FRUIT AND NUTS; PEEL OF CITRUS FRUIT OR MELONS,IMPORT,VALUE_IN_EUROS,2021,13847269
ESTAT:DS-045409(1.0),06/02/26 11:00:00,Annual,"European Union - 27 countries (AT, BE, BG, CY, CZ, DE, DK, EE, ES, FI, FR, GR, HR, HU, IE, IT, LT, LU, LV, MT, NL, PL, PT, RO, SE, SI, SK)","Tanzania, United Republic of",EDIBLE FRUIT AND NUTS; PEEL OF CITRUS FRUIT OR MELONS,IMPORT,VALUE_IN_EUROS,2022,26949813
ESTAT:DS-045409(1.0),06/02/26 11:00:00,Annual,"European Union - 27 countries (AT, BE, BG, CY, CZ, DE, DK, EE, ES, FI, FR, GR, HR, HU, IE, IT, LT, LU, LV, MT, NL, PL, PT, RO, SE, SI, SK)","Tanzania, United Republic of",EDIBLE FRUIT AND NUTS; PEEL OF CITRUS FRUIT OR MELONS,IMPORT,VALUE_IN_EUROS,2023,42550432
ESTAT:DS-045409(1.0),06/02/26 11:00:00,Annual,"European Union - 27 countries (AT, BE, BG, CY, CZ, DE, DK, EE, ES, FI, FR, GR, HR, HU, IE, IT, LT, LU, LV, MT, NL, PL, PT, RO, SE, SI, SK)","Tanzania, United Republic of",EDIBLE FRUIT AND NUTS; PEEL OF CITRUS FRUIT OR MELONS,IMPORT,VALUE_IN_EUROS,2024,52020382
ESTAT:DS-045409(1.0),06/02/26 11:00:00,Annual,"European Union - 27 countries (AT, BE, BG, CY, CZ, DE, DK, EE, ES, FI, FR, GR, HR, HU, IE, IT, LT, LU, LV, MT, NL, PL, PT, RO, SE, SI, SK)",Uganda,EDIBLE FRUIT AND NUTS; PEEL OF CITRUS FRUIT OR MELONS,IMPORT,VALUE_IN_EUROS,1999,113621
ESTAT:DS-045409(1.0),06/02/26 11:00:00,Annual,"European Union - 27 countries (AT, BE, BG, CY, CZ, DE, DK, EE, ES, FI, FR, GR, HR, HU, IE, IT, LT, LU, LV, MT, NL, PL, PT, RO, SE, SI, SK)",Uganda,EDIBLE FRUIT AND NUTS; PEEL OF CITRUS FRUIT OR MELONS,IMPORT,VALUE_IN_EUROS,2000,255491
ESTAT:DS-045409(1.0),06/02/26 11:00:00,Annual,"European Union - 27 countries (AT, BE, BG, CY, CZ, DE, DK, EE, ES, FI, FR, GR, HR, HU, IE, IT, LT, LU, LV, MT, NL, PL, PT, RO, SE, SI, SK)",Uganda,EDIBLE FRUIT AND NUTS; PEEL OF CITRUS FRUIT OR MELONS,IMPORT,VALUE_IN_EUROS,2001,432579
ESTAT:DS-045409(1.0),06/02/26 11:00:00,Annual,"European Union - 27 countries (AT, BE, BG, CY, CZ, DE, DK, EE, ES, FI, FR, GR, HR, HU, IE, IT, LT, LU, LV, MT, NL, PL, PT, RO, SE, SI, SK)",Uganda,EDIBLE FRUIT AND NUTS; PEEL OF CITRUS FRUIT OR MELONS,IMPORT,VALUE_IN_EUROS,2002,311494
ESTAT:DS-045409(1.0),06/02/26 11:00:00,Annual,"European Union - 27 countries (AT, BE, BG, CY, CZ, DE, DK, EE, ES, FI, FR, GR, HR, HU, IE, IT, LT, LU, LV, MT, NL, PL, PT, RO, SE, SI, SK)",Uganda,EDIBLE FRUIT AND NUTS; PEEL OF CITRUS FRUIT OR MELONS,IMPORT,VALUE_IN_EUROS,2003,383190
ESTAT:DS-045409(1.0),06/02/26 11:00:00,Annual,"European Union - 27 countries (AT, BE, BG, CY, CZ, DE, DK, EE, ES, FI, FR, GR, HR, HU, IE, IT, LT, LU, LV, MT, NL, PL, PT, RO, SE, SI, SK)",Uganda,EDIBLE FRUIT AND NUTS; PEEL OF CITRUS FRUIT OR MELONS,IMPORT,VALUE_IN_EUROS,2004,589538
ESTAT:DS-045409(1.0),06/02/26 11:00:00,Annual,"European Union - 27 countries (AT, BE, BG, CY, CZ, DE, DK, EE, ES, FI, FR, GR, HR, HU, IE, IT, LT, LU, LV, MT, NL, PL, PT, RO, SE, SI, SK)",Uganda,EDIBLE FRUIT AND NUTS; PEEL OF CITRUS FRUIT OR MELONS,IMPORT,VALUE_IN_EUROS,2005,830081
ESTAT:DS-045409(1.0),06/02/26 11:00:00,Annual,"European Union - 27 countries (AT, BE, BG, CY, CZ, DE, DK, EE, ES, FI, FR, GR, HR, HU, IE, IT, LT, LU, LV, MT, NL, PL, PT, RO, SE, SI, SK)",Uganda,EDIBLE FRUIT AND NUTS; PEEL OF CITRUS FRUIT OR MELONS,IMPORT,VALUE_IN_EUROS,2006,1071422
ESTAT:DS-045409(1.0),06/02/26 11:00:00,Annual,"European Union - 27 countries (AT, BE, BG, CY, CZ, DE, DK, EE, ES, FI, FR, GR, HR, HU, IE, IT, LT, LU, LV, MT, NL, PL, PT, RO, SE, SI, SK)",Uganda,EDIBLE FRUIT AND NUTS; PEEL OF CITRUS FRUIT OR MELONS,IMPORT,VALUE_IN_EUROS,2007,1734968
ESTAT:DS-045409(1.0),06/02/26 11:00:00,Annual,"European Union - 27 countries (AT, BE, BG, CY, CZ, DE, DK, EE, ES, FI, FR, GR, HR, HU, IE, IT, LT, LU, LV, MT, NL, PL, PT, RO, SE, SI, SK)",Uganda,EDIBLE FRUIT AND NUTS; PEEL OF CITRUS FRUIT OR MELONS,IMPORT,VALUE_IN_EUROS,2008,1749604
ESTAT:DS-045409(1.0),06/02/26 11:00:00,Annual,"European Union - 27 countries (AT, BE, BG, CY, CZ, DE, DK, EE, ES, FI, FR, GR, HR, HU, IE, IT, LT, LU, LV, MT, NL, PL, PT, RO, SE, SI, SK)",Uganda,EDIBLE FRUIT AND NUTS; PEEL OF CITRUS FRUIT OR MELONS,IMPORT,VALUE_IN_EUROS,2009,1636433
ESTAT:DS-045409(1.0),06/02/26 11:00:00,Annual,"European Union - 27 countries (AT, BE, BG, CY, CZ, DE, DK, EE, ES, FI, FR, GR, HR, HU, IE, IT, LT, LU, LV, MT, NL, PL, PT, RO, SE, SI, SK)",Uganda,EDIBLE FRUIT AND NUTS; PEEL OF CITRUS FRUIT OR MELONS,IMPORT,VALUE_IN_EUROS,2010,1398462
ESTAT:DS-045409(1.0),06/02/26 11:00:00,Annual,"European Union - 27 countries (AT, BE, BG, CY, CZ, DE, DK, EE, ES, FI, FR, GR, HR, HU, IE, IT, LT, LU, LV, MT, NL, PL, PT, RO, SE, SI, SK)",Uganda,EDIBLE FRUIT AND NUTS; PEEL OF CITRUS FRUIT OR MELONS,IMPORT,VALUE_IN_EUROS,2011,1469833
ESTAT:DS-045409(1.0),06/02/26 11:00:00,Annual,"European Union - 27 countries (AT, BE, BG, CY, CZ, DE, DK, EE, ES, FI, FR, GR, HR, HU, IE, IT, LT, LU, LV, MT, NL, PL, PT, RO, SE, SI, SK)",Uganda,EDIBLE FRUIT AND NUTS; PEEL OF CITRUS FRUIT OR MELONS,IMPORT,VALUE_IN_EUROS,2012,1280138
ESTAT:DS-045409(1.0),06/02/26 11:00:00,Annual,"European Union - 27 countries (AT, BE, BG, CY, CZ, DE, DK, EE, ES, FI, FR, GR, HR, HU, IE, IT, LT, LU, LV, MT, NL, PL, PT, RO, SE, SI, SK)",Uganda,EDIBLE FRUIT AND NUTS; PEEL OF CITRUS FRUIT OR MELONS,IMPORT,VALUE_IN_EUROS,2013,1367137
ESTAT:DS-045409(1.0),06/02/26 11:00:00,Annual,"European Union - 27 countries (AT, BE, BG, CY, CZ, DE, DK, EE, ES, FI, FR, GR, HR, HU, IE, IT, LT, LU, LV, MT, NL, PL, PT, RO, SE, SI, SK)",Uganda,EDIBLE FRUIT AND NUTS; PEEL OF CITRUS FRUIT OR MELONS,IMPORT,VALUE_IN_EUROS,2014,1727357
ESTAT:DS-045409(1.0),06/02/26 11:00:00,Annual,"European Union - 27 countries (AT, BE, BG, CY, CZ, DE, DK, EE, ES, FI, FR, GR, HR, HU, IE, IT, LT, LU, LV, MT, NL, PL, PT, RO, SE, SI, SK)",Uganda,EDIBLE FRUIT AND NUTS; PEEL OF CITRUS FRUIT OR MELONS,IMPORT,VALUE_IN_EUROS,2015,1881022
ESTAT:DS-045409(1.0),06/02/26 11:00:00,Annual,"European Union - 27 countries (AT, BE, BG, CY, CZ, DE, DK, EE, ES, FI, FR, GR, HR, HU, IE, IT, LT, LU, LV, MT, NL, PL, PT, RO, SE, SI, SK)",Uganda,EDIBLE FRUIT AND NUTS; PEEL OF CITRUS FRUIT OR MELONS,IMPORT,VALUE_IN_EUROS,2016,2346349
ESTAT:DS-045409(1.0),06/02/26 11:00:00,Annual,"European Union - 27 countries (AT, BE, BG, CY, CZ, DE, DK, EE, ES, FI, FR, GR, HR, HU, IE, IT, LT, LU, LV, MT, NL, PL, PT, RO, SE, SI, SK)",Uganda,EDIBLE FRUIT AND NUTS; PEEL OF CITRUS FRUIT OR MELONS,IMPORT,VALUE_IN_EUROS,2017,2313673
ESTAT:DS-045409(1.0),06/02/26 11:00:00,Annual,"European Union - 27 countries (AT, BE, BG, CY, CZ, DE, DK, EE, ES, FI, FR, GR, HR, HU, IE, IT, LT, LU, LV, MT, NL, PL, PT, RO, SE, SI, SK)",Uganda,EDIBLE FRUIT AND NUTS; PEEL OF CITRUS FRUIT OR MELONS,IMPORT,VALUE_IN_EUROS,2018,2490578
ESTAT:DS-045409(1.0),06/02/26 11:00:00,Annual,"European Union - 27 countries (AT, BE, BG, CY, CZ, DE, DK, EE, ES, FI, FR, GR, HR, HU, IE, IT, LT, LU, LV, MT, NL, PL, PT, RO, SE, SI, SK)",Uganda,EDIBLE FRUIT AND NUTS; PEEL OF CITRUS FRUIT OR MELONS,IMPORT,VALUE_IN_EUROS,2019,3171101
ESTAT:DS-045409(1.0),06/02/26 11:00:00,Annual,"European Union - 27 countries (AT, BE, BG, CY, CZ, DE, DK, EE, ES, FI, FR, GR, HR, HU, IE, IT, LT, LU, LV, MT, NL, PL, PT, RO, SE, SI, SK)",Uganda,EDIBLE FRUIT AND NUTS; PEEL OF CITRUS FRUIT OR MELONS,IMPORT,VALUE_IN_EUROS,2020,3816788
ESTAT:DS-045409(1.0),06/02/26 11:00:00,Annual,"European Union - 27 countries (AT, BE, BG, CY, CZ, DE, DK, EE, ES, FI, FR, GR, HR, HU, IE, IT, LT, LU, LV, MT, NL, PL, PT, RO, SE, SI, SK)",Uganda,EDIBLE FRUIT AND NUTS; PEEL OF CITRUS FRUIT OR MELONS,IMPORT,VALUE_IN_EUROS,2021,4453229
ESTAT:DS-045409(1.0),06/02/26 11:00:00,Annual,"European Union - 27 countries (AT, BE, BG, CY, CZ, DE, DK, EE, ES, FI, FR, GR, HR, HU, IE, IT, LT, LU, LV, MT, NL, PL, PT, RO, SE, SI, SK)",Uganda,EDIBLE FRUIT AND NUTS; PEEL OF CITRUS FRUIT OR MELONS,IMPORT,VALUE_IN_EUROS,2022,4185439
ESTAT:DS-045409(1.0),06/02/26 11:00:00,Annual,"European Union - 27 countries (AT, BE, BG, CY, CZ, DE, DK, EE, ES, FI, FR, GR, HR, HU, IE, IT, LT, LU, LV, MT, NL, PL, PT, RO, SE, SI, SK)",Uganda,EDIBLE FRUIT AND NUTS; PEEL OF CITRUS FRUIT OR MELONS,IMPORT,VALUE_IN_EUROS,2023,3575952
ESTAT:DS-045409(1.0),06/02/26 11:00:00,Annual,"European Union - 27 countries (AT, BE, BG, CY, CZ, DE, DK, EE, ES, FI, FR, GR, HR, HU, IE, IT, LT, LU, LV, MT, NL, PL, PT, RO, SE, SI, SK)",Uganda,EDIBLE FRUIT AND NUTS; PEEL OF CITRUS FRUIT OR MELONS,IMPORT,VALUE_IN_EUROS,2024,4411990
ESTAT:DS-045409(1.0),06/02/26 11:00:00,Annual,"European Union - 27 countries (AT, BE, BG, CY, CZ, DE, DK, EE, ES, FI, FR, GR, HR, HU, IE, IT, LT, LU, LV, MT, NL, PL, PT, RO, SE, SI, SK)",South Africa (incl. Namibia 'NA' -> 1989),EDIBLE FRUIT AND NUTS; PEEL OF CITRUS FRUIT OR MELONS,IMPORT,VALUE_IN_EUROS,1999,482160034
ESTAT:DS-045409(1.0),06/02/26 11:00:00,Annual,"European Union - 27 countries (AT, BE, BG, CY, CZ, DE, DK, EE, ES, FI, FR, GR, HR, HU, IE, IT, LT, LU, LV, MT, NL, PL, PT, RO, SE, SI, SK)",South Africa (incl. Namibia 'NA' -> 1989),EDIBLE FRUIT AND NUTS; PEEL OF CITRUS FRUIT OR MELONS,IMPORT,VALUE_IN_EUROS,2000,472558647
ESTAT:DS-045409(1.0),06/02/26 11:00:00,Annual,"European Union - 27 countries (AT, BE, BG, CY, CZ, DE, DK, EE, ES, FI, FR, GR, HR, HU, IE, IT, LT, LU, LV, MT, NL, PL, PT, RO, SE, SI, SK)",South Africa (incl. Namibia 'NA' -> 1989),EDIBLE FRUIT AND NUTS; PEEL OF CITRUS FRUIT OR MELONS,IMPORT,VALUE_IN_EUROS,2001,612451966
ESTAT:DS-045409(1.0),06/02/26 11:00:00,Annual,"European Union - 27 countries (AT, BE, BG, CY, CZ, DE, DK, EE, ES, FI, FR, GR, HR, HU, IE, IT, LT, LU, LV, MT, NL, PL, PT, RO, SE, SI, SK)",South Africa (incl. Namibia 'NA' -> 1989),EDIBLE FRUIT AND NUTS; PEEL OF CITRUS FRUIT OR MELONS,IMPORT,VALUE_IN_EUROS,2002,590241217
ESTAT:DS-045409(1.0),06/02/26 11:00:00,Annual,"European Union - 27 countries (AT, BE, BG, CY, CZ, DE, DK, EE, ES, FI, FR, GR, HR, HU, IE, IT, LT, LU, LV, MT, NL, PL, PT, RO, SE, SI, SK)",South Africa (incl. Namibia 'NA' -> 1989),EDIBLE FRUIT AND NUTS; PEEL OF CITRUS FRUIT OR MELONS,IMPORT,VALUE_IN_EUROS,2003,620658175
ESTAT:DS-045409(1.0),06/02/26 11:00:00,Annual,"European Union - 27 countries (AT, BE, BG, CY, CZ, DE, DK, EE, ES, FI, FR, GR, HR, HU, IE, IT, LT, LU, LV, MT, NL, PL, PT, RO, SE, SI, SK)",South Africa (incl. Namibia 'NA' -> 1989),EDIBLE FRUIT AND NUTS; PEEL OF CITRUS FRUIT OR MELONS,IMPORT,VALUE_IN_EUROS,2004,556962799
ESTAT:DS-045409(1.0),06/02/26 11:00:00,Annual,"European Union - 27 countries (AT, BE, BG, CY, CZ, DE, DK, EE, ES, FI, FR, GR, HR, HU, IE, IT, LT, LU, LV, MT, NL, PL, PT, RO, SE, SI, SK)",South Africa (incl. Namibia 'NA' -> 1989),EDIBLE FRUIT AND NUTS; PEEL OF CITRUS FRUIT OR MELONS,IMPORT,VALUE_IN_EUROS,2005,653945764
ESTAT:DS-045409(1.0),06/02/26 11:00:00,Annual,"European Union - 27 countries (AT, BE, BG, CY, CZ, DE, DK, EE, ES, FI, FR, GR, HR, HU, IE, IT, LT, LU, LV, MT, NL, PL, PT, RO, SE, SI, SK)",South Africa (incl. Namibia 'NA' -> 1989),EDIBLE FRUIT AND NUTS; PEEL OF CITRUS FRUIT OR MELONS,IMPORT,VALUE_IN_EUROS,2006,611361886
ESTAT:DS-045409(1.0),06/02/26 11:00:00,Annual,"European Union - 27 countries (AT, BE, BG, CY, CZ, DE, DK, EE, ES, FI, FR, GR, HR, HU, IE, IT, LT, LU, LV, MT, NL, PL, PT, RO, SE, SI, SK)",South Africa (incl. Namibia 'NA' -> 1989),EDIBLE FRUIT AND NUTS; PEEL OF CITRUS FRUIT OR MELONS,IMPORT,VALUE_IN_EUROS,2007,761448647
ESTAT:DS-045409(1.0),06/02/26 11:00:00,Annual,"European Union - 27 countries (AT, BE, BG, CY, CZ, DE, DK, EE, ES, FI, FR, GR, HR, HU, IE, IT, LT, LU, LV, MT, NL, PL, PT, RO, SE, SI, SK)",South Africa (incl. Namibia 'NA' -> 1989),EDIBLE FRUIT AND NUTS; PEEL OF CITRUS FRUIT OR MELONS,IMPORT,VALUE_IN_EUROS,2008,833277243
ESTAT:DS-045409(1.0),06/02/26 11:00:00,Annual,"European Union - 27 countries (AT, BE, BG, CY, CZ, DE, DK, EE, ES, FI, FR, GR, HR, HU, IE, IT, LT, LU, LV, MT, NL, PL, PT, RO, SE, SI, SK)",South Africa (incl. Namibia 'NA' -> 1989),EDIBLE FRUIT AND NUTS; PEEL OF CITRUS FRUIT OR MELONS,IMPORT,VALUE_IN_EUROS,2009,739702674
ESTAT:DS-045409(1.0),06/02/26 11:00:00,Annual,"European Union - 27 countries (AT, BE, BG, CY, CZ, DE, DK, EE, ES, FI, FR, GR, HR, HU, IE, IT, LT, LU, LV, MT, NL, PL, PT, RO, SE, SI, SK)",South Africa (incl. Namibia 'NA' -> 1989),EDIBLE FRUIT AND NUTS; PEEL OF CITRUS FRUIT OR MELONS,IMPORT,VALUE_IN_EUROS,2010,880568644
ESTAT:DS-045409(1.0),06/02/26 11:00:00,Annual,"European Union - 27 countries (AT, BE, BG, CY, CZ, DE, DK, EE, ES, FI, FR, GR, HR, HU, IE, IT, LT, LU, LV, MT, NL, PL, PT, RO, SE, SI, SK)",South Africa (incl. Namibia 'NA' -> 1989),EDIBLE FRUIT AND NUTS; PEEL OF CITRUS FRUIT OR MELONS,IMPORT,VALUE_IN_EUROS,2011,768856631
ESTAT:DS-045409(1.0),06/02/26 11:00:00,Annual,"European Union - 27 countries (AT, BE, BG, CY, CZ, DE, DK, EE, ES, FI, FR, GR, HR, HU, IE, IT, LT, LU, LV, MT, NL, PL, PT, RO, SE, SI, SK)",South Africa (incl. Namibia 'NA' -> 1989),EDIBLE FRUIT AND NUTS; PEEL OF CITRUS FRUIT OR MELONS,IMPORT,VALUE_IN_EUROS,2012,858127104
ESTAT:DS-045409(1.0),06/02/26 11:00:00,Annual,"European Union - 27 countries (AT, BE, BG, CY, CZ, DE, DK, EE, ES, FI, FR, GR, HR, HU, IE, IT, LT, LU, LV, MT, NL, PL, PT, RO, SE, SI, SK)",South Africa (incl. Namibia 'NA' -> 1989),EDIBLE FRUIT AND NUTS; PEEL OF CITRUS FRUIT OR MELONS,IMPORT,VALUE_IN_EUROS,2013,995850526
ESTAT:DS-045409(1.0),06/02/26 11:00:00,Annual,"European Union - 27 countries (AT, BE, BG, CY, CZ, DE, DK, EE, ES, FI, FR, GR, HR, HU, IE, IT, LT, LU, LV, MT, NL, PL, PT, RO, SE, SI, SK)",South Africa (incl. Namibia 'NA' -> 1989),EDIBLE FRUIT AND NUTS; PEEL OF CITRUS FRUIT OR MELONS,IMPORT,VALUE_IN_EUROS,2014,921694154
ESTAT:DS-045409(1.0),06/02/26 11:00:00,Annual,"European Union - 27 countries (AT, BE, BG, CY, CZ, DE, DK, EE, ES, FI, FR, GR, HR, HU, IE, IT, LT, LU, LV, MT, NL, PL, PT, RO, SE, SI, SK)",South Africa (incl. Namibia 'NA' -> 1989),EDIBLE FRUIT AND NUTS; PEEL OF CITRUS FRUIT OR MELONS,IMPORT,VALUE_IN_EUROS,2015,1096557457
ESTAT:DS-045409(1.0),06/02/26 11:00:00,Annual,"European Union - 27 countries (AT, BE, BG, CY, CZ, DE, DK, EE, ES, FI, FR, GR, HR, HU, IE, IT, LT, LU, LV, MT, NL, PL, PT, RO, SE, SI, SK)",South Africa (incl. Namibia 'NA' -> 1989),EDIBLE FRUIT AND NUTS; PEEL OF CITRUS FRUIT OR MELONS,IMPORT,VALUE_IN_EUROS,2016,1164238447
ESTAT:DS-045409(1.0),06/02/26 11:00:00,Annual,"European Union - 27 countries (AT, BE, BG, CY, CZ, DE, DK, EE, ES, FI, FR, GR, HR, HU, IE, IT, LT, LU, LV, MT, NL, PL, PT, RO, SE, SI, SK)",South Africa (incl. Namibia 'NA' -> 1989),EDIBLE FRUIT AND NUTS; PEEL OF CITRUS FRUIT OR MELONS,IMPORT,VALUE_IN_EUROS,2017,1235993984
ESTAT:DS-045409(1.0),06/02/26 11:00:00,Annual,"European Union - 27 countries (AT, BE, BG, CY, CZ, DE, DK, EE, ES, FI, FR, GR, HR, HU, IE, IT, LT, LU, LV, MT, NL, PL, PT, RO, SE, SI, SK)",South Africa (incl. Namibia 'NA' -> 1989),EDIBLE FRUIT AND NUTS; PEEL OF CITRUS FRUIT OR MELONS,IMPORT,VALUE_IN_EUROS,2018,1309707639
ESTAT:DS-045409(1.0),06/02/26 11:00:00,Annual,"European Union - 27 countries (AT, BE, BG, CY, CZ, DE, DK, EE, ES, FI, FR, GR, HR, HU, IE, IT, LT, LU, LV, MT, NL, PL, PT, RO, SE, SI, SK)",South Africa (incl. Namibia 'NA' -> 1989),EDIBLE FRUIT AND NUTS; PEEL OF CITRUS FRUIT OR MELONS,IMPORT,VALUE_IN_EUROS,2019,1268520395
ESTAT:DS-045409(1.0),06/02/26 11:00:00,Annual,"European Union - 27 countries (AT, BE, BG, CY, CZ, DE, DK, EE, ES, FI, FR, GR, HR, HU, IE, IT, LT, LU, LV, MT, NL, PL, PT, RO, SE, SI, SK)",South Africa (incl. Namibia 'NA' -> 1989),EDIBLE FRUIT AND NUTS; PEEL OF CITRUS FRUIT OR MELONS,IMPORT,VALUE_IN_EUROS,2020,1526808653
ESTAT:DS-045409(1.0),06/02/26 11:00:00,Annual,"European Union - 27 countries (AT, BE, BG, CY, CZ, DE, DK, EE, ES, FI, FR, GR, HR, HU, IE, IT, LT, LU, LV, MT, NL, PL, PT, RO, SE, SI, SK)",South Africa (incl. Namibia 'NA' -> 1989),EDIBLE FRUIT AND NUTS; PEEL OF CITRUS FRUIT OR MELONS,IMPORT,VALUE_IN_EUROS,2021,1519081764
ESTAT:DS-045409(1.0),06/02/26 11:00:00,Annual,"European Union - 27 countries (AT, BE, BG, CY, CZ, DE, DK, EE, ES, FI, FR, GR, HR, HU, IE, IT, LT, LU, LV, MT, NL, PL, PT, RO, SE, SI, SK)",South Africa (incl. Namibia 'NA' -> 1989),EDIBLE FRUIT AND NUTS; PEEL OF CITRUS FRUIT OR MELONS,IMPORT,VALUE_IN_EUROS,2022,1668049501
ESTAT:DS-045409(1.0),06/02/26 11:00:00,Annual,"European Union - 27 countries (AT, BE, BG, CY, CZ, DE, DK, EE, ES, FI, FR, GR, HR, HU, IE, IT, LT, LU, LV, MT, NL, PL, PT, RO, SE, SI, SK)",South Africa (incl. Namibia 'NA' -> 1989),EDIBLE FRUIT AND NUTS; PEEL OF CITRUS FRUIT OR MELONS,IMPORT,VALUE_IN_EUROS,2023,1919767611
ESTAT:DS-045409(1.0),06/02/26 11:00:00,Annual,"European Union - 27 countries (AT, BE, BG, CY, CZ, DE, DK, EE, ES, FI, FR, GR, HR, HU, IE, IT, LT, LU, LV, MT, NL, PL, PT, RO, SE, SI, SK)",South Africa (incl. Namibia 'NA' -> 1989),EDIBLE FRUIT AND NUTS; PEEL OF CITRUS FRUIT OR MELONS,IMPORT,VALUE_IN_EUROS,2024,1926523476
ESTAT:DS-045409(1.0),06/02/26 11:00:00,Annual,"European Union - 27 countries (AT, BE, BG, CY, CZ, DE, DK, EE, ES, FI, FR, GR, HR, HU, IE, IT, LT, LU, LV, MT, NL, PL, PT, RO, SE, SI, SK)",Zambia,EDIBLE FRUIT AND NUTS; PEEL OF CITRUS FRUIT OR MELONS,IMPORT,VALUE_IN_EUROS,1999,156228
ESTAT:DS-045409(1.0),06/02/26 11:00:00,Annual,"European Union - 27 countries (AT, BE, BG, CY, CZ, DE, DK, EE, ES, FI, FR, GR, HR, HU, IE, IT, LT, LU, LV, MT, NL, PL, PT, RO, SE, SI, SK)",Zambia,EDIBLE FRUIT AND NUTS; PEEL OF CITRUS FRUIT OR MELONS,IMPORT,VALUE_IN_EUROS,2000,324694
ESTAT:DS-045409(1.0),06/02/26 11:00:00,Annual,"European Union - 27 countries (AT, BE, BG, CY, CZ, DE, DK, EE, ES, FI, FR, GR, HR, HU, IE, IT, LT, LU, LV, MT, NL, PL, PT, RO, SE, SI, SK)",Zambia,EDIBLE FRUIT AND NUTS; PEEL OF CITRUS FRUIT OR MELONS,IMPORT,VALUE_IN_EUROS,2001,107573
ESTAT:DS-045409(1.0),06/02/26 11:00:00,Annual,"European Union - 27 countries (AT, BE, BG, CY, CZ, DE, DK, EE, ES, FI, FR, GR, HR, HU, IE, IT, LT, LU, LV, MT, NL, PL, PT, RO, SE, SI, SK)",Zambia,EDIBLE FRUIT AND NUTS; PEEL OF CITRUS FRUIT OR MELONS,IMPORT,VALUE_IN_EUROS,2002,224828
ESTAT:DS-045409(1.0),06/02/26 11:00:00,Annual,"European Union - 27 countries (AT, BE, BG, CY, CZ, DE, DK, EE, ES, FI, FR, GR, HR, HU, IE, IT, LT, LU, LV, MT, NL, PL, PT, RO, SE, SI, SK)",Zambia,EDIBLE FRUIT AND NUTS; PEEL OF CITRUS FRUIT OR MELONS,IMPORT,VALUE_IN_EUROS,2003,88385
ESTAT:DS-045409(1.0),06/02/26 11:00:00,Annual,"European Union - 27 countries (AT, BE, BG, CY, CZ, DE, DK, EE, ES, FI, FR, GR, HR, HU, IE, IT, LT, LU, LV, MT, NL, PL, PT, RO, SE, SI, SK)",Zambia,EDIBLE FRUIT AND NUTS; PEEL OF CITRUS FRUIT OR MELONS,IMPORT,VALUE_IN_EUROS,2004,49754
ESTAT:DS-045409(1.0),06/02/26 11:00:00,Annual,"European Union - 27 countries (AT, BE, BG, CY, CZ, DE, DK, EE, ES, FI, FR, GR, HR, HU, IE, IT, LT, LU, LV, MT, NL, PL, PT, RO, SE, SI, SK)",Zambia,EDIBLE FRUIT AND NUTS; PEEL OF CITRUS FRUIT OR MELONS,IMPORT,VALUE_IN_EUROS,2005,83335
ESTAT:DS-045409(1.0),06/02/26 11:00:00,Annual,"European Union - 27 countries (AT, BE, BG, CY, CZ, DE, DK, EE, ES, FI, FR, GR, HR, HU, IE, IT, LT, LU, LV, MT, NL, PL, PT, RO, SE, SI, SK)",Zambia,EDIBLE FRUIT AND NUTS; PEEL OF CITRUS FRUIT OR MELONS,IMPORT,VALUE_IN_EUROS,2006,63641
ESTAT:DS-045409(1.0),06/02/26 11:00:00,Annual,"European Union - 27 countries (AT, BE, BG, CY, CZ, DE, DK, EE, ES, FI, FR, GR, HR, HU, IE, IT, LT, LU, LV, MT, NL, PL, PT, RO, SE, SI, SK)",Zambia,EDIBLE FRUIT AND NUTS; PEEL OF CITRUS FRUIT OR MELONS,IMPORT,VALUE_IN_EUROS,2007,182673
ESTAT:DS-045409(1.0),06/02/26 11:00:00,Annual,"European Union - 27 countries (AT, BE, BG, CY, CZ, DE, DK, EE, ES, FI, FR, GR, HR, HU, IE, IT, LT, LU, LV, MT, NL, PL, PT, RO, SE, SI, SK)",Zambia,EDIBLE FRUIT AND NUTS; PEEL OF CITRUS FRUIT OR MELONS,IMPORT,VALUE_IN_EUROS,2008,80862
ESTAT:DS-045409(1.0),06/02/26 11:00:00,Annual,"European Union - 27 countries (AT, BE, BG, CY, CZ, DE, DK, EE, ES, FI, FR, GR, HR, HU, IE, IT, LT, LU, LV, MT, NL, PL, PT, RO, SE, SI, SK)",Zambia,EDIBLE FRUIT AND NUTS; PEEL OF CITRUS FRUIT OR MELONS,IMPORT,VALUE_IN_EUROS,2009,52344
ESTAT:DS-045409(1.0),06/02/26 11:00:00,Annual,"European Union - 27 countries (AT, BE, BG, CY, CZ, DE, DK, EE, ES, FI, FR, GR, HR, HU, IE, IT, LT, LU, LV, MT, NL, PL, PT, RO, SE, SI, SK)",Zambia,EDIBLE FRUIT AND NUTS; PEEL OF CITRUS FRUIT OR MELONS,IMPORT,VALUE_IN_EUROS,2010,30597
ESTAT:DS-045409(1.0),06/02/26 11:00:00,Annual,"European Union - 27 countries (AT, BE, BG, CY, CZ, DE, DK, EE, ES, FI, FR, GR, HR, HU, IE, IT, LT, LU, LV, MT, NL, PL, PT, RO, SE, SI, SK)",Zambia,EDIBLE FRUIT AND NUTS; PEEL OF CITRUS FRUIT OR MELONS,IMPORT,VALUE_IN_EUROS,2011,13696
ESTAT:DS-045409(1.0),06/02/26 11:00:00,Annual,"European Union - 27 countries (AT, BE, BG, CY, CZ, DE, DK, EE, ES, FI, FR, GR, HR, HU, IE, IT, LT, LU, LV, MT, NL, PL, PT, RO, SE, SI, SK)",Zambia,EDIBLE FRUIT AND NUTS; PEEL OF CITRUS FRUIT OR MELONS,IMPORT,VALUE_IN_EUROS,2012,29873
ESTAT:DS-045409(1.0),06/02/26 11:00:00,Annual,"European Union - 27 countries (AT, BE, BG, CY, CZ, DE, DK, EE, ES, FI, FR, GR, HR, HU, IE, IT, LT, LU, LV, MT, NL, PL, PT, RO, SE, SI, SK)",Zambia,EDIBLE FRUIT AND NUTS; PEEL OF CITRUS FRUIT OR MELONS,IMPORT,VALUE_IN_EUROS,2013,3120
ESTAT:DS-045409(1.0),06/02/26 11:00:00,Annual,"European Union - 27 countries (AT, BE, BG, CY, CZ, DE, DK, EE, ES, FI, FR, GR, HR, HU, IE, IT, LT, LU, LV, MT, NL, PL, PT, RO, SE, SI, SK)",Zambia,EDIBLE FRUIT AND NUTS; PEEL OF CITRUS FRUIT OR MELONS,IMPORT,VALUE_IN_EUROS,2014,3037
ESTAT:DS-045409(1.0),06/02/26 11:00:00,Annual,"European Union - 27 countries (AT, BE, BG, CY, CZ, DE, DK, EE, ES, FI, FR, GR, HR, HU, IE, IT, LT, LU, LV, MT, NL, PL, PT, RO, SE, SI, SK)",Zambia,EDIBLE FRUIT AND NUTS; PEEL OF CITRUS FRUIT OR MELONS,IMPORT,VALUE_IN_EUROS,2017,235176
ESTAT:DS-045409(1.0),06/02/26 11:00:00,Annual,"European Union - 27 countries (AT, BE, BG, CY, CZ, DE, DK, EE, ES, FI, FR, GR, HR, HU, IE, IT, LT, LU, LV, MT, NL, PL, PT, RO, SE, SI, SK)",Zambia,EDIBLE FRUIT AND NUTS; PEEL OF CITRUS FRUIT OR MELONS,IMPORT,VALUE_IN_EUROS,2018,1794611
ESTAT:DS-045409(1.0),06/02/26 11:00:00,Annual,"European Union - 27 countries (AT, BE, BG, CY, CZ, DE, DK, EE, ES, FI, FR, GR, HR, HU, IE, IT, LT, LU, LV, MT, NL, PL, PT, RO, SE, SI, SK)",Zambia,EDIBLE FRUIT AND NUTS; PEEL OF CITRUS FRUIT OR MELONS,IMPORT,VALUE_IN_EUROS,2019,1452630
ESTAT:DS-045409(1.0),06/02/26 11:00:00,Annual,"European Union - 27 countries (AT, BE, BG, CY, CZ, DE, DK, EE, ES, FI, FR, GR, HR, HU, IE, IT, LT, LU, LV, MT, NL, PL, PT, RO, SE, SI, SK)",Zambia,EDIBLE FRUIT AND NUTS; PEEL OF CITRUS FRUIT OR MELONS,IMPORT,VALUE_IN_EUROS,2020,2081907
ESTAT:DS-045409(1.0),06/02/26 11:00:00,Annual,"European Union - 27 countries (AT, BE, BG, CY, CZ, DE, DK, EE, ES, FI, FR, GR, HR, HU, IE, IT, LT, LU, LV, MT, NL, PL, PT, RO, SE, SI, SK)",Zambia,EDIBLE FRUIT AND NUTS; PEEL OF CITRUS FRUIT OR MELONS,IMPORT,VALUE_IN_EUROS,2021,4091844
ESTAT:DS-045409(1.0),06/02/26 11:00:00,Annual,"European Union - 27 countries (AT, BE, BG, CY, CZ, DE, DK, EE, ES, FI, FR, GR, HR, HU, IE, IT, LT, LU, LV, MT, NL, PL, PT, RO, SE, SI, SK)",Zambia,EDIBLE FRUIT AND NUTS; PEEL OF CITRUS FRUIT OR MELONS,IMPORT,VALUE_IN_EUROS,2022,3735421
ESTAT:DS-045409(1.0),06/02/26 11:00:00,Annual,"European Union - 27 countries (AT, BE, BG, CY, CZ, DE, DK, EE, ES, FI, FR, GR, HR, HU, IE, IT, LT, LU, LV, MT, NL, PL, PT, RO, SE, SI, SK)",Zambia,EDIBLE FRUIT AND NUTS; PEEL OF CITRUS FRUIT OR MELONS,IMPORT,VALUE_IN_EUROS,2023,3333673
ESTAT:DS-045409(1.0),06/02/26 11:00:00,Annual,"European Union - 27 countries (AT, BE, BG, CY, CZ, DE, DK, EE, ES, FI, FR, GR, HR, HU, IE, IT, LT, LU, LV, MT, NL, PL, PT, RO, SE, SI, SK)",Zambia,EDIBLE FRUIT AND NUTS; PEEL OF CITRUS FRUIT OR MELONS,IMPORT,VALUE_IN_EUROS,2024,1807784
ESTAT:DS-045409(1.0),06/02/26 11:00:00,Annual,"European Union - 27 countries (AT, BE, BG, CY, CZ, DE, DK, EE, ES, FI, FR, GR, HR, HU, IE, IT, LT, LU, LV, MT, NL, PL, PT, RO, SE, SI, SK)",Zimbabwe,EDIBLE FRUIT AND NUTS; PEEL OF CITRUS FRUIT OR MELONS,IMPORT,VALUE_IN_EUROS,1999,15137203
ESTAT:DS-045409(1.0),06/02/26 11:00:00,Annual,"European Union - 27 countries (AT, BE, BG, CY, CZ, DE, DK, EE, ES, FI, FR, GR, HR, HU, IE, IT, LT, LU, LV, MT, NL, PL, PT, RO, SE, SI, SK)",Zimbabwe,EDIBLE FRUIT AND NUTS; PEEL OF CITRUS FRUIT OR MELONS,IMPORT,VALUE_IN_EUROS,2000,17344617
ESTAT:DS-045409(1.0),06/02/26 11:00:00,Annual,"European Union - 27 countries (AT, BE, BG, CY, CZ, DE, DK, EE, ES, FI, FR, GR, HR, HU, IE, IT, LT, LU, LV, MT, NL, PL, PT, RO, SE, SI, SK)",Zimbabwe,EDIBLE FRUIT AND NUTS; PEEL OF CITRUS FRUIT OR MELONS,IMPORT,VALUE_IN_EUROS,2001,27122274
ESTAT:DS-045409(1.0),06/02/26 11:00:00,Annual,"European Union - 27 countries (AT, BE, BG, CY, CZ, DE, DK, EE, ES, FI, FR, GR, HR, HU, IE, IT, LT, LU, LV, MT, NL, PL, PT, RO, SE, SI, SK)",Zimbabwe,EDIBLE FRUIT AND NUTS; PEEL OF CITRUS FRUIT OR MELONS,IMPORT,VALUE_IN_EUROS,2002,17262408
ESTAT:DS-045409(1.0),06/02/26 11:00:00,Annual,"European Union - 27 countries (AT, BE, BG, CY, CZ, DE, DK, EE, ES, FI, FR, GR, HR, HU, IE, IT, LT, LU, LV, MT, NL, PL, PT, RO, SE, SI, SK)",Zimbabwe,EDIBLE FRUIT AND NUTS; PEEL OF CITRUS FRUIT OR MELONS,IMPORT,VALUE_IN_EUROS,2003,16913049
ESTAT:DS-045409(1.0),06/02/26 11:00:00,Annual,"European Union - 27 countries (AT, BE, BG, CY, CZ, DE, DK, EE, ES, FI, FR, GR, HR, HU, IE, IT, LT, LU, LV, MT, NL, PL, PT, RO, SE, SI, SK)",Zimbabwe,EDIBLE FRUIT AND NUTS; PEEL OF CITRUS FRUIT OR MELONS,IMPORT,VALUE_IN_EUROS,2004,10220827
ESTAT:DS-045409(1.0),06/02/26 11:00:00,Annual,"European Union - 27 countries (AT, BE, BG, CY, CZ, DE, DK, EE, ES, FI, FR, GR, HR, HU, IE, IT, LT, LU, LV, MT, NL, PL, PT, RO, SE, SI, SK)",Zimbabwe,EDIBLE FRUIT AND NUTS; PEEL OF CITRUS FRUIT OR MELONS,IMPORT,VALUE_IN_EUROS,2005,18987071
ESTAT:DS-045409(1.0),06/02/26 11:00:00,Annual,"European Union - 27 countries (AT, BE, BG, CY, CZ, DE, DK, EE, ES, FI, FR, GR, HR, HU, IE, IT, LT, LU, LV, MT, NL, PL, PT, RO, SE, SI, SK)",Zimbabwe,EDIBLE FRUIT AND NUTS; PEEL OF CITRUS FRUIT OR MELONS,IMPORT,VALUE_IN_EUROS,2006,8982596
ESTAT:DS-045409(1.0),06/02/26 11:00:00,Annual,"European Union - 27 countries (AT, BE, BG, CY, CZ, DE, DK, EE, ES, FI, FR, GR, HR, HU, IE, IT, LT, LU, LV, MT, NL, PL, PT, RO, SE, SI, SK)",Zimbabwe,EDIBLE FRUIT AND NUTS; PEEL OF CITRUS FRUIT OR MELONS,IMPORT,VALUE_IN_EUROS,2007,18857999
ESTAT:DS-045409(1.0),06/02/26 11:00:00,Annual,"European Union - 27 countries (AT, BE, BG, CY, CZ, DE, DK, EE, ES, FI, FR, GR, HR, HU, IE, IT, LT, LU, LV, MT, NL, PL, PT, RO, SE, SI, SK)",Zimbabwe,EDIBLE FRUIT AND NUTS; PEEL OF CITRUS FRUIT OR MELONS,IMPORT,VALUE_IN_EUROS,2008,10759332
ESTAT:DS-045409(1.0),06/02/26 11:00:00,Annual,"European Union - 27 countries (AT, BE, BG, CY, CZ, DE, DK, EE, ES, FI, FR, GR, HR, HU, IE, IT, LT, LU, LV, MT, NL, PL, PT, RO, SE, SI, SK)",Zimbabwe,EDIBLE FRUIT AND NUTS; PEEL OF CITRUS FRUIT OR MELONS,IMPORT,VALUE_IN_EUROS,2009,9940563
ESTAT:DS-045409(1.0),06/02/26 11:00:00,Annual,"European Union - 27 countries (AT, BE, BG, CY, CZ, DE, DK, EE, ES, FI, FR, GR, HR, HU, IE, IT, LT, LU, LV, MT, NL, PL, PT, RO, SE, SI, SK)",Zimbabwe,EDIBLE FRUIT AND NUTS; PEEL OF CITRUS FRUIT OR MELONS,IMPORT,VALUE_IN_EUROS,2010,19892692
ESTAT:DS-045409(1.0),06/02/26 11:00:00,Annual,"European Union - 27 countries (AT, BE, BG, CY, CZ, DE, DK, EE, ES, FI, FR, GR, HR, HU, IE, IT, LT, LU, LV, MT, NL, PL, PT, RO, SE, SI, SK)",Zimbabwe,EDIBLE FRUIT AND NUTS; PEEL OF CITRUS FRUIT OR MELONS,IMPORT,VALUE_IN_EUROS,2011,9304134
ESTAT:DS-045409(1.0),06/02/26 11:00:00,Annual,"European Union - 27 countries (AT, BE, BG, CY, CZ, DE, DK, EE, ES, FI, FR, GR, HR, HU, IE, IT, LT, LU, LV, MT, NL, PL, PT, RO, SE, SI, SK)",Zimbabwe,EDIBLE FRUIT AND NUTS; PEEL OF CITRUS FRUIT OR MELONS,IMPORT,VALUE_IN_EUROS,2012,15162356
ESTAT:DS-045409(1.0),06/02/26 11:00:00,Annual,"European Union - 27 countries (AT, BE, BG, CY, CZ, DE, DK, EE, ES, FI, FR, GR, HR, HU, IE, IT, LT, LU, LV, MT, NL, PL, PT, RO, SE, SI, SK)",Zimbabwe,EDIBLE FRUIT AND NUTS; PEEL OF CITRUS FRUIT OR MELONS,IMPORT,VALUE_IN_EUROS,2013,22200088
ESTAT:DS-045409(1.0),06/02/26 11:00:00,Annual,"European Union - 27 countries (AT, BE, BG, CY, CZ, DE, DK, EE, ES, FI, FR, GR, HR, HU, IE, IT, LT, LU, LV, MT, NL, PL, PT, RO, SE, SI, SK)",Zimbabwe,EDIBLE FRUIT AND NUTS; PEEL OF CITRUS FRUIT OR MELONS,IMPORT,VALUE_IN_EUROS,2014,25076181
ESTAT:DS-045409(1.0),06/02/26 11:00:00,Annual,"European Union - 27 countries (AT, BE, BG, CY, CZ, DE, DK, EE, ES, FI, FR, GR, HR, HU, IE, IT, LT, LU, LV, MT, NL, PL, PT, RO, SE, SI, SK)",Zimbabwe,EDIBLE FRUIT AND NUTS; PEEL OF CITRUS FRUIT OR MELONS,IMPORT,VALUE_IN_EUROS,2015,24994122
ESTAT:DS-045409(1.0),06/02/26 11:00:00,Annual,"European Union - 27 countries (AT, BE, BG, CY, CZ, DE, DK, EE, ES, FI, FR, GR, HR, HU, IE, IT, LT, LU, LV, MT, NL, PL, PT, RO, SE, SI, SK)",Zimbabwe,EDIBLE FRUIT AND NUTS; PEEL OF CITRUS FRUIT OR MELONS,IMPORT,VALUE_IN_EUROS,2016,26459028
ESTAT:DS-045409(1.0),06/02/26 11:00:00,Annual,"European Union - 27 countries (AT, BE, BG, CY, CZ, DE, DK, EE, ES, FI, FR, GR, HR, HU, IE, IT, LT, LU, LV, MT, NL, PL, PT, RO, SE, SI, SK)",Zimbabwe,EDIBLE FRUIT AND NUTS; PEEL OF CITRUS FRUIT OR MELONS,IMPORT,VALUE_IN_EUROS,2017,32719479
ESTAT:DS-045409(1.0),06/02/26 11:00:00,Annual,"European Union - 27 countries (AT, BE, BG, CY, CZ, DE, DK, EE, ES, FI, FR, GR, HR, HU, IE, IT, LT, LU, LV, MT, NL, PL, PT, RO, SE, SI, SK)",Zimbabwe,EDIBLE FRUIT AND NUTS; PEEL OF CITRUS FRUIT OR MELONS,IMPORT,VALUE_IN_EUROS,2018,36648860
ESTAT:DS-045409(1.0),06/02/26 11:00:00,Annual,"European Union - 27 countries (AT, BE, BG, CY, CZ, DE, DK, EE, ES, FI, FR, GR, HR, HU, IE, IT, LT, LU, LV, MT, NL, PL, PT, RO, SE, SI, SK)",Zimbabwe,EDIBLE FRUIT AND NUTS; PEEL OF CITRUS FRUIT OR MELONS,IMPORT,VALUE_IN_EUROS,2019,41774962
ESTAT:DS-045409(1.0),06/02/26 11:00:00,Annual,"European Union - 27 countries (AT, BE, BG, CY, CZ, DE, DK, EE, ES, FI, FR, GR, HR, HU, IE, IT, LT, LU, LV, MT, NL, PL, PT, RO, SE, SI, SK)",Zimbabwe,EDIBLE FRUIT AND NUTS; PEEL OF CITRUS FRUIT OR MELONS,IMPORT,VALUE_IN_EUROS,2020,51080494
ESTAT:DS-045409(1.0),06/02/26 11:00:00,Annual,"European Union - 27 countries (AT, BE, BG, CY, CZ, DE, DK, EE, ES, FI, FR, GR, HR, HU, IE, IT, LT, LU, LV, MT, NL, PL, PT, RO, SE, SI, SK)",Zimbabwe,EDIBLE FRUIT AND NUTS; PEEL OF CITRUS FRUIT OR MELONS,IMPORT,VALUE_IN_EUROS,2021,40518677
ESTAT:DS-045409(1.0),06/02/26 11:00:00,Annual,"European Union - 27 countries (AT, BE, BG, CY, CZ, DE, DK, EE, ES, FI, FR, GR, HR, HU, IE, IT, LT, LU, LV, MT, NL, PL, PT, RO, SE, SI, SK)",Zimbabwe,EDIBLE FRUIT AND NUTS; PEEL OF CITRUS FRUIT OR MELONS,IMPORT,VALUE_IN_EUROS,2022,50132440
ESTAT:DS-045409(1.0),06/02/26 11:00:00,Annual,"European Union - 27 countries (AT, BE, BG, CY, CZ, DE, DK, EE, ES, FI, FR, GR, HR, HU, IE, IT, LT, LU, LV, MT, NL, PL, PT, RO, SE, SI, SK)",Zimbabwe,EDIBLE FRUIT AND NUTS; PEEL OF CITRUS FRUIT OR MELONS,IMPORT,VALUE_IN_EUROS,2023,70047671
ESTAT:DS-045409(1.0),06/02/26 11:00:00,Annual,"European Union - 27 countries (AT, BE, BG, CY, CZ, DE, DK, EE, ES, FI, FR, GR, HR, HU, IE, IT, LT, LU, LV, MT, NL, PL, PT, RO, SE, SI, SK)",Zimbabwe,EDIBLE FRUIT AND NUTS; PEEL OF CITRUS FRUIT OR MELONS,IMPORT,VALUE_IN_EUROS,2024,71030838
