DATAFLOW,LAST UPDATE,freq,reporter,partner,product,flow,indicators,TIME_PERIOD,OBS_VALUE
ESTAT:DS-045409(1.0),06/02/26 11:00:00,Annual,"European Union - 27 countries (AT, BE, BG, CY, CZ, DE, DK, EE, ES, FI, FR, GR, HR, HU, IE, IT, LT, LU, LV, MT, NL, PL, PT, RO, SE, SI, SK)",Angola,VEGETABLE PLAITING MATERIALS; VEGETABLE PRODUCTS NOT ELSEWHERE SPECIFIED OR INCLUDED,EXPORT,VALUE_IN_EUROS,1999,13719
ESTAT:DS-045409(1.0),06/02/26 11:00:00,Annual,"European Union - 27 countries (AT, BE, BG, CY, CZ, DE, DK, EE, ES, FI, FR, GR, HR, HU, IE, IT, LT, LU, LV, MT, NL, PL, PT, RO, SE, SI, SK)",Angola,VEGETABLE PLAITING MATERIALS; VEGETABLE PRODUCTS NOT ELSEWHERE SPECIFIED OR INCLUDED,EXPORT,VALUE_IN_EUROS,2000,860
ESTAT:DS-045409(1.0),06/02/26 11:00:00,Annual,"European Union - 27 countries (AT, BE, BG, CY, CZ, DE, DK, EE, ES, FI, FR, GR, HR, HU, IE, IT, LT, LU, LV, MT, NL, PL, PT, RO, SE, SI, SK)",Angola,VEGETABLE PLAITING MATERIALS; VEGETABLE PRODUCTS NOT ELSEWHERE SPECIFIED OR INCLUDED,EXPORT,VALUE_IN_EUROS,2001,4172
ESTAT:DS-045409(1.0),06/02/26 11:00:00,Annual,"European Union - 27 countries (AT, BE, BG, CY, CZ, DE, DK, EE, ES, FI, FR, GR, HR, HU, IE, IT, LT, LU, LV, MT, NL, PL, PT, RO, SE, SI, SK)",Angola,VEGETABLE PLAITING MATERIALS; VEGETABLE PRODUCTS NOT ELSEWHERE SPECIFIED OR INCLUDED,EXPORT,VALUE_IN_EUROS,2002,10096
ESTAT:DS-045409(1.0),06/02/26 11:00:00,Annual,"European Union - 27 countries (AT, BE, BG, CY, CZ, DE, DK, EE, ES, FI, FR, GR, HR, HU, IE, IT, LT, LU, LV, MT, NL, PL, PT, RO, SE, SI, SK)",Angola,VEGETABLE PLAITING MATERIALS; VEGETABLE PRODUCTS NOT ELSEWHERE SPECIFIED OR INCLUDED,EXPORT,VALUE_IN_EUROS,2003,76941
ESTAT:DS-045409(1.0),06/02/26 11:00:00,Annual,"European Union - 27 countries (AT, BE, BG, CY, CZ, DE, DK, EE, ES, FI, FR, GR, HR, HU, IE, IT, LT, LU, LV, MT, NL, PL, PT, RO, SE, SI, SK)",Angola,VEGETABLE PLAITING MATERIALS; VEGETABLE PRODUCTS NOT ELSEWHERE SPECIFIED OR INCLUDED,EXPORT,VALUE_IN_EUROS,2004,6742
ESTAT:DS-045409(1.0),06/02/26 11:00:00,Annual,"European Union - 27 countries (AT, BE, BG, CY, CZ, DE, DK, EE, ES, FI, FR, GR, HR, HU, IE, IT, LT, LU, LV, MT, NL, PL, PT, RO, SE, SI, SK)",Angola,VEGETABLE PLAITING MATERIALS; VEGETABLE PRODUCTS NOT ELSEWHERE SPECIFIED OR INCLUDED,EXPORT,VALUE_IN_EUROS,2005,7513
ESTAT:DS-045409(1.0),06/02/26 11:00:00,Annual,"European Union - 27 countries (AT, BE, BG, CY, CZ, DE, DK, EE, ES, FI, FR, GR, HR, HU, IE, IT, LT, LU, LV, MT, NL, PL, PT, RO, SE, SI, SK)",Angola,VEGETABLE PLAITING MATERIALS; VEGETABLE PRODUCTS NOT ELSEWHERE SPECIFIED OR INCLUDED,EXPORT,VALUE_IN_EUROS,2006,87280
ESTAT:DS-045409(1.0),06/02/26 11:00:00,Annual,"European Union - 27 countries (AT, BE, BG, CY, CZ, DE, DK, EE, ES, FI, FR, GR, HR, HU, IE, IT, LT, LU, LV, MT, NL, PL, PT, RO, SE, SI, SK)",Angola,VEGETABLE PLAITING MATERIALS; VEGETABLE PRODUCTS NOT ELSEWHERE SPECIFIED OR INCLUDED,EXPORT,VALUE_IN_EUROS,2007,101606
ESTAT:DS-045409(1.0),06/02/26 11:00:00,Annual,"European Union - 27 countries (AT, BE, BG, CY, CZ, DE, DK, EE, ES, FI, FR, GR, HR, HU, IE, IT, LT, LU, LV, MT, NL, PL, PT, RO, SE, SI, SK)",Angola,VEGETABLE PLAITING MATERIALS; VEGETABLE PRODUCTS NOT ELSEWHERE SPECIFIED OR INCLUDED,EXPORT,VALUE_IN_EUROS,2008,76953
ESTAT:DS-045409(1.0),06/02/26 11:00:00,Annual,"European Union - 27 countries (AT, BE, BG, CY, CZ, DE, DK, EE, ES, FI, FR, GR, HR, HU, IE, IT, LT, LU, LV, MT, NL, PL, PT, RO, SE, SI, SK)",Angola,VEGETABLE PLAITING MATERIALS; VEGETABLE PRODUCTS NOT ELSEWHERE SPECIFIED OR INCLUDED,EXPORT,VALUE_IN_EUROS,2009,12344
ESTAT:DS-045409(1.0),06/02/26 11:00:00,Annual,"European Union - 27 countries (AT, BE, BG, CY, CZ, DE, DK, EE, ES, FI, FR, GR, HR, HU, IE, IT, LT, LU, LV, MT, NL, PL, PT, RO, SE, SI, SK)",Angola,VEGETABLE PLAITING MATERIALS; VEGETABLE PRODUCTS NOT ELSEWHERE SPECIFIED OR INCLUDED,EXPORT,VALUE_IN_EUROS,2010,45647
ESTAT:DS-045409(1.0),06/02/26 11:00:00,Annual,"European Union - 27 countries (AT, BE, BG, CY, CZ, DE, DK, EE, ES, FI, FR, GR, HR, HU, IE, IT, LT, LU, LV, MT, NL, PL, PT, RO, SE, SI, SK)",Angola,VEGETABLE PLAITING MATERIALS; VEGETABLE PRODUCTS NOT ELSEWHERE SPECIFIED OR INCLUDED,EXPORT,VALUE_IN_EUROS,2011,58881
ESTAT:DS-045409(1.0),06/02/26 11:00:00,Annual,"European Union - 27 countries (AT, BE, BG, CY, CZ, DE, DK, EE, ES, FI, FR, GR, HR, HU, IE, IT, LT, LU, LV, MT, NL, PL, PT, RO, SE, SI, SK)",Angola,VEGETABLE PLAITING MATERIALS; VEGETABLE PRODUCTS NOT ELSEWHERE SPECIFIED OR INCLUDED,EXPORT,VALUE_IN_EUROS,2012,13105
ESTAT:DS-045409(1.0),06/02/26 11:00:00,Annual,"European Union - 27 countries (AT, BE, BG, CY, CZ, DE, DK, EE, ES, FI, FR, GR, HR, HU, IE, IT, LT, LU, LV, MT, NL, PL, PT, RO, SE, SI, SK)",Angola,VEGETABLE PLAITING MATERIALS; VEGETABLE PRODUCTS NOT ELSEWHERE SPECIFIED OR INCLUDED,EXPORT,VALUE_IN_EUROS,2013,2436
ESTAT:DS-045409(1.0),06/02/26 11:00:00,Annual,"European Union - 27 countries (AT, BE, BG, CY, CZ, DE, DK, EE, ES, FI, FR, GR, HR, HU, IE, IT, LT, LU, LV, MT, NL, PL, PT, RO, SE, SI, SK)",Angola,VEGETABLE PLAITING MATERIALS; VEGETABLE PRODUCTS NOT ELSEWHERE SPECIFIED OR INCLUDED,EXPORT,VALUE_IN_EUROS,2014,44075
ESTAT:DS-045409(1.0),06/02/26 11:00:00,Annual,"European Union - 27 countries (AT, BE, BG, CY, CZ, DE, DK, EE, ES, FI, FR, GR, HR, HU, IE, IT, LT, LU, LV, MT, NL, PL, PT, RO, SE, SI, SK)",Angola,VEGETABLE PLAITING MATERIALS; VEGETABLE PRODUCTS NOT ELSEWHERE SPECIFIED OR INCLUDED,EXPORT,VALUE_IN_EUROS,2015,12228
ESTAT:DS-045409(1.0),06/02/26 11:00:00,Annual,"European Union - 27 countries (AT, BE, BG, CY, CZ, DE, DK, EE, ES, FI, FR, GR, HR, HU, IE, IT, LT, LU, LV, MT, NL, PL, PT, RO, SE, SI, SK)",Angola,VEGETABLE PLAITING MATERIALS; VEGETABLE PRODUCTS NOT ELSEWHERE SPECIFIED OR INCLUDED,EXPORT,VALUE_IN_EUROS,2016,41636
ESTAT:DS-045409(1.0),06/02/26 11:00:00,Annual,"European Union - 27 countries (AT, BE, BG, CY, CZ, DE, DK, EE, ES, FI, FR, GR, HR, HU, IE, IT, LT, LU, LV, MT, NL, PL, PT, RO, SE, SI, SK)",Angola,VEGETABLE PLAITING MATERIALS; VEGETABLE PRODUCTS NOT ELSEWHERE SPECIFIED OR INCLUDED,EXPORT,VALUE_IN_EUROS,2017,105531
ESTAT:DS-045409(1.0),06/02/26 11:00:00,Annual,"European Union - 27 countries (AT, BE, BG, CY, CZ, DE, DK, EE, ES, FI, FR, GR, HR, HU, IE, IT, LT, LU, LV, MT, NL, PL, PT, RO, SE, SI, SK)",Angola,VEGETABLE PLAITING MATERIALS; VEGETABLE PRODUCTS NOT ELSEWHERE SPECIFIED OR INCLUDED,EXPORT,VALUE_IN_EUROS,2018,91989
ESTAT:DS-045409(1.0),06/02/26 11:00:00,Annual,"European Union - 27 countries (AT, BE, BG, CY, CZ, DE, DK, EE, ES, FI, FR, GR, HR, HU, IE, IT, LT, LU, LV, MT, NL, PL, PT, RO, SE, SI, SK)",Angola,VEGETABLE PLAITING MATERIALS; VEGETABLE PRODUCTS NOT ELSEWHERE SPECIFIED OR INCLUDED,EXPORT,VALUE_IN_EUROS,2019,15896
ESTAT:DS-045409(1.0),06/02/26 11:00:00,Annual,"European Union - 27 countries (AT, BE, BG, CY, CZ, DE, DK, EE, ES, FI, FR, GR, HR, HU, IE, IT, LT, LU, LV, MT, NL, PL, PT, RO, SE, SI, SK)",Angola,VEGETABLE PLAITING MATERIALS; VEGETABLE PRODUCTS NOT ELSEWHERE SPECIFIED OR INCLUDED,EXPORT,VALUE_IN_EUROS,2020,18149
ESTAT:DS-045409(1.0),06/02/26 11:00:00,Annual,"European Union - 27 countries (AT, BE, BG, CY, CZ, DE, DK, EE, ES, FI, FR, GR, HR, HU, IE, IT, LT, LU, LV, MT, NL, PL, PT, RO, SE, SI, SK)",Angola,VEGETABLE PLAITING MATERIALS; VEGETABLE PRODUCTS NOT ELSEWHERE SPECIFIED OR INCLUDED,EXPORT,VALUE_IN_EUROS,2021,15008
ESTAT:DS-045409(1.0),06/02/26 11:00:00,Annual,"European Union - 27 countries (AT, BE, BG, CY, CZ, DE, DK, EE, ES, FI, FR, GR, HR, HU, IE, IT, LT, LU, LV, MT, NL, PL, PT, RO, SE, SI, SK)",Angola,VEGETABLE PLAITING MATERIALS; VEGETABLE PRODUCTS NOT ELSEWHERE SPECIFIED OR INCLUDED,EXPORT,VALUE_IN_EUROS,2022,31588
ESTAT:DS-045409(1.0),06/02/26 11:00:00,Annual,"European Union - 27 countries (AT, BE, BG, CY, CZ, DE, DK, EE, ES, FI, FR, GR, HR, HU, IE, IT, LT, LU, LV, MT, NL, PL, PT, RO, SE, SI, SK)",Angola,VEGETABLE PLAITING MATERIALS; VEGETABLE PRODUCTS NOT ELSEWHERE SPECIFIED OR INCLUDED,EXPORT,VALUE_IN_EUROS,2023,23438
ESTAT:DS-045409(1.0),06/02/26 11:00:00,Annual,"European Union - 27 countries (AT, BE, BG, CY, CZ, DE, DK, EE, ES, FI, FR, GR, HR, HU, IE, IT, LT, LU, LV, MT, NL, PL, PT, RO, SE, SI, SK)",Angola,VEGETABLE PLAITING MATERIALS; VEGETABLE PRODUCTS NOT ELSEWHERE SPECIFIED OR INCLUDED,EXPORT,VALUE_IN_EUROS,2024,92422
ESTAT:DS-045409(1.0),06/02/26 11:00:00,Annual,"European Union - 27 countries (AT, BE, BG, CY, CZ, DE, DK, EE, ES, FI, FR, GR, HR, HU, IE, IT, LT, LU, LV, MT, NL, PL, PT, RO, SE, SI, SK)",Burkina Faso,VEGETABLE PLAITING MATERIALS; VEGETABLE PRODUCTS NOT ELSEWHERE SPECIFIED OR INCLUDED,EXPORT,VALUE_IN_EUROS,1999,3243
ESTAT:DS-045409(1.0),06/02/26 11:00:00,Annual,"European Union - 27 countries (AT, BE, BG, CY, CZ, DE, DK, EE, ES, FI, FR, GR, HR, HU, IE, IT, LT, LU, LV, MT, NL, PL, PT, RO, SE, SI, SK)",Burkina Faso,VEGETABLE PLAITING MATERIALS; VEGETABLE PRODUCTS NOT ELSEWHERE SPECIFIED OR INCLUDED,EXPORT,VALUE_IN_EUROS,2002,526
ESTAT:DS-045409(1.0),06/02/26 11:00:00,Annual,"European Union - 27 countries (AT, BE, BG, CY, CZ, DE, DK, EE, ES, FI, FR, GR, HR, HU, IE, IT, LT, LU, LV, MT, NL, PL, PT, RO, SE, SI, SK)",Burkina Faso,VEGETABLE PLAITING MATERIALS; VEGETABLE PRODUCTS NOT ELSEWHERE SPECIFIED OR INCLUDED,EXPORT,VALUE_IN_EUROS,2004,10188
ESTAT:DS-045409(1.0),06/02/26 11:00:00,Annual,"European Union - 27 countries (AT, BE, BG, CY, CZ, DE, DK, EE, ES, FI, FR, GR, HR, HU, IE, IT, LT, LU, LV, MT, NL, PL, PT, RO, SE, SI, SK)",Burkina Faso,VEGETABLE PLAITING MATERIALS; VEGETABLE PRODUCTS NOT ELSEWHERE SPECIFIED OR INCLUDED,EXPORT,VALUE_IN_EUROS,2005,2396
ESTAT:DS-045409(1.0),06/02/26 11:00:00,Annual,"European Union - 27 countries (AT, BE, BG, CY, CZ, DE, DK, EE, ES, FI, FR, GR, HR, HU, IE, IT, LT, LU, LV, MT, NL, PL, PT, RO, SE, SI, SK)",Burkina Faso,VEGETABLE PLAITING MATERIALS; VEGETABLE PRODUCTS NOT ELSEWHERE SPECIFIED OR INCLUDED,EXPORT,VALUE_IN_EUROS,2011,3054
ESTAT:DS-045409(1.0),06/02/26 11:00:00,Annual,"European Union - 27 countries (AT, BE, BG, CY, CZ, DE, DK, EE, ES, FI, FR, GR, HR, HU, IE, IT, LT, LU, LV, MT, NL, PL, PT, RO, SE, SI, SK)",Burkina Faso,VEGETABLE PLAITING MATERIALS; VEGETABLE PRODUCTS NOT ELSEWHERE SPECIFIED OR INCLUDED,EXPORT,VALUE_IN_EUROS,2014,1728
ESTAT:DS-045409(1.0),06/02/26 11:00:00,Annual,"European Union - 27 countries (AT, BE, BG, CY, CZ, DE, DK, EE, ES, FI, FR, GR, HR, HU, IE, IT, LT, LU, LV, MT, NL, PL, PT, RO, SE, SI, SK)",Burkina Faso,VEGETABLE PLAITING MATERIALS; VEGETABLE PRODUCTS NOT ELSEWHERE SPECIFIED OR INCLUDED,EXPORT,VALUE_IN_EUROS,2019,489
ESTAT:DS-045409(1.0),06/02/26 11:00:00,Annual,"European Union - 27 countries (AT, BE, BG, CY, CZ, DE, DK, EE, ES, FI, FR, GR, HR, HU, IE, IT, LT, LU, LV, MT, NL, PL, PT, RO, SE, SI, SK)",Burkina Faso,VEGETABLE PLAITING MATERIALS; VEGETABLE PRODUCTS NOT ELSEWHERE SPECIFIED OR INCLUDED,EXPORT,VALUE_IN_EUROS,2020,16562
ESTAT:DS-045409(1.0),06/02/26 11:00:00,Annual,"European Union - 27 countries (AT, BE, BG, CY, CZ, DE, DK, EE, ES, FI, FR, GR, HR, HU, IE, IT, LT, LU, LV, MT, NL, PL, PT, RO, SE, SI, SK)",Burkina Faso,VEGETABLE PLAITING MATERIALS; VEGETABLE PRODUCTS NOT ELSEWHERE SPECIFIED OR INCLUDED,EXPORT,VALUE_IN_EUROS,2021,17197
ESTAT:DS-045409(1.0),06/02/26 11:00:00,Annual,"European Union - 27 countries (AT, BE, BG, CY, CZ, DE, DK, EE, ES, FI, FR, GR, HR, HU, IE, IT, LT, LU, LV, MT, NL, PL, PT, RO, SE, SI, SK)",Burkina Faso,VEGETABLE PLAITING MATERIALS; VEGETABLE PRODUCTS NOT ELSEWHERE SPECIFIED OR INCLUDED,EXPORT,VALUE_IN_EUROS,2022,1145
ESTAT:DS-045409(1.0),06/02/26 11:00:00,Annual,"European Union - 27 countries (AT, BE, BG, CY, CZ, DE, DK, EE, ES, FI, FR, GR, HR, HU, IE, IT, LT, LU, LV, MT, NL, PL, PT, RO, SE, SI, SK)",Burkina Faso,VEGETABLE PLAITING MATERIALS; VEGETABLE PRODUCTS NOT ELSEWHERE SPECIFIED OR INCLUDED,EXPORT,VALUE_IN_EUROS,2023,6009
ESTAT:DS-045409(1.0),06/02/26 11:00:00,Annual,"European Union - 27 countries (AT, BE, BG, CY, CZ, DE, DK, EE, ES, FI, FR, GR, HR, HU, IE, IT, LT, LU, LV, MT, NL, PL, PT, RO, SE, SI, SK)",Burkina Faso,VEGETABLE PLAITING MATERIALS; VEGETABLE PRODUCTS NOT ELSEWHERE SPECIFIED OR INCLUDED,EXPORT,VALUE_IN_EUROS,2024,18110
ESTAT:DS-045409(1.0),06/02/26 11:00:00,Annual,"European Union - 27 countries (AT, BE, BG, CY, CZ, DE, DK, EE, ES, FI, FR, GR, HR, HU, IE, IT, LT, LU, LV, MT, NL, PL, PT, RO, SE, SI, SK)",Burundi,VEGETABLE PLAITING MATERIALS; VEGETABLE PRODUCTS NOT ELSEWHERE SPECIFIED OR INCLUDED,EXPORT,VALUE_IN_EUROS,2012,1033
ESTAT:DS-045409(1.0),06/02/26 11:00:00,Annual,"European Union - 27 countries (AT, BE, BG, CY, CZ, DE, DK, EE, ES, FI, FR, GR, HR, HU, IE, IT, LT, LU, LV, MT, NL, PL, PT, RO, SE, SI, SK)",Burundi,VEGETABLE PLAITING MATERIALS; VEGETABLE PRODUCTS NOT ELSEWHERE SPECIFIED OR INCLUDED,EXPORT,VALUE_IN_EUROS,2016,3437
ESTAT:DS-045409(1.0),06/02/26 11:00:00,Annual,"European Union - 27 countries (AT, BE, BG, CY, CZ, DE, DK, EE, ES, FI, FR, GR, HR, HU, IE, IT, LT, LU, LV, MT, NL, PL, PT, RO, SE, SI, SK)",Burundi,VEGETABLE PLAITING MATERIALS; VEGETABLE PRODUCTS NOT ELSEWHERE SPECIFIED OR INCLUDED,EXPORT,VALUE_IN_EUROS,2024,421
ESTAT:DS-045409(1.0),06/02/26 11:00:00,Annual,"European Union - 27 countries (AT, BE, BG, CY, CZ, DE, DK, EE, ES, FI, FR, GR, HR, HU, IE, IT, LT, LU, LV, MT, NL, PL, PT, RO, SE, SI, SK)",Benin,VEGETABLE PLAITING MATERIALS; VEGETABLE PRODUCTS NOT ELSEWHERE SPECIFIED OR INCLUDED,EXPORT,VALUE_IN_EUROS,2001,5438
ESTAT:DS-045409(1.0),06/02/26 11:00:00,Annual,"European Union - 27 countries (AT, BE, BG, CY, CZ, DE, DK, EE, ES, FI, FR, GR, HR, HU, IE, IT, LT, LU, LV, MT, NL, PL, PT, RO, SE, SI, SK)",Benin,VEGETABLE PLAITING MATERIALS; VEGETABLE PRODUCTS NOT ELSEWHERE SPECIFIED OR INCLUDED,EXPORT,VALUE_IN_EUROS,2004,9437
ESTAT:DS-045409(1.0),06/02/26 11:00:00,Annual,"European Union - 27 countries (AT, BE, BG, CY, CZ, DE, DK, EE, ES, FI, FR, GR, HR, HU, IE, IT, LT, LU, LV, MT, NL, PL, PT, RO, SE, SI, SK)",Benin,VEGETABLE PLAITING MATERIALS; VEGETABLE PRODUCTS NOT ELSEWHERE SPECIFIED OR INCLUDED,EXPORT,VALUE_IN_EUROS,2008,2781
ESTAT:DS-045409(1.0),06/02/26 11:00:00,Annual,"European Union - 27 countries (AT, BE, BG, CY, CZ, DE, DK, EE, ES, FI, FR, GR, HR, HU, IE, IT, LT, LU, LV, MT, NL, PL, PT, RO, SE, SI, SK)",Benin,VEGETABLE PLAITING MATERIALS; VEGETABLE PRODUCTS NOT ELSEWHERE SPECIFIED OR INCLUDED,EXPORT,VALUE_IN_EUROS,2010,87750
ESTAT:DS-045409(1.0),06/02/26 11:00:00,Annual,"European Union - 27 countries (AT, BE, BG, CY, CZ, DE, DK, EE, ES, FI, FR, GR, HR, HU, IE, IT, LT, LU, LV, MT, NL, PL, PT, RO, SE, SI, SK)",Benin,VEGETABLE PLAITING MATERIALS; VEGETABLE PRODUCTS NOT ELSEWHERE SPECIFIED OR INCLUDED,EXPORT,VALUE_IN_EUROS,2011,1370
ESTAT:DS-045409(1.0),06/02/26 11:00:00,Annual,"European Union - 27 countries (AT, BE, BG, CY, CZ, DE, DK, EE, ES, FI, FR, GR, HR, HU, IE, IT, LT, LU, LV, MT, NL, PL, PT, RO, SE, SI, SK)",Benin,VEGETABLE PLAITING MATERIALS; VEGETABLE PRODUCTS NOT ELSEWHERE SPECIFIED OR INCLUDED,EXPORT,VALUE_IN_EUROS,2012,8304
ESTAT:DS-045409(1.0),06/02/26 11:00:00,Annual,"European Union - 27 countries (AT, BE, BG, CY, CZ, DE, DK, EE, ES, FI, FR, GR, HR, HU, IE, IT, LT, LU, LV, MT, NL, PL, PT, RO, SE, SI, SK)",Benin,VEGETABLE PLAITING MATERIALS; VEGETABLE PRODUCTS NOT ELSEWHERE SPECIFIED OR INCLUDED,EXPORT,VALUE_IN_EUROS,2014,10
ESTAT:DS-045409(1.0),06/02/26 11:00:00,Annual,"European Union - 27 countries (AT, BE, BG, CY, CZ, DE, DK, EE, ES, FI, FR, GR, HR, HU, IE, IT, LT, LU, LV, MT, NL, PL, PT, RO, SE, SI, SK)",Benin,VEGETABLE PLAITING MATERIALS; VEGETABLE PRODUCTS NOT ELSEWHERE SPECIFIED OR INCLUDED,EXPORT,VALUE_IN_EUROS,2017,234
ESTAT:DS-045409(1.0),06/02/26 11:00:00,Annual,"European Union - 27 countries (AT, BE, BG, CY, CZ, DE, DK, EE, ES, FI, FR, GR, HR, HU, IE, IT, LT, LU, LV, MT, NL, PL, PT, RO, SE, SI, SK)",Benin,VEGETABLE PLAITING MATERIALS; VEGETABLE PRODUCTS NOT ELSEWHERE SPECIFIED OR INCLUDED,EXPORT,VALUE_IN_EUROS,2018,7407
ESTAT:DS-045409(1.0),06/02/26 11:00:00,Annual,"European Union - 27 countries (AT, BE, BG, CY, CZ, DE, DK, EE, ES, FI, FR, GR, HR, HU, IE, IT, LT, LU, LV, MT, NL, PL, PT, RO, SE, SI, SK)",Benin,VEGETABLE PLAITING MATERIALS; VEGETABLE PRODUCTS NOT ELSEWHERE SPECIFIED OR INCLUDED,EXPORT,VALUE_IN_EUROS,2019,2990
ESTAT:DS-045409(1.0),06/02/26 11:00:00,Annual,"European Union - 27 countries (AT, BE, BG, CY, CZ, DE, DK, EE, ES, FI, FR, GR, HR, HU, IE, IT, LT, LU, LV, MT, NL, PL, PT, RO, SE, SI, SK)",Benin,VEGETABLE PLAITING MATERIALS; VEGETABLE PRODUCTS NOT ELSEWHERE SPECIFIED OR INCLUDED,EXPORT,VALUE_IN_EUROS,2021,472
ESTAT:DS-045409(1.0),06/02/26 11:00:00,Annual,"European Union - 27 countries (AT, BE, BG, CY, CZ, DE, DK, EE, ES, FI, FR, GR, HR, HU, IE, IT, LT, LU, LV, MT, NL, PL, PT, RO, SE, SI, SK)",Benin,VEGETABLE PLAITING MATERIALS; VEGETABLE PRODUCTS NOT ELSEWHERE SPECIFIED OR INCLUDED,EXPORT,VALUE_IN_EUROS,2023,325
ESTAT:DS-045409(1.0),06/02/26 11:00:00,Annual,"European Union - 27 countries (AT, BE, BG, CY, CZ, DE, DK, EE, ES, FI, FR, GR, HR, HU, IE, IT, LT, LU, LV, MT, NL, PL, PT, RO, SE, SI, SK)",Benin,VEGETABLE PLAITING MATERIALS; VEGETABLE PRODUCTS NOT ELSEWHERE SPECIFIED OR INCLUDED,EXPORT,VALUE_IN_EUROS,2024,113
ESTAT:DS-045409(1.0),06/02/26 11:00:00,Annual,"European Union - 27 countries (AT, BE, BG, CY, CZ, DE, DK, EE, ES, FI, FR, GR, HR, HU, IE, IT, LT, LU, LV, MT, NL, PL, PT, RO, SE, SI, SK)",Botswana,VEGETABLE PLAITING MATERIALS; VEGETABLE PRODUCTS NOT ELSEWHERE SPECIFIED OR INCLUDED,EXPORT,VALUE_IN_EUROS,2008,4366
ESTAT:DS-045409(1.0),06/02/26 11:00:00,Annual,"European Union - 27 countries (AT, BE, BG, CY, CZ, DE, DK, EE, ES, FI, FR, GR, HR, HU, IE, IT, LT, LU, LV, MT, NL, PL, PT, RO, SE, SI, SK)",Botswana,VEGETABLE PLAITING MATERIALS; VEGETABLE PRODUCTS NOT ELSEWHERE SPECIFIED OR INCLUDED,EXPORT,VALUE_IN_EUROS,2023,1
ESTAT:DS-045409(1.0),06/02/26 11:00:00,Annual,"European Union - 27 countries (AT, BE, BG, CY, CZ, DE, DK, EE, ES, FI, FR, GR, HR, HU, IE, IT, LT, LU, LV, MT, NL, PL, PT, RO, SE, SI, SK)","Congo, Democratic Republic of",VEGETABLE PLAITING MATERIALS; VEGETABLE PRODUCTS NOT ELSEWHERE SPECIFIED OR INCLUDED,EXPORT,VALUE_IN_EUROS,2001,5436
ESTAT:DS-045409(1.0),06/02/26 11:00:00,Annual,"European Union - 27 countries (AT, BE, BG, CY, CZ, DE, DK, EE, ES, FI, FR, GR, HR, HU, IE, IT, LT, LU, LV, MT, NL, PL, PT, RO, SE, SI, SK)","Congo, Democratic Republic of",VEGETABLE PLAITING MATERIALS; VEGETABLE PRODUCTS NOT ELSEWHERE SPECIFIED OR INCLUDED,EXPORT,VALUE_IN_EUROS,2002,8684
ESTAT:DS-045409(1.0),06/02/26 11:00:00,Annual,"European Union - 27 countries (AT, BE, BG, CY, CZ, DE, DK, EE, ES, FI, FR, GR, HR, HU, IE, IT, LT, LU, LV, MT, NL, PL, PT, RO, SE, SI, SK)","Congo, Democratic Republic of",VEGETABLE PLAITING MATERIALS; VEGETABLE PRODUCTS NOT ELSEWHERE SPECIFIED OR INCLUDED,EXPORT,VALUE_IN_EUROS,2003,18160
ESTAT:DS-045409(1.0),06/02/26 11:00:00,Annual,"European Union - 27 countries (AT, BE, BG, CY, CZ, DE, DK, EE, ES, FI, FR, GR, HR, HU, IE, IT, LT, LU, LV, MT, NL, PL, PT, RO, SE, SI, SK)","Congo, Democratic Republic of",VEGETABLE PLAITING MATERIALS; VEGETABLE PRODUCTS NOT ELSEWHERE SPECIFIED OR INCLUDED,EXPORT,VALUE_IN_EUROS,2006,7965
ESTAT:DS-045409(1.0),06/02/26 11:00:00,Annual,"European Union - 27 countries (AT, BE, BG, CY, CZ, DE, DK, EE, ES, FI, FR, GR, HR, HU, IE, IT, LT, LU, LV, MT, NL, PL, PT, RO, SE, SI, SK)","Congo, Democratic Republic of",VEGETABLE PLAITING MATERIALS; VEGETABLE PRODUCTS NOT ELSEWHERE SPECIFIED OR INCLUDED,EXPORT,VALUE_IN_EUROS,2007,4744
ESTAT:DS-045409(1.0),06/02/26 11:00:00,Annual,"European Union - 27 countries (AT, BE, BG, CY, CZ, DE, DK, EE, ES, FI, FR, GR, HR, HU, IE, IT, LT, LU, LV, MT, NL, PL, PT, RO, SE, SI, SK)","Congo, Democratic Republic of",VEGETABLE PLAITING MATERIALS; VEGETABLE PRODUCTS NOT ELSEWHERE SPECIFIED OR INCLUDED,EXPORT,VALUE_IN_EUROS,2008,7342
ESTAT:DS-045409(1.0),06/02/26 11:00:00,Annual,"European Union - 27 countries (AT, BE, BG, CY, CZ, DE, DK, EE, ES, FI, FR, GR, HR, HU, IE, IT, LT, LU, LV, MT, NL, PL, PT, RO, SE, SI, SK)","Congo, Democratic Republic of",VEGETABLE PLAITING MATERIALS; VEGETABLE PRODUCTS NOT ELSEWHERE SPECIFIED OR INCLUDED,EXPORT,VALUE_IN_EUROS,2010,114
ESTAT:DS-045409(1.0),06/02/26 11:00:00,Annual,"European Union - 27 countries (AT, BE, BG, CY, CZ, DE, DK, EE, ES, FI, FR, GR, HR, HU, IE, IT, LT, LU, LV, MT, NL, PL, PT, RO, SE, SI, SK)","Congo, Democratic Republic of",VEGETABLE PLAITING MATERIALS; VEGETABLE PRODUCTS NOT ELSEWHERE SPECIFIED OR INCLUDED,EXPORT,VALUE_IN_EUROS,2011,1456
ESTAT:DS-045409(1.0),06/02/26 11:00:00,Annual,"European Union - 27 countries (AT, BE, BG, CY, CZ, DE, DK, EE, ES, FI, FR, GR, HR, HU, IE, IT, LT, LU, LV, MT, NL, PL, PT, RO, SE, SI, SK)","Congo, Democratic Republic of",VEGETABLE PLAITING MATERIALS; VEGETABLE PRODUCTS NOT ELSEWHERE SPECIFIED OR INCLUDED,EXPORT,VALUE_IN_EUROS,2012,240
ESTAT:DS-045409(1.0),06/02/26 11:00:00,Annual,"European Union - 27 countries (AT, BE, BG, CY, CZ, DE, DK, EE, ES, FI, FR, GR, HR, HU, IE, IT, LT, LU, LV, MT, NL, PL, PT, RO, SE, SI, SK)","Congo, Democratic Republic of",VEGETABLE PLAITING MATERIALS; VEGETABLE PRODUCTS NOT ELSEWHERE SPECIFIED OR INCLUDED,EXPORT,VALUE_IN_EUROS,2013,4720
ESTAT:DS-045409(1.0),06/02/26 11:00:00,Annual,"European Union - 27 countries (AT, BE, BG, CY, CZ, DE, DK, EE, ES, FI, FR, GR, HR, HU, IE, IT, LT, LU, LV, MT, NL, PL, PT, RO, SE, SI, SK)","Congo, Democratic Republic of",VEGETABLE PLAITING MATERIALS; VEGETABLE PRODUCTS NOT ELSEWHERE SPECIFIED OR INCLUDED,EXPORT,VALUE_IN_EUROS,2014,10996
ESTAT:DS-045409(1.0),06/02/26 11:00:00,Annual,"European Union - 27 countries (AT, BE, BG, CY, CZ, DE, DK, EE, ES, FI, FR, GR, HR, HU, IE, IT, LT, LU, LV, MT, NL, PL, PT, RO, SE, SI, SK)","Congo, Democratic Republic of",VEGETABLE PLAITING MATERIALS; VEGETABLE PRODUCTS NOT ELSEWHERE SPECIFIED OR INCLUDED,EXPORT,VALUE_IN_EUROS,2015,25871
ESTAT:DS-045409(1.0),06/02/26 11:00:00,Annual,"European Union - 27 countries (AT, BE, BG, CY, CZ, DE, DK, EE, ES, FI, FR, GR, HR, HU, IE, IT, LT, LU, LV, MT, NL, PL, PT, RO, SE, SI, SK)","Congo, Democratic Republic of",VEGETABLE PLAITING MATERIALS; VEGETABLE PRODUCTS NOT ELSEWHERE SPECIFIED OR INCLUDED,EXPORT,VALUE_IN_EUROS,2016,160
ESTAT:DS-045409(1.0),06/02/26 11:00:00,Annual,"European Union - 27 countries (AT, BE, BG, CY, CZ, DE, DK, EE, ES, FI, FR, GR, HR, HU, IE, IT, LT, LU, LV, MT, NL, PL, PT, RO, SE, SI, SK)","Congo, Democratic Republic of",VEGETABLE PLAITING MATERIALS; VEGETABLE PRODUCTS NOT ELSEWHERE SPECIFIED OR INCLUDED,EXPORT,VALUE_IN_EUROS,2017,281
ESTAT:DS-045409(1.0),06/02/26 11:00:00,Annual,"European Union - 27 countries (AT, BE, BG, CY, CZ, DE, DK, EE, ES, FI, FR, GR, HR, HU, IE, IT, LT, LU, LV, MT, NL, PL, PT, RO, SE, SI, SK)","Congo, Democratic Republic of",VEGETABLE PLAITING MATERIALS; VEGETABLE PRODUCTS NOT ELSEWHERE SPECIFIED OR INCLUDED,EXPORT,VALUE_IN_EUROS,2018,38
ESTAT:DS-045409(1.0),06/02/26 11:00:00,Annual,"European Union - 27 countries (AT, BE, BG, CY, CZ, DE, DK, EE, ES, FI, FR, GR, HR, HU, IE, IT, LT, LU, LV, MT, NL, PL, PT, RO, SE, SI, SK)","Congo, Democratic Republic of",VEGETABLE PLAITING MATERIALS; VEGETABLE PRODUCTS NOT ELSEWHERE SPECIFIED OR INCLUDED,EXPORT,VALUE_IN_EUROS,2019,2644
ESTAT:DS-045409(1.0),06/02/26 11:00:00,Annual,"European Union - 27 countries (AT, BE, BG, CY, CZ, DE, DK, EE, ES, FI, FR, GR, HR, HU, IE, IT, LT, LU, LV, MT, NL, PL, PT, RO, SE, SI, SK)","Congo, Democratic Republic of",VEGETABLE PLAITING MATERIALS; VEGETABLE PRODUCTS NOT ELSEWHERE SPECIFIED OR INCLUDED,EXPORT,VALUE_IN_EUROS,2020,2332
ESTAT:DS-045409(1.0),06/02/26 11:00:00,Annual,"European Union - 27 countries (AT, BE, BG, CY, CZ, DE, DK, EE, ES, FI, FR, GR, HR, HU, IE, IT, LT, LU, LV, MT, NL, PL, PT, RO, SE, SI, SK)","Congo, Democratic Republic of",VEGETABLE PLAITING MATERIALS; VEGETABLE PRODUCTS NOT ELSEWHERE SPECIFIED OR INCLUDED,EXPORT,VALUE_IN_EUROS,2021,17
ESTAT:DS-045409(1.0),06/02/26 11:00:00,Annual,"European Union - 27 countries (AT, BE, BG, CY, CZ, DE, DK, EE, ES, FI, FR, GR, HR, HU, IE, IT, LT, LU, LV, MT, NL, PL, PT, RO, SE, SI, SK)","Congo, Democratic Republic of",VEGETABLE PLAITING MATERIALS; VEGETABLE PRODUCTS NOT ELSEWHERE SPECIFIED OR INCLUDED,EXPORT,VALUE_IN_EUROS,2022,3635
ESTAT:DS-045409(1.0),06/02/26 11:00:00,Annual,"European Union - 27 countries (AT, BE, BG, CY, CZ, DE, DK, EE, ES, FI, FR, GR, HR, HU, IE, IT, LT, LU, LV, MT, NL, PL, PT, RO, SE, SI, SK)","Congo, Democratic Republic of",VEGETABLE PLAITING MATERIALS; VEGETABLE PRODUCTS NOT ELSEWHERE SPECIFIED OR INCLUDED,EXPORT,VALUE_IN_EUROS,2023,249
ESTAT:DS-045409(1.0),06/02/26 11:00:00,Annual,"European Union - 27 countries (AT, BE, BG, CY, CZ, DE, DK, EE, ES, FI, FR, GR, HR, HU, IE, IT, LT, LU, LV, MT, NL, PL, PT, RO, SE, SI, SK)","Congo, Democratic Republic of",VEGETABLE PLAITING MATERIALS; VEGETABLE PRODUCTS NOT ELSEWHERE SPECIFIED OR INCLUDED,EXPORT,VALUE_IN_EUROS,2024,42308
ESTAT:DS-045409(1.0),06/02/26 11:00:00,Annual,"European Union - 27 countries (AT, BE, BG, CY, CZ, DE, DK, EE, ES, FI, FR, GR, HR, HU, IE, IT, LT, LU, LV, MT, NL, PL, PT, RO, SE, SI, SK)",Central African Republic,VEGETABLE PLAITING MATERIALS; VEGETABLE PRODUCTS NOT ELSEWHERE SPECIFIED OR INCLUDED,EXPORT,VALUE_IN_EUROS,2012,49
ESTAT:DS-045409(1.0),06/02/26 11:00:00,Annual,"European Union - 27 countries (AT, BE, BG, CY, CZ, DE, DK, EE, ES, FI, FR, GR, HR, HU, IE, IT, LT, LU, LV, MT, NL, PL, PT, RO, SE, SI, SK)",Central African Republic,VEGETABLE PLAITING MATERIALS; VEGETABLE PRODUCTS NOT ELSEWHERE SPECIFIED OR INCLUDED,EXPORT,VALUE_IN_EUROS,2018,2100
ESTAT:DS-045409(1.0),06/02/26 11:00:00,Annual,"European Union - 27 countries (AT, BE, BG, CY, CZ, DE, DK, EE, ES, FI, FR, GR, HR, HU, IE, IT, LT, LU, LV, MT, NL, PL, PT, RO, SE, SI, SK)",Central African Republic,VEGETABLE PLAITING MATERIALS; VEGETABLE PRODUCTS NOT ELSEWHERE SPECIFIED OR INCLUDED,EXPORT,VALUE_IN_EUROS,2019,1260
ESTAT:DS-045409(1.0),06/02/26 11:00:00,Annual,"European Union - 27 countries (AT, BE, BG, CY, CZ, DE, DK, EE, ES, FI, FR, GR, HR, HU, IE, IT, LT, LU, LV, MT, NL, PL, PT, RO, SE, SI, SK)",Central African Republic,VEGETABLE PLAITING MATERIALS; VEGETABLE PRODUCTS NOT ELSEWHERE SPECIFIED OR INCLUDED,EXPORT,VALUE_IN_EUROS,2020,2099
ESTAT:DS-045409(1.0),06/02/26 11:00:00,Annual,"European Union - 27 countries (AT, BE, BG, CY, CZ, DE, DK, EE, ES, FI, FR, GR, HR, HU, IE, IT, LT, LU, LV, MT, NL, PL, PT, RO, SE, SI, SK)",Congo,VEGETABLE PLAITING MATERIALS; VEGETABLE PRODUCTS NOT ELSEWHERE SPECIFIED OR INCLUDED,EXPORT,VALUE_IN_EUROS,2000,5610
ESTAT:DS-045409(1.0),06/02/26 11:00:00,Annual,"European Union - 27 countries (AT, BE, BG, CY, CZ, DE, DK, EE, ES, FI, FR, GR, HR, HU, IE, IT, LT, LU, LV, MT, NL, PL, PT, RO, SE, SI, SK)",Congo,VEGETABLE PLAITING MATERIALS; VEGETABLE PRODUCTS NOT ELSEWHERE SPECIFIED OR INCLUDED,EXPORT,VALUE_IN_EUROS,2001,2172
ESTAT:DS-045409(1.0),06/02/26 11:00:00,Annual,"European Union - 27 countries (AT, BE, BG, CY, CZ, DE, DK, EE, ES, FI, FR, GR, HR, HU, IE, IT, LT, LU, LV, MT, NL, PL, PT, RO, SE, SI, SK)",Congo,VEGETABLE PLAITING MATERIALS; VEGETABLE PRODUCTS NOT ELSEWHERE SPECIFIED OR INCLUDED,EXPORT,VALUE_IN_EUROS,2002,547
ESTAT:DS-045409(1.0),06/02/26 11:00:00,Annual,"European Union - 27 countries (AT, BE, BG, CY, CZ, DE, DK, EE, ES, FI, FR, GR, HR, HU, IE, IT, LT, LU, LV, MT, NL, PL, PT, RO, SE, SI, SK)",Congo,VEGETABLE PLAITING MATERIALS; VEGETABLE PRODUCTS NOT ELSEWHERE SPECIFIED OR INCLUDED,EXPORT,VALUE_IN_EUROS,2003,1621
ESTAT:DS-045409(1.0),06/02/26 11:00:00,Annual,"European Union - 27 countries (AT, BE, BG, CY, CZ, DE, DK, EE, ES, FI, FR, GR, HR, HU, IE, IT, LT, LU, LV, MT, NL, PL, PT, RO, SE, SI, SK)",Congo,VEGETABLE PLAITING MATERIALS; VEGETABLE PRODUCTS NOT ELSEWHERE SPECIFIED OR INCLUDED,EXPORT,VALUE_IN_EUROS,2004,14973
ESTAT:DS-045409(1.0),06/02/26 11:00:00,Annual,"European Union - 27 countries (AT, BE, BG, CY, CZ, DE, DK, EE, ES, FI, FR, GR, HR, HU, IE, IT, LT, LU, LV, MT, NL, PL, PT, RO, SE, SI, SK)",Congo,VEGETABLE PLAITING MATERIALS; VEGETABLE PRODUCTS NOT ELSEWHERE SPECIFIED OR INCLUDED,EXPORT,VALUE_IN_EUROS,2005,9868
ESTAT:DS-045409(1.0),06/02/26 11:00:00,Annual,"European Union - 27 countries (AT, BE, BG, CY, CZ, DE, DK, EE, ES, FI, FR, GR, HR, HU, IE, IT, LT, LU, LV, MT, NL, PL, PT, RO, SE, SI, SK)",Congo,VEGETABLE PLAITING MATERIALS; VEGETABLE PRODUCTS NOT ELSEWHERE SPECIFIED OR INCLUDED,EXPORT,VALUE_IN_EUROS,2006,30432
ESTAT:DS-045409(1.0),06/02/26 11:00:00,Annual,"European Union - 27 countries (AT, BE, BG, CY, CZ, DE, DK, EE, ES, FI, FR, GR, HR, HU, IE, IT, LT, LU, LV, MT, NL, PL, PT, RO, SE, SI, SK)",Congo,VEGETABLE PLAITING MATERIALS; VEGETABLE PRODUCTS NOT ELSEWHERE SPECIFIED OR INCLUDED,EXPORT,VALUE_IN_EUROS,2007,13718
ESTAT:DS-045409(1.0),06/02/26 11:00:00,Annual,"European Union - 27 countries (AT, BE, BG, CY, CZ, DE, DK, EE, ES, FI, FR, GR, HR, HU, IE, IT, LT, LU, LV, MT, NL, PL, PT, RO, SE, SI, SK)",Congo,VEGETABLE PLAITING MATERIALS; VEGETABLE PRODUCTS NOT ELSEWHERE SPECIFIED OR INCLUDED,EXPORT,VALUE_IN_EUROS,2008,54079
ESTAT:DS-045409(1.0),06/02/26 11:00:00,Annual,"European Union - 27 countries (AT, BE, BG, CY, CZ, DE, DK, EE, ES, FI, FR, GR, HR, HU, IE, IT, LT, LU, LV, MT, NL, PL, PT, RO, SE, SI, SK)",Congo,VEGETABLE PLAITING MATERIALS; VEGETABLE PRODUCTS NOT ELSEWHERE SPECIFIED OR INCLUDED,EXPORT,VALUE_IN_EUROS,2009,72288
ESTAT:DS-045409(1.0),06/02/26 11:00:00,Annual,"European Union - 27 countries (AT, BE, BG, CY, CZ, DE, DK, EE, ES, FI, FR, GR, HR, HU, IE, IT, LT, LU, LV, MT, NL, PL, PT, RO, SE, SI, SK)",Congo,VEGETABLE PLAITING MATERIALS; VEGETABLE PRODUCTS NOT ELSEWHERE SPECIFIED OR INCLUDED,EXPORT,VALUE_IN_EUROS,2010,109552
ESTAT:DS-045409(1.0),06/02/26 11:00:00,Annual,"European Union - 27 countries (AT, BE, BG, CY, CZ, DE, DK, EE, ES, FI, FR, GR, HR, HU, IE, IT, LT, LU, LV, MT, NL, PL, PT, RO, SE, SI, SK)",Congo,VEGETABLE PLAITING MATERIALS; VEGETABLE PRODUCTS NOT ELSEWHERE SPECIFIED OR INCLUDED,EXPORT,VALUE_IN_EUROS,2011,241655
ESTAT:DS-045409(1.0),06/02/26 11:00:00,Annual,"European Union - 27 countries (AT, BE, BG, CY, CZ, DE, DK, EE, ES, FI, FR, GR, HR, HU, IE, IT, LT, LU, LV, MT, NL, PL, PT, RO, SE, SI, SK)",Congo,VEGETABLE PLAITING MATERIALS; VEGETABLE PRODUCTS NOT ELSEWHERE SPECIFIED OR INCLUDED,EXPORT,VALUE_IN_EUROS,2012,203317
ESTAT:DS-045409(1.0),06/02/26 11:00:00,Annual,"European Union - 27 countries (AT, BE, BG, CY, CZ, DE, DK, EE, ES, FI, FR, GR, HR, HU, IE, IT, LT, LU, LV, MT, NL, PL, PT, RO, SE, SI, SK)",Congo,VEGETABLE PLAITING MATERIALS; VEGETABLE PRODUCTS NOT ELSEWHERE SPECIFIED OR INCLUDED,EXPORT,VALUE_IN_EUROS,2013,129220
ESTAT:DS-045409(1.0),06/02/26 11:00:00,Annual,"European Union - 27 countries (AT, BE, BG, CY, CZ, DE, DK, EE, ES, FI, FR, GR, HR, HU, IE, IT, LT, LU, LV, MT, NL, PL, PT, RO, SE, SI, SK)",Congo,VEGETABLE PLAITING MATERIALS; VEGETABLE PRODUCTS NOT ELSEWHERE SPECIFIED OR INCLUDED,EXPORT,VALUE_IN_EUROS,2014,77221
ESTAT:DS-045409(1.0),06/02/26 11:00:00,Annual,"European Union - 27 countries (AT, BE, BG, CY, CZ, DE, DK, EE, ES, FI, FR, GR, HR, HU, IE, IT, LT, LU, LV, MT, NL, PL, PT, RO, SE, SI, SK)",Congo,VEGETABLE PLAITING MATERIALS; VEGETABLE PRODUCTS NOT ELSEWHERE SPECIFIED OR INCLUDED,EXPORT,VALUE_IN_EUROS,2015,21450
ESTAT:DS-045409(1.0),06/02/26 11:00:00,Annual,"European Union - 27 countries (AT, BE, BG, CY, CZ, DE, DK, EE, ES, FI, FR, GR, HR, HU, IE, IT, LT, LU, LV, MT, NL, PL, PT, RO, SE, SI, SK)",Congo,VEGETABLE PLAITING MATERIALS; VEGETABLE PRODUCTS NOT ELSEWHERE SPECIFIED OR INCLUDED,EXPORT,VALUE_IN_EUROS,2016,43393
ESTAT:DS-045409(1.0),06/02/26 11:00:00,Annual,"European Union - 27 countries (AT, BE, BG, CY, CZ, DE, DK, EE, ES, FI, FR, GR, HR, HU, IE, IT, LT, LU, LV, MT, NL, PL, PT, RO, SE, SI, SK)",Congo,VEGETABLE PLAITING MATERIALS; VEGETABLE PRODUCTS NOT ELSEWHERE SPECIFIED OR INCLUDED,EXPORT,VALUE_IN_EUROS,2017,21
ESTAT:DS-045409(1.0),06/02/26 11:00:00,Annual,"European Union - 27 countries (AT, BE, BG, CY, CZ, DE, DK, EE, ES, FI, FR, GR, HR, HU, IE, IT, LT, LU, LV, MT, NL, PL, PT, RO, SE, SI, SK)",Congo,VEGETABLE PLAITING MATERIALS; VEGETABLE PRODUCTS NOT ELSEWHERE SPECIFIED OR INCLUDED,EXPORT,VALUE_IN_EUROS,2018,145515
ESTAT:DS-045409(1.0),06/02/26 11:00:00,Annual,"European Union - 27 countries (AT, BE, BG, CY, CZ, DE, DK, EE, ES, FI, FR, GR, HR, HU, IE, IT, LT, LU, LV, MT, NL, PL, PT, RO, SE, SI, SK)",Congo,VEGETABLE PLAITING MATERIALS; VEGETABLE PRODUCTS NOT ELSEWHERE SPECIFIED OR INCLUDED,EXPORT,VALUE_IN_EUROS,2019,79474
ESTAT:DS-045409(1.0),06/02/26 11:00:00,Annual,"European Union - 27 countries (AT, BE, BG, CY, CZ, DE, DK, EE, ES, FI, FR, GR, HR, HU, IE, IT, LT, LU, LV, MT, NL, PL, PT, RO, SE, SI, SK)",Congo,VEGETABLE PLAITING MATERIALS; VEGETABLE PRODUCTS NOT ELSEWHERE SPECIFIED OR INCLUDED,EXPORT,VALUE_IN_EUROS,2020,25875
ESTAT:DS-045409(1.0),06/02/26 11:00:00,Annual,"European Union - 27 countries (AT, BE, BG, CY, CZ, DE, DK, EE, ES, FI, FR, GR, HR, HU, IE, IT, LT, LU, LV, MT, NL, PL, PT, RO, SE, SI, SK)",Congo,VEGETABLE PLAITING MATERIALS; VEGETABLE PRODUCTS NOT ELSEWHERE SPECIFIED OR INCLUDED,EXPORT,VALUE_IN_EUROS,2022,6
ESTAT:DS-045409(1.0),06/02/26 11:00:00,Annual,"European Union - 27 countries (AT, BE, BG, CY, CZ, DE, DK, EE, ES, FI, FR, GR, HR, HU, IE, IT, LT, LU, LV, MT, NL, PL, PT, RO, SE, SI, SK)",Congo,VEGETABLE PLAITING MATERIALS; VEGETABLE PRODUCTS NOT ELSEWHERE SPECIFIED OR INCLUDED,EXPORT,VALUE_IN_EUROS,2023,90967
ESTAT:DS-045409(1.0),06/02/26 11:00:00,Annual,"European Union - 27 countries (AT, BE, BG, CY, CZ, DE, DK, EE, ES, FI, FR, GR, HR, HU, IE, IT, LT, LU, LV, MT, NL, PL, PT, RO, SE, SI, SK)",Congo,VEGETABLE PLAITING MATERIALS; VEGETABLE PRODUCTS NOT ELSEWHERE SPECIFIED OR INCLUDED,EXPORT,VALUE_IN_EUROS,2024,152848
ESTAT:DS-045409(1.0),06/02/26 11:00:00,Annual,"European Union - 27 countries (AT, BE, BG, CY, CZ, DE, DK, EE, ES, FI, FR, GR, HR, HU, IE, IT, LT, LU, LV, MT, NL, PL, PT, RO, SE, SI, SK)",Côte d’Ivoire (Ivory Coast),VEGETABLE PLAITING MATERIALS; VEGETABLE PRODUCTS NOT ELSEWHERE SPECIFIED OR INCLUDED,EXPORT,VALUE_IN_EUROS,2001,2787
ESTAT:DS-045409(1.0),06/02/26 11:00:00,Annual,"European Union - 27 countries (AT, BE, BG, CY, CZ, DE, DK, EE, ES, FI, FR, GR, HR, HU, IE, IT, LT, LU, LV, MT, NL, PL, PT, RO, SE, SI, SK)",Côte d’Ivoire (Ivory Coast),VEGETABLE PLAITING MATERIALS; VEGETABLE PRODUCTS NOT ELSEWHERE SPECIFIED OR INCLUDED,EXPORT,VALUE_IN_EUROS,2005,14595
ESTAT:DS-045409(1.0),06/02/26 11:00:00,Annual,"European Union - 27 countries (AT, BE, BG, CY, CZ, DE, DK, EE, ES, FI, FR, GR, HR, HU, IE, IT, LT, LU, LV, MT, NL, PL, PT, RO, SE, SI, SK)",Côte d’Ivoire (Ivory Coast),VEGETABLE PLAITING MATERIALS; VEGETABLE PRODUCTS NOT ELSEWHERE SPECIFIED OR INCLUDED,EXPORT,VALUE_IN_EUROS,2006,4214
ESTAT:DS-045409(1.0),06/02/26 11:00:00,Annual,"European Union - 27 countries (AT, BE, BG, CY, CZ, DE, DK, EE, ES, FI, FR, GR, HR, HU, IE, IT, LT, LU, LV, MT, NL, PL, PT, RO, SE, SI, SK)",Côte d’Ivoire (Ivory Coast),VEGETABLE PLAITING MATERIALS; VEGETABLE PRODUCTS NOT ELSEWHERE SPECIFIED OR INCLUDED,EXPORT,VALUE_IN_EUROS,2007,5840
ESTAT:DS-045409(1.0),06/02/26 11:00:00,Annual,"European Union - 27 countries (AT, BE, BG, CY, CZ, DE, DK, EE, ES, FI, FR, GR, HR, HU, IE, IT, LT, LU, LV, MT, NL, PL, PT, RO, SE, SI, SK)",Côte d’Ivoire (Ivory Coast),VEGETABLE PLAITING MATERIALS; VEGETABLE PRODUCTS NOT ELSEWHERE SPECIFIED OR INCLUDED,EXPORT,VALUE_IN_EUROS,2008,4791
ESTAT:DS-045409(1.0),06/02/26 11:00:00,Annual,"European Union - 27 countries (AT, BE, BG, CY, CZ, DE, DK, EE, ES, FI, FR, GR, HR, HU, IE, IT, LT, LU, LV, MT, NL, PL, PT, RO, SE, SI, SK)",Côte d’Ivoire (Ivory Coast),VEGETABLE PLAITING MATERIALS; VEGETABLE PRODUCTS NOT ELSEWHERE SPECIFIED OR INCLUDED,EXPORT,VALUE_IN_EUROS,2009,11735
ESTAT:DS-045409(1.0),06/02/26 11:00:00,Annual,"European Union - 27 countries (AT, BE, BG, CY, CZ, DE, DK, EE, ES, FI, FR, GR, HR, HU, IE, IT, LT, LU, LV, MT, NL, PL, PT, RO, SE, SI, SK)",Côte d’Ivoire (Ivory Coast),VEGETABLE PLAITING MATERIALS; VEGETABLE PRODUCTS NOT ELSEWHERE SPECIFIED OR INCLUDED,EXPORT,VALUE_IN_EUROS,2010,90483
ESTAT:DS-045409(1.0),06/02/26 11:00:00,Annual,"European Union - 27 countries (AT, BE, BG, CY, CZ, DE, DK, EE, ES, FI, FR, GR, HR, HU, IE, IT, LT, LU, LV, MT, NL, PL, PT, RO, SE, SI, SK)",Côte d’Ivoire (Ivory Coast),VEGETABLE PLAITING MATERIALS; VEGETABLE PRODUCTS NOT ELSEWHERE SPECIFIED OR INCLUDED,EXPORT,VALUE_IN_EUROS,2011,22898
ESTAT:DS-045409(1.0),06/02/26 11:00:00,Annual,"European Union - 27 countries (AT, BE, BG, CY, CZ, DE, DK, EE, ES, FI, FR, GR, HR, HU, IE, IT, LT, LU, LV, MT, NL, PL, PT, RO, SE, SI, SK)",Côte d’Ivoire (Ivory Coast),VEGETABLE PLAITING MATERIALS; VEGETABLE PRODUCTS NOT ELSEWHERE SPECIFIED OR INCLUDED,EXPORT,VALUE_IN_EUROS,2012,51873
ESTAT:DS-045409(1.0),06/02/26 11:00:00,Annual,"European Union - 27 countries (AT, BE, BG, CY, CZ, DE, DK, EE, ES, FI, FR, GR, HR, HU, IE, IT, LT, LU, LV, MT, NL, PL, PT, RO, SE, SI, SK)",Côte d’Ivoire (Ivory Coast),VEGETABLE PLAITING MATERIALS; VEGETABLE PRODUCTS NOT ELSEWHERE SPECIFIED OR INCLUDED,EXPORT,VALUE_IN_EUROS,2013,37373
ESTAT:DS-045409(1.0),06/02/26 11:00:00,Annual,"European Union - 27 countries (AT, BE, BG, CY, CZ, DE, DK, EE, ES, FI, FR, GR, HR, HU, IE, IT, LT, LU, LV, MT, NL, PL, PT, RO, SE, SI, SK)",Côte d’Ivoire (Ivory Coast),VEGETABLE PLAITING MATERIALS; VEGETABLE PRODUCTS NOT ELSEWHERE SPECIFIED OR INCLUDED,EXPORT,VALUE_IN_EUROS,2014,89524
ESTAT:DS-045409(1.0),06/02/26 11:00:00,Annual,"European Union - 27 countries (AT, BE, BG, CY, CZ, DE, DK, EE, ES, FI, FR, GR, HR, HU, IE, IT, LT, LU, LV, MT, NL, PL, PT, RO, SE, SI, SK)",Côte d’Ivoire (Ivory Coast),VEGETABLE PLAITING MATERIALS; VEGETABLE PRODUCTS NOT ELSEWHERE SPECIFIED OR INCLUDED,EXPORT,VALUE_IN_EUROS,2015,110564
ESTAT:DS-045409(1.0),06/02/26 11:00:00,Annual,"European Union - 27 countries (AT, BE, BG, CY, CZ, DE, DK, EE, ES, FI, FR, GR, HR, HU, IE, IT, LT, LU, LV, MT, NL, PL, PT, RO, SE, SI, SK)",Côte d’Ivoire (Ivory Coast),VEGETABLE PLAITING MATERIALS; VEGETABLE PRODUCTS NOT ELSEWHERE SPECIFIED OR INCLUDED,EXPORT,VALUE_IN_EUROS,2016,164546
ESTAT:DS-045409(1.0),06/02/26 11:00:00,Annual,"European Union - 27 countries (AT, BE, BG, CY, CZ, DE, DK, EE, ES, FI, FR, GR, HR, HU, IE, IT, LT, LU, LV, MT, NL, PL, PT, RO, SE, SI, SK)",Côte d’Ivoire (Ivory Coast),VEGETABLE PLAITING MATERIALS; VEGETABLE PRODUCTS NOT ELSEWHERE SPECIFIED OR INCLUDED,EXPORT,VALUE_IN_EUROS,2017,84529
ESTAT:DS-045409(1.0),06/02/26 11:00:00,Annual,"European Union - 27 countries (AT, BE, BG, CY, CZ, DE, DK, EE, ES, FI, FR, GR, HR, HU, IE, IT, LT, LU, LV, MT, NL, PL, PT, RO, SE, SI, SK)",Côte d’Ivoire (Ivory Coast),VEGETABLE PLAITING MATERIALS; VEGETABLE PRODUCTS NOT ELSEWHERE SPECIFIED OR INCLUDED,EXPORT,VALUE_IN_EUROS,2018,42302
ESTAT:DS-045409(1.0),06/02/26 11:00:00,Annual,"European Union - 27 countries (AT, BE, BG, CY, CZ, DE, DK, EE, ES, FI, FR, GR, HR, HU, IE, IT, LT, LU, LV, MT, NL, PL, PT, RO, SE, SI, SK)",Côte d’Ivoire (Ivory Coast),VEGETABLE PLAITING MATERIALS; VEGETABLE PRODUCTS NOT ELSEWHERE SPECIFIED OR INCLUDED,EXPORT,VALUE_IN_EUROS,2019,22411
ESTAT:DS-045409(1.0),06/02/26 11:00:00,Annual,"European Union - 27 countries (AT, BE, BG, CY, CZ, DE, DK, EE, ES, FI, FR, GR, HR, HU, IE, IT, LT, LU, LV, MT, NL, PL, PT, RO, SE, SI, SK)",Côte d’Ivoire (Ivory Coast),VEGETABLE PLAITING MATERIALS; VEGETABLE PRODUCTS NOT ELSEWHERE SPECIFIED OR INCLUDED,EXPORT,VALUE_IN_EUROS,2020,312
ESTAT:DS-045409(1.0),06/02/26 11:00:00,Annual,"European Union - 27 countries (AT, BE, BG, CY, CZ, DE, DK, EE, ES, FI, FR, GR, HR, HU, IE, IT, LT, LU, LV, MT, NL, PL, PT, RO, SE, SI, SK)",Côte d’Ivoire (Ivory Coast),VEGETABLE PLAITING MATERIALS; VEGETABLE PRODUCTS NOT ELSEWHERE SPECIFIED OR INCLUDED,EXPORT,VALUE_IN_EUROS,2021,659
ESTAT:DS-045409(1.0),06/02/26 11:00:00,Annual,"European Union - 27 countries (AT, BE, BG, CY, CZ, DE, DK, EE, ES, FI, FR, GR, HR, HU, IE, IT, LT, LU, LV, MT, NL, PL, PT, RO, SE, SI, SK)",Côte d’Ivoire (Ivory Coast),VEGETABLE PLAITING MATERIALS; VEGETABLE PRODUCTS NOT ELSEWHERE SPECIFIED OR INCLUDED,EXPORT,VALUE_IN_EUROS,2022,176
ESTAT:DS-045409(1.0),06/02/26 11:00:00,Annual,"European Union - 27 countries (AT, BE, BG, CY, CZ, DE, DK, EE, ES, FI, FR, GR, HR, HU, IE, IT, LT, LU, LV, MT, NL, PL, PT, RO, SE, SI, SK)",Côte d’Ivoire (Ivory Coast),VEGETABLE PLAITING MATERIALS; VEGETABLE PRODUCTS NOT ELSEWHERE SPECIFIED OR INCLUDED,EXPORT,VALUE_IN_EUROS,2023,1219
ESTAT:DS-045409(1.0),06/02/26 11:00:00,Annual,"European Union - 27 countries (AT, BE, BG, CY, CZ, DE, DK, EE, ES, FI, FR, GR, HR, HU, IE, IT, LT, LU, LV, MT, NL, PL, PT, RO, SE, SI, SK)",Côte d’Ivoire (Ivory Coast),VEGETABLE PLAITING MATERIALS; VEGETABLE PRODUCTS NOT ELSEWHERE SPECIFIED OR INCLUDED,EXPORT,VALUE_IN_EUROS,2024,48288
ESTAT:DS-045409(1.0),06/02/26 11:00:00,Annual,"European Union - 27 countries (AT, BE, BG, CY, CZ, DE, DK, EE, ES, FI, FR, GR, HR, HU, IE, IT, LT, LU, LV, MT, NL, PL, PT, RO, SE, SI, SK)",Cameroon,VEGETABLE PLAITING MATERIALS; VEGETABLE PRODUCTS NOT ELSEWHERE SPECIFIED OR INCLUDED,EXPORT,VALUE_IN_EUROS,1999,14172
ESTAT:DS-045409(1.0),06/02/26 11:00:00,Annual,"European Union - 27 countries (AT, BE, BG, CY, CZ, DE, DK, EE, ES, FI, FR, GR, HR, HU, IE, IT, LT, LU, LV, MT, NL, PL, PT, RO, SE, SI, SK)",Cameroon,VEGETABLE PLAITING MATERIALS; VEGETABLE PRODUCTS NOT ELSEWHERE SPECIFIED OR INCLUDED,EXPORT,VALUE_IN_EUROS,2000,12194
ESTAT:DS-045409(1.0),06/02/26 11:00:00,Annual,"European Union - 27 countries (AT, BE, BG, CY, CZ, DE, DK, EE, ES, FI, FR, GR, HR, HU, IE, IT, LT, LU, LV, MT, NL, PL, PT, RO, SE, SI, SK)",Cameroon,VEGETABLE PLAITING MATERIALS; VEGETABLE PRODUCTS NOT ELSEWHERE SPECIFIED OR INCLUDED,EXPORT,VALUE_IN_EUROS,2001,11617
ESTAT:DS-045409(1.0),06/02/26 11:00:00,Annual,"European Union - 27 countries (AT, BE, BG, CY, CZ, DE, DK, EE, ES, FI, FR, GR, HR, HU, IE, IT, LT, LU, LV, MT, NL, PL, PT, RO, SE, SI, SK)",Cameroon,VEGETABLE PLAITING MATERIALS; VEGETABLE PRODUCTS NOT ELSEWHERE SPECIFIED OR INCLUDED,EXPORT,VALUE_IN_EUROS,2002,17010
ESTAT:DS-045409(1.0),06/02/26 11:00:00,Annual,"European Union - 27 countries (AT, BE, BG, CY, CZ, DE, DK, EE, ES, FI, FR, GR, HR, HU, IE, IT, LT, LU, LV, MT, NL, PL, PT, RO, SE, SI, SK)",Cameroon,VEGETABLE PLAITING MATERIALS; VEGETABLE PRODUCTS NOT ELSEWHERE SPECIFIED OR INCLUDED,EXPORT,VALUE_IN_EUROS,2004,6776
ESTAT:DS-045409(1.0),06/02/26 11:00:00,Annual,"European Union - 27 countries (AT, BE, BG, CY, CZ, DE, DK, EE, ES, FI, FR, GR, HR, HU, IE, IT, LT, LU, LV, MT, NL, PL, PT, RO, SE, SI, SK)",Cameroon,VEGETABLE PLAITING MATERIALS; VEGETABLE PRODUCTS NOT ELSEWHERE SPECIFIED OR INCLUDED,EXPORT,VALUE_IN_EUROS,2005,28969
ESTAT:DS-045409(1.0),06/02/26 11:00:00,Annual,"European Union - 27 countries (AT, BE, BG, CY, CZ, DE, DK, EE, ES, FI, FR, GR, HR, HU, IE, IT, LT, LU, LV, MT, NL, PL, PT, RO, SE, SI, SK)",Cameroon,VEGETABLE PLAITING MATERIALS; VEGETABLE PRODUCTS NOT ELSEWHERE SPECIFIED OR INCLUDED,EXPORT,VALUE_IN_EUROS,2007,12826
ESTAT:DS-045409(1.0),06/02/26 11:00:00,Annual,"European Union - 27 countries (AT, BE, BG, CY, CZ, DE, DK, EE, ES, FI, FR, GR, HR, HU, IE, IT, LT, LU, LV, MT, NL, PL, PT, RO, SE, SI, SK)",Cameroon,VEGETABLE PLAITING MATERIALS; VEGETABLE PRODUCTS NOT ELSEWHERE SPECIFIED OR INCLUDED,EXPORT,VALUE_IN_EUROS,2008,6093
ESTAT:DS-045409(1.0),06/02/26 11:00:00,Annual,"European Union - 27 countries (AT, BE, BG, CY, CZ, DE, DK, EE, ES, FI, FR, GR, HR, HU, IE, IT, LT, LU, LV, MT, NL, PL, PT, RO, SE, SI, SK)",Cameroon,VEGETABLE PLAITING MATERIALS; VEGETABLE PRODUCTS NOT ELSEWHERE SPECIFIED OR INCLUDED,EXPORT,VALUE_IN_EUROS,2009,14547
ESTAT:DS-045409(1.0),06/02/26 11:00:00,Annual,"European Union - 27 countries (AT, BE, BG, CY, CZ, DE, DK, EE, ES, FI, FR, GR, HR, HU, IE, IT, LT, LU, LV, MT, NL, PL, PT, RO, SE, SI, SK)",Cameroon,VEGETABLE PLAITING MATERIALS; VEGETABLE PRODUCTS NOT ELSEWHERE SPECIFIED OR INCLUDED,EXPORT,VALUE_IN_EUROS,2010,60651
ESTAT:DS-045409(1.0),06/02/26 11:00:00,Annual,"European Union - 27 countries (AT, BE, BG, CY, CZ, DE, DK, EE, ES, FI, FR, GR, HR, HU, IE, IT, LT, LU, LV, MT, NL, PL, PT, RO, SE, SI, SK)",Cameroon,VEGETABLE PLAITING MATERIALS; VEGETABLE PRODUCTS NOT ELSEWHERE SPECIFIED OR INCLUDED,EXPORT,VALUE_IN_EUROS,2011,33540
ESTAT:DS-045409(1.0),06/02/26 11:00:00,Annual,"European Union - 27 countries (AT, BE, BG, CY, CZ, DE, DK, EE, ES, FI, FR, GR, HR, HU, IE, IT, LT, LU, LV, MT, NL, PL, PT, RO, SE, SI, SK)",Cameroon,VEGETABLE PLAITING MATERIALS; VEGETABLE PRODUCTS NOT ELSEWHERE SPECIFIED OR INCLUDED,EXPORT,VALUE_IN_EUROS,2012,107592
ESTAT:DS-045409(1.0),06/02/26 11:00:00,Annual,"European Union - 27 countries (AT, BE, BG, CY, CZ, DE, DK, EE, ES, FI, FR, GR, HR, HU, IE, IT, LT, LU, LV, MT, NL, PL, PT, RO, SE, SI, SK)",Cameroon,VEGETABLE PLAITING MATERIALS; VEGETABLE PRODUCTS NOT ELSEWHERE SPECIFIED OR INCLUDED,EXPORT,VALUE_IN_EUROS,2013,133087
ESTAT:DS-045409(1.0),06/02/26 11:00:00,Annual,"European Union - 27 countries (AT, BE, BG, CY, CZ, DE, DK, EE, ES, FI, FR, GR, HR, HU, IE, IT, LT, LU, LV, MT, NL, PL, PT, RO, SE, SI, SK)",Cameroon,VEGETABLE PLAITING MATERIALS; VEGETABLE PRODUCTS NOT ELSEWHERE SPECIFIED OR INCLUDED,EXPORT,VALUE_IN_EUROS,2014,20787
ESTAT:DS-045409(1.0),06/02/26 11:00:00,Annual,"European Union - 27 countries (AT, BE, BG, CY, CZ, DE, DK, EE, ES, FI, FR, GR, HR, HU, IE, IT, LT, LU, LV, MT, NL, PL, PT, RO, SE, SI, SK)",Cameroon,VEGETABLE PLAITING MATERIALS; VEGETABLE PRODUCTS NOT ELSEWHERE SPECIFIED OR INCLUDED,EXPORT,VALUE_IN_EUROS,2015,182984
ESTAT:DS-045409(1.0),06/02/26 11:00:00,Annual,"European Union - 27 countries (AT, BE, BG, CY, CZ, DE, DK, EE, ES, FI, FR, GR, HR, HU, IE, IT, LT, LU, LV, MT, NL, PL, PT, RO, SE, SI, SK)",Cameroon,VEGETABLE PLAITING MATERIALS; VEGETABLE PRODUCTS NOT ELSEWHERE SPECIFIED OR INCLUDED,EXPORT,VALUE_IN_EUROS,2016,9791
ESTAT:DS-045409(1.0),06/02/26 11:00:00,Annual,"European Union - 27 countries (AT, BE, BG, CY, CZ, DE, DK, EE, ES, FI, FR, GR, HR, HU, IE, IT, LT, LU, LV, MT, NL, PL, PT, RO, SE, SI, SK)",Cameroon,VEGETABLE PLAITING MATERIALS; VEGETABLE PRODUCTS NOT ELSEWHERE SPECIFIED OR INCLUDED,EXPORT,VALUE_IN_EUROS,2017,11
ESTAT:DS-045409(1.0),06/02/26 11:00:00,Annual,"European Union - 27 countries (AT, BE, BG, CY, CZ, DE, DK, EE, ES, FI, FR, GR, HR, HU, IE, IT, LT, LU, LV, MT, NL, PL, PT, RO, SE, SI, SK)",Cameroon,VEGETABLE PLAITING MATERIALS; VEGETABLE PRODUCTS NOT ELSEWHERE SPECIFIED OR INCLUDED,EXPORT,VALUE_IN_EUROS,2018,101063
ESTAT:DS-045409(1.0),06/02/26 11:00:00,Annual,"European Union - 27 countries (AT, BE, BG, CY, CZ, DE, DK, EE, ES, FI, FR, GR, HR, HU, IE, IT, LT, LU, LV, MT, NL, PL, PT, RO, SE, SI, SK)",Cameroon,VEGETABLE PLAITING MATERIALS; VEGETABLE PRODUCTS NOT ELSEWHERE SPECIFIED OR INCLUDED,EXPORT,VALUE_IN_EUROS,2019,61706
ESTAT:DS-045409(1.0),06/02/26 11:00:00,Annual,"European Union - 27 countries (AT, BE, BG, CY, CZ, DE, DK, EE, ES, FI, FR, GR, HR, HU, IE, IT, LT, LU, LV, MT, NL, PL, PT, RO, SE, SI, SK)",Cameroon,VEGETABLE PLAITING MATERIALS; VEGETABLE PRODUCTS NOT ELSEWHERE SPECIFIED OR INCLUDED,EXPORT,VALUE_IN_EUROS,2020,888
ESTAT:DS-045409(1.0),06/02/26 11:00:00,Annual,"European Union - 27 countries (AT, BE, BG, CY, CZ, DE, DK, EE, ES, FI, FR, GR, HR, HU, IE, IT, LT, LU, LV, MT, NL, PL, PT, RO, SE, SI, SK)",Cameroon,VEGETABLE PLAITING MATERIALS; VEGETABLE PRODUCTS NOT ELSEWHERE SPECIFIED OR INCLUDED,EXPORT,VALUE_IN_EUROS,2022,132366
ESTAT:DS-045409(1.0),06/02/26 11:00:00,Annual,"European Union - 27 countries (AT, BE, BG, CY, CZ, DE, DK, EE, ES, FI, FR, GR, HR, HU, IE, IT, LT, LU, LV, MT, NL, PL, PT, RO, SE, SI, SK)",Cameroon,VEGETABLE PLAITING MATERIALS; VEGETABLE PRODUCTS NOT ELSEWHERE SPECIFIED OR INCLUDED,EXPORT,VALUE_IN_EUROS,2023,220737
ESTAT:DS-045409(1.0),06/02/26 11:00:00,Annual,"European Union - 27 countries (AT, BE, BG, CY, CZ, DE, DK, EE, ES, FI, FR, GR, HR, HU, IE, IT, LT, LU, LV, MT, NL, PL, PT, RO, SE, SI, SK)",Cameroon,VEGETABLE PLAITING MATERIALS; VEGETABLE PRODUCTS NOT ELSEWHERE SPECIFIED OR INCLUDED,EXPORT,VALUE_IN_EUROS,2024,324899
ESTAT:DS-045409(1.0),06/02/26 11:00:00,Annual,"European Union - 27 countries (AT, BE, BG, CY, CZ, DE, DK, EE, ES, FI, FR, GR, HR, HU, IE, IT, LT, LU, LV, MT, NL, PL, PT, RO, SE, SI, SK)",Cabo Verde,VEGETABLE PLAITING MATERIALS; VEGETABLE PRODUCTS NOT ELSEWHERE SPECIFIED OR INCLUDED,EXPORT,VALUE_IN_EUROS,1999,21485
ESTAT:DS-045409(1.0),06/02/26 11:00:00,Annual,"European Union - 27 countries (AT, BE, BG, CY, CZ, DE, DK, EE, ES, FI, FR, GR, HR, HU, IE, IT, LT, LU, LV, MT, NL, PL, PT, RO, SE, SI, SK)",Cabo Verde,VEGETABLE PLAITING MATERIALS; VEGETABLE PRODUCTS NOT ELSEWHERE SPECIFIED OR INCLUDED,EXPORT,VALUE_IN_EUROS,2001,1394
ESTAT:DS-045409(1.0),06/02/26 11:00:00,Annual,"European Union - 27 countries (AT, BE, BG, CY, CZ, DE, DK, EE, ES, FI, FR, GR, HR, HU, IE, IT, LT, LU, LV, MT, NL, PL, PT, RO, SE, SI, SK)",Cabo Verde,VEGETABLE PLAITING MATERIALS; VEGETABLE PRODUCTS NOT ELSEWHERE SPECIFIED OR INCLUDED,EXPORT,VALUE_IN_EUROS,2002,816
ESTAT:DS-045409(1.0),06/02/26 11:00:00,Annual,"European Union - 27 countries (AT, BE, BG, CY, CZ, DE, DK, EE, ES, FI, FR, GR, HR, HU, IE, IT, LT, LU, LV, MT, NL, PL, PT, RO, SE, SI, SK)",Cabo Verde,VEGETABLE PLAITING MATERIALS; VEGETABLE PRODUCTS NOT ELSEWHERE SPECIFIED OR INCLUDED,EXPORT,VALUE_IN_EUROS,2003,20
ESTAT:DS-045409(1.0),06/02/26 11:00:00,Annual,"European Union - 27 countries (AT, BE, BG, CY, CZ, DE, DK, EE, ES, FI, FR, GR, HR, HU, IE, IT, LT, LU, LV, MT, NL, PL, PT, RO, SE, SI, SK)",Cabo Verde,VEGETABLE PLAITING MATERIALS; VEGETABLE PRODUCTS NOT ELSEWHERE SPECIFIED OR INCLUDED,EXPORT,VALUE_IN_EUROS,2004,1687
ESTAT:DS-045409(1.0),06/02/26 11:00:00,Annual,"European Union - 27 countries (AT, BE, BG, CY, CZ, DE, DK, EE, ES, FI, FR, GR, HR, HU, IE, IT, LT, LU, LV, MT, NL, PL, PT, RO, SE, SI, SK)",Cabo Verde,VEGETABLE PLAITING MATERIALS; VEGETABLE PRODUCTS NOT ELSEWHERE SPECIFIED OR INCLUDED,EXPORT,VALUE_IN_EUROS,2005,250
ESTAT:DS-045409(1.0),06/02/26 11:00:00,Annual,"European Union - 27 countries (AT, BE, BG, CY, CZ, DE, DK, EE, ES, FI, FR, GR, HR, HU, IE, IT, LT, LU, LV, MT, NL, PL, PT, RO, SE, SI, SK)",Cabo Verde,VEGETABLE PLAITING MATERIALS; VEGETABLE PRODUCTS NOT ELSEWHERE SPECIFIED OR INCLUDED,EXPORT,VALUE_IN_EUROS,2006,21715
ESTAT:DS-045409(1.0),06/02/26 11:00:00,Annual,"European Union - 27 countries (AT, BE, BG, CY, CZ, DE, DK, EE, ES, FI, FR, GR, HR, HU, IE, IT, LT, LU, LV, MT, NL, PL, PT, RO, SE, SI, SK)",Cabo Verde,VEGETABLE PLAITING MATERIALS; VEGETABLE PRODUCTS NOT ELSEWHERE SPECIFIED OR INCLUDED,EXPORT,VALUE_IN_EUROS,2007,53
ESTAT:DS-045409(1.0),06/02/26 11:00:00,Annual,"European Union - 27 countries (AT, BE, BG, CY, CZ, DE, DK, EE, ES, FI, FR, GR, HR, HU, IE, IT, LT, LU, LV, MT, NL, PL, PT, RO, SE, SI, SK)",Cabo Verde,VEGETABLE PLAITING MATERIALS; VEGETABLE PRODUCTS NOT ELSEWHERE SPECIFIED OR INCLUDED,EXPORT,VALUE_IN_EUROS,2008,24677
ESTAT:DS-045409(1.0),06/02/26 11:00:00,Annual,"European Union - 27 countries (AT, BE, BG, CY, CZ, DE, DK, EE, ES, FI, FR, GR, HR, HU, IE, IT, LT, LU, LV, MT, NL, PL, PT, RO, SE, SI, SK)",Cabo Verde,VEGETABLE PLAITING MATERIALS; VEGETABLE PRODUCTS NOT ELSEWHERE SPECIFIED OR INCLUDED,EXPORT,VALUE_IN_EUROS,2009,48153
ESTAT:DS-045409(1.0),06/02/26 11:00:00,Annual,"European Union - 27 countries (AT, BE, BG, CY, CZ, DE, DK, EE, ES, FI, FR, GR, HR, HU, IE, IT, LT, LU, LV, MT, NL, PL, PT, RO, SE, SI, SK)",Cabo Verde,VEGETABLE PLAITING MATERIALS; VEGETABLE PRODUCTS NOT ELSEWHERE SPECIFIED OR INCLUDED,EXPORT,VALUE_IN_EUROS,2010,55078
ESTAT:DS-045409(1.0),06/02/26 11:00:00,Annual,"European Union - 27 countries (AT, BE, BG, CY, CZ, DE, DK, EE, ES, FI, FR, GR, HR, HU, IE, IT, LT, LU, LV, MT, NL, PL, PT, RO, SE, SI, SK)",Cabo Verde,VEGETABLE PLAITING MATERIALS; VEGETABLE PRODUCTS NOT ELSEWHERE SPECIFIED OR INCLUDED,EXPORT,VALUE_IN_EUROS,2011,46333
ESTAT:DS-045409(1.0),06/02/26 11:00:00,Annual,"European Union - 27 countries (AT, BE, BG, CY, CZ, DE, DK, EE, ES, FI, FR, GR, HR, HU, IE, IT, LT, LU, LV, MT, NL, PL, PT, RO, SE, SI, SK)",Cabo Verde,VEGETABLE PLAITING MATERIALS; VEGETABLE PRODUCTS NOT ELSEWHERE SPECIFIED OR INCLUDED,EXPORT,VALUE_IN_EUROS,2012,19926
ESTAT:DS-045409(1.0),06/02/26 11:00:00,Annual,"European Union - 27 countries (AT, BE, BG, CY, CZ, DE, DK, EE, ES, FI, FR, GR, HR, HU, IE, IT, LT, LU, LV, MT, NL, PL, PT, RO, SE, SI, SK)",Cabo Verde,VEGETABLE PLAITING MATERIALS; VEGETABLE PRODUCTS NOT ELSEWHERE SPECIFIED OR INCLUDED,EXPORT,VALUE_IN_EUROS,2013,1407
ESTAT:DS-045409(1.0),06/02/26 11:00:00,Annual,"European Union - 27 countries (AT, BE, BG, CY, CZ, DE, DK, EE, ES, FI, FR, GR, HR, HU, IE, IT, LT, LU, LV, MT, NL, PL, PT, RO, SE, SI, SK)",Cabo Verde,VEGETABLE PLAITING MATERIALS; VEGETABLE PRODUCTS NOT ELSEWHERE SPECIFIED OR INCLUDED,EXPORT,VALUE_IN_EUROS,2014,597
ESTAT:DS-045409(1.0),06/02/26 11:00:00,Annual,"European Union - 27 countries (AT, BE, BG, CY, CZ, DE, DK, EE, ES, FI, FR, GR, HR, HU, IE, IT, LT, LU, LV, MT, NL, PL, PT, RO, SE, SI, SK)",Cabo Verde,VEGETABLE PLAITING MATERIALS; VEGETABLE PRODUCTS NOT ELSEWHERE SPECIFIED OR INCLUDED,EXPORT,VALUE_IN_EUROS,2015,907
ESTAT:DS-045409(1.0),06/02/26 11:00:00,Annual,"European Union - 27 countries (AT, BE, BG, CY, CZ, DE, DK, EE, ES, FI, FR, GR, HR, HU, IE, IT, LT, LU, LV, MT, NL, PL, PT, RO, SE, SI, SK)",Cabo Verde,VEGETABLE PLAITING MATERIALS; VEGETABLE PRODUCTS NOT ELSEWHERE SPECIFIED OR INCLUDED,EXPORT,VALUE_IN_EUROS,2016,2902
ESTAT:DS-045409(1.0),06/02/26 11:00:00,Annual,"European Union - 27 countries (AT, BE, BG, CY, CZ, DE, DK, EE, ES, FI, FR, GR, HR, HU, IE, IT, LT, LU, LV, MT, NL, PL, PT, RO, SE, SI, SK)",Cabo Verde,VEGETABLE PLAITING MATERIALS; VEGETABLE PRODUCTS NOT ELSEWHERE SPECIFIED OR INCLUDED,EXPORT,VALUE_IN_EUROS,2017,9190
ESTAT:DS-045409(1.0),06/02/26 11:00:00,Annual,"European Union - 27 countries (AT, BE, BG, CY, CZ, DE, DK, EE, ES, FI, FR, GR, HR, HU, IE, IT, LT, LU, LV, MT, NL, PL, PT, RO, SE, SI, SK)",Cabo Verde,VEGETABLE PLAITING MATERIALS; VEGETABLE PRODUCTS NOT ELSEWHERE SPECIFIED OR INCLUDED,EXPORT,VALUE_IN_EUROS,2018,656
ESTAT:DS-045409(1.0),06/02/26 11:00:00,Annual,"European Union - 27 countries (AT, BE, BG, CY, CZ, DE, DK, EE, ES, FI, FR, GR, HR, HU, IE, IT, LT, LU, LV, MT, NL, PL, PT, RO, SE, SI, SK)",Cabo Verde,VEGETABLE PLAITING MATERIALS; VEGETABLE PRODUCTS NOT ELSEWHERE SPECIFIED OR INCLUDED,EXPORT,VALUE_IN_EUROS,2019,3990
ESTAT:DS-045409(1.0),06/02/26 11:00:00,Annual,"European Union - 27 countries (AT, BE, BG, CY, CZ, DE, DK, EE, ES, FI, FR, GR, HR, HU, IE, IT, LT, LU, LV, MT, NL, PL, PT, RO, SE, SI, SK)",Cabo Verde,VEGETABLE PLAITING MATERIALS; VEGETABLE PRODUCTS NOT ELSEWHERE SPECIFIED OR INCLUDED,EXPORT,VALUE_IN_EUROS,2020,2917
ESTAT:DS-045409(1.0),06/02/26 11:00:00,Annual,"European Union - 27 countries (AT, BE, BG, CY, CZ, DE, DK, EE, ES, FI, FR, GR, HR, HU, IE, IT, LT, LU, LV, MT, NL, PL, PT, RO, SE, SI, SK)",Cabo Verde,VEGETABLE PLAITING MATERIALS; VEGETABLE PRODUCTS NOT ELSEWHERE SPECIFIED OR INCLUDED,EXPORT,VALUE_IN_EUROS,2021,579
ESTAT:DS-045409(1.0),06/02/26 11:00:00,Annual,"European Union - 27 countries (AT, BE, BG, CY, CZ, DE, DK, EE, ES, FI, FR, GR, HR, HU, IE, IT, LT, LU, LV, MT, NL, PL, PT, RO, SE, SI, SK)",Cabo Verde,VEGETABLE PLAITING MATERIALS; VEGETABLE PRODUCTS NOT ELSEWHERE SPECIFIED OR INCLUDED,EXPORT,VALUE_IN_EUROS,2022,1908
ESTAT:DS-045409(1.0),06/02/26 11:00:00,Annual,"European Union - 27 countries (AT, BE, BG, CY, CZ, DE, DK, EE, ES, FI, FR, GR, HR, HU, IE, IT, LT, LU, LV, MT, NL, PL, PT, RO, SE, SI, SK)",Cabo Verde,VEGETABLE PLAITING MATERIALS; VEGETABLE PRODUCTS NOT ELSEWHERE SPECIFIED OR INCLUDED,EXPORT,VALUE_IN_EUROS,2023,2720
ESTAT:DS-045409(1.0),06/02/26 11:00:00,Annual,"European Union - 27 countries (AT, BE, BG, CY, CZ, DE, DK, EE, ES, FI, FR, GR, HR, HU, IE, IT, LT, LU, LV, MT, NL, PL, PT, RO, SE, SI, SK)",Cabo Verde,VEGETABLE PLAITING MATERIALS; VEGETABLE PRODUCTS NOT ELSEWHERE SPECIFIED OR INCLUDED,EXPORT,VALUE_IN_EUROS,2024,3126
ESTAT:DS-045409(1.0),06/02/26 11:00:00,Annual,"European Union - 27 countries (AT, BE, BG, CY, CZ, DE, DK, EE, ES, FI, FR, GR, HR, HU, IE, IT, LT, LU, LV, MT, NL, PL, PT, RO, SE, SI, SK)",Djibouti,VEGETABLE PLAITING MATERIALS; VEGETABLE PRODUCTS NOT ELSEWHERE SPECIFIED OR INCLUDED,EXPORT,VALUE_IN_EUROS,2003,8644
ESTAT:DS-045409(1.0),06/02/26 11:00:00,Annual,"European Union - 27 countries (AT, BE, BG, CY, CZ, DE, DK, EE, ES, FI, FR, GR, HR, HU, IE, IT, LT, LU, LV, MT, NL, PL, PT, RO, SE, SI, SK)",Djibouti,VEGETABLE PLAITING MATERIALS; VEGETABLE PRODUCTS NOT ELSEWHERE SPECIFIED OR INCLUDED,EXPORT,VALUE_IN_EUROS,2007,1100
ESTAT:DS-045409(1.0),06/02/26 11:00:00,Annual,"European Union - 27 countries (AT, BE, BG, CY, CZ, DE, DK, EE, ES, FI, FR, GR, HR, HU, IE, IT, LT, LU, LV, MT, NL, PL, PT, RO, SE, SI, SK)",Djibouti,VEGETABLE PLAITING MATERIALS; VEGETABLE PRODUCTS NOT ELSEWHERE SPECIFIED OR INCLUDED,EXPORT,VALUE_IN_EUROS,2008,1374
ESTAT:DS-045409(1.0),06/02/26 11:00:00,Annual,"European Union - 27 countries (AT, BE, BG, CY, CZ, DE, DK, EE, ES, FI, FR, GR, HR, HU, IE, IT, LT, LU, LV, MT, NL, PL, PT, RO, SE, SI, SK)",Djibouti,VEGETABLE PLAITING MATERIALS; VEGETABLE PRODUCTS NOT ELSEWHERE SPECIFIED OR INCLUDED,EXPORT,VALUE_IN_EUROS,2009,2437
ESTAT:DS-045409(1.0),06/02/26 11:00:00,Annual,"European Union - 27 countries (AT, BE, BG, CY, CZ, DE, DK, EE, ES, FI, FR, GR, HR, HU, IE, IT, LT, LU, LV, MT, NL, PL, PT, RO, SE, SI, SK)",Djibouti,VEGETABLE PLAITING MATERIALS; VEGETABLE PRODUCTS NOT ELSEWHERE SPECIFIED OR INCLUDED,EXPORT,VALUE_IN_EUROS,2010,4442
ESTAT:DS-045409(1.0),06/02/26 11:00:00,Annual,"European Union - 27 countries (AT, BE, BG, CY, CZ, DE, DK, EE, ES, FI, FR, GR, HR, HU, IE, IT, LT, LU, LV, MT, NL, PL, PT, RO, SE, SI, SK)",Djibouti,VEGETABLE PLAITING MATERIALS; VEGETABLE PRODUCTS NOT ELSEWHERE SPECIFIED OR INCLUDED,EXPORT,VALUE_IN_EUROS,2011,4000
ESTAT:DS-045409(1.0),06/02/26 11:00:00,Annual,"European Union - 27 countries (AT, BE, BG, CY, CZ, DE, DK, EE, ES, FI, FR, GR, HR, HU, IE, IT, LT, LU, LV, MT, NL, PL, PT, RO, SE, SI, SK)",Djibouti,VEGETABLE PLAITING MATERIALS; VEGETABLE PRODUCTS NOT ELSEWHERE SPECIFIED OR INCLUDED,EXPORT,VALUE_IN_EUROS,2012,11
ESTAT:DS-045409(1.0),06/02/26 11:00:00,Annual,"European Union - 27 countries (AT, BE, BG, CY, CZ, DE, DK, EE, ES, FI, FR, GR, HR, HU, IE, IT, LT, LU, LV, MT, NL, PL, PT, RO, SE, SI, SK)",Djibouti,VEGETABLE PLAITING MATERIALS; VEGETABLE PRODUCTS NOT ELSEWHERE SPECIFIED OR INCLUDED,EXPORT,VALUE_IN_EUROS,2017,369
ESTAT:DS-045409(1.0),06/02/26 11:00:00,Annual,"European Union - 27 countries (AT, BE, BG, CY, CZ, DE, DK, EE, ES, FI, FR, GR, HR, HU, IE, IT, LT, LU, LV, MT, NL, PL, PT, RO, SE, SI, SK)",Djibouti,VEGETABLE PLAITING MATERIALS; VEGETABLE PRODUCTS NOT ELSEWHERE SPECIFIED OR INCLUDED,EXPORT,VALUE_IN_EUROS,2021,2221
ESTAT:DS-045409(1.0),06/02/26 11:00:00,Annual,"European Union - 27 countries (AT, BE, BG, CY, CZ, DE, DK, EE, ES, FI, FR, GR, HR, HU, IE, IT, LT, LU, LV, MT, NL, PL, PT, RO, SE, SI, SK)",Algeria,VEGETABLE PLAITING MATERIALS; VEGETABLE PRODUCTS NOT ELSEWHERE SPECIFIED OR INCLUDED,EXPORT,VALUE_IN_EUROS,1999,129502
ESTAT:DS-045409(1.0),06/02/26 11:00:00,Annual,"European Union - 27 countries (AT, BE, BG, CY, CZ, DE, DK, EE, ES, FI, FR, GR, HR, HU, IE, IT, LT, LU, LV, MT, NL, PL, PT, RO, SE, SI, SK)",Algeria,VEGETABLE PLAITING MATERIALS; VEGETABLE PRODUCTS NOT ELSEWHERE SPECIFIED OR INCLUDED,EXPORT,VALUE_IN_EUROS,2000,231010
ESTAT:DS-045409(1.0),06/02/26 11:00:00,Annual,"European Union - 27 countries (AT, BE, BG, CY, CZ, DE, DK, EE, ES, FI, FR, GR, HR, HU, IE, IT, LT, LU, LV, MT, NL, PL, PT, RO, SE, SI, SK)",Algeria,VEGETABLE PLAITING MATERIALS; VEGETABLE PRODUCTS NOT ELSEWHERE SPECIFIED OR INCLUDED,EXPORT,VALUE_IN_EUROS,2001,143694
ESTAT:DS-045409(1.0),06/02/26 11:00:00,Annual,"European Union - 27 countries (AT, BE, BG, CY, CZ, DE, DK, EE, ES, FI, FR, GR, HR, HU, IE, IT, LT, LU, LV, MT, NL, PL, PT, RO, SE, SI, SK)",Algeria,VEGETABLE PLAITING MATERIALS; VEGETABLE PRODUCTS NOT ELSEWHERE SPECIFIED OR INCLUDED,EXPORT,VALUE_IN_EUROS,2002,164909
ESTAT:DS-045409(1.0),06/02/26 11:00:00,Annual,"European Union - 27 countries (AT, BE, BG, CY, CZ, DE, DK, EE, ES, FI, FR, GR, HR, HU, IE, IT, LT, LU, LV, MT, NL, PL, PT, RO, SE, SI, SK)",Algeria,VEGETABLE PLAITING MATERIALS; VEGETABLE PRODUCTS NOT ELSEWHERE SPECIFIED OR INCLUDED,EXPORT,VALUE_IN_EUROS,2003,299919
ESTAT:DS-045409(1.0),06/02/26 11:00:00,Annual,"European Union - 27 countries (AT, BE, BG, CY, CZ, DE, DK, EE, ES, FI, FR, GR, HR, HU, IE, IT, LT, LU, LV, MT, NL, PL, PT, RO, SE, SI, SK)",Algeria,VEGETABLE PLAITING MATERIALS; VEGETABLE PRODUCTS NOT ELSEWHERE SPECIFIED OR INCLUDED,EXPORT,VALUE_IN_EUROS,2004,253257
ESTAT:DS-045409(1.0),06/02/26 11:00:00,Annual,"European Union - 27 countries (AT, BE, BG, CY, CZ, DE, DK, EE, ES, FI, FR, GR, HR, HU, IE, IT, LT, LU, LV, MT, NL, PL, PT, RO, SE, SI, SK)",Algeria,VEGETABLE PLAITING MATERIALS; VEGETABLE PRODUCTS NOT ELSEWHERE SPECIFIED OR INCLUDED,EXPORT,VALUE_IN_EUROS,2005,230966
ESTAT:DS-045409(1.0),06/02/26 11:00:00,Annual,"European Union - 27 countries (AT, BE, BG, CY, CZ, DE, DK, EE, ES, FI, FR, GR, HR, HU, IE, IT, LT, LU, LV, MT, NL, PL, PT, RO, SE, SI, SK)",Algeria,VEGETABLE PLAITING MATERIALS; VEGETABLE PRODUCTS NOT ELSEWHERE SPECIFIED OR INCLUDED,EXPORT,VALUE_IN_EUROS,2006,230429
ESTAT:DS-045409(1.0),06/02/26 11:00:00,Annual,"European Union - 27 countries (AT, BE, BG, CY, CZ, DE, DK, EE, ES, FI, FR, GR, HR, HU, IE, IT, LT, LU, LV, MT, NL, PL, PT, RO, SE, SI, SK)",Algeria,VEGETABLE PLAITING MATERIALS; VEGETABLE PRODUCTS NOT ELSEWHERE SPECIFIED OR INCLUDED,EXPORT,VALUE_IN_EUROS,2007,267099
ESTAT:DS-045409(1.0),06/02/26 11:00:00,Annual,"European Union - 27 countries (AT, BE, BG, CY, CZ, DE, DK, EE, ES, FI, FR, GR, HR, HU, IE, IT, LT, LU, LV, MT, NL, PL, PT, RO, SE, SI, SK)",Algeria,VEGETABLE PLAITING MATERIALS; VEGETABLE PRODUCTS NOT ELSEWHERE SPECIFIED OR INCLUDED,EXPORT,VALUE_IN_EUROS,2008,260011
ESTAT:DS-045409(1.0),06/02/26 11:00:00,Annual,"European Union - 27 countries (AT, BE, BG, CY, CZ, DE, DK, EE, ES, FI, FR, GR, HR, HU, IE, IT, LT, LU, LV, MT, NL, PL, PT, RO, SE, SI, SK)",Algeria,VEGETABLE PLAITING MATERIALS; VEGETABLE PRODUCTS NOT ELSEWHERE SPECIFIED OR INCLUDED,EXPORT,VALUE_IN_EUROS,2009,227439
ESTAT:DS-045409(1.0),06/02/26 11:00:00,Annual,"European Union - 27 countries (AT, BE, BG, CY, CZ, DE, DK, EE, ES, FI, FR, GR, HR, HU, IE, IT, LT, LU, LV, MT, NL, PL, PT, RO, SE, SI, SK)",Algeria,VEGETABLE PLAITING MATERIALS; VEGETABLE PRODUCTS NOT ELSEWHERE SPECIFIED OR INCLUDED,EXPORT,VALUE_IN_EUROS,2010,243856
ESTAT:DS-045409(1.0),06/02/26 11:00:00,Annual,"European Union - 27 countries (AT, BE, BG, CY, CZ, DE, DK, EE, ES, FI, FR, GR, HR, HU, IE, IT, LT, LU, LV, MT, NL, PL, PT, RO, SE, SI, SK)",Algeria,VEGETABLE PLAITING MATERIALS; VEGETABLE PRODUCTS NOT ELSEWHERE SPECIFIED OR INCLUDED,EXPORT,VALUE_IN_EUROS,2011,262882
ESTAT:DS-045409(1.0),06/02/26 11:00:00,Annual,"European Union - 27 countries (AT, BE, BG, CY, CZ, DE, DK, EE, ES, FI, FR, GR, HR, HU, IE, IT, LT, LU, LV, MT, NL, PL, PT, RO, SE, SI, SK)",Algeria,VEGETABLE PLAITING MATERIALS; VEGETABLE PRODUCTS NOT ELSEWHERE SPECIFIED OR INCLUDED,EXPORT,VALUE_IN_EUROS,2012,551123
ESTAT:DS-045409(1.0),06/02/26 11:00:00,Annual,"European Union - 27 countries (AT, BE, BG, CY, CZ, DE, DK, EE, ES, FI, FR, GR, HR, HU, IE, IT, LT, LU, LV, MT, NL, PL, PT, RO, SE, SI, SK)",Algeria,VEGETABLE PLAITING MATERIALS; VEGETABLE PRODUCTS NOT ELSEWHERE SPECIFIED OR INCLUDED,EXPORT,VALUE_IN_EUROS,2013,380716
ESTAT:DS-045409(1.0),06/02/26 11:00:00,Annual,"European Union - 27 countries (AT, BE, BG, CY, CZ, DE, DK, EE, ES, FI, FR, GR, HR, HU, IE, IT, LT, LU, LV, MT, NL, PL, PT, RO, SE, SI, SK)",Algeria,VEGETABLE PLAITING MATERIALS; VEGETABLE PRODUCTS NOT ELSEWHERE SPECIFIED OR INCLUDED,EXPORT,VALUE_IN_EUROS,2014,465351
ESTAT:DS-045409(1.0),06/02/26 11:00:00,Annual,"European Union - 27 countries (AT, BE, BG, CY, CZ, DE, DK, EE, ES, FI, FR, GR, HR, HU, IE, IT, LT, LU, LV, MT, NL, PL, PT, RO, SE, SI, SK)",Algeria,VEGETABLE PLAITING MATERIALS; VEGETABLE PRODUCTS NOT ELSEWHERE SPECIFIED OR INCLUDED,EXPORT,VALUE_IN_EUROS,2015,364132
ESTAT:DS-045409(1.0),06/02/26 11:00:00,Annual,"European Union - 27 countries (AT, BE, BG, CY, CZ, DE, DK, EE, ES, FI, FR, GR, HR, HU, IE, IT, LT, LU, LV, MT, NL, PL, PT, RO, SE, SI, SK)",Algeria,VEGETABLE PLAITING MATERIALS; VEGETABLE PRODUCTS NOT ELSEWHERE SPECIFIED OR INCLUDED,EXPORT,VALUE_IN_EUROS,2016,399467
ESTAT:DS-045409(1.0),06/02/26 11:00:00,Annual,"European Union - 27 countries (AT, BE, BG, CY, CZ, DE, DK, EE, ES, FI, FR, GR, HR, HU, IE, IT, LT, LU, LV, MT, NL, PL, PT, RO, SE, SI, SK)",Algeria,VEGETABLE PLAITING MATERIALS; VEGETABLE PRODUCTS NOT ELSEWHERE SPECIFIED OR INCLUDED,EXPORT,VALUE_IN_EUROS,2017,576385
ESTAT:DS-045409(1.0),06/02/26 11:00:00,Annual,"European Union - 27 countries (AT, BE, BG, CY, CZ, DE, DK, EE, ES, FI, FR, GR, HR, HU, IE, IT, LT, LU, LV, MT, NL, PL, PT, RO, SE, SI, SK)",Algeria,VEGETABLE PLAITING MATERIALS; VEGETABLE PRODUCTS NOT ELSEWHERE SPECIFIED OR INCLUDED,EXPORT,VALUE_IN_EUROS,2018,912243
ESTAT:DS-045409(1.0),06/02/26 11:00:00,Annual,"European Union - 27 countries (AT, BE, BG, CY, CZ, DE, DK, EE, ES, FI, FR, GR, HR, HU, IE, IT, LT, LU, LV, MT, NL, PL, PT, RO, SE, SI, SK)",Algeria,VEGETABLE PLAITING MATERIALS; VEGETABLE PRODUCTS NOT ELSEWHERE SPECIFIED OR INCLUDED,EXPORT,VALUE_IN_EUROS,2019,475349
ESTAT:DS-045409(1.0),06/02/26 11:00:00,Annual,"European Union - 27 countries (AT, BE, BG, CY, CZ, DE, DK, EE, ES, FI, FR, GR, HR, HU, IE, IT, LT, LU, LV, MT, NL, PL, PT, RO, SE, SI, SK)",Algeria,VEGETABLE PLAITING MATERIALS; VEGETABLE PRODUCTS NOT ELSEWHERE SPECIFIED OR INCLUDED,EXPORT,VALUE_IN_EUROS,2020,454072
ESTAT:DS-045409(1.0),06/02/26 11:00:00,Annual,"European Union - 27 countries (AT, BE, BG, CY, CZ, DE, DK, EE, ES, FI, FR, GR, HR, HU, IE, IT, LT, LU, LV, MT, NL, PL, PT, RO, SE, SI, SK)",Algeria,VEGETABLE PLAITING MATERIALS; VEGETABLE PRODUCTS NOT ELSEWHERE SPECIFIED OR INCLUDED,EXPORT,VALUE_IN_EUROS,2021,497718
ESTAT:DS-045409(1.0),06/02/26 11:00:00,Annual,"European Union - 27 countries (AT, BE, BG, CY, CZ, DE, DK, EE, ES, FI, FR, GR, HR, HU, IE, IT, LT, LU, LV, MT, NL, PL, PT, RO, SE, SI, SK)",Algeria,VEGETABLE PLAITING MATERIALS; VEGETABLE PRODUCTS NOT ELSEWHERE SPECIFIED OR INCLUDED,EXPORT,VALUE_IN_EUROS,2022,213585
ESTAT:DS-045409(1.0),06/02/26 11:00:00,Annual,"European Union - 27 countries (AT, BE, BG, CY, CZ, DE, DK, EE, ES, FI, FR, GR, HR, HU, IE, IT, LT, LU, LV, MT, NL, PL, PT, RO, SE, SI, SK)",Algeria,VEGETABLE PLAITING MATERIALS; VEGETABLE PRODUCTS NOT ELSEWHERE SPECIFIED OR INCLUDED,EXPORT,VALUE_IN_EUROS,2023,561872
ESTAT:DS-045409(1.0),06/02/26 11:00:00,Annual,"European Union - 27 countries (AT, BE, BG, CY, CZ, DE, DK, EE, ES, FI, FR, GR, HR, HU, IE, IT, LT, LU, LV, MT, NL, PL, PT, RO, SE, SI, SK)",Algeria,VEGETABLE PLAITING MATERIALS; VEGETABLE PRODUCTS NOT ELSEWHERE SPECIFIED OR INCLUDED,EXPORT,VALUE_IN_EUROS,2024,194666
ESTAT:DS-045409(1.0),06/02/26 11:00:00,Annual,"European Union - 27 countries (AT, BE, BG, CY, CZ, DE, DK, EE, ES, FI, FR, GR, HR, HU, IE, IT, LT, LU, LV, MT, NL, PL, PT, RO, SE, SI, SK)",Egypt,VEGETABLE PLAITING MATERIALS; VEGETABLE PRODUCTS NOT ELSEWHERE SPECIFIED OR INCLUDED,EXPORT,VALUE_IN_EUROS,1999,11122
ESTAT:DS-045409(1.0),06/02/26 11:00:00,Annual,"European Union - 27 countries (AT, BE, BG, CY, CZ, DE, DK, EE, ES, FI, FR, GR, HR, HU, IE, IT, LT, LU, LV, MT, NL, PL, PT, RO, SE, SI, SK)",Egypt,VEGETABLE PLAITING MATERIALS; VEGETABLE PRODUCTS NOT ELSEWHERE SPECIFIED OR INCLUDED,EXPORT,VALUE_IN_EUROS,2000,53962
ESTAT:DS-045409(1.0),06/02/26 11:00:00,Annual,"European Union - 27 countries (AT, BE, BG, CY, CZ, DE, DK, EE, ES, FI, FR, GR, HR, HU, IE, IT, LT, LU, LV, MT, NL, PL, PT, RO, SE, SI, SK)",Egypt,VEGETABLE PLAITING MATERIALS; VEGETABLE PRODUCTS NOT ELSEWHERE SPECIFIED OR INCLUDED,EXPORT,VALUE_IN_EUROS,2001,79527
ESTAT:DS-045409(1.0),06/02/26 11:00:00,Annual,"European Union - 27 countries (AT, BE, BG, CY, CZ, DE, DK, EE, ES, FI, FR, GR, HR, HU, IE, IT, LT, LU, LV, MT, NL, PL, PT, RO, SE, SI, SK)",Egypt,VEGETABLE PLAITING MATERIALS; VEGETABLE PRODUCTS NOT ELSEWHERE SPECIFIED OR INCLUDED,EXPORT,VALUE_IN_EUROS,2002,16491
ESTAT:DS-045409(1.0),06/02/26 11:00:00,Annual,"European Union - 27 countries (AT, BE, BG, CY, CZ, DE, DK, EE, ES, FI, FR, GR, HR, HU, IE, IT, LT, LU, LV, MT, NL, PL, PT, RO, SE, SI, SK)",Egypt,VEGETABLE PLAITING MATERIALS; VEGETABLE PRODUCTS NOT ELSEWHERE SPECIFIED OR INCLUDED,EXPORT,VALUE_IN_EUROS,2003,63903
ESTAT:DS-045409(1.0),06/02/26 11:00:00,Annual,"European Union - 27 countries (AT, BE, BG, CY, CZ, DE, DK, EE, ES, FI, FR, GR, HR, HU, IE, IT, LT, LU, LV, MT, NL, PL, PT, RO, SE, SI, SK)",Egypt,VEGETABLE PLAITING MATERIALS; VEGETABLE PRODUCTS NOT ELSEWHERE SPECIFIED OR INCLUDED,EXPORT,VALUE_IN_EUROS,2004,60121
ESTAT:DS-045409(1.0),06/02/26 11:00:00,Annual,"European Union - 27 countries (AT, BE, BG, CY, CZ, DE, DK, EE, ES, FI, FR, GR, HR, HU, IE, IT, LT, LU, LV, MT, NL, PL, PT, RO, SE, SI, SK)",Egypt,VEGETABLE PLAITING MATERIALS; VEGETABLE PRODUCTS NOT ELSEWHERE SPECIFIED OR INCLUDED,EXPORT,VALUE_IN_EUROS,2005,28473
ESTAT:DS-045409(1.0),06/02/26 11:00:00,Annual,"European Union - 27 countries (AT, BE, BG, CY, CZ, DE, DK, EE, ES, FI, FR, GR, HR, HU, IE, IT, LT, LU, LV, MT, NL, PL, PT, RO, SE, SI, SK)",Egypt,VEGETABLE PLAITING MATERIALS; VEGETABLE PRODUCTS NOT ELSEWHERE SPECIFIED OR INCLUDED,EXPORT,VALUE_IN_EUROS,2006,37696
ESTAT:DS-045409(1.0),06/02/26 11:00:00,Annual,"European Union - 27 countries (AT, BE, BG, CY, CZ, DE, DK, EE, ES, FI, FR, GR, HR, HU, IE, IT, LT, LU, LV, MT, NL, PL, PT, RO, SE, SI, SK)",Egypt,VEGETABLE PLAITING MATERIALS; VEGETABLE PRODUCTS NOT ELSEWHERE SPECIFIED OR INCLUDED,EXPORT,VALUE_IN_EUROS,2007,8217
ESTAT:DS-045409(1.0),06/02/26 11:00:00,Annual,"European Union - 27 countries (AT, BE, BG, CY, CZ, DE, DK, EE, ES, FI, FR, GR, HR, HU, IE, IT, LT, LU, LV, MT, NL, PL, PT, RO, SE, SI, SK)",Egypt,VEGETABLE PLAITING MATERIALS; VEGETABLE PRODUCTS NOT ELSEWHERE SPECIFIED OR INCLUDED,EXPORT,VALUE_IN_EUROS,2008,36239
ESTAT:DS-045409(1.0),06/02/26 11:00:00,Annual,"European Union - 27 countries (AT, BE, BG, CY, CZ, DE, DK, EE, ES, FI, FR, GR, HR, HU, IE, IT, LT, LU, LV, MT, NL, PL, PT, RO, SE, SI, SK)",Egypt,VEGETABLE PLAITING MATERIALS; VEGETABLE PRODUCTS NOT ELSEWHERE SPECIFIED OR INCLUDED,EXPORT,VALUE_IN_EUROS,2009,7510
ESTAT:DS-045409(1.0),06/02/26 11:00:00,Annual,"European Union - 27 countries (AT, BE, BG, CY, CZ, DE, DK, EE, ES, FI, FR, GR, HR, HU, IE, IT, LT, LU, LV, MT, NL, PL, PT, RO, SE, SI, SK)",Egypt,VEGETABLE PLAITING MATERIALS; VEGETABLE PRODUCTS NOT ELSEWHERE SPECIFIED OR INCLUDED,EXPORT,VALUE_IN_EUROS,2010,10020
ESTAT:DS-045409(1.0),06/02/26 11:00:00,Annual,"European Union - 27 countries (AT, BE, BG, CY, CZ, DE, DK, EE, ES, FI, FR, GR, HR, HU, IE, IT, LT, LU, LV, MT, NL, PL, PT, RO, SE, SI, SK)",Egypt,VEGETABLE PLAITING MATERIALS; VEGETABLE PRODUCTS NOT ELSEWHERE SPECIFIED OR INCLUDED,EXPORT,VALUE_IN_EUROS,2011,11463
ESTAT:DS-045409(1.0),06/02/26 11:00:00,Annual,"European Union - 27 countries (AT, BE, BG, CY, CZ, DE, DK, EE, ES, FI, FR, GR, HR, HU, IE, IT, LT, LU, LV, MT, NL, PL, PT, RO, SE, SI, SK)",Egypt,VEGETABLE PLAITING MATERIALS; VEGETABLE PRODUCTS NOT ELSEWHERE SPECIFIED OR INCLUDED,EXPORT,VALUE_IN_EUROS,2012,8574
ESTAT:DS-045409(1.0),06/02/26 11:00:00,Annual,"European Union - 27 countries (AT, BE, BG, CY, CZ, DE, DK, EE, ES, FI, FR, GR, HR, HU, IE, IT, LT, LU, LV, MT, NL, PL, PT, RO, SE, SI, SK)",Egypt,VEGETABLE PLAITING MATERIALS; VEGETABLE PRODUCTS NOT ELSEWHERE SPECIFIED OR INCLUDED,EXPORT,VALUE_IN_EUROS,2013,8998
ESTAT:DS-045409(1.0),06/02/26 11:00:00,Annual,"European Union - 27 countries (AT, BE, BG, CY, CZ, DE, DK, EE, ES, FI, FR, GR, HR, HU, IE, IT, LT, LU, LV, MT, NL, PL, PT, RO, SE, SI, SK)",Egypt,VEGETABLE PLAITING MATERIALS; VEGETABLE PRODUCTS NOT ELSEWHERE SPECIFIED OR INCLUDED,EXPORT,VALUE_IN_EUROS,2014,11356
ESTAT:DS-045409(1.0),06/02/26 11:00:00,Annual,"European Union - 27 countries (AT, BE, BG, CY, CZ, DE, DK, EE, ES, FI, FR, GR, HR, HU, IE, IT, LT, LU, LV, MT, NL, PL, PT, RO, SE, SI, SK)",Egypt,VEGETABLE PLAITING MATERIALS; VEGETABLE PRODUCTS NOT ELSEWHERE SPECIFIED OR INCLUDED,EXPORT,VALUE_IN_EUROS,2015,10453
ESTAT:DS-045409(1.0),06/02/26 11:00:00,Annual,"European Union - 27 countries (AT, BE, BG, CY, CZ, DE, DK, EE, ES, FI, FR, GR, HR, HU, IE, IT, LT, LU, LV, MT, NL, PL, PT, RO, SE, SI, SK)",Egypt,VEGETABLE PLAITING MATERIALS; VEGETABLE PRODUCTS NOT ELSEWHERE SPECIFIED OR INCLUDED,EXPORT,VALUE_IN_EUROS,2016,9368
ESTAT:DS-045409(1.0),06/02/26 11:00:00,Annual,"European Union - 27 countries (AT, BE, BG, CY, CZ, DE, DK, EE, ES, FI, FR, GR, HR, HU, IE, IT, LT, LU, LV, MT, NL, PL, PT, RO, SE, SI, SK)",Egypt,VEGETABLE PLAITING MATERIALS; VEGETABLE PRODUCTS NOT ELSEWHERE SPECIFIED OR INCLUDED,EXPORT,VALUE_IN_EUROS,2017,101809
ESTAT:DS-045409(1.0),06/02/26 11:00:00,Annual,"European Union - 27 countries (AT, BE, BG, CY, CZ, DE, DK, EE, ES, FI, FR, GR, HR, HU, IE, IT, LT, LU, LV, MT, NL, PL, PT, RO, SE, SI, SK)",Egypt,VEGETABLE PLAITING MATERIALS; VEGETABLE PRODUCTS NOT ELSEWHERE SPECIFIED OR INCLUDED,EXPORT,VALUE_IN_EUROS,2018,5902
ESTAT:DS-045409(1.0),06/02/26 11:00:00,Annual,"European Union - 27 countries (AT, BE, BG, CY, CZ, DE, DK, EE, ES, FI, FR, GR, HR, HU, IE, IT, LT, LU, LV, MT, NL, PL, PT, RO, SE, SI, SK)",Egypt,VEGETABLE PLAITING MATERIALS; VEGETABLE PRODUCTS NOT ELSEWHERE SPECIFIED OR INCLUDED,EXPORT,VALUE_IN_EUROS,2019,17973
ESTAT:DS-045409(1.0),06/02/26 11:00:00,Annual,"European Union - 27 countries (AT, BE, BG, CY, CZ, DE, DK, EE, ES, FI, FR, GR, HR, HU, IE, IT, LT, LU, LV, MT, NL, PL, PT, RO, SE, SI, SK)",Egypt,VEGETABLE PLAITING MATERIALS; VEGETABLE PRODUCTS NOT ELSEWHERE SPECIFIED OR INCLUDED,EXPORT,VALUE_IN_EUROS,2020,20384
ESTAT:DS-045409(1.0),06/02/26 11:00:00,Annual,"European Union - 27 countries (AT, BE, BG, CY, CZ, DE, DK, EE, ES, FI, FR, GR, HR, HU, IE, IT, LT, LU, LV, MT, NL, PL, PT, RO, SE, SI, SK)",Egypt,VEGETABLE PLAITING MATERIALS; VEGETABLE PRODUCTS NOT ELSEWHERE SPECIFIED OR INCLUDED,EXPORT,VALUE_IN_EUROS,2021,14278
ESTAT:DS-045409(1.0),06/02/26 11:00:00,Annual,"European Union - 27 countries (AT, BE, BG, CY, CZ, DE, DK, EE, ES, FI, FR, GR, HR, HU, IE, IT, LT, LU, LV, MT, NL, PL, PT, RO, SE, SI, SK)",Egypt,VEGETABLE PLAITING MATERIALS; VEGETABLE PRODUCTS NOT ELSEWHERE SPECIFIED OR INCLUDED,EXPORT,VALUE_IN_EUROS,2022,2748
ESTAT:DS-045409(1.0),06/02/26 11:00:00,Annual,"European Union - 27 countries (AT, BE, BG, CY, CZ, DE, DK, EE, ES, FI, FR, GR, HR, HU, IE, IT, LT, LU, LV, MT, NL, PL, PT, RO, SE, SI, SK)",Egypt,VEGETABLE PLAITING MATERIALS; VEGETABLE PRODUCTS NOT ELSEWHERE SPECIFIED OR INCLUDED,EXPORT,VALUE_IN_EUROS,2023,4580
ESTAT:DS-045409(1.0),06/02/26 11:00:00,Annual,"European Union - 27 countries (AT, BE, BG, CY, CZ, DE, DK, EE, ES, FI, FR, GR, HR, HU, IE, IT, LT, LU, LV, MT, NL, PL, PT, RO, SE, SI, SK)",Egypt,VEGETABLE PLAITING MATERIALS; VEGETABLE PRODUCTS NOT ELSEWHERE SPECIFIED OR INCLUDED,EXPORT,VALUE_IN_EUROS,2024,520358
ESTAT:DS-045409(1.0),06/02/26 11:00:00,Annual,"European Union - 27 countries (AT, BE, BG, CY, CZ, DE, DK, EE, ES, FI, FR, GR, HR, HU, IE, IT, LT, LU, LV, MT, NL, PL, PT, RO, SE, SI, SK)",Ethiopia (incl. Eritrea 'ER' -> 1993),VEGETABLE PLAITING MATERIALS; VEGETABLE PRODUCTS NOT ELSEWHERE SPECIFIED OR INCLUDED,EXPORT,VALUE_IN_EUROS,2001,738
ESTAT:DS-045409(1.0),06/02/26 11:00:00,Annual,"European Union - 27 countries (AT, BE, BG, CY, CZ, DE, DK, EE, ES, FI, FR, GR, HR, HU, IE, IT, LT, LU, LV, MT, NL, PL, PT, RO, SE, SI, SK)",Ethiopia (incl. Eritrea 'ER' -> 1993),VEGETABLE PLAITING MATERIALS; VEGETABLE PRODUCTS NOT ELSEWHERE SPECIFIED OR INCLUDED,EXPORT,VALUE_IN_EUROS,2012,18679
ESTAT:DS-045409(1.0),06/02/26 11:00:00,Annual,"European Union - 27 countries (AT, BE, BG, CY, CZ, DE, DK, EE, ES, FI, FR, GR, HR, HU, IE, IT, LT, LU, LV, MT, NL, PL, PT, RO, SE, SI, SK)",Ethiopia (incl. Eritrea 'ER' -> 1993),VEGETABLE PLAITING MATERIALS; VEGETABLE PRODUCTS NOT ELSEWHERE SPECIFIED OR INCLUDED,EXPORT,VALUE_IN_EUROS,2014,1254
ESTAT:DS-045409(1.0),06/02/26 11:00:00,Annual,"European Union - 27 countries (AT, BE, BG, CY, CZ, DE, DK, EE, ES, FI, FR, GR, HR, HU, IE, IT, LT, LU, LV, MT, NL, PL, PT, RO, SE, SI, SK)",Ethiopia (incl. Eritrea 'ER' -> 1993),VEGETABLE PLAITING MATERIALS; VEGETABLE PRODUCTS NOT ELSEWHERE SPECIFIED OR INCLUDED,EXPORT,VALUE_IN_EUROS,2015,2030
ESTAT:DS-045409(1.0),06/02/26 11:00:00,Annual,"European Union - 27 countries (AT, BE, BG, CY, CZ, DE, DK, EE, ES, FI, FR, GR, HR, HU, IE, IT, LT, LU, LV, MT, NL, PL, PT, RO, SE, SI, SK)",Ethiopia (incl. Eritrea 'ER' -> 1993),VEGETABLE PLAITING MATERIALS; VEGETABLE PRODUCTS NOT ELSEWHERE SPECIFIED OR INCLUDED,EXPORT,VALUE_IN_EUROS,2016,11350
ESTAT:DS-045409(1.0),06/02/26 11:00:00,Annual,"European Union - 27 countries (AT, BE, BG, CY, CZ, DE, DK, EE, ES, FI, FR, GR, HR, HU, IE, IT, LT, LU, LV, MT, NL, PL, PT, RO, SE, SI, SK)",Ethiopia (incl. Eritrea 'ER' -> 1993),VEGETABLE PLAITING MATERIALS; VEGETABLE PRODUCTS NOT ELSEWHERE SPECIFIED OR INCLUDED,EXPORT,VALUE_IN_EUROS,2017,6575
ESTAT:DS-045409(1.0),06/02/26 11:00:00,Annual,"European Union - 27 countries (AT, BE, BG, CY, CZ, DE, DK, EE, ES, FI, FR, GR, HR, HU, IE, IT, LT, LU, LV, MT, NL, PL, PT, RO, SE, SI, SK)",Ethiopia (incl. Eritrea 'ER' -> 1993),VEGETABLE PLAITING MATERIALS; VEGETABLE PRODUCTS NOT ELSEWHERE SPECIFIED OR INCLUDED,EXPORT,VALUE_IN_EUROS,2018,9029
ESTAT:DS-045409(1.0),06/02/26 11:00:00,Annual,"European Union - 27 countries (AT, BE, BG, CY, CZ, DE, DK, EE, ES, FI, FR, GR, HR, HU, IE, IT, LT, LU, LV, MT, NL, PL, PT, RO, SE, SI, SK)",Ethiopia (incl. Eritrea 'ER' -> 1993),VEGETABLE PLAITING MATERIALS; VEGETABLE PRODUCTS NOT ELSEWHERE SPECIFIED OR INCLUDED,EXPORT,VALUE_IN_EUROS,2019,6629
ESTAT:DS-045409(1.0),06/02/26 11:00:00,Annual,"European Union - 27 countries (AT, BE, BG, CY, CZ, DE, DK, EE, ES, FI, FR, GR, HR, HU, IE, IT, LT, LU, LV, MT, NL, PL, PT, RO, SE, SI, SK)",Ethiopia (incl. Eritrea 'ER' -> 1993),VEGETABLE PLAITING MATERIALS; VEGETABLE PRODUCTS NOT ELSEWHERE SPECIFIED OR INCLUDED,EXPORT,VALUE_IN_EUROS,2020,6972
ESTAT:DS-045409(1.0),06/02/26 11:00:00,Annual,"European Union - 27 countries (AT, BE, BG, CY, CZ, DE, DK, EE, ES, FI, FR, GR, HR, HU, IE, IT, LT, LU, LV, MT, NL, PL, PT, RO, SE, SI, SK)",Ethiopia (incl. Eritrea 'ER' -> 1993),VEGETABLE PLAITING MATERIALS; VEGETABLE PRODUCTS NOT ELSEWHERE SPECIFIED OR INCLUDED,EXPORT,VALUE_IN_EUROS,2021,2968
ESTAT:DS-045409(1.0),06/02/26 11:00:00,Annual,"European Union - 27 countries (AT, BE, BG, CY, CZ, DE, DK, EE, ES, FI, FR, GR, HR, HU, IE, IT, LT, LU, LV, MT, NL, PL, PT, RO, SE, SI, SK)",Ethiopia (incl. Eritrea 'ER' -> 1993),VEGETABLE PLAITING MATERIALS; VEGETABLE PRODUCTS NOT ELSEWHERE SPECIFIED OR INCLUDED,EXPORT,VALUE_IN_EUROS,2024,2048
ESTAT:DS-045409(1.0),06/02/26 11:00:00,Annual,"European Union - 27 countries (AT, BE, BG, CY, CZ, DE, DK, EE, ES, FI, FR, GR, HR, HU, IE, IT, LT, LU, LV, MT, NL, PL, PT, RO, SE, SI, SK)",Gabon,VEGETABLE PLAITING MATERIALS; VEGETABLE PRODUCTS NOT ELSEWHERE SPECIFIED OR INCLUDED,EXPORT,VALUE_IN_EUROS,1999,1146
ESTAT:DS-045409(1.0),06/02/26 11:00:00,Annual,"European Union - 27 countries (AT, BE, BG, CY, CZ, DE, DK, EE, ES, FI, FR, GR, HR, HU, IE, IT, LT, LU, LV, MT, NL, PL, PT, RO, SE, SI, SK)",Gabon,VEGETABLE PLAITING MATERIALS; VEGETABLE PRODUCTS NOT ELSEWHERE SPECIFIED OR INCLUDED,EXPORT,VALUE_IN_EUROS,2000,6723
ESTAT:DS-045409(1.0),06/02/26 11:00:00,Annual,"European Union - 27 countries (AT, BE, BG, CY, CZ, DE, DK, EE, ES, FI, FR, GR, HR, HU, IE, IT, LT, LU, LV, MT, NL, PL, PT, RO, SE, SI, SK)",Gabon,VEGETABLE PLAITING MATERIALS; VEGETABLE PRODUCTS NOT ELSEWHERE SPECIFIED OR INCLUDED,EXPORT,VALUE_IN_EUROS,2001,4849
ESTAT:DS-045409(1.0),06/02/26 11:00:00,Annual,"European Union - 27 countries (AT, BE, BG, CY, CZ, DE, DK, EE, ES, FI, FR, GR, HR, HU, IE, IT, LT, LU, LV, MT, NL, PL, PT, RO, SE, SI, SK)",Gabon,VEGETABLE PLAITING MATERIALS; VEGETABLE PRODUCTS NOT ELSEWHERE SPECIFIED OR INCLUDED,EXPORT,VALUE_IN_EUROS,2002,12732
ESTAT:DS-045409(1.0),06/02/26 11:00:00,Annual,"European Union - 27 countries (AT, BE, BG, CY, CZ, DE, DK, EE, ES, FI, FR, GR, HR, HU, IE, IT, LT, LU, LV, MT, NL, PL, PT, RO, SE, SI, SK)",Gabon,VEGETABLE PLAITING MATERIALS; VEGETABLE PRODUCTS NOT ELSEWHERE SPECIFIED OR INCLUDED,EXPORT,VALUE_IN_EUROS,2003,14336
ESTAT:DS-045409(1.0),06/02/26 11:00:00,Annual,"European Union - 27 countries (AT, BE, BG, CY, CZ, DE, DK, EE, ES, FI, FR, GR, HR, HU, IE, IT, LT, LU, LV, MT, NL, PL, PT, RO, SE, SI, SK)",Gabon,VEGETABLE PLAITING MATERIALS; VEGETABLE PRODUCTS NOT ELSEWHERE SPECIFIED OR INCLUDED,EXPORT,VALUE_IN_EUROS,2004,17814
ESTAT:DS-045409(1.0),06/02/26 11:00:00,Annual,"European Union - 27 countries (AT, BE, BG, CY, CZ, DE, DK, EE, ES, FI, FR, GR, HR, HU, IE, IT, LT, LU, LV, MT, NL, PL, PT, RO, SE, SI, SK)",Gabon,VEGETABLE PLAITING MATERIALS; VEGETABLE PRODUCTS NOT ELSEWHERE SPECIFIED OR INCLUDED,EXPORT,VALUE_IN_EUROS,2005,37375
ESTAT:DS-045409(1.0),06/02/26 11:00:00,Annual,"European Union - 27 countries (AT, BE, BG, CY, CZ, DE, DK, EE, ES, FI, FR, GR, HR, HU, IE, IT, LT, LU, LV, MT, NL, PL, PT, RO, SE, SI, SK)",Gabon,VEGETABLE PLAITING MATERIALS; VEGETABLE PRODUCTS NOT ELSEWHERE SPECIFIED OR INCLUDED,EXPORT,VALUE_IN_EUROS,2006,26626
ESTAT:DS-045409(1.0),06/02/26 11:00:00,Annual,"European Union - 27 countries (AT, BE, BG, CY, CZ, DE, DK, EE, ES, FI, FR, GR, HR, HU, IE, IT, LT, LU, LV, MT, NL, PL, PT, RO, SE, SI, SK)",Gabon,VEGETABLE PLAITING MATERIALS; VEGETABLE PRODUCTS NOT ELSEWHERE SPECIFIED OR INCLUDED,EXPORT,VALUE_IN_EUROS,2007,2940
ESTAT:DS-045409(1.0),06/02/26 11:00:00,Annual,"European Union - 27 countries (AT, BE, BG, CY, CZ, DE, DK, EE, ES, FI, FR, GR, HR, HU, IE, IT, LT, LU, LV, MT, NL, PL, PT, RO, SE, SI, SK)",Gabon,VEGETABLE PLAITING MATERIALS; VEGETABLE PRODUCTS NOT ELSEWHERE SPECIFIED OR INCLUDED,EXPORT,VALUE_IN_EUROS,2008,56702
ESTAT:DS-045409(1.0),06/02/26 11:00:00,Annual,"European Union - 27 countries (AT, BE, BG, CY, CZ, DE, DK, EE, ES, FI, FR, GR, HR, HU, IE, IT, LT, LU, LV, MT, NL, PL, PT, RO, SE, SI, SK)",Gabon,VEGETABLE PLAITING MATERIALS; VEGETABLE PRODUCTS NOT ELSEWHERE SPECIFIED OR INCLUDED,EXPORT,VALUE_IN_EUROS,2009,26387
ESTAT:DS-045409(1.0),06/02/26 11:00:00,Annual,"European Union - 27 countries (AT, BE, BG, CY, CZ, DE, DK, EE, ES, FI, FR, GR, HR, HU, IE, IT, LT, LU, LV, MT, NL, PL, PT, RO, SE, SI, SK)",Gabon,VEGETABLE PLAITING MATERIALS; VEGETABLE PRODUCTS NOT ELSEWHERE SPECIFIED OR INCLUDED,EXPORT,VALUE_IN_EUROS,2010,40317
ESTAT:DS-045409(1.0),06/02/26 11:00:00,Annual,"European Union - 27 countries (AT, BE, BG, CY, CZ, DE, DK, EE, ES, FI, FR, GR, HR, HU, IE, IT, LT, LU, LV, MT, NL, PL, PT, RO, SE, SI, SK)",Gabon,VEGETABLE PLAITING MATERIALS; VEGETABLE PRODUCTS NOT ELSEWHERE SPECIFIED OR INCLUDED,EXPORT,VALUE_IN_EUROS,2011,35079
ESTAT:DS-045409(1.0),06/02/26 11:00:00,Annual,"European Union - 27 countries (AT, BE, BG, CY, CZ, DE, DK, EE, ES, FI, FR, GR, HR, HU, IE, IT, LT, LU, LV, MT, NL, PL, PT, RO, SE, SI, SK)",Gabon,VEGETABLE PLAITING MATERIALS; VEGETABLE PRODUCTS NOT ELSEWHERE SPECIFIED OR INCLUDED,EXPORT,VALUE_IN_EUROS,2012,76758
ESTAT:DS-045409(1.0),06/02/26 11:00:00,Annual,"European Union - 27 countries (AT, BE, BG, CY, CZ, DE, DK, EE, ES, FI, FR, GR, HR, HU, IE, IT, LT, LU, LV, MT, NL, PL, PT, RO, SE, SI, SK)",Gabon,VEGETABLE PLAITING MATERIALS; VEGETABLE PRODUCTS NOT ELSEWHERE SPECIFIED OR INCLUDED,EXPORT,VALUE_IN_EUROS,2013,84326
ESTAT:DS-045409(1.0),06/02/26 11:00:00,Annual,"European Union - 27 countries (AT, BE, BG, CY, CZ, DE, DK, EE, ES, FI, FR, GR, HR, HU, IE, IT, LT, LU, LV, MT, NL, PL, PT, RO, SE, SI, SK)",Gabon,VEGETABLE PLAITING MATERIALS; VEGETABLE PRODUCTS NOT ELSEWHERE SPECIFIED OR INCLUDED,EXPORT,VALUE_IN_EUROS,2014,44377
ESTAT:DS-045409(1.0),06/02/26 11:00:00,Annual,"European Union - 27 countries (AT, BE, BG, CY, CZ, DE, DK, EE, ES, FI, FR, GR, HR, HU, IE, IT, LT, LU, LV, MT, NL, PL, PT, RO, SE, SI, SK)",Gabon,VEGETABLE PLAITING MATERIALS; VEGETABLE PRODUCTS NOT ELSEWHERE SPECIFIED OR INCLUDED,EXPORT,VALUE_IN_EUROS,2015,50826
ESTAT:DS-045409(1.0),06/02/26 11:00:00,Annual,"European Union - 27 countries (AT, BE, BG, CY, CZ, DE, DK, EE, ES, FI, FR, GR, HR, HU, IE, IT, LT, LU, LV, MT, NL, PL, PT, RO, SE, SI, SK)",Gabon,VEGETABLE PLAITING MATERIALS; VEGETABLE PRODUCTS NOT ELSEWHERE SPECIFIED OR INCLUDED,EXPORT,VALUE_IN_EUROS,2016,52153
ESTAT:DS-045409(1.0),06/02/26 11:00:00,Annual,"European Union - 27 countries (AT, BE, BG, CY, CZ, DE, DK, EE, ES, FI, FR, GR, HR, HU, IE, IT, LT, LU, LV, MT, NL, PL, PT, RO, SE, SI, SK)",Gabon,VEGETABLE PLAITING MATERIALS; VEGETABLE PRODUCTS NOT ELSEWHERE SPECIFIED OR INCLUDED,EXPORT,VALUE_IN_EUROS,2017,17655
ESTAT:DS-045409(1.0),06/02/26 11:00:00,Annual,"European Union - 27 countries (AT, BE, BG, CY, CZ, DE, DK, EE, ES, FI, FR, GR, HR, HU, IE, IT, LT, LU, LV, MT, NL, PL, PT, RO, SE, SI, SK)",Gabon,VEGETABLE PLAITING MATERIALS; VEGETABLE PRODUCTS NOT ELSEWHERE SPECIFIED OR INCLUDED,EXPORT,VALUE_IN_EUROS,2018,8946
ESTAT:DS-045409(1.0),06/02/26 11:00:00,Annual,"European Union - 27 countries (AT, BE, BG, CY, CZ, DE, DK, EE, ES, FI, FR, GR, HR, HU, IE, IT, LT, LU, LV, MT, NL, PL, PT, RO, SE, SI, SK)",Gabon,VEGETABLE PLAITING MATERIALS; VEGETABLE PRODUCTS NOT ELSEWHERE SPECIFIED OR INCLUDED,EXPORT,VALUE_IN_EUROS,2019,6197
ESTAT:DS-045409(1.0),06/02/26 11:00:00,Annual,"European Union - 27 countries (AT, BE, BG, CY, CZ, DE, DK, EE, ES, FI, FR, GR, HR, HU, IE, IT, LT, LU, LV, MT, NL, PL, PT, RO, SE, SI, SK)",Gabon,VEGETABLE PLAITING MATERIALS; VEGETABLE PRODUCTS NOT ELSEWHERE SPECIFIED OR INCLUDED,EXPORT,VALUE_IN_EUROS,2020,8996
ESTAT:DS-045409(1.0),06/02/26 11:00:00,Annual,"European Union - 27 countries (AT, BE, BG, CY, CZ, DE, DK, EE, ES, FI, FR, GR, HR, HU, IE, IT, LT, LU, LV, MT, NL, PL, PT, RO, SE, SI, SK)",Gabon,VEGETABLE PLAITING MATERIALS; VEGETABLE PRODUCTS NOT ELSEWHERE SPECIFIED OR INCLUDED,EXPORT,VALUE_IN_EUROS,2021,6228
ESTAT:DS-045409(1.0),06/02/26 11:00:00,Annual,"European Union - 27 countries (AT, BE, BG, CY, CZ, DE, DK, EE, ES, FI, FR, GR, HR, HU, IE, IT, LT, LU, LV, MT, NL, PL, PT, RO, SE, SI, SK)",Gabon,VEGETABLE PLAITING MATERIALS; VEGETABLE PRODUCTS NOT ELSEWHERE SPECIFIED OR INCLUDED,EXPORT,VALUE_IN_EUROS,2022,24879
ESTAT:DS-045409(1.0),06/02/26 11:00:00,Annual,"European Union - 27 countries (AT, BE, BG, CY, CZ, DE, DK, EE, ES, FI, FR, GR, HR, HU, IE, IT, LT, LU, LV, MT, NL, PL, PT, RO, SE, SI, SK)",Gabon,VEGETABLE PLAITING MATERIALS; VEGETABLE PRODUCTS NOT ELSEWHERE SPECIFIED OR INCLUDED,EXPORT,VALUE_IN_EUROS,2023,44869
ESTAT:DS-045409(1.0),06/02/26 11:00:00,Annual,"European Union - 27 countries (AT, BE, BG, CY, CZ, DE, DK, EE, ES, FI, FR, GR, HR, HU, IE, IT, LT, LU, LV, MT, NL, PL, PT, RO, SE, SI, SK)",Gabon,VEGETABLE PLAITING MATERIALS; VEGETABLE PRODUCTS NOT ELSEWHERE SPECIFIED OR INCLUDED,EXPORT,VALUE_IN_EUROS,2024,140682
ESTAT:DS-045409(1.0),06/02/26 11:00:00,Annual,"European Union - 27 countries (AT, BE, BG, CY, CZ, DE, DK, EE, ES, FI, FR, GR, HR, HU, IE, IT, LT, LU, LV, MT, NL, PL, PT, RO, SE, SI, SK)",Ghana,VEGETABLE PLAITING MATERIALS; VEGETABLE PRODUCTS NOT ELSEWHERE SPECIFIED OR INCLUDED,EXPORT,VALUE_IN_EUROS,2002,2873
ESTAT:DS-045409(1.0),06/02/26 11:00:00,Annual,"European Union - 27 countries (AT, BE, BG, CY, CZ, DE, DK, EE, ES, FI, FR, GR, HR, HU, IE, IT, LT, LU, LV, MT, NL, PL, PT, RO, SE, SI, SK)",Ghana,VEGETABLE PLAITING MATERIALS; VEGETABLE PRODUCTS NOT ELSEWHERE SPECIFIED OR INCLUDED,EXPORT,VALUE_IN_EUROS,2003,1335
ESTAT:DS-045409(1.0),06/02/26 11:00:00,Annual,"European Union - 27 countries (AT, BE, BG, CY, CZ, DE, DK, EE, ES, FI, FR, GR, HR, HU, IE, IT, LT, LU, LV, MT, NL, PL, PT, RO, SE, SI, SK)",Ghana,VEGETABLE PLAITING MATERIALS; VEGETABLE PRODUCTS NOT ELSEWHERE SPECIFIED OR INCLUDED,EXPORT,VALUE_IN_EUROS,2004,1492
ESTAT:DS-045409(1.0),06/02/26 11:00:00,Annual,"European Union - 27 countries (AT, BE, BG, CY, CZ, DE, DK, EE, ES, FI, FR, GR, HR, HU, IE, IT, LT, LU, LV, MT, NL, PL, PT, RO, SE, SI, SK)",Ghana,VEGETABLE PLAITING MATERIALS; VEGETABLE PRODUCTS NOT ELSEWHERE SPECIFIED OR INCLUDED,EXPORT,VALUE_IN_EUROS,2005,1357
ESTAT:DS-045409(1.0),06/02/26 11:00:00,Annual,"European Union - 27 countries (AT, BE, BG, CY, CZ, DE, DK, EE, ES, FI, FR, GR, HR, HU, IE, IT, LT, LU, LV, MT, NL, PL, PT, RO, SE, SI, SK)",Ghana,VEGETABLE PLAITING MATERIALS; VEGETABLE PRODUCTS NOT ELSEWHERE SPECIFIED OR INCLUDED,EXPORT,VALUE_IN_EUROS,2006,850
ESTAT:DS-045409(1.0),06/02/26 11:00:00,Annual,"European Union - 27 countries (AT, BE, BG, CY, CZ, DE, DK, EE, ES, FI, FR, GR, HR, HU, IE, IT, LT, LU, LV, MT, NL, PL, PT, RO, SE, SI, SK)",Ghana,VEGETABLE PLAITING MATERIALS; VEGETABLE PRODUCTS NOT ELSEWHERE SPECIFIED OR INCLUDED,EXPORT,VALUE_IN_EUROS,2008,3785
ESTAT:DS-045409(1.0),06/02/26 11:00:00,Annual,"European Union - 27 countries (AT, BE, BG, CY, CZ, DE, DK, EE, ES, FI, FR, GR, HR, HU, IE, IT, LT, LU, LV, MT, NL, PL, PT, RO, SE, SI, SK)",Ghana,VEGETABLE PLAITING MATERIALS; VEGETABLE PRODUCTS NOT ELSEWHERE SPECIFIED OR INCLUDED,EXPORT,VALUE_IN_EUROS,2009,2240
ESTAT:DS-045409(1.0),06/02/26 11:00:00,Annual,"European Union - 27 countries (AT, BE, BG, CY, CZ, DE, DK, EE, ES, FI, FR, GR, HR, HU, IE, IT, LT, LU, LV, MT, NL, PL, PT, RO, SE, SI, SK)",Ghana,VEGETABLE PLAITING MATERIALS; VEGETABLE PRODUCTS NOT ELSEWHERE SPECIFIED OR INCLUDED,EXPORT,VALUE_IN_EUROS,2012,3905
ESTAT:DS-045409(1.0),06/02/26 11:00:00,Annual,"European Union - 27 countries (AT, BE, BG, CY, CZ, DE, DK, EE, ES, FI, FR, GR, HR, HU, IE, IT, LT, LU, LV, MT, NL, PL, PT, RO, SE, SI, SK)",Ghana,VEGETABLE PLAITING MATERIALS; VEGETABLE PRODUCTS NOT ELSEWHERE SPECIFIED OR INCLUDED,EXPORT,VALUE_IN_EUROS,2014,3821
ESTAT:DS-045409(1.0),06/02/26 11:00:00,Annual,"European Union - 27 countries (AT, BE, BG, CY, CZ, DE, DK, EE, ES, FI, FR, GR, HR, HU, IE, IT, LT, LU, LV, MT, NL, PL, PT, RO, SE, SI, SK)",Ghana,VEGETABLE PLAITING MATERIALS; VEGETABLE PRODUCTS NOT ELSEWHERE SPECIFIED OR INCLUDED,EXPORT,VALUE_IN_EUROS,2015,3775
ESTAT:DS-045409(1.0),06/02/26 11:00:00,Annual,"European Union - 27 countries (AT, BE, BG, CY, CZ, DE, DK, EE, ES, FI, FR, GR, HR, HU, IE, IT, LT, LU, LV, MT, NL, PL, PT, RO, SE, SI, SK)",Ghana,VEGETABLE PLAITING MATERIALS; VEGETABLE PRODUCTS NOT ELSEWHERE SPECIFIED OR INCLUDED,EXPORT,VALUE_IN_EUROS,2016,5456
ESTAT:DS-045409(1.0),06/02/26 11:00:00,Annual,"European Union - 27 countries (AT, BE, BG, CY, CZ, DE, DK, EE, ES, FI, FR, GR, HR, HU, IE, IT, LT, LU, LV, MT, NL, PL, PT, RO, SE, SI, SK)",Ghana,VEGETABLE PLAITING MATERIALS; VEGETABLE PRODUCTS NOT ELSEWHERE SPECIFIED OR INCLUDED,EXPORT,VALUE_IN_EUROS,2017,76986
ESTAT:DS-045409(1.0),06/02/26 11:00:00,Annual,"European Union - 27 countries (AT, BE, BG, CY, CZ, DE, DK, EE, ES, FI, FR, GR, HR, HU, IE, IT, LT, LU, LV, MT, NL, PL, PT, RO, SE, SI, SK)",Ghana,VEGETABLE PLAITING MATERIALS; VEGETABLE PRODUCTS NOT ELSEWHERE SPECIFIED OR INCLUDED,EXPORT,VALUE_IN_EUROS,2018,30843
ESTAT:DS-045409(1.0),06/02/26 11:00:00,Annual,"European Union - 27 countries (AT, BE, BG, CY, CZ, DE, DK, EE, ES, FI, FR, GR, HR, HU, IE, IT, LT, LU, LV, MT, NL, PL, PT, RO, SE, SI, SK)",Ghana,VEGETABLE PLAITING MATERIALS; VEGETABLE PRODUCTS NOT ELSEWHERE SPECIFIED OR INCLUDED,EXPORT,VALUE_IN_EUROS,2019,33724
ESTAT:DS-045409(1.0),06/02/26 11:00:00,Annual,"European Union - 27 countries (AT, BE, BG, CY, CZ, DE, DK, EE, ES, FI, FR, GR, HR, HU, IE, IT, LT, LU, LV, MT, NL, PL, PT, RO, SE, SI, SK)",Ghana,VEGETABLE PLAITING MATERIALS; VEGETABLE PRODUCTS NOT ELSEWHERE SPECIFIED OR INCLUDED,EXPORT,VALUE_IN_EUROS,2020,4744
ESTAT:DS-045409(1.0),06/02/26 11:00:00,Annual,"European Union - 27 countries (AT, BE, BG, CY, CZ, DE, DK, EE, ES, FI, FR, GR, HR, HU, IE, IT, LT, LU, LV, MT, NL, PL, PT, RO, SE, SI, SK)",Ghana,VEGETABLE PLAITING MATERIALS; VEGETABLE PRODUCTS NOT ELSEWHERE SPECIFIED OR INCLUDED,EXPORT,VALUE_IN_EUROS,2021,72
ESTAT:DS-045409(1.0),06/02/26 11:00:00,Annual,"European Union - 27 countries (AT, BE, BG, CY, CZ, DE, DK, EE, ES, FI, FR, GR, HR, HU, IE, IT, LT, LU, LV, MT, NL, PL, PT, RO, SE, SI, SK)",Ghana,VEGETABLE PLAITING MATERIALS; VEGETABLE PRODUCTS NOT ELSEWHERE SPECIFIED OR INCLUDED,EXPORT,VALUE_IN_EUROS,2022,117
ESTAT:DS-045409(1.0),06/02/26 11:00:00,Annual,"European Union - 27 countries (AT, BE, BG, CY, CZ, DE, DK, EE, ES, FI, FR, GR, HR, HU, IE, IT, LT, LU, LV, MT, NL, PL, PT, RO, SE, SI, SK)",Ghana,VEGETABLE PLAITING MATERIALS; VEGETABLE PRODUCTS NOT ELSEWHERE SPECIFIED OR INCLUDED,EXPORT,VALUE_IN_EUROS,2023,20
ESTAT:DS-045409(1.0),06/02/26 11:00:00,Annual,"European Union - 27 countries (AT, BE, BG, CY, CZ, DE, DK, EE, ES, FI, FR, GR, HR, HU, IE, IT, LT, LU, LV, MT, NL, PL, PT, RO, SE, SI, SK)",Ghana,VEGETABLE PLAITING MATERIALS; VEGETABLE PRODUCTS NOT ELSEWHERE SPECIFIED OR INCLUDED,EXPORT,VALUE_IN_EUROS,2024,133514
ESTAT:DS-045409(1.0),06/02/26 11:00:00,Annual,"European Union - 27 countries (AT, BE, BG, CY, CZ, DE, DK, EE, ES, FI, FR, GR, HR, HU, IE, IT, LT, LU, LV, MT, NL, PL, PT, RO, SE, SI, SK)",Gambia,VEGETABLE PLAITING MATERIALS; VEGETABLE PRODUCTS NOT ELSEWHERE SPECIFIED OR INCLUDED,EXPORT,VALUE_IN_EUROS,1999,2260
ESTAT:DS-045409(1.0),06/02/26 11:00:00,Annual,"European Union - 27 countries (AT, BE, BG, CY, CZ, DE, DK, EE, ES, FI, FR, GR, HR, HU, IE, IT, LT, LU, LV, MT, NL, PL, PT, RO, SE, SI, SK)",Gambia,VEGETABLE PLAITING MATERIALS; VEGETABLE PRODUCTS NOT ELSEWHERE SPECIFIED OR INCLUDED,EXPORT,VALUE_IN_EUROS,2000,6976
ESTAT:DS-045409(1.0),06/02/26 11:00:00,Annual,"European Union - 27 countries (AT, BE, BG, CY, CZ, DE, DK, EE, ES, FI, FR, GR, HR, HU, IE, IT, LT, LU, LV, MT, NL, PL, PT, RO, SE, SI, SK)",Gambia,VEGETABLE PLAITING MATERIALS; VEGETABLE PRODUCTS NOT ELSEWHERE SPECIFIED OR INCLUDED,EXPORT,VALUE_IN_EUROS,2001,8015
ESTAT:DS-045409(1.0),06/02/26 11:00:00,Annual,"European Union - 27 countries (AT, BE, BG, CY, CZ, DE, DK, EE, ES, FI, FR, GR, HR, HU, IE, IT, LT, LU, LV, MT, NL, PL, PT, RO, SE, SI, SK)",Gambia,VEGETABLE PLAITING MATERIALS; VEGETABLE PRODUCTS NOT ELSEWHERE SPECIFIED OR INCLUDED,EXPORT,VALUE_IN_EUROS,2002,1543
ESTAT:DS-045409(1.0),06/02/26 11:00:00,Annual,"European Union - 27 countries (AT, BE, BG, CY, CZ, DE, DK, EE, ES, FI, FR, GR, HR, HU, IE, IT, LT, LU, LV, MT, NL, PL, PT, RO, SE, SI, SK)",Gambia,VEGETABLE PLAITING MATERIALS; VEGETABLE PRODUCTS NOT ELSEWHERE SPECIFIED OR INCLUDED,EXPORT,VALUE_IN_EUROS,2003,5024
ESTAT:DS-045409(1.0),06/02/26 11:00:00,Annual,"European Union - 27 countries (AT, BE, BG, CY, CZ, DE, DK, EE, ES, FI, FR, GR, HR, HU, IE, IT, LT, LU, LV, MT, NL, PL, PT, RO, SE, SI, SK)",Gambia,VEGETABLE PLAITING MATERIALS; VEGETABLE PRODUCTS NOT ELSEWHERE SPECIFIED OR INCLUDED,EXPORT,VALUE_IN_EUROS,2005,37032
ESTAT:DS-045409(1.0),06/02/26 11:00:00,Annual,"European Union - 27 countries (AT, BE, BG, CY, CZ, DE, DK, EE, ES, FI, FR, GR, HR, HU, IE, IT, LT, LU, LV, MT, NL, PL, PT, RO, SE, SI, SK)",Gambia,VEGETABLE PLAITING MATERIALS; VEGETABLE PRODUCTS NOT ELSEWHERE SPECIFIED OR INCLUDED,EXPORT,VALUE_IN_EUROS,2008,23911
ESTAT:DS-045409(1.0),06/02/26 11:00:00,Annual,"European Union - 27 countries (AT, BE, BG, CY, CZ, DE, DK, EE, ES, FI, FR, GR, HR, HU, IE, IT, LT, LU, LV, MT, NL, PL, PT, RO, SE, SI, SK)",Gambia,VEGETABLE PLAITING MATERIALS; VEGETABLE PRODUCTS NOT ELSEWHERE SPECIFIED OR INCLUDED,EXPORT,VALUE_IN_EUROS,2009,46760
ESTAT:DS-045409(1.0),06/02/26 11:00:00,Annual,"European Union - 27 countries (AT, BE, BG, CY, CZ, DE, DK, EE, ES, FI, FR, GR, HR, HU, IE, IT, LT, LU, LV, MT, NL, PL, PT, RO, SE, SI, SK)",Gambia,VEGETABLE PLAITING MATERIALS; VEGETABLE PRODUCTS NOT ELSEWHERE SPECIFIED OR INCLUDED,EXPORT,VALUE_IN_EUROS,2011,38418
ESTAT:DS-045409(1.0),06/02/26 11:00:00,Annual,"European Union - 27 countries (AT, BE, BG, CY, CZ, DE, DK, EE, ES, FI, FR, GR, HR, HU, IE, IT, LT, LU, LV, MT, NL, PL, PT, RO, SE, SI, SK)",Gambia,VEGETABLE PLAITING MATERIALS; VEGETABLE PRODUCTS NOT ELSEWHERE SPECIFIED OR INCLUDED,EXPORT,VALUE_IN_EUROS,2015,11900
ESTAT:DS-045409(1.0),06/02/26 11:00:00,Annual,"European Union - 27 countries (AT, BE, BG, CY, CZ, DE, DK, EE, ES, FI, FR, GR, HR, HU, IE, IT, LT, LU, LV, MT, NL, PL, PT, RO, SE, SI, SK)",Gambia,VEGETABLE PLAITING MATERIALS; VEGETABLE PRODUCTS NOT ELSEWHERE SPECIFIED OR INCLUDED,EXPORT,VALUE_IN_EUROS,2017,2772
ESTAT:DS-045409(1.0),06/02/26 11:00:00,Annual,"European Union - 27 countries (AT, BE, BG, CY, CZ, DE, DK, EE, ES, FI, FR, GR, HR, HU, IE, IT, LT, LU, LV, MT, NL, PL, PT, RO, SE, SI, SK)",Gambia,VEGETABLE PLAITING MATERIALS; VEGETABLE PRODUCTS NOT ELSEWHERE SPECIFIED OR INCLUDED,EXPORT,VALUE_IN_EUROS,2018,7680
ESTAT:DS-045409(1.0),06/02/26 11:00:00,Annual,"European Union - 27 countries (AT, BE, BG, CY, CZ, DE, DK, EE, ES, FI, FR, GR, HR, HU, IE, IT, LT, LU, LV, MT, NL, PL, PT, RO, SE, SI, SK)",Gambia,VEGETABLE PLAITING MATERIALS; VEGETABLE PRODUCTS NOT ELSEWHERE SPECIFIED OR INCLUDED,EXPORT,VALUE_IN_EUROS,2019,22939
ESTAT:DS-045409(1.0),06/02/26 11:00:00,Annual,"European Union - 27 countries (AT, BE, BG, CY, CZ, DE, DK, EE, ES, FI, FR, GR, HR, HU, IE, IT, LT, LU, LV, MT, NL, PL, PT, RO, SE, SI, SK)",Gambia,VEGETABLE PLAITING MATERIALS; VEGETABLE PRODUCTS NOT ELSEWHERE SPECIFIED OR INCLUDED,EXPORT,VALUE_IN_EUROS,2020,41545
ESTAT:DS-045409(1.0),06/02/26 11:00:00,Annual,"European Union - 27 countries (AT, BE, BG, CY, CZ, DE, DK, EE, ES, FI, FR, GR, HR, HU, IE, IT, LT, LU, LV, MT, NL, PL, PT, RO, SE, SI, SK)",Gambia,VEGETABLE PLAITING MATERIALS; VEGETABLE PRODUCTS NOT ELSEWHERE SPECIFIED OR INCLUDED,EXPORT,VALUE_IN_EUROS,2021,309825
ESTAT:DS-045409(1.0),06/02/26 11:00:00,Annual,"European Union - 27 countries (AT, BE, BG, CY, CZ, DE, DK, EE, ES, FI, FR, GR, HR, HU, IE, IT, LT, LU, LV, MT, NL, PL, PT, RO, SE, SI, SK)",Gambia,VEGETABLE PLAITING MATERIALS; VEGETABLE PRODUCTS NOT ELSEWHERE SPECIFIED OR INCLUDED,EXPORT,VALUE_IN_EUROS,2022,147946
ESTAT:DS-045409(1.0),06/02/26 11:00:00,Annual,"European Union - 27 countries (AT, BE, BG, CY, CZ, DE, DK, EE, ES, FI, FR, GR, HR, HU, IE, IT, LT, LU, LV, MT, NL, PL, PT, RO, SE, SI, SK)",Gambia,VEGETABLE PLAITING MATERIALS; VEGETABLE PRODUCTS NOT ELSEWHERE SPECIFIED OR INCLUDED,EXPORT,VALUE_IN_EUROS,2023,224544
ESTAT:DS-045409(1.0),06/02/26 11:00:00,Annual,"European Union - 27 countries (AT, BE, BG, CY, CZ, DE, DK, EE, ES, FI, FR, GR, HR, HU, IE, IT, LT, LU, LV, MT, NL, PL, PT, RO, SE, SI, SK)",Gambia,VEGETABLE PLAITING MATERIALS; VEGETABLE PRODUCTS NOT ELSEWHERE SPECIFIED OR INCLUDED,EXPORT,VALUE_IN_EUROS,2024,51900
ESTAT:DS-045409(1.0),06/02/26 11:00:00,Annual,"European Union - 27 countries (AT, BE, BG, CY, CZ, DE, DK, EE, ES, FI, FR, GR, HR, HU, IE, IT, LT, LU, LV, MT, NL, PL, PT, RO, SE, SI, SK)",Guinea,VEGETABLE PLAITING MATERIALS; VEGETABLE PRODUCTS NOT ELSEWHERE SPECIFIED OR INCLUDED,EXPORT,VALUE_IN_EUROS,2002,4019
ESTAT:DS-045409(1.0),06/02/26 11:00:00,Annual,"European Union - 27 countries (AT, BE, BG, CY, CZ, DE, DK, EE, ES, FI, FR, GR, HR, HU, IE, IT, LT, LU, LV, MT, NL, PL, PT, RO, SE, SI, SK)",Guinea,VEGETABLE PLAITING MATERIALS; VEGETABLE PRODUCTS NOT ELSEWHERE SPECIFIED OR INCLUDED,EXPORT,VALUE_IN_EUROS,2012,221
ESTAT:DS-045409(1.0),06/02/26 11:00:00,Annual,"European Union - 27 countries (AT, BE, BG, CY, CZ, DE, DK, EE, ES, FI, FR, GR, HR, HU, IE, IT, LT, LU, LV, MT, NL, PL, PT, RO, SE, SI, SK)",Guinea,VEGETABLE PLAITING MATERIALS; VEGETABLE PRODUCTS NOT ELSEWHERE SPECIFIED OR INCLUDED,EXPORT,VALUE_IN_EUROS,2015,3
ESTAT:DS-045409(1.0),06/02/26 11:00:00,Annual,"European Union - 27 countries (AT, BE, BG, CY, CZ, DE, DK, EE, ES, FI, FR, GR, HR, HU, IE, IT, LT, LU, LV, MT, NL, PL, PT, RO, SE, SI, SK)",Guinea,VEGETABLE PLAITING MATERIALS; VEGETABLE PRODUCTS NOT ELSEWHERE SPECIFIED OR INCLUDED,EXPORT,VALUE_IN_EUROS,2016,10887
ESTAT:DS-045409(1.0),06/02/26 11:00:00,Annual,"European Union - 27 countries (AT, BE, BG, CY, CZ, DE, DK, EE, ES, FI, FR, GR, HR, HU, IE, IT, LT, LU, LV, MT, NL, PL, PT, RO, SE, SI, SK)",Guinea,VEGETABLE PLAITING MATERIALS; VEGETABLE PRODUCTS NOT ELSEWHERE SPECIFIED OR INCLUDED,EXPORT,VALUE_IN_EUROS,2017,16712
ESTAT:DS-045409(1.0),06/02/26 11:00:00,Annual,"European Union - 27 countries (AT, BE, BG, CY, CZ, DE, DK, EE, ES, FI, FR, GR, HR, HU, IE, IT, LT, LU, LV, MT, NL, PL, PT, RO, SE, SI, SK)",Guinea,VEGETABLE PLAITING MATERIALS; VEGETABLE PRODUCTS NOT ELSEWHERE SPECIFIED OR INCLUDED,EXPORT,VALUE_IN_EUROS,2020,2423
ESTAT:DS-045409(1.0),06/02/26 11:00:00,Annual,"European Union - 27 countries (AT, BE, BG, CY, CZ, DE, DK, EE, ES, FI, FR, GR, HR, HU, IE, IT, LT, LU, LV, MT, NL, PL, PT, RO, SE, SI, SK)",Guinea,VEGETABLE PLAITING MATERIALS; VEGETABLE PRODUCTS NOT ELSEWHERE SPECIFIED OR INCLUDED,EXPORT,VALUE_IN_EUROS,2021,19070
ESTAT:DS-045409(1.0),06/02/26 11:00:00,Annual,"European Union - 27 countries (AT, BE, BG, CY, CZ, DE, DK, EE, ES, FI, FR, GR, HR, HU, IE, IT, LT, LU, LV, MT, NL, PL, PT, RO, SE, SI, SK)",Guinea,VEGETABLE PLAITING MATERIALS; VEGETABLE PRODUCTS NOT ELSEWHERE SPECIFIED OR INCLUDED,EXPORT,VALUE_IN_EUROS,2022,146502
ESTAT:DS-045409(1.0),06/02/26 11:00:00,Annual,"European Union - 27 countries (AT, BE, BG, CY, CZ, DE, DK, EE, ES, FI, FR, GR, HR, HU, IE, IT, LT, LU, LV, MT, NL, PL, PT, RO, SE, SI, SK)",Guinea,VEGETABLE PLAITING MATERIALS; VEGETABLE PRODUCTS NOT ELSEWHERE SPECIFIED OR INCLUDED,EXPORT,VALUE_IN_EUROS,2023,182120
ESTAT:DS-045409(1.0),06/02/26 11:00:00,Annual,"European Union - 27 countries (AT, BE, BG, CY, CZ, DE, DK, EE, ES, FI, FR, GR, HR, HU, IE, IT, LT, LU, LV, MT, NL, PL, PT, RO, SE, SI, SK)",Guinea,VEGETABLE PLAITING MATERIALS; VEGETABLE PRODUCTS NOT ELSEWHERE SPECIFIED OR INCLUDED,EXPORT,VALUE_IN_EUROS,2024,65098
ESTAT:DS-045409(1.0),06/02/26 11:00:00,Annual,"European Union - 27 countries (AT, BE, BG, CY, CZ, DE, DK, EE, ES, FI, FR, GR, HR, HU, IE, IT, LT, LU, LV, MT, NL, PL, PT, RO, SE, SI, SK)",Equatorial Guinea,VEGETABLE PLAITING MATERIALS; VEGETABLE PRODUCTS NOT ELSEWHERE SPECIFIED OR INCLUDED,EXPORT,VALUE_IN_EUROS,2000,1160
ESTAT:DS-045409(1.0),06/02/26 11:00:00,Annual,"European Union - 27 countries (AT, BE, BG, CY, CZ, DE, DK, EE, ES, FI, FR, GR, HR, HU, IE, IT, LT, LU, LV, MT, NL, PL, PT, RO, SE, SI, SK)",Equatorial Guinea,VEGETABLE PLAITING MATERIALS; VEGETABLE PRODUCTS NOT ELSEWHERE SPECIFIED OR INCLUDED,EXPORT,VALUE_IN_EUROS,2001,13570
ESTAT:DS-045409(1.0),06/02/26 11:00:00,Annual,"European Union - 27 countries (AT, BE, BG, CY, CZ, DE, DK, EE, ES, FI, FR, GR, HR, HU, IE, IT, LT, LU, LV, MT, NL, PL, PT, RO, SE, SI, SK)",Equatorial Guinea,VEGETABLE PLAITING MATERIALS; VEGETABLE PRODUCTS NOT ELSEWHERE SPECIFIED OR INCLUDED,EXPORT,VALUE_IN_EUROS,2002,1500
ESTAT:DS-045409(1.0),06/02/26 11:00:00,Annual,"European Union - 27 countries (AT, BE, BG, CY, CZ, DE, DK, EE, ES, FI, FR, GR, HR, HU, IE, IT, LT, LU, LV, MT, NL, PL, PT, RO, SE, SI, SK)",Equatorial Guinea,VEGETABLE PLAITING MATERIALS; VEGETABLE PRODUCTS NOT ELSEWHERE SPECIFIED OR INCLUDED,EXPORT,VALUE_IN_EUROS,2003,3370
ESTAT:DS-045409(1.0),06/02/26 11:00:00,Annual,"European Union - 27 countries (AT, BE, BG, CY, CZ, DE, DK, EE, ES, FI, FR, GR, HR, HU, IE, IT, LT, LU, LV, MT, NL, PL, PT, RO, SE, SI, SK)",Equatorial Guinea,VEGETABLE PLAITING MATERIALS; VEGETABLE PRODUCTS NOT ELSEWHERE SPECIFIED OR INCLUDED,EXPORT,VALUE_IN_EUROS,2004,11236
ESTAT:DS-045409(1.0),06/02/26 11:00:00,Annual,"European Union - 27 countries (AT, BE, BG, CY, CZ, DE, DK, EE, ES, FI, FR, GR, HR, HU, IE, IT, LT, LU, LV, MT, NL, PL, PT, RO, SE, SI, SK)",Equatorial Guinea,VEGETABLE PLAITING MATERIALS; VEGETABLE PRODUCTS NOT ELSEWHERE SPECIFIED OR INCLUDED,EXPORT,VALUE_IN_EUROS,2005,1680
ESTAT:DS-045409(1.0),06/02/26 11:00:00,Annual,"European Union - 27 countries (AT, BE, BG, CY, CZ, DE, DK, EE, ES, FI, FR, GR, HR, HU, IE, IT, LT, LU, LV, MT, NL, PL, PT, RO, SE, SI, SK)",Equatorial Guinea,VEGETABLE PLAITING MATERIALS; VEGETABLE PRODUCTS NOT ELSEWHERE SPECIFIED OR INCLUDED,EXPORT,VALUE_IN_EUROS,2006,6655
ESTAT:DS-045409(1.0),06/02/26 11:00:00,Annual,"European Union - 27 countries (AT, BE, BG, CY, CZ, DE, DK, EE, ES, FI, FR, GR, HR, HU, IE, IT, LT, LU, LV, MT, NL, PL, PT, RO, SE, SI, SK)",Equatorial Guinea,VEGETABLE PLAITING MATERIALS; VEGETABLE PRODUCTS NOT ELSEWHERE SPECIFIED OR INCLUDED,EXPORT,VALUE_IN_EUROS,2007,5843
ESTAT:DS-045409(1.0),06/02/26 11:00:00,Annual,"European Union - 27 countries (AT, BE, BG, CY, CZ, DE, DK, EE, ES, FI, FR, GR, HR, HU, IE, IT, LT, LU, LV, MT, NL, PL, PT, RO, SE, SI, SK)",Equatorial Guinea,VEGETABLE PLAITING MATERIALS; VEGETABLE PRODUCTS NOT ELSEWHERE SPECIFIED OR INCLUDED,EXPORT,VALUE_IN_EUROS,2008,46016
ESTAT:DS-045409(1.0),06/02/26 11:00:00,Annual,"European Union - 27 countries (AT, BE, BG, CY, CZ, DE, DK, EE, ES, FI, FR, GR, HR, HU, IE, IT, LT, LU, LV, MT, NL, PL, PT, RO, SE, SI, SK)",Equatorial Guinea,VEGETABLE PLAITING MATERIALS; VEGETABLE PRODUCTS NOT ELSEWHERE SPECIFIED OR INCLUDED,EXPORT,VALUE_IN_EUROS,2009,83148
ESTAT:DS-045409(1.0),06/02/26 11:00:00,Annual,"European Union - 27 countries (AT, BE, BG, CY, CZ, DE, DK, EE, ES, FI, FR, GR, HR, HU, IE, IT, LT, LU, LV, MT, NL, PL, PT, RO, SE, SI, SK)",Equatorial Guinea,VEGETABLE PLAITING MATERIALS; VEGETABLE PRODUCTS NOT ELSEWHERE SPECIFIED OR INCLUDED,EXPORT,VALUE_IN_EUROS,2010,78929
ESTAT:DS-045409(1.0),06/02/26 11:00:00,Annual,"European Union - 27 countries (AT, BE, BG, CY, CZ, DE, DK, EE, ES, FI, FR, GR, HR, HU, IE, IT, LT, LU, LV, MT, NL, PL, PT, RO, SE, SI, SK)",Equatorial Guinea,VEGETABLE PLAITING MATERIALS; VEGETABLE PRODUCTS NOT ELSEWHERE SPECIFIED OR INCLUDED,EXPORT,VALUE_IN_EUROS,2011,14827
ESTAT:DS-045409(1.0),06/02/26 11:00:00,Annual,"European Union - 27 countries (AT, BE, BG, CY, CZ, DE, DK, EE, ES, FI, FR, GR, HR, HU, IE, IT, LT, LU, LV, MT, NL, PL, PT, RO, SE, SI, SK)",Equatorial Guinea,VEGETABLE PLAITING MATERIALS; VEGETABLE PRODUCTS NOT ELSEWHERE SPECIFIED OR INCLUDED,EXPORT,VALUE_IN_EUROS,2012,58257
ESTAT:DS-045409(1.0),06/02/26 11:00:00,Annual,"European Union - 27 countries (AT, BE, BG, CY, CZ, DE, DK, EE, ES, FI, FR, GR, HR, HU, IE, IT, LT, LU, LV, MT, NL, PL, PT, RO, SE, SI, SK)",Equatorial Guinea,VEGETABLE PLAITING MATERIALS; VEGETABLE PRODUCTS NOT ELSEWHERE SPECIFIED OR INCLUDED,EXPORT,VALUE_IN_EUROS,2013,231945
ESTAT:DS-045409(1.0),06/02/26 11:00:00,Annual,"European Union - 27 countries (AT, BE, BG, CY, CZ, DE, DK, EE, ES, FI, FR, GR, HR, HU, IE, IT, LT, LU, LV, MT, NL, PL, PT, RO, SE, SI, SK)",Equatorial Guinea,VEGETABLE PLAITING MATERIALS; VEGETABLE PRODUCTS NOT ELSEWHERE SPECIFIED OR INCLUDED,EXPORT,VALUE_IN_EUROS,2014,73670
ESTAT:DS-045409(1.0),06/02/26 11:00:00,Annual,"European Union - 27 countries (AT, BE, BG, CY, CZ, DE, DK, EE, ES, FI, FR, GR, HR, HU, IE, IT, LT, LU, LV, MT, NL, PL, PT, RO, SE, SI, SK)",Equatorial Guinea,VEGETABLE PLAITING MATERIALS; VEGETABLE PRODUCTS NOT ELSEWHERE SPECIFIED OR INCLUDED,EXPORT,VALUE_IN_EUROS,2015,54532
ESTAT:DS-045409(1.0),06/02/26 11:00:00,Annual,"European Union - 27 countries (AT, BE, BG, CY, CZ, DE, DK, EE, ES, FI, FR, GR, HR, HU, IE, IT, LT, LU, LV, MT, NL, PL, PT, RO, SE, SI, SK)",Equatorial Guinea,VEGETABLE PLAITING MATERIALS; VEGETABLE PRODUCTS NOT ELSEWHERE SPECIFIED OR INCLUDED,EXPORT,VALUE_IN_EUROS,2016,52277
ESTAT:DS-045409(1.0),06/02/26 11:00:00,Annual,"European Union - 27 countries (AT, BE, BG, CY, CZ, DE, DK, EE, ES, FI, FR, GR, HR, HU, IE, IT, LT, LU, LV, MT, NL, PL, PT, RO, SE, SI, SK)",Equatorial Guinea,VEGETABLE PLAITING MATERIALS; VEGETABLE PRODUCTS NOT ELSEWHERE SPECIFIED OR INCLUDED,EXPORT,VALUE_IN_EUROS,2017,34699
ESTAT:DS-045409(1.0),06/02/26 11:00:00,Annual,"European Union - 27 countries (AT, BE, BG, CY, CZ, DE, DK, EE, ES, FI, FR, GR, HR, HU, IE, IT, LT, LU, LV, MT, NL, PL, PT, RO, SE, SI, SK)",Equatorial Guinea,VEGETABLE PLAITING MATERIALS; VEGETABLE PRODUCTS NOT ELSEWHERE SPECIFIED OR INCLUDED,EXPORT,VALUE_IN_EUROS,2018,43347
ESTAT:DS-045409(1.0),06/02/26 11:00:00,Annual,"European Union - 27 countries (AT, BE, BG, CY, CZ, DE, DK, EE, ES, FI, FR, GR, HR, HU, IE, IT, LT, LU, LV, MT, NL, PL, PT, RO, SE, SI, SK)",Equatorial Guinea,VEGETABLE PLAITING MATERIALS; VEGETABLE PRODUCTS NOT ELSEWHERE SPECIFIED OR INCLUDED,EXPORT,VALUE_IN_EUROS,2019,10088
ESTAT:DS-045409(1.0),06/02/26 11:00:00,Annual,"European Union - 27 countries (AT, BE, BG, CY, CZ, DE, DK, EE, ES, FI, FR, GR, HR, HU, IE, IT, LT, LU, LV, MT, NL, PL, PT, RO, SE, SI, SK)",Equatorial Guinea,VEGETABLE PLAITING MATERIALS; VEGETABLE PRODUCTS NOT ELSEWHERE SPECIFIED OR INCLUDED,EXPORT,VALUE_IN_EUROS,2020,12135
ESTAT:DS-045409(1.0),06/02/26 11:00:00,Annual,"European Union - 27 countries (AT, BE, BG, CY, CZ, DE, DK, EE, ES, FI, FR, GR, HR, HU, IE, IT, LT, LU, LV, MT, NL, PL, PT, RO, SE, SI, SK)",Equatorial Guinea,VEGETABLE PLAITING MATERIALS; VEGETABLE PRODUCTS NOT ELSEWHERE SPECIFIED OR INCLUDED,EXPORT,VALUE_IN_EUROS,2021,16893
ESTAT:DS-045409(1.0),06/02/26 11:00:00,Annual,"European Union - 27 countries (AT, BE, BG, CY, CZ, DE, DK, EE, ES, FI, FR, GR, HR, HU, IE, IT, LT, LU, LV, MT, NL, PL, PT, RO, SE, SI, SK)",Equatorial Guinea,VEGETABLE PLAITING MATERIALS; VEGETABLE PRODUCTS NOT ELSEWHERE SPECIFIED OR INCLUDED,EXPORT,VALUE_IN_EUROS,2022,5954
ESTAT:DS-045409(1.0),06/02/26 11:00:00,Annual,"European Union - 27 countries (AT, BE, BG, CY, CZ, DE, DK, EE, ES, FI, FR, GR, HR, HU, IE, IT, LT, LU, LV, MT, NL, PL, PT, RO, SE, SI, SK)",Equatorial Guinea,VEGETABLE PLAITING MATERIALS; VEGETABLE PRODUCTS NOT ELSEWHERE SPECIFIED OR INCLUDED,EXPORT,VALUE_IN_EUROS,2023,23969
ESTAT:DS-045409(1.0),06/02/26 11:00:00,Annual,"European Union - 27 countries (AT, BE, BG, CY, CZ, DE, DK, EE, ES, FI, FR, GR, HR, HU, IE, IT, LT, LU, LV, MT, NL, PL, PT, RO, SE, SI, SK)",Equatorial Guinea,VEGETABLE PLAITING MATERIALS; VEGETABLE PRODUCTS NOT ELSEWHERE SPECIFIED OR INCLUDED,EXPORT,VALUE_IN_EUROS,2024,9714
ESTAT:DS-045409(1.0),06/02/26 11:00:00,Annual,"European Union - 27 countries (AT, BE, BG, CY, CZ, DE, DK, EE, ES, FI, FR, GR, HR, HU, IE, IT, LT, LU, LV, MT, NL, PL, PT, RO, SE, SI, SK)",Guinea-Bissau,VEGETABLE PLAITING MATERIALS; VEGETABLE PRODUCTS NOT ELSEWHERE SPECIFIED OR INCLUDED,EXPORT,VALUE_IN_EUROS,1999,13
ESTAT:DS-045409(1.0),06/02/26 11:00:00,Annual,"European Union - 27 countries (AT, BE, BG, CY, CZ, DE, DK, EE, ES, FI, FR, GR, HR, HU, IE, IT, LT, LU, LV, MT, NL, PL, PT, RO, SE, SI, SK)",Guinea-Bissau,VEGETABLE PLAITING MATERIALS; VEGETABLE PRODUCTS NOT ELSEWHERE SPECIFIED OR INCLUDED,EXPORT,VALUE_IN_EUROS,2002,25
ESTAT:DS-045409(1.0),06/02/26 11:00:00,Annual,"European Union - 27 countries (AT, BE, BG, CY, CZ, DE, DK, EE, ES, FI, FR, GR, HR, HU, IE, IT, LT, LU, LV, MT, NL, PL, PT, RO, SE, SI, SK)",Guinea-Bissau,VEGETABLE PLAITING MATERIALS; VEGETABLE PRODUCTS NOT ELSEWHERE SPECIFIED OR INCLUDED,EXPORT,VALUE_IN_EUROS,2006,138
ESTAT:DS-045409(1.0),06/02/26 11:00:00,Annual,"European Union - 27 countries (AT, BE, BG, CY, CZ, DE, DK, EE, ES, FI, FR, GR, HR, HU, IE, IT, LT, LU, LV, MT, NL, PL, PT, RO, SE, SI, SK)",Guinea-Bissau,VEGETABLE PLAITING MATERIALS; VEGETABLE PRODUCTS NOT ELSEWHERE SPECIFIED OR INCLUDED,EXPORT,VALUE_IN_EUROS,2010,200
ESTAT:DS-045409(1.0),06/02/26 11:00:00,Annual,"European Union - 27 countries (AT, BE, BG, CY, CZ, DE, DK, EE, ES, FI, FR, GR, HR, HU, IE, IT, LT, LU, LV, MT, NL, PL, PT, RO, SE, SI, SK)",Guinea-Bissau,VEGETABLE PLAITING MATERIALS; VEGETABLE PRODUCTS NOT ELSEWHERE SPECIFIED OR INCLUDED,EXPORT,VALUE_IN_EUROS,2014,67
ESTAT:DS-045409(1.0),06/02/26 11:00:00,Annual,"European Union - 27 countries (AT, BE, BG, CY, CZ, DE, DK, EE, ES, FI, FR, GR, HR, HU, IE, IT, LT, LU, LV, MT, NL, PL, PT, RO, SE, SI, SK)",Guinea-Bissau,VEGETABLE PLAITING MATERIALS; VEGETABLE PRODUCTS NOT ELSEWHERE SPECIFIED OR INCLUDED,EXPORT,VALUE_IN_EUROS,2015,231
ESTAT:DS-045409(1.0),06/02/26 11:00:00,Annual,"European Union - 27 countries (AT, BE, BG, CY, CZ, DE, DK, EE, ES, FI, FR, GR, HR, HU, IE, IT, LT, LU, LV, MT, NL, PL, PT, RO, SE, SI, SK)",Guinea-Bissau,VEGETABLE PLAITING MATERIALS; VEGETABLE PRODUCTS NOT ELSEWHERE SPECIFIED OR INCLUDED,EXPORT,VALUE_IN_EUROS,2016,279
ESTAT:DS-045409(1.0),06/02/26 11:00:00,Annual,"European Union - 27 countries (AT, BE, BG, CY, CZ, DE, DK, EE, ES, FI, FR, GR, HR, HU, IE, IT, LT, LU, LV, MT, NL, PL, PT, RO, SE, SI, SK)",Guinea-Bissau,VEGETABLE PLAITING MATERIALS; VEGETABLE PRODUCTS NOT ELSEWHERE SPECIFIED OR INCLUDED,EXPORT,VALUE_IN_EUROS,2017,1375
ESTAT:DS-045409(1.0),06/02/26 11:00:00,Annual,"European Union - 27 countries (AT, BE, BG, CY, CZ, DE, DK, EE, ES, FI, FR, GR, HR, HU, IE, IT, LT, LU, LV, MT, NL, PL, PT, RO, SE, SI, SK)",Guinea-Bissau,VEGETABLE PLAITING MATERIALS; VEGETABLE PRODUCTS NOT ELSEWHERE SPECIFIED OR INCLUDED,EXPORT,VALUE_IN_EUROS,2018,25389
ESTAT:DS-045409(1.0),06/02/26 11:00:00,Annual,"European Union - 27 countries (AT, BE, BG, CY, CZ, DE, DK, EE, ES, FI, FR, GR, HR, HU, IE, IT, LT, LU, LV, MT, NL, PL, PT, RO, SE, SI, SK)",Guinea-Bissau,VEGETABLE PLAITING MATERIALS; VEGETABLE PRODUCTS NOT ELSEWHERE SPECIFIED OR INCLUDED,EXPORT,VALUE_IN_EUROS,2020,801
ESTAT:DS-045409(1.0),06/02/26 11:00:00,Annual,"European Union - 27 countries (AT, BE, BG, CY, CZ, DE, DK, EE, ES, FI, FR, GR, HR, HU, IE, IT, LT, LU, LV, MT, NL, PL, PT, RO, SE, SI, SK)",Kenya,VEGETABLE PLAITING MATERIALS; VEGETABLE PRODUCTS NOT ELSEWHERE SPECIFIED OR INCLUDED,EXPORT,VALUE_IN_EUROS,2000,1176
ESTAT:DS-045409(1.0),06/02/26 11:00:00,Annual,"European Union - 27 countries (AT, BE, BG, CY, CZ, DE, DK, EE, ES, FI, FR, GR, HR, HU, IE, IT, LT, LU, LV, MT, NL, PL, PT, RO, SE, SI, SK)",Kenya,VEGETABLE PLAITING MATERIALS; VEGETABLE PRODUCTS NOT ELSEWHERE SPECIFIED OR INCLUDED,EXPORT,VALUE_IN_EUROS,2002,25
ESTAT:DS-045409(1.0),06/02/26 11:00:00,Annual,"European Union - 27 countries (AT, BE, BG, CY, CZ, DE, DK, EE, ES, FI, FR, GR, HR, HU, IE, IT, LT, LU, LV, MT, NL, PL, PT, RO, SE, SI, SK)",Kenya,VEGETABLE PLAITING MATERIALS; VEGETABLE PRODUCTS NOT ELSEWHERE SPECIFIED OR INCLUDED,EXPORT,VALUE_IN_EUROS,2003,127
ESTAT:DS-045409(1.0),06/02/26 11:00:00,Annual,"European Union - 27 countries (AT, BE, BG, CY, CZ, DE, DK, EE, ES, FI, FR, GR, HR, HU, IE, IT, LT, LU, LV, MT, NL, PL, PT, RO, SE, SI, SK)",Kenya,VEGETABLE PLAITING MATERIALS; VEGETABLE PRODUCTS NOT ELSEWHERE SPECIFIED OR INCLUDED,EXPORT,VALUE_IN_EUROS,2004,1533
ESTAT:DS-045409(1.0),06/02/26 11:00:00,Annual,"European Union - 27 countries (AT, BE, BG, CY, CZ, DE, DK, EE, ES, FI, FR, GR, HR, HU, IE, IT, LT, LU, LV, MT, NL, PL, PT, RO, SE, SI, SK)",Kenya,VEGETABLE PLAITING MATERIALS; VEGETABLE PRODUCTS NOT ELSEWHERE SPECIFIED OR INCLUDED,EXPORT,VALUE_IN_EUROS,2006,1024
ESTAT:DS-045409(1.0),06/02/26 11:00:00,Annual,"European Union - 27 countries (AT, BE, BG, CY, CZ, DE, DK, EE, ES, FI, FR, GR, HR, HU, IE, IT, LT, LU, LV, MT, NL, PL, PT, RO, SE, SI, SK)",Kenya,VEGETABLE PLAITING MATERIALS; VEGETABLE PRODUCTS NOT ELSEWHERE SPECIFIED OR INCLUDED,EXPORT,VALUE_IN_EUROS,2007,1113
ESTAT:DS-045409(1.0),06/02/26 11:00:00,Annual,"European Union - 27 countries (AT, BE, BG, CY, CZ, DE, DK, EE, ES, FI, FR, GR, HR, HU, IE, IT, LT, LU, LV, MT, NL, PL, PT, RO, SE, SI, SK)",Kenya,VEGETABLE PLAITING MATERIALS; VEGETABLE PRODUCTS NOT ELSEWHERE SPECIFIED OR INCLUDED,EXPORT,VALUE_IN_EUROS,2008,7400
ESTAT:DS-045409(1.0),06/02/26 11:00:00,Annual,"European Union - 27 countries (AT, BE, BG, CY, CZ, DE, DK, EE, ES, FI, FR, GR, HR, HU, IE, IT, LT, LU, LV, MT, NL, PL, PT, RO, SE, SI, SK)",Kenya,VEGETABLE PLAITING MATERIALS; VEGETABLE PRODUCTS NOT ELSEWHERE SPECIFIED OR INCLUDED,EXPORT,VALUE_IN_EUROS,2010,7215
ESTAT:DS-045409(1.0),06/02/26 11:00:00,Annual,"European Union - 27 countries (AT, BE, BG, CY, CZ, DE, DK, EE, ES, FI, FR, GR, HR, HU, IE, IT, LT, LU, LV, MT, NL, PL, PT, RO, SE, SI, SK)",Kenya,VEGETABLE PLAITING MATERIALS; VEGETABLE PRODUCTS NOT ELSEWHERE SPECIFIED OR INCLUDED,EXPORT,VALUE_IN_EUROS,2011,4850
ESTAT:DS-045409(1.0),06/02/26 11:00:00,Annual,"European Union - 27 countries (AT, BE, BG, CY, CZ, DE, DK, EE, ES, FI, FR, GR, HR, HU, IE, IT, LT, LU, LV, MT, NL, PL, PT, RO, SE, SI, SK)",Kenya,VEGETABLE PLAITING MATERIALS; VEGETABLE PRODUCTS NOT ELSEWHERE SPECIFIED OR INCLUDED,EXPORT,VALUE_IN_EUROS,2012,51555
ESTAT:DS-045409(1.0),06/02/26 11:00:00,Annual,"European Union - 27 countries (AT, BE, BG, CY, CZ, DE, DK, EE, ES, FI, FR, GR, HR, HU, IE, IT, LT, LU, LV, MT, NL, PL, PT, RO, SE, SI, SK)",Kenya,VEGETABLE PLAITING MATERIALS; VEGETABLE PRODUCTS NOT ELSEWHERE SPECIFIED OR INCLUDED,EXPORT,VALUE_IN_EUROS,2013,14908
ESTAT:DS-045409(1.0),06/02/26 11:00:00,Annual,"European Union - 27 countries (AT, BE, BG, CY, CZ, DE, DK, EE, ES, FI, FR, GR, HR, HU, IE, IT, LT, LU, LV, MT, NL, PL, PT, RO, SE, SI, SK)",Kenya,VEGETABLE PLAITING MATERIALS; VEGETABLE PRODUCTS NOT ELSEWHERE SPECIFIED OR INCLUDED,EXPORT,VALUE_IN_EUROS,2014,29280
ESTAT:DS-045409(1.0),06/02/26 11:00:00,Annual,"European Union - 27 countries (AT, BE, BG, CY, CZ, DE, DK, EE, ES, FI, FR, GR, HR, HU, IE, IT, LT, LU, LV, MT, NL, PL, PT, RO, SE, SI, SK)",Kenya,VEGETABLE PLAITING MATERIALS; VEGETABLE PRODUCTS NOT ELSEWHERE SPECIFIED OR INCLUDED,EXPORT,VALUE_IN_EUROS,2015,10193
ESTAT:DS-045409(1.0),06/02/26 11:00:00,Annual,"European Union - 27 countries (AT, BE, BG, CY, CZ, DE, DK, EE, ES, FI, FR, GR, HR, HU, IE, IT, LT, LU, LV, MT, NL, PL, PT, RO, SE, SI, SK)",Kenya,VEGETABLE PLAITING MATERIALS; VEGETABLE PRODUCTS NOT ELSEWHERE SPECIFIED OR INCLUDED,EXPORT,VALUE_IN_EUROS,2016,88748
ESTAT:DS-045409(1.0),06/02/26 11:00:00,Annual,"European Union - 27 countries (AT, BE, BG, CY, CZ, DE, DK, EE, ES, FI, FR, GR, HR, HU, IE, IT, LT, LU, LV, MT, NL, PL, PT, RO, SE, SI, SK)",Kenya,VEGETABLE PLAITING MATERIALS; VEGETABLE PRODUCTS NOT ELSEWHERE SPECIFIED OR INCLUDED,EXPORT,VALUE_IN_EUROS,2017,8190
ESTAT:DS-045409(1.0),06/02/26 11:00:00,Annual,"European Union - 27 countries (AT, BE, BG, CY, CZ, DE, DK, EE, ES, FI, FR, GR, HR, HU, IE, IT, LT, LU, LV, MT, NL, PL, PT, RO, SE, SI, SK)",Kenya,VEGETABLE PLAITING MATERIALS; VEGETABLE PRODUCTS NOT ELSEWHERE SPECIFIED OR INCLUDED,EXPORT,VALUE_IN_EUROS,2018,69822
ESTAT:DS-045409(1.0),06/02/26 11:00:00,Annual,"European Union - 27 countries (AT, BE, BG, CY, CZ, DE, DK, EE, ES, FI, FR, GR, HR, HU, IE, IT, LT, LU, LV, MT, NL, PL, PT, RO, SE, SI, SK)",Kenya,VEGETABLE PLAITING MATERIALS; VEGETABLE PRODUCTS NOT ELSEWHERE SPECIFIED OR INCLUDED,EXPORT,VALUE_IN_EUROS,2019,44679
ESTAT:DS-045409(1.0),06/02/26 11:00:00,Annual,"European Union - 27 countries (AT, BE, BG, CY, CZ, DE, DK, EE, ES, FI, FR, GR, HR, HU, IE, IT, LT, LU, LV, MT, NL, PL, PT, RO, SE, SI, SK)",Kenya,VEGETABLE PLAITING MATERIALS; VEGETABLE PRODUCTS NOT ELSEWHERE SPECIFIED OR INCLUDED,EXPORT,VALUE_IN_EUROS,2020,103969
ESTAT:DS-045409(1.0),06/02/26 11:00:00,Annual,"European Union - 27 countries (AT, BE, BG, CY, CZ, DE, DK, EE, ES, FI, FR, GR, HR, HU, IE, IT, LT, LU, LV, MT, NL, PL, PT, RO, SE, SI, SK)",Kenya,VEGETABLE PLAITING MATERIALS; VEGETABLE PRODUCTS NOT ELSEWHERE SPECIFIED OR INCLUDED,EXPORT,VALUE_IN_EUROS,2021,105569
ESTAT:DS-045409(1.0),06/02/26 11:00:00,Annual,"European Union - 27 countries (AT, BE, BG, CY, CZ, DE, DK, EE, ES, FI, FR, GR, HR, HU, IE, IT, LT, LU, LV, MT, NL, PL, PT, RO, SE, SI, SK)",Kenya,VEGETABLE PLAITING MATERIALS; VEGETABLE PRODUCTS NOT ELSEWHERE SPECIFIED OR INCLUDED,EXPORT,VALUE_IN_EUROS,2022,8900
ESTAT:DS-045409(1.0),06/02/26 11:00:00,Annual,"European Union - 27 countries (AT, BE, BG, CY, CZ, DE, DK, EE, ES, FI, FR, GR, HR, HU, IE, IT, LT, LU, LV, MT, NL, PL, PT, RO, SE, SI, SK)",Kenya,VEGETABLE PLAITING MATERIALS; VEGETABLE PRODUCTS NOT ELSEWHERE SPECIFIED OR INCLUDED,EXPORT,VALUE_IN_EUROS,2023,13669
ESTAT:DS-045409(1.0),06/02/26 11:00:00,Annual,"European Union - 27 countries (AT, BE, BG, CY, CZ, DE, DK, EE, ES, FI, FR, GR, HR, HU, IE, IT, LT, LU, LV, MT, NL, PL, PT, RO, SE, SI, SK)",Kenya,VEGETABLE PLAITING MATERIALS; VEGETABLE PRODUCTS NOT ELSEWHERE SPECIFIED OR INCLUDED,EXPORT,VALUE_IN_EUROS,2024,21580
ESTAT:DS-045409(1.0),06/02/26 11:00:00,Annual,"European Union - 27 countries (AT, BE, BG, CY, CZ, DE, DK, EE, ES, FI, FR, GR, HR, HU, IE, IT, LT, LU, LV, MT, NL, PL, PT, RO, SE, SI, SK)",Comoros (incl. Mayotte 'YT' -> 1976),VEGETABLE PLAITING MATERIALS; VEGETABLE PRODUCTS NOT ELSEWHERE SPECIFIED OR INCLUDED,EXPORT,VALUE_IN_EUROS,2000,1478
ESTAT:DS-045409(1.0),06/02/26 11:00:00,Annual,"European Union - 27 countries (AT, BE, BG, CY, CZ, DE, DK, EE, ES, FI, FR, GR, HR, HU, IE, IT, LT, LU, LV, MT, NL, PL, PT, RO, SE, SI, SK)",Comoros (incl. Mayotte 'YT' -> 1976),VEGETABLE PLAITING MATERIALS; VEGETABLE PRODUCTS NOT ELSEWHERE SPECIFIED OR INCLUDED,EXPORT,VALUE_IN_EUROS,2004,78
ESTAT:DS-045409(1.0),06/02/26 11:00:00,Annual,"European Union - 27 countries (AT, BE, BG, CY, CZ, DE, DK, EE, ES, FI, FR, GR, HR, HU, IE, IT, LT, LU, LV, MT, NL, PL, PT, RO, SE, SI, SK)",Liberia,VEGETABLE PLAITING MATERIALS; VEGETABLE PRODUCTS NOT ELSEWHERE SPECIFIED OR INCLUDED,EXPORT,VALUE_IN_EUROS,1999,3
ESTAT:DS-045409(1.0),06/02/26 11:00:00,Annual,"European Union - 27 countries (AT, BE, BG, CY, CZ, DE, DK, EE, ES, FI, FR, GR, HR, HU, IE, IT, LT, LU, LV, MT, NL, PL, PT, RO, SE, SI, SK)",Liberia,VEGETABLE PLAITING MATERIALS; VEGETABLE PRODUCTS NOT ELSEWHERE SPECIFIED OR INCLUDED,EXPORT,VALUE_IN_EUROS,2001,36
ESTAT:DS-045409(1.0),06/02/26 11:00:00,Annual,"European Union - 27 countries (AT, BE, BG, CY, CZ, DE, DK, EE, ES, FI, FR, GR, HR, HU, IE, IT, LT, LU, LV, MT, NL, PL, PT, RO, SE, SI, SK)",Liberia,VEGETABLE PLAITING MATERIALS; VEGETABLE PRODUCTS NOT ELSEWHERE SPECIFIED OR INCLUDED,EXPORT,VALUE_IN_EUROS,2010,146
ESTAT:DS-045409(1.0),06/02/26 11:00:00,Annual,"European Union - 27 countries (AT, BE, BG, CY, CZ, DE, DK, EE, ES, FI, FR, GR, HR, HU, IE, IT, LT, LU, LV, MT, NL, PL, PT, RO, SE, SI, SK)",Liberia,VEGETABLE PLAITING MATERIALS; VEGETABLE PRODUCTS NOT ELSEWHERE SPECIFIED OR INCLUDED,EXPORT,VALUE_IN_EUROS,2013,3052
ESTAT:DS-045409(1.0),06/02/26 11:00:00,Annual,"European Union - 27 countries (AT, BE, BG, CY, CZ, DE, DK, EE, ES, FI, FR, GR, HR, HU, IE, IT, LT, LU, LV, MT, NL, PL, PT, RO, SE, SI, SK)",Liberia,VEGETABLE PLAITING MATERIALS; VEGETABLE PRODUCTS NOT ELSEWHERE SPECIFIED OR INCLUDED,EXPORT,VALUE_IN_EUROS,2014,2983
ESTAT:DS-045409(1.0),06/02/26 11:00:00,Annual,"European Union - 27 countries (AT, BE, BG, CY, CZ, DE, DK, EE, ES, FI, FR, GR, HR, HU, IE, IT, LT, LU, LV, MT, NL, PL, PT, RO, SE, SI, SK)",Liberia,VEGETABLE PLAITING MATERIALS; VEGETABLE PRODUCTS NOT ELSEWHERE SPECIFIED OR INCLUDED,EXPORT,VALUE_IN_EUROS,2015,1063
ESTAT:DS-045409(1.0),06/02/26 11:00:00,Annual,"European Union - 27 countries (AT, BE, BG, CY, CZ, DE, DK, EE, ES, FI, FR, GR, HR, HU, IE, IT, LT, LU, LV, MT, NL, PL, PT, RO, SE, SI, SK)",Libya,VEGETABLE PLAITING MATERIALS; VEGETABLE PRODUCTS NOT ELSEWHERE SPECIFIED OR INCLUDED,EXPORT,VALUE_IN_EUROS,1999,68015
ESTAT:DS-045409(1.0),06/02/26 11:00:00,Annual,"European Union - 27 countries (AT, BE, BG, CY, CZ, DE, DK, EE, ES, FI, FR, GR, HR, HU, IE, IT, LT, LU, LV, MT, NL, PL, PT, RO, SE, SI, SK)",Libya,VEGETABLE PLAITING MATERIALS; VEGETABLE PRODUCTS NOT ELSEWHERE SPECIFIED OR INCLUDED,EXPORT,VALUE_IN_EUROS,2000,10895
ESTAT:DS-045409(1.0),06/02/26 11:00:00,Annual,"European Union - 27 countries (AT, BE, BG, CY, CZ, DE, DK, EE, ES, FI, FR, GR, HR, HU, IE, IT, LT, LU, LV, MT, NL, PL, PT, RO, SE, SI, SK)",Libya,VEGETABLE PLAITING MATERIALS; VEGETABLE PRODUCTS NOT ELSEWHERE SPECIFIED OR INCLUDED,EXPORT,VALUE_IN_EUROS,2001,43382
ESTAT:DS-045409(1.0),06/02/26 11:00:00,Annual,"European Union - 27 countries (AT, BE, BG, CY, CZ, DE, DK, EE, ES, FI, FR, GR, HR, HU, IE, IT, LT, LU, LV, MT, NL, PL, PT, RO, SE, SI, SK)",Libya,VEGETABLE PLAITING MATERIALS; VEGETABLE PRODUCTS NOT ELSEWHERE SPECIFIED OR INCLUDED,EXPORT,VALUE_IN_EUROS,2003,3989
ESTAT:DS-045409(1.0),06/02/26 11:00:00,Annual,"European Union - 27 countries (AT, BE, BG, CY, CZ, DE, DK, EE, ES, FI, FR, GR, HR, HU, IE, IT, LT, LU, LV, MT, NL, PL, PT, RO, SE, SI, SK)",Libya,VEGETABLE PLAITING MATERIALS; VEGETABLE PRODUCTS NOT ELSEWHERE SPECIFIED OR INCLUDED,EXPORT,VALUE_IN_EUROS,2004,17845
ESTAT:DS-045409(1.0),06/02/26 11:00:00,Annual,"European Union - 27 countries (AT, BE, BG, CY, CZ, DE, DK, EE, ES, FI, FR, GR, HR, HU, IE, IT, LT, LU, LV, MT, NL, PL, PT, RO, SE, SI, SK)",Libya,VEGETABLE PLAITING MATERIALS; VEGETABLE PRODUCTS NOT ELSEWHERE SPECIFIED OR INCLUDED,EXPORT,VALUE_IN_EUROS,2005,9645
ESTAT:DS-045409(1.0),06/02/26 11:00:00,Annual,"European Union - 27 countries (AT, BE, BG, CY, CZ, DE, DK, EE, ES, FI, FR, GR, HR, HU, IE, IT, LT, LU, LV, MT, NL, PL, PT, RO, SE, SI, SK)",Libya,VEGETABLE PLAITING MATERIALS; VEGETABLE PRODUCTS NOT ELSEWHERE SPECIFIED OR INCLUDED,EXPORT,VALUE_IN_EUROS,2008,113118
ESTAT:DS-045409(1.0),06/02/26 11:00:00,Annual,"European Union - 27 countries (AT, BE, BG, CY, CZ, DE, DK, EE, ES, FI, FR, GR, HR, HU, IE, IT, LT, LU, LV, MT, NL, PL, PT, RO, SE, SI, SK)",Libya,VEGETABLE PLAITING MATERIALS; VEGETABLE PRODUCTS NOT ELSEWHERE SPECIFIED OR INCLUDED,EXPORT,VALUE_IN_EUROS,2009,17584
ESTAT:DS-045409(1.0),06/02/26 11:00:00,Annual,"European Union - 27 countries (AT, BE, BG, CY, CZ, DE, DK, EE, ES, FI, FR, GR, HR, HU, IE, IT, LT, LU, LV, MT, NL, PL, PT, RO, SE, SI, SK)",Libya,VEGETABLE PLAITING MATERIALS; VEGETABLE PRODUCTS NOT ELSEWHERE SPECIFIED OR INCLUDED,EXPORT,VALUE_IN_EUROS,2010,36047
ESTAT:DS-045409(1.0),06/02/26 11:00:00,Annual,"European Union - 27 countries (AT, BE, BG, CY, CZ, DE, DK, EE, ES, FI, FR, GR, HR, HU, IE, IT, LT, LU, LV, MT, NL, PL, PT, RO, SE, SI, SK)",Libya,VEGETABLE PLAITING MATERIALS; VEGETABLE PRODUCTS NOT ELSEWHERE SPECIFIED OR INCLUDED,EXPORT,VALUE_IN_EUROS,2011,58
ESTAT:DS-045409(1.0),06/02/26 11:00:00,Annual,"European Union - 27 countries (AT, BE, BG, CY, CZ, DE, DK, EE, ES, FI, FR, GR, HR, HU, IE, IT, LT, LU, LV, MT, NL, PL, PT, RO, SE, SI, SK)",Libya,VEGETABLE PLAITING MATERIALS; VEGETABLE PRODUCTS NOT ELSEWHERE SPECIFIED OR INCLUDED,EXPORT,VALUE_IN_EUROS,2012,44612
ESTAT:DS-045409(1.0),06/02/26 11:00:00,Annual,"European Union - 27 countries (AT, BE, BG, CY, CZ, DE, DK, EE, ES, FI, FR, GR, HR, HU, IE, IT, LT, LU, LV, MT, NL, PL, PT, RO, SE, SI, SK)",Libya,VEGETABLE PLAITING MATERIALS; VEGETABLE PRODUCTS NOT ELSEWHERE SPECIFIED OR INCLUDED,EXPORT,VALUE_IN_EUROS,2013,8200
ESTAT:DS-045409(1.0),06/02/26 11:00:00,Annual,"European Union - 27 countries (AT, BE, BG, CY, CZ, DE, DK, EE, ES, FI, FR, GR, HR, HU, IE, IT, LT, LU, LV, MT, NL, PL, PT, RO, SE, SI, SK)",Libya,VEGETABLE PLAITING MATERIALS; VEGETABLE PRODUCTS NOT ELSEWHERE SPECIFIED OR INCLUDED,EXPORT,VALUE_IN_EUROS,2014,23038
ESTAT:DS-045409(1.0),06/02/26 11:00:00,Annual,"European Union - 27 countries (AT, BE, BG, CY, CZ, DE, DK, EE, ES, FI, FR, GR, HR, HU, IE, IT, LT, LU, LV, MT, NL, PL, PT, RO, SE, SI, SK)",Libya,VEGETABLE PLAITING MATERIALS; VEGETABLE PRODUCTS NOT ELSEWHERE SPECIFIED OR INCLUDED,EXPORT,VALUE_IN_EUROS,2015,32487
ESTAT:DS-045409(1.0),06/02/26 11:00:00,Annual,"European Union - 27 countries (AT, BE, BG, CY, CZ, DE, DK, EE, ES, FI, FR, GR, HR, HU, IE, IT, LT, LU, LV, MT, NL, PL, PT, RO, SE, SI, SK)",Libya,VEGETABLE PLAITING MATERIALS; VEGETABLE PRODUCTS NOT ELSEWHERE SPECIFIED OR INCLUDED,EXPORT,VALUE_IN_EUROS,2016,5960
ESTAT:DS-045409(1.0),06/02/26 11:00:00,Annual,"European Union - 27 countries (AT, BE, BG, CY, CZ, DE, DK, EE, ES, FI, FR, GR, HR, HU, IE, IT, LT, LU, LV, MT, NL, PL, PT, RO, SE, SI, SK)",Libya,VEGETABLE PLAITING MATERIALS; VEGETABLE PRODUCTS NOT ELSEWHERE SPECIFIED OR INCLUDED,EXPORT,VALUE_IN_EUROS,2017,2833
ESTAT:DS-045409(1.0),06/02/26 11:00:00,Annual,"European Union - 27 countries (AT, BE, BG, CY, CZ, DE, DK, EE, ES, FI, FR, GR, HR, HU, IE, IT, LT, LU, LV, MT, NL, PL, PT, RO, SE, SI, SK)",Libya,VEGETABLE PLAITING MATERIALS; VEGETABLE PRODUCTS NOT ELSEWHERE SPECIFIED OR INCLUDED,EXPORT,VALUE_IN_EUROS,2018,995
ESTAT:DS-045409(1.0),06/02/26 11:00:00,Annual,"European Union - 27 countries (AT, BE, BG, CY, CZ, DE, DK, EE, ES, FI, FR, GR, HR, HU, IE, IT, LT, LU, LV, MT, NL, PL, PT, RO, SE, SI, SK)",Libya,VEGETABLE PLAITING MATERIALS; VEGETABLE PRODUCTS NOT ELSEWHERE SPECIFIED OR INCLUDED,EXPORT,VALUE_IN_EUROS,2019,2508
ESTAT:DS-045409(1.0),06/02/26 11:00:00,Annual,"European Union - 27 countries (AT, BE, BG, CY, CZ, DE, DK, EE, ES, FI, FR, GR, HR, HU, IE, IT, LT, LU, LV, MT, NL, PL, PT, RO, SE, SI, SK)",Libya,VEGETABLE PLAITING MATERIALS; VEGETABLE PRODUCTS NOT ELSEWHERE SPECIFIED OR INCLUDED,EXPORT,VALUE_IN_EUROS,2020,2339
ESTAT:DS-045409(1.0),06/02/26 11:00:00,Annual,"European Union - 27 countries (AT, BE, BG, CY, CZ, DE, DK, EE, ES, FI, FR, GR, HR, HU, IE, IT, LT, LU, LV, MT, NL, PL, PT, RO, SE, SI, SK)",Libya,VEGETABLE PLAITING MATERIALS; VEGETABLE PRODUCTS NOT ELSEWHERE SPECIFIED OR INCLUDED,EXPORT,VALUE_IN_EUROS,2021,32111
ESTAT:DS-045409(1.0),06/02/26 11:00:00,Annual,"European Union - 27 countries (AT, BE, BG, CY, CZ, DE, DK, EE, ES, FI, FR, GR, HR, HU, IE, IT, LT, LU, LV, MT, NL, PL, PT, RO, SE, SI, SK)",Libya,VEGETABLE PLAITING MATERIALS; VEGETABLE PRODUCTS NOT ELSEWHERE SPECIFIED OR INCLUDED,EXPORT,VALUE_IN_EUROS,2022,42647
ESTAT:DS-045409(1.0),06/02/26 11:00:00,Annual,"European Union - 27 countries (AT, BE, BG, CY, CZ, DE, DK, EE, ES, FI, FR, GR, HR, HU, IE, IT, LT, LU, LV, MT, NL, PL, PT, RO, SE, SI, SK)",Libya,VEGETABLE PLAITING MATERIALS; VEGETABLE PRODUCTS NOT ELSEWHERE SPECIFIED OR INCLUDED,EXPORT,VALUE_IN_EUROS,2023,2799
ESTAT:DS-045409(1.0),06/02/26 11:00:00,Annual,"European Union - 27 countries (AT, BE, BG, CY, CZ, DE, DK, EE, ES, FI, FR, GR, HR, HU, IE, IT, LT, LU, LV, MT, NL, PL, PT, RO, SE, SI, SK)",Libya,VEGETABLE PLAITING MATERIALS; VEGETABLE PRODUCTS NOT ELSEWHERE SPECIFIED OR INCLUDED,EXPORT,VALUE_IN_EUROS,2024,14495
ESTAT:DS-045409(1.0),06/02/26 11:00:00,Annual,"European Union - 27 countries (AT, BE, BG, CY, CZ, DE, DK, EE, ES, FI, FR, GR, HR, HU, IE, IT, LT, LU, LV, MT, NL, PL, PT, RO, SE, SI, SK)",Morocco,VEGETABLE PLAITING MATERIALS; VEGETABLE PRODUCTS NOT ELSEWHERE SPECIFIED OR INCLUDED,EXPORT,VALUE_IN_EUROS,1999,233696
ESTAT:DS-045409(1.0),06/02/26 11:00:00,Annual,"European Union - 27 countries (AT, BE, BG, CY, CZ, DE, DK, EE, ES, FI, FR, GR, HR, HU, IE, IT, LT, LU, LV, MT, NL, PL, PT, RO, SE, SI, SK)",Morocco,VEGETABLE PLAITING MATERIALS; VEGETABLE PRODUCTS NOT ELSEWHERE SPECIFIED OR INCLUDED,EXPORT,VALUE_IN_EUROS,2000,266993
ESTAT:DS-045409(1.0),06/02/26 11:00:00,Annual,"European Union - 27 countries (AT, BE, BG, CY, CZ, DE, DK, EE, ES, FI, FR, GR, HR, HU, IE, IT, LT, LU, LV, MT, NL, PL, PT, RO, SE, SI, SK)",Morocco,VEGETABLE PLAITING MATERIALS; VEGETABLE PRODUCTS NOT ELSEWHERE SPECIFIED OR INCLUDED,EXPORT,VALUE_IN_EUROS,2001,267088
ESTAT:DS-045409(1.0),06/02/26 11:00:00,Annual,"European Union - 27 countries (AT, BE, BG, CY, CZ, DE, DK, EE, ES, FI, FR, GR, HR, HU, IE, IT, LT, LU, LV, MT, NL, PL, PT, RO, SE, SI, SK)",Morocco,VEGETABLE PLAITING MATERIALS; VEGETABLE PRODUCTS NOT ELSEWHERE SPECIFIED OR INCLUDED,EXPORT,VALUE_IN_EUROS,2002,290079
ESTAT:DS-045409(1.0),06/02/26 11:00:00,Annual,"European Union - 27 countries (AT, BE, BG, CY, CZ, DE, DK, EE, ES, FI, FR, GR, HR, HU, IE, IT, LT, LU, LV, MT, NL, PL, PT, RO, SE, SI, SK)",Morocco,VEGETABLE PLAITING MATERIALS; VEGETABLE PRODUCTS NOT ELSEWHERE SPECIFIED OR INCLUDED,EXPORT,VALUE_IN_EUROS,2003,325121
ESTAT:DS-045409(1.0),06/02/26 11:00:00,Annual,"European Union - 27 countries (AT, BE, BG, CY, CZ, DE, DK, EE, ES, FI, FR, GR, HR, HU, IE, IT, LT, LU, LV, MT, NL, PL, PT, RO, SE, SI, SK)",Morocco,VEGETABLE PLAITING MATERIALS; VEGETABLE PRODUCTS NOT ELSEWHERE SPECIFIED OR INCLUDED,EXPORT,VALUE_IN_EUROS,2004,356719
ESTAT:DS-045409(1.0),06/02/26 11:00:00,Annual,"European Union - 27 countries (AT, BE, BG, CY, CZ, DE, DK, EE, ES, FI, FR, GR, HR, HU, IE, IT, LT, LU, LV, MT, NL, PL, PT, RO, SE, SI, SK)",Morocco,VEGETABLE PLAITING MATERIALS; VEGETABLE PRODUCTS NOT ELSEWHERE SPECIFIED OR INCLUDED,EXPORT,VALUE_IN_EUROS,2005,297808
ESTAT:DS-045409(1.0),06/02/26 11:00:00,Annual,"European Union - 27 countries (AT, BE, BG, CY, CZ, DE, DK, EE, ES, FI, FR, GR, HR, HU, IE, IT, LT, LU, LV, MT, NL, PL, PT, RO, SE, SI, SK)",Morocco,VEGETABLE PLAITING MATERIALS; VEGETABLE PRODUCTS NOT ELSEWHERE SPECIFIED OR INCLUDED,EXPORT,VALUE_IN_EUROS,2006,418068
ESTAT:DS-045409(1.0),06/02/26 11:00:00,Annual,"European Union - 27 countries (AT, BE, BG, CY, CZ, DE, DK, EE, ES, FI, FR, GR, HR, HU, IE, IT, LT, LU, LV, MT, NL, PL, PT, RO, SE, SI, SK)",Morocco,VEGETABLE PLAITING MATERIALS; VEGETABLE PRODUCTS NOT ELSEWHERE SPECIFIED OR INCLUDED,EXPORT,VALUE_IN_EUROS,2007,310768
ESTAT:DS-045409(1.0),06/02/26 11:00:00,Annual,"European Union - 27 countries (AT, BE, BG, CY, CZ, DE, DK, EE, ES, FI, FR, GR, HR, HU, IE, IT, LT, LU, LV, MT, NL, PL, PT, RO, SE, SI, SK)",Morocco,VEGETABLE PLAITING MATERIALS; VEGETABLE PRODUCTS NOT ELSEWHERE SPECIFIED OR INCLUDED,EXPORT,VALUE_IN_EUROS,2008,394125
ESTAT:DS-045409(1.0),06/02/26 11:00:00,Annual,"European Union - 27 countries (AT, BE, BG, CY, CZ, DE, DK, EE, ES, FI, FR, GR, HR, HU, IE, IT, LT, LU, LV, MT, NL, PL, PT, RO, SE, SI, SK)",Morocco,VEGETABLE PLAITING MATERIALS; VEGETABLE PRODUCTS NOT ELSEWHERE SPECIFIED OR INCLUDED,EXPORT,VALUE_IN_EUROS,2009,249723
ESTAT:DS-045409(1.0),06/02/26 11:00:00,Annual,"European Union - 27 countries (AT, BE, BG, CY, CZ, DE, DK, EE, ES, FI, FR, GR, HR, HU, IE, IT, LT, LU, LV, MT, NL, PL, PT, RO, SE, SI, SK)",Morocco,VEGETABLE PLAITING MATERIALS; VEGETABLE PRODUCTS NOT ELSEWHERE SPECIFIED OR INCLUDED,EXPORT,VALUE_IN_EUROS,2010,100574
ESTAT:DS-045409(1.0),06/02/26 11:00:00,Annual,"European Union - 27 countries (AT, BE, BG, CY, CZ, DE, DK, EE, ES, FI, FR, GR, HR, HU, IE, IT, LT, LU, LV, MT, NL, PL, PT, RO, SE, SI, SK)",Morocco,VEGETABLE PLAITING MATERIALS; VEGETABLE PRODUCTS NOT ELSEWHERE SPECIFIED OR INCLUDED,EXPORT,VALUE_IN_EUROS,2011,251658
ESTAT:DS-045409(1.0),06/02/26 11:00:00,Annual,"European Union - 27 countries (AT, BE, BG, CY, CZ, DE, DK, EE, ES, FI, FR, GR, HR, HU, IE, IT, LT, LU, LV, MT, NL, PL, PT, RO, SE, SI, SK)",Morocco,VEGETABLE PLAITING MATERIALS; VEGETABLE PRODUCTS NOT ELSEWHERE SPECIFIED OR INCLUDED,EXPORT,VALUE_IN_EUROS,2012,197971
ESTAT:DS-045409(1.0),06/02/26 11:00:00,Annual,"European Union - 27 countries (AT, BE, BG, CY, CZ, DE, DK, EE, ES, FI, FR, GR, HR, HU, IE, IT, LT, LU, LV, MT, NL, PL, PT, RO, SE, SI, SK)",Morocco,VEGETABLE PLAITING MATERIALS; VEGETABLE PRODUCTS NOT ELSEWHERE SPECIFIED OR INCLUDED,EXPORT,VALUE_IN_EUROS,2013,223087
ESTAT:DS-045409(1.0),06/02/26 11:00:00,Annual,"European Union - 27 countries (AT, BE, BG, CY, CZ, DE, DK, EE, ES, FI, FR, GR, HR, HU, IE, IT, LT, LU, LV, MT, NL, PL, PT, RO, SE, SI, SK)",Morocco,VEGETABLE PLAITING MATERIALS; VEGETABLE PRODUCTS NOT ELSEWHERE SPECIFIED OR INCLUDED,EXPORT,VALUE_IN_EUROS,2014,288678
ESTAT:DS-045409(1.0),06/02/26 11:00:00,Annual,"European Union - 27 countries (AT, BE, BG, CY, CZ, DE, DK, EE, ES, FI, FR, GR, HR, HU, IE, IT, LT, LU, LV, MT, NL, PL, PT, RO, SE, SI, SK)",Morocco,VEGETABLE PLAITING MATERIALS; VEGETABLE PRODUCTS NOT ELSEWHERE SPECIFIED OR INCLUDED,EXPORT,VALUE_IN_EUROS,2015,175884
ESTAT:DS-045409(1.0),06/02/26 11:00:00,Annual,"European Union - 27 countries (AT, BE, BG, CY, CZ, DE, DK, EE, ES, FI, FR, GR, HR, HU, IE, IT, LT, LU, LV, MT, NL, PL, PT, RO, SE, SI, SK)",Morocco,VEGETABLE PLAITING MATERIALS; VEGETABLE PRODUCTS NOT ELSEWHERE SPECIFIED OR INCLUDED,EXPORT,VALUE_IN_EUROS,2016,129622
ESTAT:DS-045409(1.0),06/02/26 11:00:00,Annual,"European Union - 27 countries (AT, BE, BG, CY, CZ, DE, DK, EE, ES, FI, FR, GR, HR, HU, IE, IT, LT, LU, LV, MT, NL, PL, PT, RO, SE, SI, SK)",Morocco,VEGETABLE PLAITING MATERIALS; VEGETABLE PRODUCTS NOT ELSEWHERE SPECIFIED OR INCLUDED,EXPORT,VALUE_IN_EUROS,2017,546255
ESTAT:DS-045409(1.0),06/02/26 11:00:00,Annual,"European Union - 27 countries (AT, BE, BG, CY, CZ, DE, DK, EE, ES, FI, FR, GR, HR, HU, IE, IT, LT, LU, LV, MT, NL, PL, PT, RO, SE, SI, SK)",Morocco,VEGETABLE PLAITING MATERIALS; VEGETABLE PRODUCTS NOT ELSEWHERE SPECIFIED OR INCLUDED,EXPORT,VALUE_IN_EUROS,2018,552139
ESTAT:DS-045409(1.0),06/02/26 11:00:00,Annual,"European Union - 27 countries (AT, BE, BG, CY, CZ, DE, DK, EE, ES, FI, FR, GR, HR, HU, IE, IT, LT, LU, LV, MT, NL, PL, PT, RO, SE, SI, SK)",Morocco,VEGETABLE PLAITING MATERIALS; VEGETABLE PRODUCTS NOT ELSEWHERE SPECIFIED OR INCLUDED,EXPORT,VALUE_IN_EUROS,2019,628716
ESTAT:DS-045409(1.0),06/02/26 11:00:00,Annual,"European Union - 27 countries (AT, BE, BG, CY, CZ, DE, DK, EE, ES, FI, FR, GR, HR, HU, IE, IT, LT, LU, LV, MT, NL, PL, PT, RO, SE, SI, SK)",Morocco,VEGETABLE PLAITING MATERIALS; VEGETABLE PRODUCTS NOT ELSEWHERE SPECIFIED OR INCLUDED,EXPORT,VALUE_IN_EUROS,2020,1758667
ESTAT:DS-045409(1.0),06/02/26 11:00:00,Annual,"European Union - 27 countries (AT, BE, BG, CY, CZ, DE, DK, EE, ES, FI, FR, GR, HR, HU, IE, IT, LT, LU, LV, MT, NL, PL, PT, RO, SE, SI, SK)",Morocco,VEGETABLE PLAITING MATERIALS; VEGETABLE PRODUCTS NOT ELSEWHERE SPECIFIED OR INCLUDED,EXPORT,VALUE_IN_EUROS,2021,1775366
ESTAT:DS-045409(1.0),06/02/26 11:00:00,Annual,"European Union - 27 countries (AT, BE, BG, CY, CZ, DE, DK, EE, ES, FI, FR, GR, HR, HU, IE, IT, LT, LU, LV, MT, NL, PL, PT, RO, SE, SI, SK)",Morocco,VEGETABLE PLAITING MATERIALS; VEGETABLE PRODUCTS NOT ELSEWHERE SPECIFIED OR INCLUDED,EXPORT,VALUE_IN_EUROS,2022,2079286
ESTAT:DS-045409(1.0),06/02/26 11:00:00,Annual,"European Union - 27 countries (AT, BE, BG, CY, CZ, DE, DK, EE, ES, FI, FR, GR, HR, HU, IE, IT, LT, LU, LV, MT, NL, PL, PT, RO, SE, SI, SK)",Morocco,VEGETABLE PLAITING MATERIALS; VEGETABLE PRODUCTS NOT ELSEWHERE SPECIFIED OR INCLUDED,EXPORT,VALUE_IN_EUROS,2023,1222478
ESTAT:DS-045409(1.0),06/02/26 11:00:00,Annual,"European Union - 27 countries (AT, BE, BG, CY, CZ, DE, DK, EE, ES, FI, FR, GR, HR, HU, IE, IT, LT, LU, LV, MT, NL, PL, PT, RO, SE, SI, SK)",Morocco,VEGETABLE PLAITING MATERIALS; VEGETABLE PRODUCTS NOT ELSEWHERE SPECIFIED OR INCLUDED,EXPORT,VALUE_IN_EUROS,2024,1239186
ESTAT:DS-045409(1.0),06/02/26 11:00:00,Annual,"European Union - 27 countries (AT, BE, BG, CY, CZ, DE, DK, EE, ES, FI, FR, GR, HR, HU, IE, IT, LT, LU, LV, MT, NL, PL, PT, RO, SE, SI, SK)",Madagascar,VEGETABLE PLAITING MATERIALS; VEGETABLE PRODUCTS NOT ELSEWHERE SPECIFIED OR INCLUDED,EXPORT,VALUE_IN_EUROS,1999,1
ESTAT:DS-045409(1.0),06/02/26 11:00:00,Annual,"European Union - 27 countries (AT, BE, BG, CY, CZ, DE, DK, EE, ES, FI, FR, GR, HR, HU, IE, IT, LT, LU, LV, MT, NL, PL, PT, RO, SE, SI, SK)",Madagascar,VEGETABLE PLAITING MATERIALS; VEGETABLE PRODUCTS NOT ELSEWHERE SPECIFIED OR INCLUDED,EXPORT,VALUE_IN_EUROS,2001,16087
ESTAT:DS-045409(1.0),06/02/26 11:00:00,Annual,"European Union - 27 countries (AT, BE, BG, CY, CZ, DE, DK, EE, ES, FI, FR, GR, HR, HU, IE, IT, LT, LU, LV, MT, NL, PL, PT, RO, SE, SI, SK)",Madagascar,VEGETABLE PLAITING MATERIALS; VEGETABLE PRODUCTS NOT ELSEWHERE SPECIFIED OR INCLUDED,EXPORT,VALUE_IN_EUROS,2002,29026
ESTAT:DS-045409(1.0),06/02/26 11:00:00,Annual,"European Union - 27 countries (AT, BE, BG, CY, CZ, DE, DK, EE, ES, FI, FR, GR, HR, HU, IE, IT, LT, LU, LV, MT, NL, PL, PT, RO, SE, SI, SK)",Madagascar,VEGETABLE PLAITING MATERIALS; VEGETABLE PRODUCTS NOT ELSEWHERE SPECIFIED OR INCLUDED,EXPORT,VALUE_IN_EUROS,2010,8745
ESTAT:DS-045409(1.0),06/02/26 11:00:00,Annual,"European Union - 27 countries (AT, BE, BG, CY, CZ, DE, DK, EE, ES, FI, FR, GR, HR, HU, IE, IT, LT, LU, LV, MT, NL, PL, PT, RO, SE, SI, SK)",Madagascar,VEGETABLE PLAITING MATERIALS; VEGETABLE PRODUCTS NOT ELSEWHERE SPECIFIED OR INCLUDED,EXPORT,VALUE_IN_EUROS,2011,161
ESTAT:DS-045409(1.0),06/02/26 11:00:00,Annual,"European Union - 27 countries (AT, BE, BG, CY, CZ, DE, DK, EE, ES, FI, FR, GR, HR, HU, IE, IT, LT, LU, LV, MT, NL, PL, PT, RO, SE, SI, SK)",Madagascar,VEGETABLE PLAITING MATERIALS; VEGETABLE PRODUCTS NOT ELSEWHERE SPECIFIED OR INCLUDED,EXPORT,VALUE_IN_EUROS,2012,3679
ESTAT:DS-045409(1.0),06/02/26 11:00:00,Annual,"European Union - 27 countries (AT, BE, BG, CY, CZ, DE, DK, EE, ES, FI, FR, GR, HR, HU, IE, IT, LT, LU, LV, MT, NL, PL, PT, RO, SE, SI, SK)",Madagascar,VEGETABLE PLAITING MATERIALS; VEGETABLE PRODUCTS NOT ELSEWHERE SPECIFIED OR INCLUDED,EXPORT,VALUE_IN_EUROS,2013,185
ESTAT:DS-045409(1.0),06/02/26 11:00:00,Annual,"European Union - 27 countries (AT, BE, BG, CY, CZ, DE, DK, EE, ES, FI, FR, GR, HR, HU, IE, IT, LT, LU, LV, MT, NL, PL, PT, RO, SE, SI, SK)",Madagascar,VEGETABLE PLAITING MATERIALS; VEGETABLE PRODUCTS NOT ELSEWHERE SPECIFIED OR INCLUDED,EXPORT,VALUE_IN_EUROS,2014,1506
ESTAT:DS-045409(1.0),06/02/26 11:00:00,Annual,"European Union - 27 countries (AT, BE, BG, CY, CZ, DE, DK, EE, ES, FI, FR, GR, HR, HU, IE, IT, LT, LU, LV, MT, NL, PL, PT, RO, SE, SI, SK)",Madagascar,VEGETABLE PLAITING MATERIALS; VEGETABLE PRODUCTS NOT ELSEWHERE SPECIFIED OR INCLUDED,EXPORT,VALUE_IN_EUROS,2015,1008
ESTAT:DS-045409(1.0),06/02/26 11:00:00,Annual,"European Union - 27 countries (AT, BE, BG, CY, CZ, DE, DK, EE, ES, FI, FR, GR, HR, HU, IE, IT, LT, LU, LV, MT, NL, PL, PT, RO, SE, SI, SK)",Madagascar,VEGETABLE PLAITING MATERIALS; VEGETABLE PRODUCTS NOT ELSEWHERE SPECIFIED OR INCLUDED,EXPORT,VALUE_IN_EUROS,2016,1512
ESTAT:DS-045409(1.0),06/02/26 11:00:00,Annual,"European Union - 27 countries (AT, BE, BG, CY, CZ, DE, DK, EE, ES, FI, FR, GR, HR, HU, IE, IT, LT, LU, LV, MT, NL, PL, PT, RO, SE, SI, SK)",Madagascar,VEGETABLE PLAITING MATERIALS; VEGETABLE PRODUCTS NOT ELSEWHERE SPECIFIED OR INCLUDED,EXPORT,VALUE_IN_EUROS,2018,2114
ESTAT:DS-045409(1.0),06/02/26 11:00:00,Annual,"European Union - 27 countries (AT, BE, BG, CY, CZ, DE, DK, EE, ES, FI, FR, GR, HR, HU, IE, IT, LT, LU, LV, MT, NL, PL, PT, RO, SE, SI, SK)",Madagascar,VEGETABLE PLAITING MATERIALS; VEGETABLE PRODUCTS NOT ELSEWHERE SPECIFIED OR INCLUDED,EXPORT,VALUE_IN_EUROS,2019,10753
ESTAT:DS-045409(1.0),06/02/26 11:00:00,Annual,"European Union - 27 countries (AT, BE, BG, CY, CZ, DE, DK, EE, ES, FI, FR, GR, HR, HU, IE, IT, LT, LU, LV, MT, NL, PL, PT, RO, SE, SI, SK)",Madagascar,VEGETABLE PLAITING MATERIALS; VEGETABLE PRODUCTS NOT ELSEWHERE SPECIFIED OR INCLUDED,EXPORT,VALUE_IN_EUROS,2020,91
ESTAT:DS-045409(1.0),06/02/26 11:00:00,Annual,"European Union - 27 countries (AT, BE, BG, CY, CZ, DE, DK, EE, ES, FI, FR, GR, HR, HU, IE, IT, LT, LU, LV, MT, NL, PL, PT, RO, SE, SI, SK)",Madagascar,VEGETABLE PLAITING MATERIALS; VEGETABLE PRODUCTS NOT ELSEWHERE SPECIFIED OR INCLUDED,EXPORT,VALUE_IN_EUROS,2021,35
ESTAT:DS-045409(1.0),06/02/26 11:00:00,Annual,"European Union - 27 countries (AT, BE, BG, CY, CZ, DE, DK, EE, ES, FI, FR, GR, HR, HU, IE, IT, LT, LU, LV, MT, NL, PL, PT, RO, SE, SI, SK)",Madagascar,VEGETABLE PLAITING MATERIALS; VEGETABLE PRODUCTS NOT ELSEWHERE SPECIFIED OR INCLUDED,EXPORT,VALUE_IN_EUROS,2023,156
ESTAT:DS-045409(1.0),06/02/26 11:00:00,Annual,"European Union - 27 countries (AT, BE, BG, CY, CZ, DE, DK, EE, ES, FI, FR, GR, HR, HU, IE, IT, LT, LU, LV, MT, NL, PL, PT, RO, SE, SI, SK)",Madagascar,VEGETABLE PLAITING MATERIALS; VEGETABLE PRODUCTS NOT ELSEWHERE SPECIFIED OR INCLUDED,EXPORT,VALUE_IN_EUROS,2024,4519
ESTAT:DS-045409(1.0),06/02/26 11:00:00,Annual,"European Union - 27 countries (AT, BE, BG, CY, CZ, DE, DK, EE, ES, FI, FR, GR, HR, HU, IE, IT, LT, LU, LV, MT, NL, PL, PT, RO, SE, SI, SK)",Mali,VEGETABLE PLAITING MATERIALS; VEGETABLE PRODUCTS NOT ELSEWHERE SPECIFIED OR INCLUDED,EXPORT,VALUE_IN_EUROS,1999,845
ESTAT:DS-045409(1.0),06/02/26 11:00:00,Annual,"European Union - 27 countries (AT, BE, BG, CY, CZ, DE, DK, EE, ES, FI, FR, GR, HR, HU, IE, IT, LT, LU, LV, MT, NL, PL, PT, RO, SE, SI, SK)",Mali,VEGETABLE PLAITING MATERIALS; VEGETABLE PRODUCTS NOT ELSEWHERE SPECIFIED OR INCLUDED,EXPORT,VALUE_IN_EUROS,2000,1848
ESTAT:DS-045409(1.0),06/02/26 11:00:00,Annual,"European Union - 27 countries (AT, BE, BG, CY, CZ, DE, DK, EE, ES, FI, FR, GR, HR, HU, IE, IT, LT, LU, LV, MT, NL, PL, PT, RO, SE, SI, SK)",Mali,VEGETABLE PLAITING MATERIALS; VEGETABLE PRODUCTS NOT ELSEWHERE SPECIFIED OR INCLUDED,EXPORT,VALUE_IN_EUROS,2002,14486
ESTAT:DS-045409(1.0),06/02/26 11:00:00,Annual,"European Union - 27 countries (AT, BE, BG, CY, CZ, DE, DK, EE, ES, FI, FR, GR, HR, HU, IE, IT, LT, LU, LV, MT, NL, PL, PT, RO, SE, SI, SK)",Mali,VEGETABLE PLAITING MATERIALS; VEGETABLE PRODUCTS NOT ELSEWHERE SPECIFIED OR INCLUDED,EXPORT,VALUE_IN_EUROS,2011,1388
ESTAT:DS-045409(1.0),06/02/26 11:00:00,Annual,"European Union - 27 countries (AT, BE, BG, CY, CZ, DE, DK, EE, ES, FI, FR, GR, HR, HU, IE, IT, LT, LU, LV, MT, NL, PL, PT, RO, SE, SI, SK)",Mali,VEGETABLE PLAITING MATERIALS; VEGETABLE PRODUCTS NOT ELSEWHERE SPECIFIED OR INCLUDED,EXPORT,VALUE_IN_EUROS,2012,98
ESTAT:DS-045409(1.0),06/02/26 11:00:00,Annual,"European Union - 27 countries (AT, BE, BG, CY, CZ, DE, DK, EE, ES, FI, FR, GR, HR, HU, IE, IT, LT, LU, LV, MT, NL, PL, PT, RO, SE, SI, SK)",Mali,VEGETABLE PLAITING MATERIALS; VEGETABLE PRODUCTS NOT ELSEWHERE SPECIFIED OR INCLUDED,EXPORT,VALUE_IN_EUROS,2019,45054
ESTAT:DS-045409(1.0),06/02/26 11:00:00,Annual,"European Union - 27 countries (AT, BE, BG, CY, CZ, DE, DK, EE, ES, FI, FR, GR, HR, HU, IE, IT, LT, LU, LV, MT, NL, PL, PT, RO, SE, SI, SK)",Mali,VEGETABLE PLAITING MATERIALS; VEGETABLE PRODUCTS NOT ELSEWHERE SPECIFIED OR INCLUDED,EXPORT,VALUE_IN_EUROS,2020,0
ESTAT:DS-045409(1.0),06/02/26 11:00:00,Annual,"European Union - 27 countries (AT, BE, BG, CY, CZ, DE, DK, EE, ES, FI, FR, GR, HR, HU, IE, IT, LT, LU, LV, MT, NL, PL, PT, RO, SE, SI, SK)",Mali,VEGETABLE PLAITING MATERIALS; VEGETABLE PRODUCTS NOT ELSEWHERE SPECIFIED OR INCLUDED,EXPORT,VALUE_IN_EUROS,2021,144924
ESTAT:DS-045409(1.0),06/02/26 11:00:00,Annual,"European Union - 27 countries (AT, BE, BG, CY, CZ, DE, DK, EE, ES, FI, FR, GR, HR, HU, IE, IT, LT, LU, LV, MT, NL, PL, PT, RO, SE, SI, SK)",Mali,VEGETABLE PLAITING MATERIALS; VEGETABLE PRODUCTS NOT ELSEWHERE SPECIFIED OR INCLUDED,EXPORT,VALUE_IN_EUROS,2022,468310
ESTAT:DS-045409(1.0),06/02/26 11:00:00,Annual,"European Union - 27 countries (AT, BE, BG, CY, CZ, DE, DK, EE, ES, FI, FR, GR, HR, HU, IE, IT, LT, LU, LV, MT, NL, PL, PT, RO, SE, SI, SK)",Mali,VEGETABLE PLAITING MATERIALS; VEGETABLE PRODUCTS NOT ELSEWHERE SPECIFIED OR INCLUDED,EXPORT,VALUE_IN_EUROS,2023,110086
ESTAT:DS-045409(1.0),06/02/26 11:00:00,Annual,"European Union - 27 countries (AT, BE, BG, CY, CZ, DE, DK, EE, ES, FI, FR, GR, HR, HU, IE, IT, LT, LU, LV, MT, NL, PL, PT, RO, SE, SI, SK)",Mali,VEGETABLE PLAITING MATERIALS; VEGETABLE PRODUCTS NOT ELSEWHERE SPECIFIED OR INCLUDED,EXPORT,VALUE_IN_EUROS,2024,198080
ESTAT:DS-045409(1.0),06/02/26 11:00:00,Annual,"European Union - 27 countries (AT, BE, BG, CY, CZ, DE, DK, EE, ES, FI, FR, GR, HR, HU, IE, IT, LT, LU, LV, MT, NL, PL, PT, RO, SE, SI, SK)",Mauritania (incl. Spanish Sahara from 1977),VEGETABLE PLAITING MATERIALS; VEGETABLE PRODUCTS NOT ELSEWHERE SPECIFIED OR INCLUDED,EXPORT,VALUE_IN_EUROS,2001,9326
ESTAT:DS-045409(1.0),06/02/26 11:00:00,Annual,"European Union - 27 countries (AT, BE, BG, CY, CZ, DE, DK, EE, ES, FI, FR, GR, HR, HU, IE, IT, LT, LU, LV, MT, NL, PL, PT, RO, SE, SI, SK)",Mauritania (incl. Spanish Sahara from 1977),VEGETABLE PLAITING MATERIALS; VEGETABLE PRODUCTS NOT ELSEWHERE SPECIFIED OR INCLUDED,EXPORT,VALUE_IN_EUROS,2002,14502
ESTAT:DS-045409(1.0),06/02/26 11:00:00,Annual,"European Union - 27 countries (AT, BE, BG, CY, CZ, DE, DK, EE, ES, FI, FR, GR, HR, HU, IE, IT, LT, LU, LV, MT, NL, PL, PT, RO, SE, SI, SK)",Mauritania (incl. Spanish Sahara from 1977),VEGETABLE PLAITING MATERIALS; VEGETABLE PRODUCTS NOT ELSEWHERE SPECIFIED OR INCLUDED,EXPORT,VALUE_IN_EUROS,2003,17490
ESTAT:DS-045409(1.0),06/02/26 11:00:00,Annual,"European Union - 27 countries (AT, BE, BG, CY, CZ, DE, DK, EE, ES, FI, FR, GR, HR, HU, IE, IT, LT, LU, LV, MT, NL, PL, PT, RO, SE, SI, SK)",Mauritania (incl. Spanish Sahara from 1977),VEGETABLE PLAITING MATERIALS; VEGETABLE PRODUCTS NOT ELSEWHERE SPECIFIED OR INCLUDED,EXPORT,VALUE_IN_EUROS,2004,14470
ESTAT:DS-045409(1.0),06/02/26 11:00:00,Annual,"European Union - 27 countries (AT, BE, BG, CY, CZ, DE, DK, EE, ES, FI, FR, GR, HR, HU, IE, IT, LT, LU, LV, MT, NL, PL, PT, RO, SE, SI, SK)",Mauritania (incl. Spanish Sahara from 1977),VEGETABLE PLAITING MATERIALS; VEGETABLE PRODUCTS NOT ELSEWHERE SPECIFIED OR INCLUDED,EXPORT,VALUE_IN_EUROS,2005,16435
ESTAT:DS-045409(1.0),06/02/26 11:00:00,Annual,"European Union - 27 countries (AT, BE, BG, CY, CZ, DE, DK, EE, ES, FI, FR, GR, HR, HU, IE, IT, LT, LU, LV, MT, NL, PL, PT, RO, SE, SI, SK)",Mauritania (incl. Spanish Sahara from 1977),VEGETABLE PLAITING MATERIALS; VEGETABLE PRODUCTS NOT ELSEWHERE SPECIFIED OR INCLUDED,EXPORT,VALUE_IN_EUROS,2009,5308
ESTAT:DS-045409(1.0),06/02/26 11:00:00,Annual,"European Union - 27 countries (AT, BE, BG, CY, CZ, DE, DK, EE, ES, FI, FR, GR, HR, HU, IE, IT, LT, LU, LV, MT, NL, PL, PT, RO, SE, SI, SK)",Mauritania (incl. Spanish Sahara from 1977),VEGETABLE PLAITING MATERIALS; VEGETABLE PRODUCTS NOT ELSEWHERE SPECIFIED OR INCLUDED,EXPORT,VALUE_IN_EUROS,2012,10995
ESTAT:DS-045409(1.0),06/02/26 11:00:00,Annual,"European Union - 27 countries (AT, BE, BG, CY, CZ, DE, DK, EE, ES, FI, FR, GR, HR, HU, IE, IT, LT, LU, LV, MT, NL, PL, PT, RO, SE, SI, SK)",Mauritania (incl. Spanish Sahara from 1977),VEGETABLE PLAITING MATERIALS; VEGETABLE PRODUCTS NOT ELSEWHERE SPECIFIED OR INCLUDED,EXPORT,VALUE_IN_EUROS,2013,195
ESTAT:DS-045409(1.0),06/02/26 11:00:00,Annual,"European Union - 27 countries (AT, BE, BG, CY, CZ, DE, DK, EE, ES, FI, FR, GR, HR, HU, IE, IT, LT, LU, LV, MT, NL, PL, PT, RO, SE, SI, SK)",Mauritania (incl. Spanish Sahara from 1977),VEGETABLE PLAITING MATERIALS; VEGETABLE PRODUCTS NOT ELSEWHERE SPECIFIED OR INCLUDED,EXPORT,VALUE_IN_EUROS,2017,921
ESTAT:DS-045409(1.0),06/02/26 11:00:00,Annual,"European Union - 27 countries (AT, BE, BG, CY, CZ, DE, DK, EE, ES, FI, FR, GR, HR, HU, IE, IT, LT, LU, LV, MT, NL, PL, PT, RO, SE, SI, SK)",Mauritania (incl. Spanish Sahara from 1977),VEGETABLE PLAITING MATERIALS; VEGETABLE PRODUCTS NOT ELSEWHERE SPECIFIED OR INCLUDED,EXPORT,VALUE_IN_EUROS,2018,19875
ESTAT:DS-045409(1.0),06/02/26 11:00:00,Annual,"European Union - 27 countries (AT, BE, BG, CY, CZ, DE, DK, EE, ES, FI, FR, GR, HR, HU, IE, IT, LT, LU, LV, MT, NL, PL, PT, RO, SE, SI, SK)",Mauritania (incl. Spanish Sahara from 1977),VEGETABLE PLAITING MATERIALS; VEGETABLE PRODUCTS NOT ELSEWHERE SPECIFIED OR INCLUDED,EXPORT,VALUE_IN_EUROS,2019,3529
ESTAT:DS-045409(1.0),06/02/26 11:00:00,Annual,"European Union - 27 countries (AT, BE, BG, CY, CZ, DE, DK, EE, ES, FI, FR, GR, HR, HU, IE, IT, LT, LU, LV, MT, NL, PL, PT, RO, SE, SI, SK)",Mauritania (incl. Spanish Sahara from 1977),VEGETABLE PLAITING MATERIALS; VEGETABLE PRODUCTS NOT ELSEWHERE SPECIFIED OR INCLUDED,EXPORT,VALUE_IN_EUROS,2020,2233
ESTAT:DS-045409(1.0),06/02/26 11:00:00,Annual,"European Union - 27 countries (AT, BE, BG, CY, CZ, DE, DK, EE, ES, FI, FR, GR, HR, HU, IE, IT, LT, LU, LV, MT, NL, PL, PT, RO, SE, SI, SK)",Mauritania (incl. Spanish Sahara from 1977),VEGETABLE PLAITING MATERIALS; VEGETABLE PRODUCTS NOT ELSEWHERE SPECIFIED OR INCLUDED,EXPORT,VALUE_IN_EUROS,2021,2235
ESTAT:DS-045409(1.0),06/02/26 11:00:00,Annual,"European Union - 27 countries (AT, BE, BG, CY, CZ, DE, DK, EE, ES, FI, FR, GR, HR, HU, IE, IT, LT, LU, LV, MT, NL, PL, PT, RO, SE, SI, SK)",Mauritius,VEGETABLE PLAITING MATERIALS; VEGETABLE PRODUCTS NOT ELSEWHERE SPECIFIED OR INCLUDED,EXPORT,VALUE_IN_EUROS,2000,0
ESTAT:DS-045409(1.0),06/02/26 11:00:00,Annual,"European Union - 27 countries (AT, BE, BG, CY, CZ, DE, DK, EE, ES, FI, FR, GR, HR, HU, IE, IT, LT, LU, LV, MT, NL, PL, PT, RO, SE, SI, SK)",Mauritius,VEGETABLE PLAITING MATERIALS; VEGETABLE PRODUCTS NOT ELSEWHERE SPECIFIED OR INCLUDED,EXPORT,VALUE_IN_EUROS,2002,114
ESTAT:DS-045409(1.0),06/02/26 11:00:00,Annual,"European Union - 27 countries (AT, BE, BG, CY, CZ, DE, DK, EE, ES, FI, FR, GR, HR, HU, IE, IT, LT, LU, LV, MT, NL, PL, PT, RO, SE, SI, SK)",Mauritius,VEGETABLE PLAITING MATERIALS; VEGETABLE PRODUCTS NOT ELSEWHERE SPECIFIED OR INCLUDED,EXPORT,VALUE_IN_EUROS,2003,3990
ESTAT:DS-045409(1.0),06/02/26 11:00:00,Annual,"European Union - 27 countries (AT, BE, BG, CY, CZ, DE, DK, EE, ES, FI, FR, GR, HR, HU, IE, IT, LT, LU, LV, MT, NL, PL, PT, RO, SE, SI, SK)",Mauritius,VEGETABLE PLAITING MATERIALS; VEGETABLE PRODUCTS NOT ELSEWHERE SPECIFIED OR INCLUDED,EXPORT,VALUE_IN_EUROS,2005,1211
ESTAT:DS-045409(1.0),06/02/26 11:00:00,Annual,"European Union - 27 countries (AT, BE, BG, CY, CZ, DE, DK, EE, ES, FI, FR, GR, HR, HU, IE, IT, LT, LU, LV, MT, NL, PL, PT, RO, SE, SI, SK)",Mauritius,VEGETABLE PLAITING MATERIALS; VEGETABLE PRODUCTS NOT ELSEWHERE SPECIFIED OR INCLUDED,EXPORT,VALUE_IN_EUROS,2006,1114
ESTAT:DS-045409(1.0),06/02/26 11:00:00,Annual,"European Union - 27 countries (AT, BE, BG, CY, CZ, DE, DK, EE, ES, FI, FR, GR, HR, HU, IE, IT, LT, LU, LV, MT, NL, PL, PT, RO, SE, SI, SK)",Mauritius,VEGETABLE PLAITING MATERIALS; VEGETABLE PRODUCTS NOT ELSEWHERE SPECIFIED OR INCLUDED,EXPORT,VALUE_IN_EUROS,2012,2250
ESTAT:DS-045409(1.0),06/02/26 11:00:00,Annual,"European Union - 27 countries (AT, BE, BG, CY, CZ, DE, DK, EE, ES, FI, FR, GR, HR, HU, IE, IT, LT, LU, LV, MT, NL, PL, PT, RO, SE, SI, SK)",Mauritius,VEGETABLE PLAITING MATERIALS; VEGETABLE PRODUCTS NOT ELSEWHERE SPECIFIED OR INCLUDED,EXPORT,VALUE_IN_EUROS,2013,191
ESTAT:DS-045409(1.0),06/02/26 11:00:00,Annual,"European Union - 27 countries (AT, BE, BG, CY, CZ, DE, DK, EE, ES, FI, FR, GR, HR, HU, IE, IT, LT, LU, LV, MT, NL, PL, PT, RO, SE, SI, SK)",Mauritius,VEGETABLE PLAITING MATERIALS; VEGETABLE PRODUCTS NOT ELSEWHERE SPECIFIED OR INCLUDED,EXPORT,VALUE_IN_EUROS,2014,0
ESTAT:DS-045409(1.0),06/02/26 11:00:00,Annual,"European Union - 27 countries (AT, BE, BG, CY, CZ, DE, DK, EE, ES, FI, FR, GR, HR, HU, IE, IT, LT, LU, LV, MT, NL, PL, PT, RO, SE, SI, SK)",Mauritius,VEGETABLE PLAITING MATERIALS; VEGETABLE PRODUCTS NOT ELSEWHERE SPECIFIED OR INCLUDED,EXPORT,VALUE_IN_EUROS,2015,356
ESTAT:DS-045409(1.0),06/02/26 11:00:00,Annual,"European Union - 27 countries (AT, BE, BG, CY, CZ, DE, DK, EE, ES, FI, FR, GR, HR, HU, IE, IT, LT, LU, LV, MT, NL, PL, PT, RO, SE, SI, SK)",Mauritius,VEGETABLE PLAITING MATERIALS; VEGETABLE PRODUCTS NOT ELSEWHERE SPECIFIED OR INCLUDED,EXPORT,VALUE_IN_EUROS,2017,666
ESTAT:DS-045409(1.0),06/02/26 11:00:00,Annual,"European Union - 27 countries (AT, BE, BG, CY, CZ, DE, DK, EE, ES, FI, FR, GR, HR, HU, IE, IT, LT, LU, LV, MT, NL, PL, PT, RO, SE, SI, SK)",Mauritius,VEGETABLE PLAITING MATERIALS; VEGETABLE PRODUCTS NOT ELSEWHERE SPECIFIED OR INCLUDED,EXPORT,VALUE_IN_EUROS,2019,1040
ESTAT:DS-045409(1.0),06/02/26 11:00:00,Annual,"European Union - 27 countries (AT, BE, BG, CY, CZ, DE, DK, EE, ES, FI, FR, GR, HR, HU, IE, IT, LT, LU, LV, MT, NL, PL, PT, RO, SE, SI, SK)",Mauritius,VEGETABLE PLAITING MATERIALS; VEGETABLE PRODUCTS NOT ELSEWHERE SPECIFIED OR INCLUDED,EXPORT,VALUE_IN_EUROS,2020,221
ESTAT:DS-045409(1.0),06/02/26 11:00:00,Annual,"European Union - 27 countries (AT, BE, BG, CY, CZ, DE, DK, EE, ES, FI, FR, GR, HR, HU, IE, IT, LT, LU, LV, MT, NL, PL, PT, RO, SE, SI, SK)",Mauritius,VEGETABLE PLAITING MATERIALS; VEGETABLE PRODUCTS NOT ELSEWHERE SPECIFIED OR INCLUDED,EXPORT,VALUE_IN_EUROS,2021,426
ESTAT:DS-045409(1.0),06/02/26 11:00:00,Annual,"European Union - 27 countries (AT, BE, BG, CY, CZ, DE, DK, EE, ES, FI, FR, GR, HR, HU, IE, IT, LT, LU, LV, MT, NL, PL, PT, RO, SE, SI, SK)",Mauritius,VEGETABLE PLAITING MATERIALS; VEGETABLE PRODUCTS NOT ELSEWHERE SPECIFIED OR INCLUDED,EXPORT,VALUE_IN_EUROS,2022,279
ESTAT:DS-045409(1.0),06/02/26 11:00:00,Annual,"European Union - 27 countries (AT, BE, BG, CY, CZ, DE, DK, EE, ES, FI, FR, GR, HR, HU, IE, IT, LT, LU, LV, MT, NL, PL, PT, RO, SE, SI, SK)",Mauritius,VEGETABLE PLAITING MATERIALS; VEGETABLE PRODUCTS NOT ELSEWHERE SPECIFIED OR INCLUDED,EXPORT,VALUE_IN_EUROS,2023,8545
ESTAT:DS-045409(1.0),06/02/26 11:00:00,Annual,"European Union - 27 countries (AT, BE, BG, CY, CZ, DE, DK, EE, ES, FI, FR, GR, HR, HU, IE, IT, LT, LU, LV, MT, NL, PL, PT, RO, SE, SI, SK)",Mauritius,VEGETABLE PLAITING MATERIALS; VEGETABLE PRODUCTS NOT ELSEWHERE SPECIFIED OR INCLUDED,EXPORT,VALUE_IN_EUROS,2024,2180
ESTAT:DS-045409(1.0),06/02/26 11:00:00,Annual,"European Union - 27 countries (AT, BE, BG, CY, CZ, DE, DK, EE, ES, FI, FR, GR, HR, HU, IE, IT, LT, LU, LV, MT, NL, PL, PT, RO, SE, SI, SK)",Malawi,VEGETABLE PLAITING MATERIALS; VEGETABLE PRODUCTS NOT ELSEWHERE SPECIFIED OR INCLUDED,EXPORT,VALUE_IN_EUROS,2006,765
ESTAT:DS-045409(1.0),06/02/26 11:00:00,Annual,"European Union - 27 countries (AT, BE, BG, CY, CZ, DE, DK, EE, ES, FI, FR, GR, HR, HU, IE, IT, LT, LU, LV, MT, NL, PL, PT, RO, SE, SI, SK)",Malawi,VEGETABLE PLAITING MATERIALS; VEGETABLE PRODUCTS NOT ELSEWHERE SPECIFIED OR INCLUDED,EXPORT,VALUE_IN_EUROS,2012,71
ESTAT:DS-045409(1.0),06/02/26 11:00:00,Annual,"European Union - 27 countries (AT, BE, BG, CY, CZ, DE, DK, EE, ES, FI, FR, GR, HR, HU, IE, IT, LT, LU, LV, MT, NL, PL, PT, RO, SE, SI, SK)",Mozambique,VEGETABLE PLAITING MATERIALS; VEGETABLE PRODUCTS NOT ELSEWHERE SPECIFIED OR INCLUDED,EXPORT,VALUE_IN_EUROS,2000,35
ESTAT:DS-045409(1.0),06/02/26 11:00:00,Annual,"European Union - 27 countries (AT, BE, BG, CY, CZ, DE, DK, EE, ES, FI, FR, GR, HR, HU, IE, IT, LT, LU, LV, MT, NL, PL, PT, RO, SE, SI, SK)",Mozambique,VEGETABLE PLAITING MATERIALS; VEGETABLE PRODUCTS NOT ELSEWHERE SPECIFIED OR INCLUDED,EXPORT,VALUE_IN_EUROS,2004,18
ESTAT:DS-045409(1.0),06/02/26 11:00:00,Annual,"European Union - 27 countries (AT, BE, BG, CY, CZ, DE, DK, EE, ES, FI, FR, GR, HR, HU, IE, IT, LT, LU, LV, MT, NL, PL, PT, RO, SE, SI, SK)",Mozambique,VEGETABLE PLAITING MATERIALS; VEGETABLE PRODUCTS NOT ELSEWHERE SPECIFIED OR INCLUDED,EXPORT,VALUE_IN_EUROS,2006,193
ESTAT:DS-045409(1.0),06/02/26 11:00:00,Annual,"European Union - 27 countries (AT, BE, BG, CY, CZ, DE, DK, EE, ES, FI, FR, GR, HR, HU, IE, IT, LT, LU, LV, MT, NL, PL, PT, RO, SE, SI, SK)",Mozambique,VEGETABLE PLAITING MATERIALS; VEGETABLE PRODUCTS NOT ELSEWHERE SPECIFIED OR INCLUDED,EXPORT,VALUE_IN_EUROS,2007,97
ESTAT:DS-045409(1.0),06/02/26 11:00:00,Annual,"European Union - 27 countries (AT, BE, BG, CY, CZ, DE, DK, EE, ES, FI, FR, GR, HR, HU, IE, IT, LT, LU, LV, MT, NL, PL, PT, RO, SE, SI, SK)",Mozambique,VEGETABLE PLAITING MATERIALS; VEGETABLE PRODUCTS NOT ELSEWHERE SPECIFIED OR INCLUDED,EXPORT,VALUE_IN_EUROS,2013,28
ESTAT:DS-045409(1.0),06/02/26 11:00:00,Annual,"European Union - 27 countries (AT, BE, BG, CY, CZ, DE, DK, EE, ES, FI, FR, GR, HR, HU, IE, IT, LT, LU, LV, MT, NL, PL, PT, RO, SE, SI, SK)",Mozambique,VEGETABLE PLAITING MATERIALS; VEGETABLE PRODUCTS NOT ELSEWHERE SPECIFIED OR INCLUDED,EXPORT,VALUE_IN_EUROS,2014,29
ESTAT:DS-045409(1.0),06/02/26 11:00:00,Annual,"European Union - 27 countries (AT, BE, BG, CY, CZ, DE, DK, EE, ES, FI, FR, GR, HR, HU, IE, IT, LT, LU, LV, MT, NL, PL, PT, RO, SE, SI, SK)",Mozambique,VEGETABLE PLAITING MATERIALS; VEGETABLE PRODUCTS NOT ELSEWHERE SPECIFIED OR INCLUDED,EXPORT,VALUE_IN_EUROS,2015,177631
ESTAT:DS-045409(1.0),06/02/26 11:00:00,Annual,"European Union - 27 countries (AT, BE, BG, CY, CZ, DE, DK, EE, ES, FI, FR, GR, HR, HU, IE, IT, LT, LU, LV, MT, NL, PL, PT, RO, SE, SI, SK)",Mozambique,VEGETABLE PLAITING MATERIALS; VEGETABLE PRODUCTS NOT ELSEWHERE SPECIFIED OR INCLUDED,EXPORT,VALUE_IN_EUROS,2016,6187
ESTAT:DS-045409(1.0),06/02/26 11:00:00,Annual,"European Union - 27 countries (AT, BE, BG, CY, CZ, DE, DK, EE, ES, FI, FR, GR, HR, HU, IE, IT, LT, LU, LV, MT, NL, PL, PT, RO, SE, SI, SK)",Mozambique,VEGETABLE PLAITING MATERIALS; VEGETABLE PRODUCTS NOT ELSEWHERE SPECIFIED OR INCLUDED,EXPORT,VALUE_IN_EUROS,2017,19426
ESTAT:DS-045409(1.0),06/02/26 11:00:00,Annual,"European Union - 27 countries (AT, BE, BG, CY, CZ, DE, DK, EE, ES, FI, FR, GR, HR, HU, IE, IT, LT, LU, LV, MT, NL, PL, PT, RO, SE, SI, SK)",Mozambique,VEGETABLE PLAITING MATERIALS; VEGETABLE PRODUCTS NOT ELSEWHERE SPECIFIED OR INCLUDED,EXPORT,VALUE_IN_EUROS,2018,16
ESTAT:DS-045409(1.0),06/02/26 11:00:00,Annual,"European Union - 27 countries (AT, BE, BG, CY, CZ, DE, DK, EE, ES, FI, FR, GR, HR, HU, IE, IT, LT, LU, LV, MT, NL, PL, PT, RO, SE, SI, SK)",Mozambique,VEGETABLE PLAITING MATERIALS; VEGETABLE PRODUCTS NOT ELSEWHERE SPECIFIED OR INCLUDED,EXPORT,VALUE_IN_EUROS,2019,208
ESTAT:DS-045409(1.0),06/02/26 11:00:00,Annual,"European Union - 27 countries (AT, BE, BG, CY, CZ, DE, DK, EE, ES, FI, FR, GR, HR, HU, IE, IT, LT, LU, LV, MT, NL, PL, PT, RO, SE, SI, SK)",Mozambique,VEGETABLE PLAITING MATERIALS; VEGETABLE PRODUCTS NOT ELSEWHERE SPECIFIED OR INCLUDED,EXPORT,VALUE_IN_EUROS,2021,50992
ESTAT:DS-045409(1.0),06/02/26 11:00:00,Annual,"European Union - 27 countries (AT, BE, BG, CY, CZ, DE, DK, EE, ES, FI, FR, GR, HR, HU, IE, IT, LT, LU, LV, MT, NL, PL, PT, RO, SE, SI, SK)",Mozambique,VEGETABLE PLAITING MATERIALS; VEGETABLE PRODUCTS NOT ELSEWHERE SPECIFIED OR INCLUDED,EXPORT,VALUE_IN_EUROS,2022,28616
ESTAT:DS-045409(1.0),06/02/26 11:00:00,Annual,"European Union - 27 countries (AT, BE, BG, CY, CZ, DE, DK, EE, ES, FI, FR, GR, HR, HU, IE, IT, LT, LU, LV, MT, NL, PL, PT, RO, SE, SI, SK)",Mozambique,VEGETABLE PLAITING MATERIALS; VEGETABLE PRODUCTS NOT ELSEWHERE SPECIFIED OR INCLUDED,EXPORT,VALUE_IN_EUROS,2024,110628
ESTAT:DS-045409(1.0),06/02/26 11:00:00,Annual,"European Union - 27 countries (AT, BE, BG, CY, CZ, DE, DK, EE, ES, FI, FR, GR, HR, HU, IE, IT, LT, LU, LV, MT, NL, PL, PT, RO, SE, SI, SK)",Namibia,VEGETABLE PLAITING MATERIALS; VEGETABLE PRODUCTS NOT ELSEWHERE SPECIFIED OR INCLUDED,EXPORT,VALUE_IN_EUROS,2005,2800
ESTAT:DS-045409(1.0),06/02/26 11:00:00,Annual,"European Union - 27 countries (AT, BE, BG, CY, CZ, DE, DK, EE, ES, FI, FR, GR, HR, HU, IE, IT, LT, LU, LV, MT, NL, PL, PT, RO, SE, SI, SK)",Namibia,VEGETABLE PLAITING MATERIALS; VEGETABLE PRODUCTS NOT ELSEWHERE SPECIFIED OR INCLUDED,EXPORT,VALUE_IN_EUROS,2008,917
ESTAT:DS-045409(1.0),06/02/26 11:00:00,Annual,"European Union - 27 countries (AT, BE, BG, CY, CZ, DE, DK, EE, ES, FI, FR, GR, HR, HU, IE, IT, LT, LU, LV, MT, NL, PL, PT, RO, SE, SI, SK)",Namibia,VEGETABLE PLAITING MATERIALS; VEGETABLE PRODUCTS NOT ELSEWHERE SPECIFIED OR INCLUDED,EXPORT,VALUE_IN_EUROS,2013,125
ESTAT:DS-045409(1.0),06/02/26 11:00:00,Annual,"European Union - 27 countries (AT, BE, BG, CY, CZ, DE, DK, EE, ES, FI, FR, GR, HR, HU, IE, IT, LT, LU, LV, MT, NL, PL, PT, RO, SE, SI, SK)",Namibia,VEGETABLE PLAITING MATERIALS; VEGETABLE PRODUCTS NOT ELSEWHERE SPECIFIED OR INCLUDED,EXPORT,VALUE_IN_EUROS,2017,762
ESTAT:DS-045409(1.0),06/02/26 11:00:00,Annual,"European Union - 27 countries (AT, BE, BG, CY, CZ, DE, DK, EE, ES, FI, FR, GR, HR, HU, IE, IT, LT, LU, LV, MT, NL, PL, PT, RO, SE, SI, SK)",Namibia,VEGETABLE PLAITING MATERIALS; VEGETABLE PRODUCTS NOT ELSEWHERE SPECIFIED OR INCLUDED,EXPORT,VALUE_IN_EUROS,2023,2111
ESTAT:DS-045409(1.0),06/02/26 11:00:00,Annual,"European Union - 27 countries (AT, BE, BG, CY, CZ, DE, DK, EE, ES, FI, FR, GR, HR, HU, IE, IT, LT, LU, LV, MT, NL, PL, PT, RO, SE, SI, SK)",Niger,VEGETABLE PLAITING MATERIALS; VEGETABLE PRODUCTS NOT ELSEWHERE SPECIFIED OR INCLUDED,EXPORT,VALUE_IN_EUROS,2002,17677
ESTAT:DS-045409(1.0),06/02/26 11:00:00,Annual,"European Union - 27 countries (AT, BE, BG, CY, CZ, DE, DK, EE, ES, FI, FR, GR, HR, HU, IE, IT, LT, LU, LV, MT, NL, PL, PT, RO, SE, SI, SK)",Niger,VEGETABLE PLAITING MATERIALS; VEGETABLE PRODUCTS NOT ELSEWHERE SPECIFIED OR INCLUDED,EXPORT,VALUE_IN_EUROS,2004,1960
ESTAT:DS-045409(1.0),06/02/26 11:00:00,Annual,"European Union - 27 countries (AT, BE, BG, CY, CZ, DE, DK, EE, ES, FI, FR, GR, HR, HU, IE, IT, LT, LU, LV, MT, NL, PL, PT, RO, SE, SI, SK)",Niger,VEGETABLE PLAITING MATERIALS; VEGETABLE PRODUCTS NOT ELSEWHERE SPECIFIED OR INCLUDED,EXPORT,VALUE_IN_EUROS,2008,9558
ESTAT:DS-045409(1.0),06/02/26 11:00:00,Annual,"European Union - 27 countries (AT, BE, BG, CY, CZ, DE, DK, EE, ES, FI, FR, GR, HR, HU, IE, IT, LT, LU, LV, MT, NL, PL, PT, RO, SE, SI, SK)",Niger,VEGETABLE PLAITING MATERIALS; VEGETABLE PRODUCTS NOT ELSEWHERE SPECIFIED OR INCLUDED,EXPORT,VALUE_IN_EUROS,2016,153000
ESTAT:DS-045409(1.0),06/02/26 11:00:00,Annual,"European Union - 27 countries (AT, BE, BG, CY, CZ, DE, DK, EE, ES, FI, FR, GR, HR, HU, IE, IT, LT, LU, LV, MT, NL, PL, PT, RO, SE, SI, SK)",Niger,VEGETABLE PLAITING MATERIALS; VEGETABLE PRODUCTS NOT ELSEWHERE SPECIFIED OR INCLUDED,EXPORT,VALUE_IN_EUROS,2017,470
ESTAT:DS-045409(1.0),06/02/26 11:00:00,Annual,"European Union - 27 countries (AT, BE, BG, CY, CZ, DE, DK, EE, ES, FI, FR, GR, HR, HU, IE, IT, LT, LU, LV, MT, NL, PL, PT, RO, SE, SI, SK)",Niger,VEGETABLE PLAITING MATERIALS; VEGETABLE PRODUCTS NOT ELSEWHERE SPECIFIED OR INCLUDED,EXPORT,VALUE_IN_EUROS,2023,250
ESTAT:DS-045409(1.0),06/02/26 11:00:00,Annual,"European Union - 27 countries (AT, BE, BG, CY, CZ, DE, DK, EE, ES, FI, FR, GR, HR, HU, IE, IT, LT, LU, LV, MT, NL, PL, PT, RO, SE, SI, SK)",Nigeria,VEGETABLE PLAITING MATERIALS; VEGETABLE PRODUCTS NOT ELSEWHERE SPECIFIED OR INCLUDED,EXPORT,VALUE_IN_EUROS,2000,11793
ESTAT:DS-045409(1.0),06/02/26 11:00:00,Annual,"European Union - 27 countries (AT, BE, BG, CY, CZ, DE, DK, EE, ES, FI, FR, GR, HR, HU, IE, IT, LT, LU, LV, MT, NL, PL, PT, RO, SE, SI, SK)",Nigeria,VEGETABLE PLAITING MATERIALS; VEGETABLE PRODUCTS NOT ELSEWHERE SPECIFIED OR INCLUDED,EXPORT,VALUE_IN_EUROS,2001,15120
ESTAT:DS-045409(1.0),06/02/26 11:00:00,Annual,"European Union - 27 countries (AT, BE, BG, CY, CZ, DE, DK, EE, ES, FI, FR, GR, HR, HU, IE, IT, LT, LU, LV, MT, NL, PL, PT, RO, SE, SI, SK)",Nigeria,VEGETABLE PLAITING MATERIALS; VEGETABLE PRODUCTS NOT ELSEWHERE SPECIFIED OR INCLUDED,EXPORT,VALUE_IN_EUROS,2002,28205
ESTAT:DS-045409(1.0),06/02/26 11:00:00,Annual,"European Union - 27 countries (AT, BE, BG, CY, CZ, DE, DK, EE, ES, FI, FR, GR, HR, HU, IE, IT, LT, LU, LV, MT, NL, PL, PT, RO, SE, SI, SK)",Nigeria,VEGETABLE PLAITING MATERIALS; VEGETABLE PRODUCTS NOT ELSEWHERE SPECIFIED OR INCLUDED,EXPORT,VALUE_IN_EUROS,2003,19581
ESTAT:DS-045409(1.0),06/02/26 11:00:00,Annual,"European Union - 27 countries (AT, BE, BG, CY, CZ, DE, DK, EE, ES, FI, FR, GR, HR, HU, IE, IT, LT, LU, LV, MT, NL, PL, PT, RO, SE, SI, SK)",Nigeria,VEGETABLE PLAITING MATERIALS; VEGETABLE PRODUCTS NOT ELSEWHERE SPECIFIED OR INCLUDED,EXPORT,VALUE_IN_EUROS,2004,24545
ESTAT:DS-045409(1.0),06/02/26 11:00:00,Annual,"European Union - 27 countries (AT, BE, BG, CY, CZ, DE, DK, EE, ES, FI, FR, GR, HR, HU, IE, IT, LT, LU, LV, MT, NL, PL, PT, RO, SE, SI, SK)",Nigeria,VEGETABLE PLAITING MATERIALS; VEGETABLE PRODUCTS NOT ELSEWHERE SPECIFIED OR INCLUDED,EXPORT,VALUE_IN_EUROS,2005,20436
ESTAT:DS-045409(1.0),06/02/26 11:00:00,Annual,"European Union - 27 countries (AT, BE, BG, CY, CZ, DE, DK, EE, ES, FI, FR, GR, HR, HU, IE, IT, LT, LU, LV, MT, NL, PL, PT, RO, SE, SI, SK)",Nigeria,VEGETABLE PLAITING MATERIALS; VEGETABLE PRODUCTS NOT ELSEWHERE SPECIFIED OR INCLUDED,EXPORT,VALUE_IN_EUROS,2006,50247
ESTAT:DS-045409(1.0),06/02/26 11:00:00,Annual,"European Union - 27 countries (AT, BE, BG, CY, CZ, DE, DK, EE, ES, FI, FR, GR, HR, HU, IE, IT, LT, LU, LV, MT, NL, PL, PT, RO, SE, SI, SK)",Nigeria,VEGETABLE PLAITING MATERIALS; VEGETABLE PRODUCTS NOT ELSEWHERE SPECIFIED OR INCLUDED,EXPORT,VALUE_IN_EUROS,2007,61347
ESTAT:DS-045409(1.0),06/02/26 11:00:00,Annual,"European Union - 27 countries (AT, BE, BG, CY, CZ, DE, DK, EE, ES, FI, FR, GR, HR, HU, IE, IT, LT, LU, LV, MT, NL, PL, PT, RO, SE, SI, SK)",Nigeria,VEGETABLE PLAITING MATERIALS; VEGETABLE PRODUCTS NOT ELSEWHERE SPECIFIED OR INCLUDED,EXPORT,VALUE_IN_EUROS,2008,8040
ESTAT:DS-045409(1.0),06/02/26 11:00:00,Annual,"European Union - 27 countries (AT, BE, BG, CY, CZ, DE, DK, EE, ES, FI, FR, GR, HR, HU, IE, IT, LT, LU, LV, MT, NL, PL, PT, RO, SE, SI, SK)",Nigeria,VEGETABLE PLAITING MATERIALS; VEGETABLE PRODUCTS NOT ELSEWHERE SPECIFIED OR INCLUDED,EXPORT,VALUE_IN_EUROS,2009,11645
ESTAT:DS-045409(1.0),06/02/26 11:00:00,Annual,"European Union - 27 countries (AT, BE, BG, CY, CZ, DE, DK, EE, ES, FI, FR, GR, HR, HU, IE, IT, LT, LU, LV, MT, NL, PL, PT, RO, SE, SI, SK)",Nigeria,VEGETABLE PLAITING MATERIALS; VEGETABLE PRODUCTS NOT ELSEWHERE SPECIFIED OR INCLUDED,EXPORT,VALUE_IN_EUROS,2010,28263
ESTAT:DS-045409(1.0),06/02/26 11:00:00,Annual,"European Union - 27 countries (AT, BE, BG, CY, CZ, DE, DK, EE, ES, FI, FR, GR, HR, HU, IE, IT, LT, LU, LV, MT, NL, PL, PT, RO, SE, SI, SK)",Nigeria,VEGETABLE PLAITING MATERIALS; VEGETABLE PRODUCTS NOT ELSEWHERE SPECIFIED OR INCLUDED,EXPORT,VALUE_IN_EUROS,2011,25500
ESTAT:DS-045409(1.0),06/02/26 11:00:00,Annual,"European Union - 27 countries (AT, BE, BG, CY, CZ, DE, DK, EE, ES, FI, FR, GR, HR, HU, IE, IT, LT, LU, LV, MT, NL, PL, PT, RO, SE, SI, SK)",Nigeria,VEGETABLE PLAITING MATERIALS; VEGETABLE PRODUCTS NOT ELSEWHERE SPECIFIED OR INCLUDED,EXPORT,VALUE_IN_EUROS,2012,2775
ESTAT:DS-045409(1.0),06/02/26 11:00:00,Annual,"European Union - 27 countries (AT, BE, BG, CY, CZ, DE, DK, EE, ES, FI, FR, GR, HR, HU, IE, IT, LT, LU, LV, MT, NL, PL, PT, RO, SE, SI, SK)",Nigeria,VEGETABLE PLAITING MATERIALS; VEGETABLE PRODUCTS NOT ELSEWHERE SPECIFIED OR INCLUDED,EXPORT,VALUE_IN_EUROS,2013,64122
ESTAT:DS-045409(1.0),06/02/26 11:00:00,Annual,"European Union - 27 countries (AT, BE, BG, CY, CZ, DE, DK, EE, ES, FI, FR, GR, HR, HU, IE, IT, LT, LU, LV, MT, NL, PL, PT, RO, SE, SI, SK)",Nigeria,VEGETABLE PLAITING MATERIALS; VEGETABLE PRODUCTS NOT ELSEWHERE SPECIFIED OR INCLUDED,EXPORT,VALUE_IN_EUROS,2014,100
ESTAT:DS-045409(1.0),06/02/26 11:00:00,Annual,"European Union - 27 countries (AT, BE, BG, CY, CZ, DE, DK, EE, ES, FI, FR, GR, HR, HU, IE, IT, LT, LU, LV, MT, NL, PL, PT, RO, SE, SI, SK)",Nigeria,VEGETABLE PLAITING MATERIALS; VEGETABLE PRODUCTS NOT ELSEWHERE SPECIFIED OR INCLUDED,EXPORT,VALUE_IN_EUROS,2015,17468
ESTAT:DS-045409(1.0),06/02/26 11:00:00,Annual,"European Union - 27 countries (AT, BE, BG, CY, CZ, DE, DK, EE, ES, FI, FR, GR, HR, HU, IE, IT, LT, LU, LV, MT, NL, PL, PT, RO, SE, SI, SK)",Nigeria,VEGETABLE PLAITING MATERIALS; VEGETABLE PRODUCTS NOT ELSEWHERE SPECIFIED OR INCLUDED,EXPORT,VALUE_IN_EUROS,2016,2111
ESTAT:DS-045409(1.0),06/02/26 11:00:00,Annual,"European Union - 27 countries (AT, BE, BG, CY, CZ, DE, DK, EE, ES, FI, FR, GR, HR, HU, IE, IT, LT, LU, LV, MT, NL, PL, PT, RO, SE, SI, SK)",Nigeria,VEGETABLE PLAITING MATERIALS; VEGETABLE PRODUCTS NOT ELSEWHERE SPECIFIED OR INCLUDED,EXPORT,VALUE_IN_EUROS,2017,22400
ESTAT:DS-045409(1.0),06/02/26 11:00:00,Annual,"European Union - 27 countries (AT, BE, BG, CY, CZ, DE, DK, EE, ES, FI, FR, GR, HR, HU, IE, IT, LT, LU, LV, MT, NL, PL, PT, RO, SE, SI, SK)",Nigeria,VEGETABLE PLAITING MATERIALS; VEGETABLE PRODUCTS NOT ELSEWHERE SPECIFIED OR INCLUDED,EXPORT,VALUE_IN_EUROS,2018,5498
ESTAT:DS-045409(1.0),06/02/26 11:00:00,Annual,"European Union - 27 countries (AT, BE, BG, CY, CZ, DE, DK, EE, ES, FI, FR, GR, HR, HU, IE, IT, LT, LU, LV, MT, NL, PL, PT, RO, SE, SI, SK)",Nigeria,VEGETABLE PLAITING MATERIALS; VEGETABLE PRODUCTS NOT ELSEWHERE SPECIFIED OR INCLUDED,EXPORT,VALUE_IN_EUROS,2019,3719
ESTAT:DS-045409(1.0),06/02/26 11:00:00,Annual,"European Union - 27 countries (AT, BE, BG, CY, CZ, DE, DK, EE, ES, FI, FR, GR, HR, HU, IE, IT, LT, LU, LV, MT, NL, PL, PT, RO, SE, SI, SK)",Nigeria,VEGETABLE PLAITING MATERIALS; VEGETABLE PRODUCTS NOT ELSEWHERE SPECIFIED OR INCLUDED,EXPORT,VALUE_IN_EUROS,2020,1309
ESTAT:DS-045409(1.0),06/02/26 11:00:00,Annual,"European Union - 27 countries (AT, BE, BG, CY, CZ, DE, DK, EE, ES, FI, FR, GR, HR, HU, IE, IT, LT, LU, LV, MT, NL, PL, PT, RO, SE, SI, SK)",Nigeria,VEGETABLE PLAITING MATERIALS; VEGETABLE PRODUCTS NOT ELSEWHERE SPECIFIED OR INCLUDED,EXPORT,VALUE_IN_EUROS,2021,536
ESTAT:DS-045409(1.0),06/02/26 11:00:00,Annual,"European Union - 27 countries (AT, BE, BG, CY, CZ, DE, DK, EE, ES, FI, FR, GR, HR, HU, IE, IT, LT, LU, LV, MT, NL, PL, PT, RO, SE, SI, SK)",Nigeria,VEGETABLE PLAITING MATERIALS; VEGETABLE PRODUCTS NOT ELSEWHERE SPECIFIED OR INCLUDED,EXPORT,VALUE_IN_EUROS,2022,287
ESTAT:DS-045409(1.0),06/02/26 11:00:00,Annual,"European Union - 27 countries (AT, BE, BG, CY, CZ, DE, DK, EE, ES, FI, FR, GR, HR, HU, IE, IT, LT, LU, LV, MT, NL, PL, PT, RO, SE, SI, SK)",Nigeria,VEGETABLE PLAITING MATERIALS; VEGETABLE PRODUCTS NOT ELSEWHERE SPECIFIED OR INCLUDED,EXPORT,VALUE_IN_EUROS,2023,8982
ESTAT:DS-045409(1.0),06/02/26 11:00:00,Annual,"European Union - 27 countries (AT, BE, BG, CY, CZ, DE, DK, EE, ES, FI, FR, GR, HR, HU, IE, IT, LT, LU, LV, MT, NL, PL, PT, RO, SE, SI, SK)",Nigeria,VEGETABLE PLAITING MATERIALS; VEGETABLE PRODUCTS NOT ELSEWHERE SPECIFIED OR INCLUDED,EXPORT,VALUE_IN_EUROS,2024,30800
ESTAT:DS-045409(1.0),06/02/26 11:00:00,Annual,"European Union - 27 countries (AT, BE, BG, CY, CZ, DE, DK, EE, ES, FI, FR, GR, HR, HU, IE, IT, LT, LU, LV, MT, NL, PL, PT, RO, SE, SI, SK)",Rwanda,VEGETABLE PLAITING MATERIALS; VEGETABLE PRODUCTS NOT ELSEWHERE SPECIFIED OR INCLUDED,EXPORT,VALUE_IN_EUROS,2007,2365
ESTAT:DS-045409(1.0),06/02/26 11:00:00,Annual,"European Union - 27 countries (AT, BE, BG, CY, CZ, DE, DK, EE, ES, FI, FR, GR, HR, HU, IE, IT, LT, LU, LV, MT, NL, PL, PT, RO, SE, SI, SK)",Rwanda,VEGETABLE PLAITING MATERIALS; VEGETABLE PRODUCTS NOT ELSEWHERE SPECIFIED OR INCLUDED,EXPORT,VALUE_IN_EUROS,2012,53
ESTAT:DS-045409(1.0),06/02/26 11:00:00,Annual,"European Union - 27 countries (AT, BE, BG, CY, CZ, DE, DK, EE, ES, FI, FR, GR, HR, HU, IE, IT, LT, LU, LV, MT, NL, PL, PT, RO, SE, SI, SK)",Rwanda,VEGETABLE PLAITING MATERIALS; VEGETABLE PRODUCTS NOT ELSEWHERE SPECIFIED OR INCLUDED,EXPORT,VALUE_IN_EUROS,2015,348
ESTAT:DS-045409(1.0),06/02/26 11:00:00,Annual,"European Union - 27 countries (AT, BE, BG, CY, CZ, DE, DK, EE, ES, FI, FR, GR, HR, HU, IE, IT, LT, LU, LV, MT, NL, PL, PT, RO, SE, SI, SK)",Seychelles,VEGETABLE PLAITING MATERIALS; VEGETABLE PRODUCTS NOT ELSEWHERE SPECIFIED OR INCLUDED,EXPORT,VALUE_IN_EUROS,2010,618
ESTAT:DS-045409(1.0),06/02/26 11:00:00,Annual,"European Union - 27 countries (AT, BE, BG, CY, CZ, DE, DK, EE, ES, FI, FR, GR, HR, HU, IE, IT, LT, LU, LV, MT, NL, PL, PT, RO, SE, SI, SK)",Seychelles,VEGETABLE PLAITING MATERIALS; VEGETABLE PRODUCTS NOT ELSEWHERE SPECIFIED OR INCLUDED,EXPORT,VALUE_IN_EUROS,2011,6303
ESTAT:DS-045409(1.0),06/02/26 11:00:00,Annual,"European Union - 27 countries (AT, BE, BG, CY, CZ, DE, DK, EE, ES, FI, FR, GR, HR, HU, IE, IT, LT, LU, LV, MT, NL, PL, PT, RO, SE, SI, SK)",Seychelles,VEGETABLE PLAITING MATERIALS; VEGETABLE PRODUCTS NOT ELSEWHERE SPECIFIED OR INCLUDED,EXPORT,VALUE_IN_EUROS,2012,2520
ESTAT:DS-045409(1.0),06/02/26 11:00:00,Annual,"European Union - 27 countries (AT, BE, BG, CY, CZ, DE, DK, EE, ES, FI, FR, GR, HR, HU, IE, IT, LT, LU, LV, MT, NL, PL, PT, RO, SE, SI, SK)",Seychelles,VEGETABLE PLAITING MATERIALS; VEGETABLE PRODUCTS NOT ELSEWHERE SPECIFIED OR INCLUDED,EXPORT,VALUE_IN_EUROS,2013,468
ESTAT:DS-045409(1.0),06/02/26 11:00:00,Annual,"European Union - 27 countries (AT, BE, BG, CY, CZ, DE, DK, EE, ES, FI, FR, GR, HR, HU, IE, IT, LT, LU, LV, MT, NL, PL, PT, RO, SE, SI, SK)",Seychelles,VEGETABLE PLAITING MATERIALS; VEGETABLE PRODUCTS NOT ELSEWHERE SPECIFIED OR INCLUDED,EXPORT,VALUE_IN_EUROS,2014,737
ESTAT:DS-045409(1.0),06/02/26 11:00:00,Annual,"European Union - 27 countries (AT, BE, BG, CY, CZ, DE, DK, EE, ES, FI, FR, GR, HR, HU, IE, IT, LT, LU, LV, MT, NL, PL, PT, RO, SE, SI, SK)",Seychelles,VEGETABLE PLAITING MATERIALS; VEGETABLE PRODUCTS NOT ELSEWHERE SPECIFIED OR INCLUDED,EXPORT,VALUE_IN_EUROS,2015,414
ESTAT:DS-045409(1.0),06/02/26 11:00:00,Annual,"European Union - 27 countries (AT, BE, BG, CY, CZ, DE, DK, EE, ES, FI, FR, GR, HR, HU, IE, IT, LT, LU, LV, MT, NL, PL, PT, RO, SE, SI, SK)",Seychelles,VEGETABLE PLAITING MATERIALS; VEGETABLE PRODUCTS NOT ELSEWHERE SPECIFIED OR INCLUDED,EXPORT,VALUE_IN_EUROS,2017,502
ESTAT:DS-045409(1.0),06/02/26 11:00:00,Annual,"European Union - 27 countries (AT, BE, BG, CY, CZ, DE, DK, EE, ES, FI, FR, GR, HR, HU, IE, IT, LT, LU, LV, MT, NL, PL, PT, RO, SE, SI, SK)",Seychelles,VEGETABLE PLAITING MATERIALS; VEGETABLE PRODUCTS NOT ELSEWHERE SPECIFIED OR INCLUDED,EXPORT,VALUE_IN_EUROS,2018,511
ESTAT:DS-045409(1.0),06/02/26 11:00:00,Annual,"European Union - 27 countries (AT, BE, BG, CY, CZ, DE, DK, EE, ES, FI, FR, GR, HR, HU, IE, IT, LT, LU, LV, MT, NL, PL, PT, RO, SE, SI, SK)",Seychelles,VEGETABLE PLAITING MATERIALS; VEGETABLE PRODUCTS NOT ELSEWHERE SPECIFIED OR INCLUDED,EXPORT,VALUE_IN_EUROS,2019,62
ESTAT:DS-045409(1.0),06/02/26 11:00:00,Annual,"European Union - 27 countries (AT, BE, BG, CY, CZ, DE, DK, EE, ES, FI, FR, GR, HR, HU, IE, IT, LT, LU, LV, MT, NL, PL, PT, RO, SE, SI, SK)",Seychelles,VEGETABLE PLAITING MATERIALS; VEGETABLE PRODUCTS NOT ELSEWHERE SPECIFIED OR INCLUDED,EXPORT,VALUE_IN_EUROS,2020,240
ESTAT:DS-045409(1.0),06/02/26 11:00:00,Annual,"European Union - 27 countries (AT, BE, BG, CY, CZ, DE, DK, EE, ES, FI, FR, GR, HR, HU, IE, IT, LT, LU, LV, MT, NL, PL, PT, RO, SE, SI, SK)",Seychelles,VEGETABLE PLAITING MATERIALS; VEGETABLE PRODUCTS NOT ELSEWHERE SPECIFIED OR INCLUDED,EXPORT,VALUE_IN_EUROS,2021,94
ESTAT:DS-045409(1.0),06/02/26 11:00:00,Annual,"European Union - 27 countries (AT, BE, BG, CY, CZ, DE, DK, EE, ES, FI, FR, GR, HR, HU, IE, IT, LT, LU, LV, MT, NL, PL, PT, RO, SE, SI, SK)",Seychelles,VEGETABLE PLAITING MATERIALS; VEGETABLE PRODUCTS NOT ELSEWHERE SPECIFIED OR INCLUDED,EXPORT,VALUE_IN_EUROS,2022,606
ESTAT:DS-045409(1.0),06/02/26 11:00:00,Annual,"European Union - 27 countries (AT, BE, BG, CY, CZ, DE, DK, EE, ES, FI, FR, GR, HR, HU, IE, IT, LT, LU, LV, MT, NL, PL, PT, RO, SE, SI, SK)",Seychelles,VEGETABLE PLAITING MATERIALS; VEGETABLE PRODUCTS NOT ELSEWHERE SPECIFIED OR INCLUDED,EXPORT,VALUE_IN_EUROS,2023,267
ESTAT:DS-045409(1.0),06/02/26 11:00:00,Annual,"European Union - 27 countries (AT, BE, BG, CY, CZ, DE, DK, EE, ES, FI, FR, GR, HR, HU, IE, IT, LT, LU, LV, MT, NL, PL, PT, RO, SE, SI, SK)",Sudan (incl. South Sudan 'SS' -> 2012),VEGETABLE PLAITING MATERIALS; VEGETABLE PRODUCTS NOT ELSEWHERE SPECIFIED OR INCLUDED,EXPORT,VALUE_IN_EUROS,1999,1878
ESTAT:DS-045409(1.0),06/02/26 11:00:00,Annual,"European Union - 27 countries (AT, BE, BG, CY, CZ, DE, DK, EE, ES, FI, FR, GR, HR, HU, IE, IT, LT, LU, LV, MT, NL, PL, PT, RO, SE, SI, SK)",Sudan (incl. South Sudan 'SS' -> 2012),VEGETABLE PLAITING MATERIALS; VEGETABLE PRODUCTS NOT ELSEWHERE SPECIFIED OR INCLUDED,EXPORT,VALUE_IN_EUROS,2002,1337
ESTAT:DS-045409(1.0),06/02/26 11:00:00,Annual,"European Union - 27 countries (AT, BE, BG, CY, CZ, DE, DK, EE, ES, FI, FR, GR, HR, HU, IE, IT, LT, LU, LV, MT, NL, PL, PT, RO, SE, SI, SK)",Sudan (incl. South Sudan 'SS' -> 2012),VEGETABLE PLAITING MATERIALS; VEGETABLE PRODUCTS NOT ELSEWHERE SPECIFIED OR INCLUDED,EXPORT,VALUE_IN_EUROS,2006,3680
ESTAT:DS-045409(1.0),06/02/26 11:00:00,Annual,"European Union - 27 countries (AT, BE, BG, CY, CZ, DE, DK, EE, ES, FI, FR, GR, HR, HU, IE, IT, LT, LU, LV, MT, NL, PL, PT, RO, SE, SI, SK)",Sudan (incl. South Sudan 'SS' -> 2012),VEGETABLE PLAITING MATERIALS; VEGETABLE PRODUCTS NOT ELSEWHERE SPECIFIED OR INCLUDED,EXPORT,VALUE_IN_EUROS,2007,1098
ESTAT:DS-045409(1.0),06/02/26 11:00:00,Annual,"European Union - 27 countries (AT, BE, BG, CY, CZ, DE, DK, EE, ES, FI, FR, GR, HR, HU, IE, IT, LT, LU, LV, MT, NL, PL, PT, RO, SE, SI, SK)",Sudan (incl. South Sudan 'SS' -> 2012),VEGETABLE PLAITING MATERIALS; VEGETABLE PRODUCTS NOT ELSEWHERE SPECIFIED OR INCLUDED,EXPORT,VALUE_IN_EUROS,2012,114
ESTAT:DS-045409(1.0),06/02/26 11:00:00,Annual,"European Union - 27 countries (AT, BE, BG, CY, CZ, DE, DK, EE, ES, FI, FR, GR, HR, HU, IE, IT, LT, LU, LV, MT, NL, PL, PT, RO, SE, SI, SK)",Sudan (incl. South Sudan 'SS' -> 2012),VEGETABLE PLAITING MATERIALS; VEGETABLE PRODUCTS NOT ELSEWHERE SPECIFIED OR INCLUDED,EXPORT,VALUE_IN_EUROS,2015,18965
ESTAT:DS-045409(1.0),06/02/26 11:00:00,Annual,"European Union - 27 countries (AT, BE, BG, CY, CZ, DE, DK, EE, ES, FI, FR, GR, HR, HU, IE, IT, LT, LU, LV, MT, NL, PL, PT, RO, SE, SI, SK)",Sudan (incl. South Sudan 'SS' -> 2012),VEGETABLE PLAITING MATERIALS; VEGETABLE PRODUCTS NOT ELSEWHERE SPECIFIED OR INCLUDED,EXPORT,VALUE_IN_EUROS,2020,1452
ESTAT:DS-045409(1.0),06/02/26 11:00:00,Annual,"European Union - 27 countries (AT, BE, BG, CY, CZ, DE, DK, EE, ES, FI, FR, GR, HR, HU, IE, IT, LT, LU, LV, MT, NL, PL, PT, RO, SE, SI, SK)",Sierra Leone,VEGETABLE PLAITING MATERIALS; VEGETABLE PRODUCTS NOT ELSEWHERE SPECIFIED OR INCLUDED,EXPORT,VALUE_IN_EUROS,2001,2554
ESTAT:DS-045409(1.0),06/02/26 11:00:00,Annual,"European Union - 27 countries (AT, BE, BG, CY, CZ, DE, DK, EE, ES, FI, FR, GR, HR, HU, IE, IT, LT, LU, LV, MT, NL, PL, PT, RO, SE, SI, SK)",Sierra Leone,VEGETABLE PLAITING MATERIALS; VEGETABLE PRODUCTS NOT ELSEWHERE SPECIFIED OR INCLUDED,EXPORT,VALUE_IN_EUROS,2003,5324
ESTAT:DS-045409(1.0),06/02/26 11:00:00,Annual,"European Union - 27 countries (AT, BE, BG, CY, CZ, DE, DK, EE, ES, FI, FR, GR, HR, HU, IE, IT, LT, LU, LV, MT, NL, PL, PT, RO, SE, SI, SK)",Sierra Leone,VEGETABLE PLAITING MATERIALS; VEGETABLE PRODUCTS NOT ELSEWHERE SPECIFIED OR INCLUDED,EXPORT,VALUE_IN_EUROS,2004,1648
ESTAT:DS-045409(1.0),06/02/26 11:00:00,Annual,"European Union - 27 countries (AT, BE, BG, CY, CZ, DE, DK, EE, ES, FI, FR, GR, HR, HU, IE, IT, LT, LU, LV, MT, NL, PL, PT, RO, SE, SI, SK)",Sierra Leone,VEGETABLE PLAITING MATERIALS; VEGETABLE PRODUCTS NOT ELSEWHERE SPECIFIED OR INCLUDED,EXPORT,VALUE_IN_EUROS,2009,754
ESTAT:DS-045409(1.0),06/02/26 11:00:00,Annual,"European Union - 27 countries (AT, BE, BG, CY, CZ, DE, DK, EE, ES, FI, FR, GR, HR, HU, IE, IT, LT, LU, LV, MT, NL, PL, PT, RO, SE, SI, SK)",Sierra Leone,VEGETABLE PLAITING MATERIALS; VEGETABLE PRODUCTS NOT ELSEWHERE SPECIFIED OR INCLUDED,EXPORT,VALUE_IN_EUROS,2012,3180
ESTAT:DS-045409(1.0),06/02/26 11:00:00,Annual,"European Union - 27 countries (AT, BE, BG, CY, CZ, DE, DK, EE, ES, FI, FR, GR, HR, HU, IE, IT, LT, LU, LV, MT, NL, PL, PT, RO, SE, SI, SK)",Sierra Leone,VEGETABLE PLAITING MATERIALS; VEGETABLE PRODUCTS NOT ELSEWHERE SPECIFIED OR INCLUDED,EXPORT,VALUE_IN_EUROS,2013,1680
ESTAT:DS-045409(1.0),06/02/26 11:00:00,Annual,"European Union - 27 countries (AT, BE, BG, CY, CZ, DE, DK, EE, ES, FI, FR, GR, HR, HU, IE, IT, LT, LU, LV, MT, NL, PL, PT, RO, SE, SI, SK)",Sierra Leone,VEGETABLE PLAITING MATERIALS; VEGETABLE PRODUCTS NOT ELSEWHERE SPECIFIED OR INCLUDED,EXPORT,VALUE_IN_EUROS,2016,444
ESTAT:DS-045409(1.0),06/02/26 11:00:00,Annual,"European Union - 27 countries (AT, BE, BG, CY, CZ, DE, DK, EE, ES, FI, FR, GR, HR, HU, IE, IT, LT, LU, LV, MT, NL, PL, PT, RO, SE, SI, SK)",Senegal,VEGETABLE PLAITING MATERIALS; VEGETABLE PRODUCTS NOT ELSEWHERE SPECIFIED OR INCLUDED,EXPORT,VALUE_IN_EUROS,1999,28378
ESTAT:DS-045409(1.0),06/02/26 11:00:00,Annual,"European Union - 27 countries (AT, BE, BG, CY, CZ, DE, DK, EE, ES, FI, FR, GR, HR, HU, IE, IT, LT, LU, LV, MT, NL, PL, PT, RO, SE, SI, SK)",Senegal,VEGETABLE PLAITING MATERIALS; VEGETABLE PRODUCTS NOT ELSEWHERE SPECIFIED OR INCLUDED,EXPORT,VALUE_IN_EUROS,2000,54485
ESTAT:DS-045409(1.0),06/02/26 11:00:00,Annual,"European Union - 27 countries (AT, BE, BG, CY, CZ, DE, DK, EE, ES, FI, FR, GR, HR, HU, IE, IT, LT, LU, LV, MT, NL, PL, PT, RO, SE, SI, SK)",Senegal,VEGETABLE PLAITING MATERIALS; VEGETABLE PRODUCTS NOT ELSEWHERE SPECIFIED OR INCLUDED,EXPORT,VALUE_IN_EUROS,2001,13971
ESTAT:DS-045409(1.0),06/02/26 11:00:00,Annual,"European Union - 27 countries (AT, BE, BG, CY, CZ, DE, DK, EE, ES, FI, FR, GR, HR, HU, IE, IT, LT, LU, LV, MT, NL, PL, PT, RO, SE, SI, SK)",Senegal,VEGETABLE PLAITING MATERIALS; VEGETABLE PRODUCTS NOT ELSEWHERE SPECIFIED OR INCLUDED,EXPORT,VALUE_IN_EUROS,2002,10107
ESTAT:DS-045409(1.0),06/02/26 11:00:00,Annual,"European Union - 27 countries (AT, BE, BG, CY, CZ, DE, DK, EE, ES, FI, FR, GR, HR, HU, IE, IT, LT, LU, LV, MT, NL, PL, PT, RO, SE, SI, SK)",Senegal,VEGETABLE PLAITING MATERIALS; VEGETABLE PRODUCTS NOT ELSEWHERE SPECIFIED OR INCLUDED,EXPORT,VALUE_IN_EUROS,2003,35371
ESTAT:DS-045409(1.0),06/02/26 11:00:00,Annual,"European Union - 27 countries (AT, BE, BG, CY, CZ, DE, DK, EE, ES, FI, FR, GR, HR, HU, IE, IT, LT, LU, LV, MT, NL, PL, PT, RO, SE, SI, SK)",Senegal,VEGETABLE PLAITING MATERIALS; VEGETABLE PRODUCTS NOT ELSEWHERE SPECIFIED OR INCLUDED,EXPORT,VALUE_IN_EUROS,2004,27262
ESTAT:DS-045409(1.0),06/02/26 11:00:00,Annual,"European Union - 27 countries (AT, BE, BG, CY, CZ, DE, DK, EE, ES, FI, FR, GR, HR, HU, IE, IT, LT, LU, LV, MT, NL, PL, PT, RO, SE, SI, SK)",Senegal,VEGETABLE PLAITING MATERIALS; VEGETABLE PRODUCTS NOT ELSEWHERE SPECIFIED OR INCLUDED,EXPORT,VALUE_IN_EUROS,2005,1390
ESTAT:DS-045409(1.0),06/02/26 11:00:00,Annual,"European Union - 27 countries (AT, BE, BG, CY, CZ, DE, DK, EE, ES, FI, FR, GR, HR, HU, IE, IT, LT, LU, LV, MT, NL, PL, PT, RO, SE, SI, SK)",Senegal,VEGETABLE PLAITING MATERIALS; VEGETABLE PRODUCTS NOT ELSEWHERE SPECIFIED OR INCLUDED,EXPORT,VALUE_IN_EUROS,2006,4851
ESTAT:DS-045409(1.0),06/02/26 11:00:00,Annual,"European Union - 27 countries (AT, BE, BG, CY, CZ, DE, DK, EE, ES, FI, FR, GR, HR, HU, IE, IT, LT, LU, LV, MT, NL, PL, PT, RO, SE, SI, SK)",Senegal,VEGETABLE PLAITING MATERIALS; VEGETABLE PRODUCTS NOT ELSEWHERE SPECIFIED OR INCLUDED,EXPORT,VALUE_IN_EUROS,2008,3958
ESTAT:DS-045409(1.0),06/02/26 11:00:00,Annual,"European Union - 27 countries (AT, BE, BG, CY, CZ, DE, DK, EE, ES, FI, FR, GR, HR, HU, IE, IT, LT, LU, LV, MT, NL, PL, PT, RO, SE, SI, SK)",Senegal,VEGETABLE PLAITING MATERIALS; VEGETABLE PRODUCTS NOT ELSEWHERE SPECIFIED OR INCLUDED,EXPORT,VALUE_IN_EUROS,2010,9619
ESTAT:DS-045409(1.0),06/02/26 11:00:00,Annual,"European Union - 27 countries (AT, BE, BG, CY, CZ, DE, DK, EE, ES, FI, FR, GR, HR, HU, IE, IT, LT, LU, LV, MT, NL, PL, PT, RO, SE, SI, SK)",Senegal,VEGETABLE PLAITING MATERIALS; VEGETABLE PRODUCTS NOT ELSEWHERE SPECIFIED OR INCLUDED,EXPORT,VALUE_IN_EUROS,2011,61136
ESTAT:DS-045409(1.0),06/02/26 11:00:00,Annual,"European Union - 27 countries (AT, BE, BG, CY, CZ, DE, DK, EE, ES, FI, FR, GR, HR, HU, IE, IT, LT, LU, LV, MT, NL, PL, PT, RO, SE, SI, SK)",Senegal,VEGETABLE PLAITING MATERIALS; VEGETABLE PRODUCTS NOT ELSEWHERE SPECIFIED OR INCLUDED,EXPORT,VALUE_IN_EUROS,2012,92087
ESTAT:DS-045409(1.0),06/02/26 11:00:00,Annual,"European Union - 27 countries (AT, BE, BG, CY, CZ, DE, DK, EE, ES, FI, FR, GR, HR, HU, IE, IT, LT, LU, LV, MT, NL, PL, PT, RO, SE, SI, SK)",Senegal,VEGETABLE PLAITING MATERIALS; VEGETABLE PRODUCTS NOT ELSEWHERE SPECIFIED OR INCLUDED,EXPORT,VALUE_IN_EUROS,2013,98120
ESTAT:DS-045409(1.0),06/02/26 11:00:00,Annual,"European Union - 27 countries (AT, BE, BG, CY, CZ, DE, DK, EE, ES, FI, FR, GR, HR, HU, IE, IT, LT, LU, LV, MT, NL, PL, PT, RO, SE, SI, SK)",Senegal,VEGETABLE PLAITING MATERIALS; VEGETABLE PRODUCTS NOT ELSEWHERE SPECIFIED OR INCLUDED,EXPORT,VALUE_IN_EUROS,2014,63491
ESTAT:DS-045409(1.0),06/02/26 11:00:00,Annual,"European Union - 27 countries (AT, BE, BG, CY, CZ, DE, DK, EE, ES, FI, FR, GR, HR, HU, IE, IT, LT, LU, LV, MT, NL, PL, PT, RO, SE, SI, SK)",Senegal,VEGETABLE PLAITING MATERIALS; VEGETABLE PRODUCTS NOT ELSEWHERE SPECIFIED OR INCLUDED,EXPORT,VALUE_IN_EUROS,2015,86425
ESTAT:DS-045409(1.0),06/02/26 11:00:00,Annual,"European Union - 27 countries (AT, BE, BG, CY, CZ, DE, DK, EE, ES, FI, FR, GR, HR, HU, IE, IT, LT, LU, LV, MT, NL, PL, PT, RO, SE, SI, SK)",Senegal,VEGETABLE PLAITING MATERIALS; VEGETABLE PRODUCTS NOT ELSEWHERE SPECIFIED OR INCLUDED,EXPORT,VALUE_IN_EUROS,2016,113251
ESTAT:DS-045409(1.0),06/02/26 11:00:00,Annual,"European Union - 27 countries (AT, BE, BG, CY, CZ, DE, DK, EE, ES, FI, FR, GR, HR, HU, IE, IT, LT, LU, LV, MT, NL, PL, PT, RO, SE, SI, SK)",Senegal,VEGETABLE PLAITING MATERIALS; VEGETABLE PRODUCTS NOT ELSEWHERE SPECIFIED OR INCLUDED,EXPORT,VALUE_IN_EUROS,2017,57192
ESTAT:DS-045409(1.0),06/02/26 11:00:00,Annual,"European Union - 27 countries (AT, BE, BG, CY, CZ, DE, DK, EE, ES, FI, FR, GR, HR, HU, IE, IT, LT, LU, LV, MT, NL, PL, PT, RO, SE, SI, SK)",Senegal,VEGETABLE PLAITING MATERIALS; VEGETABLE PRODUCTS NOT ELSEWHERE SPECIFIED OR INCLUDED,EXPORT,VALUE_IN_EUROS,2018,35517
ESTAT:DS-045409(1.0),06/02/26 11:00:00,Annual,"European Union - 27 countries (AT, BE, BG, CY, CZ, DE, DK, EE, ES, FI, FR, GR, HR, HU, IE, IT, LT, LU, LV, MT, NL, PL, PT, RO, SE, SI, SK)",Senegal,VEGETABLE PLAITING MATERIALS; VEGETABLE PRODUCTS NOT ELSEWHERE SPECIFIED OR INCLUDED,EXPORT,VALUE_IN_EUROS,2019,66084
ESTAT:DS-045409(1.0),06/02/26 11:00:00,Annual,"European Union - 27 countries (AT, BE, BG, CY, CZ, DE, DK, EE, ES, FI, FR, GR, HR, HU, IE, IT, LT, LU, LV, MT, NL, PL, PT, RO, SE, SI, SK)",Senegal,VEGETABLE PLAITING MATERIALS; VEGETABLE PRODUCTS NOT ELSEWHERE SPECIFIED OR INCLUDED,EXPORT,VALUE_IN_EUROS,2020,87
ESTAT:DS-045409(1.0),06/02/26 11:00:00,Annual,"European Union - 27 countries (AT, BE, BG, CY, CZ, DE, DK, EE, ES, FI, FR, GR, HR, HU, IE, IT, LT, LU, LV, MT, NL, PL, PT, RO, SE, SI, SK)",Senegal,VEGETABLE PLAITING MATERIALS; VEGETABLE PRODUCTS NOT ELSEWHERE SPECIFIED OR INCLUDED,EXPORT,VALUE_IN_EUROS,2021,116006
ESTAT:DS-045409(1.0),06/02/26 11:00:00,Annual,"European Union - 27 countries (AT, BE, BG, CY, CZ, DE, DK, EE, ES, FI, FR, GR, HR, HU, IE, IT, LT, LU, LV, MT, NL, PL, PT, RO, SE, SI, SK)",Senegal,VEGETABLE PLAITING MATERIALS; VEGETABLE PRODUCTS NOT ELSEWHERE SPECIFIED OR INCLUDED,EXPORT,VALUE_IN_EUROS,2022,157377
ESTAT:DS-045409(1.0),06/02/26 11:00:00,Annual,"European Union - 27 countries (AT, BE, BG, CY, CZ, DE, DK, EE, ES, FI, FR, GR, HR, HU, IE, IT, LT, LU, LV, MT, NL, PL, PT, RO, SE, SI, SK)",Senegal,VEGETABLE PLAITING MATERIALS; VEGETABLE PRODUCTS NOT ELSEWHERE SPECIFIED OR INCLUDED,EXPORT,VALUE_IN_EUROS,2023,2146
ESTAT:DS-045409(1.0),06/02/26 11:00:00,Annual,"European Union - 27 countries (AT, BE, BG, CY, CZ, DE, DK, EE, ES, FI, FR, GR, HR, HU, IE, IT, LT, LU, LV, MT, NL, PL, PT, RO, SE, SI, SK)",Senegal,VEGETABLE PLAITING MATERIALS; VEGETABLE PRODUCTS NOT ELSEWHERE SPECIFIED OR INCLUDED,EXPORT,VALUE_IN_EUROS,2024,134762
ESTAT:DS-045409(1.0),06/02/26 11:00:00,Annual,"European Union - 27 countries (AT, BE, BG, CY, CZ, DE, DK, EE, ES, FI, FR, GR, HR, HU, IE, IT, LT, LU, LV, MT, NL, PL, PT, RO, SE, SI, SK)",Sao Tome and Principe,VEGETABLE PLAITING MATERIALS; VEGETABLE PRODUCTS NOT ELSEWHERE SPECIFIED OR INCLUDED,EXPORT,VALUE_IN_EUROS,2000,50
ESTAT:DS-045409(1.0),06/02/26 11:00:00,Annual,"European Union - 27 countries (AT, BE, BG, CY, CZ, DE, DK, EE, ES, FI, FR, GR, HR, HU, IE, IT, LT, LU, LV, MT, NL, PL, PT, RO, SE, SI, SK)",Sao Tome and Principe,VEGETABLE PLAITING MATERIALS; VEGETABLE PRODUCTS NOT ELSEWHERE SPECIFIED OR INCLUDED,EXPORT,VALUE_IN_EUROS,2002,1454
ESTAT:DS-045409(1.0),06/02/26 11:00:00,Annual,"European Union - 27 countries (AT, BE, BG, CY, CZ, DE, DK, EE, ES, FI, FR, GR, HR, HU, IE, IT, LT, LU, LV, MT, NL, PL, PT, RO, SE, SI, SK)",Sao Tome and Principe,VEGETABLE PLAITING MATERIALS; VEGETABLE PRODUCTS NOT ELSEWHERE SPECIFIED OR INCLUDED,EXPORT,VALUE_IN_EUROS,2005,72
ESTAT:DS-045409(1.0),06/02/26 11:00:00,Annual,"European Union - 27 countries (AT, BE, BG, CY, CZ, DE, DK, EE, ES, FI, FR, GR, HR, HU, IE, IT, LT, LU, LV, MT, NL, PL, PT, RO, SE, SI, SK)",Sao Tome and Principe,VEGETABLE PLAITING MATERIALS; VEGETABLE PRODUCTS NOT ELSEWHERE SPECIFIED OR INCLUDED,EXPORT,VALUE_IN_EUROS,2010,110
ESTAT:DS-045409(1.0),06/02/26 11:00:00,Annual,"European Union - 27 countries (AT, BE, BG, CY, CZ, DE, DK, EE, ES, FI, FR, GR, HR, HU, IE, IT, LT, LU, LV, MT, NL, PL, PT, RO, SE, SI, SK)",Sao Tome and Principe,VEGETABLE PLAITING MATERIALS; VEGETABLE PRODUCTS NOT ELSEWHERE SPECIFIED OR INCLUDED,EXPORT,VALUE_IN_EUROS,2014,13
ESTAT:DS-045409(1.0),06/02/26 11:00:00,Annual,"European Union - 27 countries (AT, BE, BG, CY, CZ, DE, DK, EE, ES, FI, FR, GR, HR, HU, IE, IT, LT, LU, LV, MT, NL, PL, PT, RO, SE, SI, SK)",Sao Tome and Principe,VEGETABLE PLAITING MATERIALS; VEGETABLE PRODUCTS NOT ELSEWHERE SPECIFIED OR INCLUDED,EXPORT,VALUE_IN_EUROS,2015,89
ESTAT:DS-045409(1.0),06/02/26 11:00:00,Annual,"European Union - 27 countries (AT, BE, BG, CY, CZ, DE, DK, EE, ES, FI, FR, GR, HR, HU, IE, IT, LT, LU, LV, MT, NL, PL, PT, RO, SE, SI, SK)",Sao Tome and Principe,VEGETABLE PLAITING MATERIALS; VEGETABLE PRODUCTS NOT ELSEWHERE SPECIFIED OR INCLUDED,EXPORT,VALUE_IN_EUROS,2018,3914
ESTAT:DS-045409(1.0),06/02/26 11:00:00,Annual,"European Union - 27 countries (AT, BE, BG, CY, CZ, DE, DK, EE, ES, FI, FR, GR, HR, HU, IE, IT, LT, LU, LV, MT, NL, PL, PT, RO, SE, SI, SK)",Sao Tome and Principe,VEGETABLE PLAITING MATERIALS; VEGETABLE PRODUCTS NOT ELSEWHERE SPECIFIED OR INCLUDED,EXPORT,VALUE_IN_EUROS,2019,428
ESTAT:DS-045409(1.0),06/02/26 11:00:00,Annual,"European Union - 27 countries (AT, BE, BG, CY, CZ, DE, DK, EE, ES, FI, FR, GR, HR, HU, IE, IT, LT, LU, LV, MT, NL, PL, PT, RO, SE, SI, SK)",Sao Tome and Principe,VEGETABLE PLAITING MATERIALS; VEGETABLE PRODUCTS NOT ELSEWHERE SPECIFIED OR INCLUDED,EXPORT,VALUE_IN_EUROS,2021,135
ESTAT:DS-045409(1.0),06/02/26 11:00:00,Annual,"European Union - 27 countries (AT, BE, BG, CY, CZ, DE, DK, EE, ES, FI, FR, GR, HR, HU, IE, IT, LT, LU, LV, MT, NL, PL, PT, RO, SE, SI, SK)",Sao Tome and Principe,VEGETABLE PLAITING MATERIALS; VEGETABLE PRODUCTS NOT ELSEWHERE SPECIFIED OR INCLUDED,EXPORT,VALUE_IN_EUROS,2022,894
ESTAT:DS-045409(1.0),06/02/26 11:00:00,Annual,"European Union - 27 countries (AT, BE, BG, CY, CZ, DE, DK, EE, ES, FI, FR, GR, HR, HU, IE, IT, LT, LU, LV, MT, NL, PL, PT, RO, SE, SI, SK)",Sao Tome and Principe,VEGETABLE PLAITING MATERIALS; VEGETABLE PRODUCTS NOT ELSEWHERE SPECIFIED OR INCLUDED,EXPORT,VALUE_IN_EUROS,2023,570
ESTAT:DS-045409(1.0),06/02/26 11:00:00,Annual,"European Union - 27 countries (AT, BE, BG, CY, CZ, DE, DK, EE, ES, FI, FR, GR, HR, HU, IE, IT, LT, LU, LV, MT, NL, PL, PT, RO, SE, SI, SK)",Sao Tome and Principe,VEGETABLE PLAITING MATERIALS; VEGETABLE PRODUCTS NOT ELSEWHERE SPECIFIED OR INCLUDED,EXPORT,VALUE_IN_EUROS,2024,170920
ESTAT:DS-045409(1.0),06/02/26 11:00:00,Annual,"European Union - 27 countries (AT, BE, BG, CY, CZ, DE, DK, EE, ES, FI, FR, GR, HR, HU, IE, IT, LT, LU, LV, MT, NL, PL, PT, RO, SE, SI, SK)",Chad,VEGETABLE PLAITING MATERIALS; VEGETABLE PRODUCTS NOT ELSEWHERE SPECIFIED OR INCLUDED,EXPORT,VALUE_IN_EUROS,2001,12653
ESTAT:DS-045409(1.0),06/02/26 11:00:00,Annual,"European Union - 27 countries (AT, BE, BG, CY, CZ, DE, DK, EE, ES, FI, FR, GR, HR, HU, IE, IT, LT, LU, LV, MT, NL, PL, PT, RO, SE, SI, SK)",Chad,VEGETABLE PLAITING MATERIALS; VEGETABLE PRODUCTS NOT ELSEWHERE SPECIFIED OR INCLUDED,EXPORT,VALUE_IN_EUROS,2002,4800
ESTAT:DS-045409(1.0),06/02/26 11:00:00,Annual,"European Union - 27 countries (AT, BE, BG, CY, CZ, DE, DK, EE, ES, FI, FR, GR, HR, HU, IE, IT, LT, LU, LV, MT, NL, PL, PT, RO, SE, SI, SK)",Chad,VEGETABLE PLAITING MATERIALS; VEGETABLE PRODUCTS NOT ELSEWHERE SPECIFIED OR INCLUDED,EXPORT,VALUE_IN_EUROS,2003,1120
ESTAT:DS-045409(1.0),06/02/26 11:00:00,Annual,"European Union - 27 countries (AT, BE, BG, CY, CZ, DE, DK, EE, ES, FI, FR, GR, HR, HU, IE, IT, LT, LU, LV, MT, NL, PL, PT, RO, SE, SI, SK)",Chad,VEGETABLE PLAITING MATERIALS; VEGETABLE PRODUCTS NOT ELSEWHERE SPECIFIED OR INCLUDED,EXPORT,VALUE_IN_EUROS,2005,550
ESTAT:DS-045409(1.0),06/02/26 11:00:00,Annual,"European Union - 27 countries (AT, BE, BG, CY, CZ, DE, DK, EE, ES, FI, FR, GR, HR, HU, IE, IT, LT, LU, LV, MT, NL, PL, PT, RO, SE, SI, SK)",Chad,VEGETABLE PLAITING MATERIALS; VEGETABLE PRODUCTS NOT ELSEWHERE SPECIFIED OR INCLUDED,EXPORT,VALUE_IN_EUROS,2006,8599
ESTAT:DS-045409(1.0),06/02/26 11:00:00,Annual,"European Union - 27 countries (AT, BE, BG, CY, CZ, DE, DK, EE, ES, FI, FR, GR, HR, HU, IE, IT, LT, LU, LV, MT, NL, PL, PT, RO, SE, SI, SK)",Chad,VEGETABLE PLAITING MATERIALS; VEGETABLE PRODUCTS NOT ELSEWHERE SPECIFIED OR INCLUDED,EXPORT,VALUE_IN_EUROS,2007,8698
ESTAT:DS-045409(1.0),06/02/26 11:00:00,Annual,"European Union - 27 countries (AT, BE, BG, CY, CZ, DE, DK, EE, ES, FI, FR, GR, HR, HU, IE, IT, LT, LU, LV, MT, NL, PL, PT, RO, SE, SI, SK)",Chad,VEGETABLE PLAITING MATERIALS; VEGETABLE PRODUCTS NOT ELSEWHERE SPECIFIED OR INCLUDED,EXPORT,VALUE_IN_EUROS,2008,5100
ESTAT:DS-045409(1.0),06/02/26 11:00:00,Annual,"European Union - 27 countries (AT, BE, BG, CY, CZ, DE, DK, EE, ES, FI, FR, GR, HR, HU, IE, IT, LT, LU, LV, MT, NL, PL, PT, RO, SE, SI, SK)",Chad,VEGETABLE PLAITING MATERIALS; VEGETABLE PRODUCTS NOT ELSEWHERE SPECIFIED OR INCLUDED,EXPORT,VALUE_IN_EUROS,2010,17388
ESTAT:DS-045409(1.0),06/02/26 11:00:00,Annual,"European Union - 27 countries (AT, BE, BG, CY, CZ, DE, DK, EE, ES, FI, FR, GR, HR, HU, IE, IT, LT, LU, LV, MT, NL, PL, PT, RO, SE, SI, SK)",Chad,VEGETABLE PLAITING MATERIALS; VEGETABLE PRODUCTS NOT ELSEWHERE SPECIFIED OR INCLUDED,EXPORT,VALUE_IN_EUROS,2011,18110
ESTAT:DS-045409(1.0),06/02/26 11:00:00,Annual,"European Union - 27 countries (AT, BE, BG, CY, CZ, DE, DK, EE, ES, FI, FR, GR, HR, HU, IE, IT, LT, LU, LV, MT, NL, PL, PT, RO, SE, SI, SK)",Chad,VEGETABLE PLAITING MATERIALS; VEGETABLE PRODUCTS NOT ELSEWHERE SPECIFIED OR INCLUDED,EXPORT,VALUE_IN_EUROS,2012,5602
ESTAT:DS-045409(1.0),06/02/26 11:00:00,Annual,"European Union - 27 countries (AT, BE, BG, CY, CZ, DE, DK, EE, ES, FI, FR, GR, HR, HU, IE, IT, LT, LU, LV, MT, NL, PL, PT, RO, SE, SI, SK)",Chad,VEGETABLE PLAITING MATERIALS; VEGETABLE PRODUCTS NOT ELSEWHERE SPECIFIED OR INCLUDED,EXPORT,VALUE_IN_EUROS,2014,2644
ESTAT:DS-045409(1.0),06/02/26 11:00:00,Annual,"European Union - 27 countries (AT, BE, BG, CY, CZ, DE, DK, EE, ES, FI, FR, GR, HR, HU, IE, IT, LT, LU, LV, MT, NL, PL, PT, RO, SE, SI, SK)",Chad,VEGETABLE PLAITING MATERIALS; VEGETABLE PRODUCTS NOT ELSEWHERE SPECIFIED OR INCLUDED,EXPORT,VALUE_IN_EUROS,2016,189
ESTAT:DS-045409(1.0),06/02/26 11:00:00,Annual,"European Union - 27 countries (AT, BE, BG, CY, CZ, DE, DK, EE, ES, FI, FR, GR, HR, HU, IE, IT, LT, LU, LV, MT, NL, PL, PT, RO, SE, SI, SK)",Chad,VEGETABLE PLAITING MATERIALS; VEGETABLE PRODUCTS NOT ELSEWHERE SPECIFIED OR INCLUDED,EXPORT,VALUE_IN_EUROS,2022,4646
ESTAT:DS-045409(1.0),06/02/26 11:00:00,Annual,"European Union - 27 countries (AT, BE, BG, CY, CZ, DE, DK, EE, ES, FI, FR, GR, HR, HU, IE, IT, LT, LU, LV, MT, NL, PL, PT, RO, SE, SI, SK)",Togo,VEGETABLE PLAITING MATERIALS; VEGETABLE PRODUCTS NOT ELSEWHERE SPECIFIED OR INCLUDED,EXPORT,VALUE_IN_EUROS,2011,21508
ESTAT:DS-045409(1.0),06/02/26 11:00:00,Annual,"European Union - 27 countries (AT, BE, BG, CY, CZ, DE, DK, EE, ES, FI, FR, GR, HR, HU, IE, IT, LT, LU, LV, MT, NL, PL, PT, RO, SE, SI, SK)",Togo,VEGETABLE PLAITING MATERIALS; VEGETABLE PRODUCTS NOT ELSEWHERE SPECIFIED OR INCLUDED,EXPORT,VALUE_IN_EUROS,2012,23341
ESTAT:DS-045409(1.0),06/02/26 11:00:00,Annual,"European Union - 27 countries (AT, BE, BG, CY, CZ, DE, DK, EE, ES, FI, FR, GR, HR, HU, IE, IT, LT, LU, LV, MT, NL, PL, PT, RO, SE, SI, SK)",Togo,VEGETABLE PLAITING MATERIALS; VEGETABLE PRODUCTS NOT ELSEWHERE SPECIFIED OR INCLUDED,EXPORT,VALUE_IN_EUROS,2014,733
ESTAT:DS-045409(1.0),06/02/26 11:00:00,Annual,"European Union - 27 countries (AT, BE, BG, CY, CZ, DE, DK, EE, ES, FI, FR, GR, HR, HU, IE, IT, LT, LU, LV, MT, NL, PL, PT, RO, SE, SI, SK)",Togo,VEGETABLE PLAITING MATERIALS; VEGETABLE PRODUCTS NOT ELSEWHERE SPECIFIED OR INCLUDED,EXPORT,VALUE_IN_EUROS,2015,11770
ESTAT:DS-045409(1.0),06/02/26 11:00:00,Annual,"European Union - 27 countries (AT, BE, BG, CY, CZ, DE, DK, EE, ES, FI, FR, GR, HR, HU, IE, IT, LT, LU, LV, MT, NL, PL, PT, RO, SE, SI, SK)",Togo,VEGETABLE PLAITING MATERIALS; VEGETABLE PRODUCTS NOT ELSEWHERE SPECIFIED OR INCLUDED,EXPORT,VALUE_IN_EUROS,2016,10500
ESTAT:DS-045409(1.0),06/02/26 11:00:00,Annual,"European Union - 27 countries (AT, BE, BG, CY, CZ, DE, DK, EE, ES, FI, FR, GR, HR, HU, IE, IT, LT, LU, LV, MT, NL, PL, PT, RO, SE, SI, SK)",Togo,VEGETABLE PLAITING MATERIALS; VEGETABLE PRODUCTS NOT ELSEWHERE SPECIFIED OR INCLUDED,EXPORT,VALUE_IN_EUROS,2017,18968
ESTAT:DS-045409(1.0),06/02/26 11:00:00,Annual,"European Union - 27 countries (AT, BE, BG, CY, CZ, DE, DK, EE, ES, FI, FR, GR, HR, HU, IE, IT, LT, LU, LV, MT, NL, PL, PT, RO, SE, SI, SK)",Togo,VEGETABLE PLAITING MATERIALS; VEGETABLE PRODUCTS NOT ELSEWHERE SPECIFIED OR INCLUDED,EXPORT,VALUE_IN_EUROS,2019,488
ESTAT:DS-045409(1.0),06/02/26 11:00:00,Annual,"European Union - 27 countries (AT, BE, BG, CY, CZ, DE, DK, EE, ES, FI, FR, GR, HR, HU, IE, IT, LT, LU, LV, MT, NL, PL, PT, RO, SE, SI, SK)",Togo,VEGETABLE PLAITING MATERIALS; VEGETABLE PRODUCTS NOT ELSEWHERE SPECIFIED OR INCLUDED,EXPORT,VALUE_IN_EUROS,2023,9514
ESTAT:DS-045409(1.0),06/02/26 11:00:00,Annual,"European Union - 27 countries (AT, BE, BG, CY, CZ, DE, DK, EE, ES, FI, FR, GR, HR, HU, IE, IT, LT, LU, LV, MT, NL, PL, PT, RO, SE, SI, SK)",Tunisia,VEGETABLE PLAITING MATERIALS; VEGETABLE PRODUCTS NOT ELSEWHERE SPECIFIED OR INCLUDED,EXPORT,VALUE_IN_EUROS,1999,113620
ESTAT:DS-045409(1.0),06/02/26 11:00:00,Annual,"European Union - 27 countries (AT, BE, BG, CY, CZ, DE, DK, EE, ES, FI, FR, GR, HR, HU, IE, IT, LT, LU, LV, MT, NL, PL, PT, RO, SE, SI, SK)",Tunisia,VEGETABLE PLAITING MATERIALS; VEGETABLE PRODUCTS NOT ELSEWHERE SPECIFIED OR INCLUDED,EXPORT,VALUE_IN_EUROS,2000,148410
ESTAT:DS-045409(1.0),06/02/26 11:00:00,Annual,"European Union - 27 countries (AT, BE, BG, CY, CZ, DE, DK, EE, ES, FI, FR, GR, HR, HU, IE, IT, LT, LU, LV, MT, NL, PL, PT, RO, SE, SI, SK)",Tunisia,VEGETABLE PLAITING MATERIALS; VEGETABLE PRODUCTS NOT ELSEWHERE SPECIFIED OR INCLUDED,EXPORT,VALUE_IN_EUROS,2001,106078
ESTAT:DS-045409(1.0),06/02/26 11:00:00,Annual,"European Union - 27 countries (AT, BE, BG, CY, CZ, DE, DK, EE, ES, FI, FR, GR, HR, HU, IE, IT, LT, LU, LV, MT, NL, PL, PT, RO, SE, SI, SK)",Tunisia,VEGETABLE PLAITING MATERIALS; VEGETABLE PRODUCTS NOT ELSEWHERE SPECIFIED OR INCLUDED,EXPORT,VALUE_IN_EUROS,2002,94881
ESTAT:DS-045409(1.0),06/02/26 11:00:00,Annual,"European Union - 27 countries (AT, BE, BG, CY, CZ, DE, DK, EE, ES, FI, FR, GR, HR, HU, IE, IT, LT, LU, LV, MT, NL, PL, PT, RO, SE, SI, SK)",Tunisia,VEGETABLE PLAITING MATERIALS; VEGETABLE PRODUCTS NOT ELSEWHERE SPECIFIED OR INCLUDED,EXPORT,VALUE_IN_EUROS,2003,7226
ESTAT:DS-045409(1.0),06/02/26 11:00:00,Annual,"European Union - 27 countries (AT, BE, BG, CY, CZ, DE, DK, EE, ES, FI, FR, GR, HR, HU, IE, IT, LT, LU, LV, MT, NL, PL, PT, RO, SE, SI, SK)",Tunisia,VEGETABLE PLAITING MATERIALS; VEGETABLE PRODUCTS NOT ELSEWHERE SPECIFIED OR INCLUDED,EXPORT,VALUE_IN_EUROS,2004,75753
ESTAT:DS-045409(1.0),06/02/26 11:00:00,Annual,"European Union - 27 countries (AT, BE, BG, CY, CZ, DE, DK, EE, ES, FI, FR, GR, HR, HU, IE, IT, LT, LU, LV, MT, NL, PL, PT, RO, SE, SI, SK)",Tunisia,VEGETABLE PLAITING MATERIALS; VEGETABLE PRODUCTS NOT ELSEWHERE SPECIFIED OR INCLUDED,EXPORT,VALUE_IN_EUROS,2005,33296
ESTAT:DS-045409(1.0),06/02/26 11:00:00,Annual,"European Union - 27 countries (AT, BE, BG, CY, CZ, DE, DK, EE, ES, FI, FR, GR, HR, HU, IE, IT, LT, LU, LV, MT, NL, PL, PT, RO, SE, SI, SK)",Tunisia,VEGETABLE PLAITING MATERIALS; VEGETABLE PRODUCTS NOT ELSEWHERE SPECIFIED OR INCLUDED,EXPORT,VALUE_IN_EUROS,2006,163294
ESTAT:DS-045409(1.0),06/02/26 11:00:00,Annual,"European Union - 27 countries (AT, BE, BG, CY, CZ, DE, DK, EE, ES, FI, FR, GR, HR, HU, IE, IT, LT, LU, LV, MT, NL, PL, PT, RO, SE, SI, SK)",Tunisia,VEGETABLE PLAITING MATERIALS; VEGETABLE PRODUCTS NOT ELSEWHERE SPECIFIED OR INCLUDED,EXPORT,VALUE_IN_EUROS,2007,28515
ESTAT:DS-045409(1.0),06/02/26 11:00:00,Annual,"European Union - 27 countries (AT, BE, BG, CY, CZ, DE, DK, EE, ES, FI, FR, GR, HR, HU, IE, IT, LT, LU, LV, MT, NL, PL, PT, RO, SE, SI, SK)",Tunisia,VEGETABLE PLAITING MATERIALS; VEGETABLE PRODUCTS NOT ELSEWHERE SPECIFIED OR INCLUDED,EXPORT,VALUE_IN_EUROS,2008,14671
ESTAT:DS-045409(1.0),06/02/26 11:00:00,Annual,"European Union - 27 countries (AT, BE, BG, CY, CZ, DE, DK, EE, ES, FI, FR, GR, HR, HU, IE, IT, LT, LU, LV, MT, NL, PL, PT, RO, SE, SI, SK)",Tunisia,VEGETABLE PLAITING MATERIALS; VEGETABLE PRODUCTS NOT ELSEWHERE SPECIFIED OR INCLUDED,EXPORT,VALUE_IN_EUROS,2009,182398
ESTAT:DS-045409(1.0),06/02/26 11:00:00,Annual,"European Union - 27 countries (AT, BE, BG, CY, CZ, DE, DK, EE, ES, FI, FR, GR, HR, HU, IE, IT, LT, LU, LV, MT, NL, PL, PT, RO, SE, SI, SK)",Tunisia,VEGETABLE PLAITING MATERIALS; VEGETABLE PRODUCTS NOT ELSEWHERE SPECIFIED OR INCLUDED,EXPORT,VALUE_IN_EUROS,2010,72022
ESTAT:DS-045409(1.0),06/02/26 11:00:00,Annual,"European Union - 27 countries (AT, BE, BG, CY, CZ, DE, DK, EE, ES, FI, FR, GR, HR, HU, IE, IT, LT, LU, LV, MT, NL, PL, PT, RO, SE, SI, SK)",Tunisia,VEGETABLE PLAITING MATERIALS; VEGETABLE PRODUCTS NOT ELSEWHERE SPECIFIED OR INCLUDED,EXPORT,VALUE_IN_EUROS,2011,116307
ESTAT:DS-045409(1.0),06/02/26 11:00:00,Annual,"European Union - 27 countries (AT, BE, BG, CY, CZ, DE, DK, EE, ES, FI, FR, GR, HR, HU, IE, IT, LT, LU, LV, MT, NL, PL, PT, RO, SE, SI, SK)",Tunisia,VEGETABLE PLAITING MATERIALS; VEGETABLE PRODUCTS NOT ELSEWHERE SPECIFIED OR INCLUDED,EXPORT,VALUE_IN_EUROS,2012,66774
ESTAT:DS-045409(1.0),06/02/26 11:00:00,Annual,"European Union - 27 countries (AT, BE, BG, CY, CZ, DE, DK, EE, ES, FI, FR, GR, HR, HU, IE, IT, LT, LU, LV, MT, NL, PL, PT, RO, SE, SI, SK)",Tunisia,VEGETABLE PLAITING MATERIALS; VEGETABLE PRODUCTS NOT ELSEWHERE SPECIFIED OR INCLUDED,EXPORT,VALUE_IN_EUROS,2013,196754
ESTAT:DS-045409(1.0),06/02/26 11:00:00,Annual,"European Union - 27 countries (AT, BE, BG, CY, CZ, DE, DK, EE, ES, FI, FR, GR, HR, HU, IE, IT, LT, LU, LV, MT, NL, PL, PT, RO, SE, SI, SK)",Tunisia,VEGETABLE PLAITING MATERIALS; VEGETABLE PRODUCTS NOT ELSEWHERE SPECIFIED OR INCLUDED,EXPORT,VALUE_IN_EUROS,2014,207426
ESTAT:DS-045409(1.0),06/02/26 11:00:00,Annual,"European Union - 27 countries (AT, BE, BG, CY, CZ, DE, DK, EE, ES, FI, FR, GR, HR, HU, IE, IT, LT, LU, LV, MT, NL, PL, PT, RO, SE, SI, SK)",Tunisia,VEGETABLE PLAITING MATERIALS; VEGETABLE PRODUCTS NOT ELSEWHERE SPECIFIED OR INCLUDED,EXPORT,VALUE_IN_EUROS,2015,115945
ESTAT:DS-045409(1.0),06/02/26 11:00:00,Annual,"European Union - 27 countries (AT, BE, BG, CY, CZ, DE, DK, EE, ES, FI, FR, GR, HR, HU, IE, IT, LT, LU, LV, MT, NL, PL, PT, RO, SE, SI, SK)",Tunisia,VEGETABLE PLAITING MATERIALS; VEGETABLE PRODUCTS NOT ELSEWHERE SPECIFIED OR INCLUDED,EXPORT,VALUE_IN_EUROS,2016,221254
ESTAT:DS-045409(1.0),06/02/26 11:00:00,Annual,"European Union - 27 countries (AT, BE, BG, CY, CZ, DE, DK, EE, ES, FI, FR, GR, HR, HU, IE, IT, LT, LU, LV, MT, NL, PL, PT, RO, SE, SI, SK)",Tunisia,VEGETABLE PLAITING MATERIALS; VEGETABLE PRODUCTS NOT ELSEWHERE SPECIFIED OR INCLUDED,EXPORT,VALUE_IN_EUROS,2017,280049
ESTAT:DS-045409(1.0),06/02/26 11:00:00,Annual,"European Union - 27 countries (AT, BE, BG, CY, CZ, DE, DK, EE, ES, FI, FR, GR, HR, HU, IE, IT, LT, LU, LV, MT, NL, PL, PT, RO, SE, SI, SK)",Tunisia,VEGETABLE PLAITING MATERIALS; VEGETABLE PRODUCTS NOT ELSEWHERE SPECIFIED OR INCLUDED,EXPORT,VALUE_IN_EUROS,2018,211115
ESTAT:DS-045409(1.0),06/02/26 11:00:00,Annual,"European Union - 27 countries (AT, BE, BG, CY, CZ, DE, DK, EE, ES, FI, FR, GR, HR, HU, IE, IT, LT, LU, LV, MT, NL, PL, PT, RO, SE, SI, SK)",Tunisia,VEGETABLE PLAITING MATERIALS; VEGETABLE PRODUCTS NOT ELSEWHERE SPECIFIED OR INCLUDED,EXPORT,VALUE_IN_EUROS,2019,125577
ESTAT:DS-045409(1.0),06/02/26 11:00:00,Annual,"European Union - 27 countries (AT, BE, BG, CY, CZ, DE, DK, EE, ES, FI, FR, GR, HR, HU, IE, IT, LT, LU, LV, MT, NL, PL, PT, RO, SE, SI, SK)",Tunisia,VEGETABLE PLAITING MATERIALS; VEGETABLE PRODUCTS NOT ELSEWHERE SPECIFIED OR INCLUDED,EXPORT,VALUE_IN_EUROS,2020,80917
ESTAT:DS-045409(1.0),06/02/26 11:00:00,Annual,"European Union - 27 countries (AT, BE, BG, CY, CZ, DE, DK, EE, ES, FI, FR, GR, HR, HU, IE, IT, LT, LU, LV, MT, NL, PL, PT, RO, SE, SI, SK)",Tunisia,VEGETABLE PLAITING MATERIALS; VEGETABLE PRODUCTS NOT ELSEWHERE SPECIFIED OR INCLUDED,EXPORT,VALUE_IN_EUROS,2021,138949
ESTAT:DS-045409(1.0),06/02/26 11:00:00,Annual,"European Union - 27 countries (AT, BE, BG, CY, CZ, DE, DK, EE, ES, FI, FR, GR, HR, HU, IE, IT, LT, LU, LV, MT, NL, PL, PT, RO, SE, SI, SK)",Tunisia,VEGETABLE PLAITING MATERIALS; VEGETABLE PRODUCTS NOT ELSEWHERE SPECIFIED OR INCLUDED,EXPORT,VALUE_IN_EUROS,2022,397335
ESTAT:DS-045409(1.0),06/02/26 11:00:00,Annual,"European Union - 27 countries (AT, BE, BG, CY, CZ, DE, DK, EE, ES, FI, FR, GR, HR, HU, IE, IT, LT, LU, LV, MT, NL, PL, PT, RO, SE, SI, SK)",Tunisia,VEGETABLE PLAITING MATERIALS; VEGETABLE PRODUCTS NOT ELSEWHERE SPECIFIED OR INCLUDED,EXPORT,VALUE_IN_EUROS,2023,79599
ESTAT:DS-045409(1.0),06/02/26 11:00:00,Annual,"European Union - 27 countries (AT, BE, BG, CY, CZ, DE, DK, EE, ES, FI, FR, GR, HR, HU, IE, IT, LT, LU, LV, MT, NL, PL, PT, RO, SE, SI, SK)",Tunisia,VEGETABLE PLAITING MATERIALS; VEGETABLE PRODUCTS NOT ELSEWHERE SPECIFIED OR INCLUDED,EXPORT,VALUE_IN_EUROS,2024,41828
ESTAT:DS-045409(1.0),06/02/26 11:00:00,Annual,"European Union - 27 countries (AT, BE, BG, CY, CZ, DE, DK, EE, ES, FI, FR, GR, HR, HU, IE, IT, LT, LU, LV, MT, NL, PL, PT, RO, SE, SI, SK)","Tanzania, United Republic of",VEGETABLE PLAITING MATERIALS; VEGETABLE PRODUCTS NOT ELSEWHERE SPECIFIED OR INCLUDED,EXPORT,VALUE_IN_EUROS,2001,1189
ESTAT:DS-045409(1.0),06/02/26 11:00:00,Annual,"European Union - 27 countries (AT, BE, BG, CY, CZ, DE, DK, EE, ES, FI, FR, GR, HR, HU, IE, IT, LT, LU, LV, MT, NL, PL, PT, RO, SE, SI, SK)","Tanzania, United Republic of",VEGETABLE PLAITING MATERIALS; VEGETABLE PRODUCTS NOT ELSEWHERE SPECIFIED OR INCLUDED,EXPORT,VALUE_IN_EUROS,2002,849
ESTAT:DS-045409(1.0),06/02/26 11:00:00,Annual,"European Union - 27 countries (AT, BE, BG, CY, CZ, DE, DK, EE, ES, FI, FR, GR, HR, HU, IE, IT, LT, LU, LV, MT, NL, PL, PT, RO, SE, SI, SK)","Tanzania, United Republic of",VEGETABLE PLAITING MATERIALS; VEGETABLE PRODUCTS NOT ELSEWHERE SPECIFIED OR INCLUDED,EXPORT,VALUE_IN_EUROS,2003,895
ESTAT:DS-045409(1.0),06/02/26 11:00:00,Annual,"European Union - 27 countries (AT, BE, BG, CY, CZ, DE, DK, EE, ES, FI, FR, GR, HR, HU, IE, IT, LT, LU, LV, MT, NL, PL, PT, RO, SE, SI, SK)","Tanzania, United Republic of",VEGETABLE PLAITING MATERIALS; VEGETABLE PRODUCTS NOT ELSEWHERE SPECIFIED OR INCLUDED,EXPORT,VALUE_IN_EUROS,2006,9084
ESTAT:DS-045409(1.0),06/02/26 11:00:00,Annual,"European Union - 27 countries (AT, BE, BG, CY, CZ, DE, DK, EE, ES, FI, FR, GR, HR, HU, IE, IT, LT, LU, LV, MT, NL, PL, PT, RO, SE, SI, SK)","Tanzania, United Republic of",VEGETABLE PLAITING MATERIALS; VEGETABLE PRODUCTS NOT ELSEWHERE SPECIFIED OR INCLUDED,EXPORT,VALUE_IN_EUROS,2007,3026
ESTAT:DS-045409(1.0),06/02/26 11:00:00,Annual,"European Union - 27 countries (AT, BE, BG, CY, CZ, DE, DK, EE, ES, FI, FR, GR, HR, HU, IE, IT, LT, LU, LV, MT, NL, PL, PT, RO, SE, SI, SK)","Tanzania, United Republic of",VEGETABLE PLAITING MATERIALS; VEGETABLE PRODUCTS NOT ELSEWHERE SPECIFIED OR INCLUDED,EXPORT,VALUE_IN_EUROS,2008,19302
ESTAT:DS-045409(1.0),06/02/26 11:00:00,Annual,"European Union - 27 countries (AT, BE, BG, CY, CZ, DE, DK, EE, ES, FI, FR, GR, HR, HU, IE, IT, LT, LU, LV, MT, NL, PL, PT, RO, SE, SI, SK)","Tanzania, United Republic of",VEGETABLE PLAITING MATERIALS; VEGETABLE PRODUCTS NOT ELSEWHERE SPECIFIED OR INCLUDED,EXPORT,VALUE_IN_EUROS,2009,1625
ESTAT:DS-045409(1.0),06/02/26 11:00:00,Annual,"European Union - 27 countries (AT, BE, BG, CY, CZ, DE, DK, EE, ES, FI, FR, GR, HR, HU, IE, IT, LT, LU, LV, MT, NL, PL, PT, RO, SE, SI, SK)","Tanzania, United Republic of",VEGETABLE PLAITING MATERIALS; VEGETABLE PRODUCTS NOT ELSEWHERE SPECIFIED OR INCLUDED,EXPORT,VALUE_IN_EUROS,2010,4080
ESTAT:DS-045409(1.0),06/02/26 11:00:00,Annual,"European Union - 27 countries (AT, BE, BG, CY, CZ, DE, DK, EE, ES, FI, FR, GR, HR, HU, IE, IT, LT, LU, LV, MT, NL, PL, PT, RO, SE, SI, SK)","Tanzania, United Republic of",VEGETABLE PLAITING MATERIALS; VEGETABLE PRODUCTS NOT ELSEWHERE SPECIFIED OR INCLUDED,EXPORT,VALUE_IN_EUROS,2011,6399
ESTAT:DS-045409(1.0),06/02/26 11:00:00,Annual,"European Union - 27 countries (AT, BE, BG, CY, CZ, DE, DK, EE, ES, FI, FR, GR, HR, HU, IE, IT, LT, LU, LV, MT, NL, PL, PT, RO, SE, SI, SK)","Tanzania, United Republic of",VEGETABLE PLAITING MATERIALS; VEGETABLE PRODUCTS NOT ELSEWHERE SPECIFIED OR INCLUDED,EXPORT,VALUE_IN_EUROS,2013,5
ESTAT:DS-045409(1.0),06/02/26 11:00:00,Annual,"European Union - 27 countries (AT, BE, BG, CY, CZ, DE, DK, EE, ES, FI, FR, GR, HR, HU, IE, IT, LT, LU, LV, MT, NL, PL, PT, RO, SE, SI, SK)","Tanzania, United Republic of",VEGETABLE PLAITING MATERIALS; VEGETABLE PRODUCTS NOT ELSEWHERE SPECIFIED OR INCLUDED,EXPORT,VALUE_IN_EUROS,2014,2338
ESTAT:DS-045409(1.0),06/02/26 11:00:00,Annual,"European Union - 27 countries (AT, BE, BG, CY, CZ, DE, DK, EE, ES, FI, FR, GR, HR, HU, IE, IT, LT, LU, LV, MT, NL, PL, PT, RO, SE, SI, SK)","Tanzania, United Republic of",VEGETABLE PLAITING MATERIALS; VEGETABLE PRODUCTS NOT ELSEWHERE SPECIFIED OR INCLUDED,EXPORT,VALUE_IN_EUROS,2015,9853
ESTAT:DS-045409(1.0),06/02/26 11:00:00,Annual,"European Union - 27 countries (AT, BE, BG, CY, CZ, DE, DK, EE, ES, FI, FR, GR, HR, HU, IE, IT, LT, LU, LV, MT, NL, PL, PT, RO, SE, SI, SK)","Tanzania, United Republic of",VEGETABLE PLAITING MATERIALS; VEGETABLE PRODUCTS NOT ELSEWHERE SPECIFIED OR INCLUDED,EXPORT,VALUE_IN_EUROS,2016,73
ESTAT:DS-045409(1.0),06/02/26 11:00:00,Annual,"European Union - 27 countries (AT, BE, BG, CY, CZ, DE, DK, EE, ES, FI, FR, GR, HR, HU, IE, IT, LT, LU, LV, MT, NL, PL, PT, RO, SE, SI, SK)","Tanzania, United Republic of",VEGETABLE PLAITING MATERIALS; VEGETABLE PRODUCTS NOT ELSEWHERE SPECIFIED OR INCLUDED,EXPORT,VALUE_IN_EUROS,2017,9254
ESTAT:DS-045409(1.0),06/02/26 11:00:00,Annual,"European Union - 27 countries (AT, BE, BG, CY, CZ, DE, DK, EE, ES, FI, FR, GR, HR, HU, IE, IT, LT, LU, LV, MT, NL, PL, PT, RO, SE, SI, SK)","Tanzania, United Republic of",VEGETABLE PLAITING MATERIALS; VEGETABLE PRODUCTS NOT ELSEWHERE SPECIFIED OR INCLUDED,EXPORT,VALUE_IN_EUROS,2018,44070
ESTAT:DS-045409(1.0),06/02/26 11:00:00,Annual,"European Union - 27 countries (AT, BE, BG, CY, CZ, DE, DK, EE, ES, FI, FR, GR, HR, HU, IE, IT, LT, LU, LV, MT, NL, PL, PT, RO, SE, SI, SK)","Tanzania, United Republic of",VEGETABLE PLAITING MATERIALS; VEGETABLE PRODUCTS NOT ELSEWHERE SPECIFIED OR INCLUDED,EXPORT,VALUE_IN_EUROS,2019,13058
ESTAT:DS-045409(1.0),06/02/26 11:00:00,Annual,"European Union - 27 countries (AT, BE, BG, CY, CZ, DE, DK, EE, ES, FI, FR, GR, HR, HU, IE, IT, LT, LU, LV, MT, NL, PL, PT, RO, SE, SI, SK)","Tanzania, United Republic of",VEGETABLE PLAITING MATERIALS; VEGETABLE PRODUCTS NOT ELSEWHERE SPECIFIED OR INCLUDED,EXPORT,VALUE_IN_EUROS,2020,2082
ESTAT:DS-045409(1.0),06/02/26 11:00:00,Annual,"European Union - 27 countries (AT, BE, BG, CY, CZ, DE, DK, EE, ES, FI, FR, GR, HR, HU, IE, IT, LT, LU, LV, MT, NL, PL, PT, RO, SE, SI, SK)","Tanzania, United Republic of",VEGETABLE PLAITING MATERIALS; VEGETABLE PRODUCTS NOT ELSEWHERE SPECIFIED OR INCLUDED,EXPORT,VALUE_IN_EUROS,2021,168
ESTAT:DS-045409(1.0),06/02/26 11:00:00,Annual,"European Union - 27 countries (AT, BE, BG, CY, CZ, DE, DK, EE, ES, FI, FR, GR, HR, HU, IE, IT, LT, LU, LV, MT, NL, PL, PT, RO, SE, SI, SK)","Tanzania, United Republic of",VEGETABLE PLAITING MATERIALS; VEGETABLE PRODUCTS NOT ELSEWHERE SPECIFIED OR INCLUDED,EXPORT,VALUE_IN_EUROS,2022,2551
ESTAT:DS-045409(1.0),06/02/26 11:00:00,Annual,"European Union - 27 countries (AT, BE, BG, CY, CZ, DE, DK, EE, ES, FI, FR, GR, HR, HU, IE, IT, LT, LU, LV, MT, NL, PL, PT, RO, SE, SI, SK)","Tanzania, United Republic of",VEGETABLE PLAITING MATERIALS; VEGETABLE PRODUCTS NOT ELSEWHERE SPECIFIED OR INCLUDED,EXPORT,VALUE_IN_EUROS,2024,40513
ESTAT:DS-045409(1.0),06/02/26 11:00:00,Annual,"European Union - 27 countries (AT, BE, BG, CY, CZ, DE, DK, EE, ES, FI, FR, GR, HR, HU, IE, IT, LT, LU, LV, MT, NL, PL, PT, RO, SE, SI, SK)",Uganda,VEGETABLE PLAITING MATERIALS; VEGETABLE PRODUCTS NOT ELSEWHERE SPECIFIED OR INCLUDED,EXPORT,VALUE_IN_EUROS,2001,13713
ESTAT:DS-045409(1.0),06/02/26 11:00:00,Annual,"European Union - 27 countries (AT, BE, BG, CY, CZ, DE, DK, EE, ES, FI, FR, GR, HR, HU, IE, IT, LT, LU, LV, MT, NL, PL, PT, RO, SE, SI, SK)",Uganda,VEGETABLE PLAITING MATERIALS; VEGETABLE PRODUCTS NOT ELSEWHERE SPECIFIED OR INCLUDED,EXPORT,VALUE_IN_EUROS,2012,29043
ESTAT:DS-045409(1.0),06/02/26 11:00:00,Annual,"European Union - 27 countries (AT, BE, BG, CY, CZ, DE, DK, EE, ES, FI, FR, GR, HR, HU, IE, IT, LT, LU, LV, MT, NL, PL, PT, RO, SE, SI, SK)",Uganda,VEGETABLE PLAITING MATERIALS; VEGETABLE PRODUCTS NOT ELSEWHERE SPECIFIED OR INCLUDED,EXPORT,VALUE_IN_EUROS,2013,5558
ESTAT:DS-045409(1.0),06/02/26 11:00:00,Annual,"European Union - 27 countries (AT, BE, BG, CY, CZ, DE, DK, EE, ES, FI, FR, GR, HR, HU, IE, IT, LT, LU, LV, MT, NL, PL, PT, RO, SE, SI, SK)",Uganda,VEGETABLE PLAITING MATERIALS; VEGETABLE PRODUCTS NOT ELSEWHERE SPECIFIED OR INCLUDED,EXPORT,VALUE_IN_EUROS,2022,37
ESTAT:DS-045409(1.0),06/02/26 11:00:00,Annual,"European Union - 27 countries (AT, BE, BG, CY, CZ, DE, DK, EE, ES, FI, FR, GR, HR, HU, IE, IT, LT, LU, LV, MT, NL, PL, PT, RO, SE, SI, SK)",South Africa (incl. Namibia 'NA' -> 1989),VEGETABLE PLAITING MATERIALS; VEGETABLE PRODUCTS NOT ELSEWHERE SPECIFIED OR INCLUDED,EXPORT,VALUE_IN_EUROS,1999,88281
ESTAT:DS-045409(1.0),06/02/26 11:00:00,Annual,"European Union - 27 countries (AT, BE, BG, CY, CZ, DE, DK, EE, ES, FI, FR, GR, HR, HU, IE, IT, LT, LU, LV, MT, NL, PL, PT, RO, SE, SI, SK)",South Africa (incl. Namibia 'NA' -> 1989),VEGETABLE PLAITING MATERIALS; VEGETABLE PRODUCTS NOT ELSEWHERE SPECIFIED OR INCLUDED,EXPORT,VALUE_IN_EUROS,2000,135947
ESTAT:DS-045409(1.0),06/02/26 11:00:00,Annual,"European Union - 27 countries (AT, BE, BG, CY, CZ, DE, DK, EE, ES, FI, FR, GR, HR, HU, IE, IT, LT, LU, LV, MT, NL, PL, PT, RO, SE, SI, SK)",South Africa (incl. Namibia 'NA' -> 1989),VEGETABLE PLAITING MATERIALS; VEGETABLE PRODUCTS NOT ELSEWHERE SPECIFIED OR INCLUDED,EXPORT,VALUE_IN_EUROS,2001,382209
ESTAT:DS-045409(1.0),06/02/26 11:00:00,Annual,"European Union - 27 countries (AT, BE, BG, CY, CZ, DE, DK, EE, ES, FI, FR, GR, HR, HU, IE, IT, LT, LU, LV, MT, NL, PL, PT, RO, SE, SI, SK)",South Africa (incl. Namibia 'NA' -> 1989),VEGETABLE PLAITING MATERIALS; VEGETABLE PRODUCTS NOT ELSEWHERE SPECIFIED OR INCLUDED,EXPORT,VALUE_IN_EUROS,2002,764453
ESTAT:DS-045409(1.0),06/02/26 11:00:00,Annual,"European Union - 27 countries (AT, BE, BG, CY, CZ, DE, DK, EE, ES, FI, FR, GR, HR, HU, IE, IT, LT, LU, LV, MT, NL, PL, PT, RO, SE, SI, SK)",South Africa (incl. Namibia 'NA' -> 1989),VEGETABLE PLAITING MATERIALS; VEGETABLE PRODUCTS NOT ELSEWHERE SPECIFIED OR INCLUDED,EXPORT,VALUE_IN_EUROS,2003,1081011
ESTAT:DS-045409(1.0),06/02/26 11:00:00,Annual,"European Union - 27 countries (AT, BE, BG, CY, CZ, DE, DK, EE, ES, FI, FR, GR, HR, HU, IE, IT, LT, LU, LV, MT, NL, PL, PT, RO, SE, SI, SK)",South Africa (incl. Namibia 'NA' -> 1989),VEGETABLE PLAITING MATERIALS; VEGETABLE PRODUCTS NOT ELSEWHERE SPECIFIED OR INCLUDED,EXPORT,VALUE_IN_EUROS,2004,808636
ESTAT:DS-045409(1.0),06/02/26 11:00:00,Annual,"European Union - 27 countries (AT, BE, BG, CY, CZ, DE, DK, EE, ES, FI, FR, GR, HR, HU, IE, IT, LT, LU, LV, MT, NL, PL, PT, RO, SE, SI, SK)",South Africa (incl. Namibia 'NA' -> 1989),VEGETABLE PLAITING MATERIALS; VEGETABLE PRODUCTS NOT ELSEWHERE SPECIFIED OR INCLUDED,EXPORT,VALUE_IN_EUROS,2005,98344
ESTAT:DS-045409(1.0),06/02/26 11:00:00,Annual,"European Union - 27 countries (AT, BE, BG, CY, CZ, DE, DK, EE, ES, FI, FR, GR, HR, HU, IE, IT, LT, LU, LV, MT, NL, PL, PT, RO, SE, SI, SK)",South Africa (incl. Namibia 'NA' -> 1989),VEGETABLE PLAITING MATERIALS; VEGETABLE PRODUCTS NOT ELSEWHERE SPECIFIED OR INCLUDED,EXPORT,VALUE_IN_EUROS,2006,101619
ESTAT:DS-045409(1.0),06/02/26 11:00:00,Annual,"European Union - 27 countries (AT, BE, BG, CY, CZ, DE, DK, EE, ES, FI, FR, GR, HR, HU, IE, IT, LT, LU, LV, MT, NL, PL, PT, RO, SE, SI, SK)",South Africa (incl. Namibia 'NA' -> 1989),VEGETABLE PLAITING MATERIALS; VEGETABLE PRODUCTS NOT ELSEWHERE SPECIFIED OR INCLUDED,EXPORT,VALUE_IN_EUROS,2007,95456
ESTAT:DS-045409(1.0),06/02/26 11:00:00,Annual,"European Union - 27 countries (AT, BE, BG, CY, CZ, DE, DK, EE, ES, FI, FR, GR, HR, HU, IE, IT, LT, LU, LV, MT, NL, PL, PT, RO, SE, SI, SK)",South Africa (incl. Namibia 'NA' -> 1989),VEGETABLE PLAITING MATERIALS; VEGETABLE PRODUCTS NOT ELSEWHERE SPECIFIED OR INCLUDED,EXPORT,VALUE_IN_EUROS,2008,49021
ESTAT:DS-045409(1.0),06/02/26 11:00:00,Annual,"European Union - 27 countries (AT, BE, BG, CY, CZ, DE, DK, EE, ES, FI, FR, GR, HR, HU, IE, IT, LT, LU, LV, MT, NL, PL, PT, RO, SE, SI, SK)",South Africa (incl. Namibia 'NA' -> 1989),VEGETABLE PLAITING MATERIALS; VEGETABLE PRODUCTS NOT ELSEWHERE SPECIFIED OR INCLUDED,EXPORT,VALUE_IN_EUROS,2009,47057
ESTAT:DS-045409(1.0),06/02/26 11:00:00,Annual,"European Union - 27 countries (AT, BE, BG, CY, CZ, DE, DK, EE, ES, FI, FR, GR, HR, HU, IE, IT, LT, LU, LV, MT, NL, PL, PT, RO, SE, SI, SK)",South Africa (incl. Namibia 'NA' -> 1989),VEGETABLE PLAITING MATERIALS; VEGETABLE PRODUCTS NOT ELSEWHERE SPECIFIED OR INCLUDED,EXPORT,VALUE_IN_EUROS,2010,34892
ESTAT:DS-045409(1.0),06/02/26 11:00:00,Annual,"European Union - 27 countries (AT, BE, BG, CY, CZ, DE, DK, EE, ES, FI, FR, GR, HR, HU, IE, IT, LT, LU, LV, MT, NL, PL, PT, RO, SE, SI, SK)",South Africa (incl. Namibia 'NA' -> 1989),VEGETABLE PLAITING MATERIALS; VEGETABLE PRODUCTS NOT ELSEWHERE SPECIFIED OR INCLUDED,EXPORT,VALUE_IN_EUROS,2011,20652
ESTAT:DS-045409(1.0),06/02/26 11:00:00,Annual,"European Union - 27 countries (AT, BE, BG, CY, CZ, DE, DK, EE, ES, FI, FR, GR, HR, HU, IE, IT, LT, LU, LV, MT, NL, PL, PT, RO, SE, SI, SK)",South Africa (incl. Namibia 'NA' -> 1989),VEGETABLE PLAITING MATERIALS; VEGETABLE PRODUCTS NOT ELSEWHERE SPECIFIED OR INCLUDED,EXPORT,VALUE_IN_EUROS,2012,76005
ESTAT:DS-045409(1.0),06/02/26 11:00:00,Annual,"European Union - 27 countries (AT, BE, BG, CY, CZ, DE, DK, EE, ES, FI, FR, GR, HR, HU, IE, IT, LT, LU, LV, MT, NL, PL, PT, RO, SE, SI, SK)",South Africa (incl. Namibia 'NA' -> 1989),VEGETABLE PLAITING MATERIALS; VEGETABLE PRODUCTS NOT ELSEWHERE SPECIFIED OR INCLUDED,EXPORT,VALUE_IN_EUROS,2013,89195
ESTAT:DS-045409(1.0),06/02/26 11:00:00,Annual,"European Union - 27 countries (AT, BE, BG, CY, CZ, DE, DK, EE, ES, FI, FR, GR, HR, HU, IE, IT, LT, LU, LV, MT, NL, PL, PT, RO, SE, SI, SK)",South Africa (incl. Namibia 'NA' -> 1989),VEGETABLE PLAITING MATERIALS; VEGETABLE PRODUCTS NOT ELSEWHERE SPECIFIED OR INCLUDED,EXPORT,VALUE_IN_EUROS,2014,69114
ESTAT:DS-045409(1.0),06/02/26 11:00:00,Annual,"European Union - 27 countries (AT, BE, BG, CY, CZ, DE, DK, EE, ES, FI, FR, GR, HR, HU, IE, IT, LT, LU, LV, MT, NL, PL, PT, RO, SE, SI, SK)",South Africa (incl. Namibia 'NA' -> 1989),VEGETABLE PLAITING MATERIALS; VEGETABLE PRODUCTS NOT ELSEWHERE SPECIFIED OR INCLUDED,EXPORT,VALUE_IN_EUROS,2015,94029
ESTAT:DS-045409(1.0),06/02/26 11:00:00,Annual,"European Union - 27 countries (AT, BE, BG, CY, CZ, DE, DK, EE, ES, FI, FR, GR, HR, HU, IE, IT, LT, LU, LV, MT, NL, PL, PT, RO, SE, SI, SK)",South Africa (incl. Namibia 'NA' -> 1989),VEGETABLE PLAITING MATERIALS; VEGETABLE PRODUCTS NOT ELSEWHERE SPECIFIED OR INCLUDED,EXPORT,VALUE_IN_EUROS,2016,157054
ESTAT:DS-045409(1.0),06/02/26 11:00:00,Annual,"European Union - 27 countries (AT, BE, BG, CY, CZ, DE, DK, EE, ES, FI, FR, GR, HR, HU, IE, IT, LT, LU, LV, MT, NL, PL, PT, RO, SE, SI, SK)",South Africa (incl. Namibia 'NA' -> 1989),VEGETABLE PLAITING MATERIALS; VEGETABLE PRODUCTS NOT ELSEWHERE SPECIFIED OR INCLUDED,EXPORT,VALUE_IN_EUROS,2017,105334
ESTAT:DS-045409(1.0),06/02/26 11:00:00,Annual,"European Union - 27 countries (AT, BE, BG, CY, CZ, DE, DK, EE, ES, FI, FR, GR, HR, HU, IE, IT, LT, LU, LV, MT, NL, PL, PT, RO, SE, SI, SK)",South Africa (incl. Namibia 'NA' -> 1989),VEGETABLE PLAITING MATERIALS; VEGETABLE PRODUCTS NOT ELSEWHERE SPECIFIED OR INCLUDED,EXPORT,VALUE_IN_EUROS,2018,167355
ESTAT:DS-045409(1.0),06/02/26 11:00:00,Annual,"European Union - 27 countries (AT, BE, BG, CY, CZ, DE, DK, EE, ES, FI, FR, GR, HR, HU, IE, IT, LT, LU, LV, MT, NL, PL, PT, RO, SE, SI, SK)",South Africa (incl. Namibia 'NA' -> 1989),VEGETABLE PLAITING MATERIALS; VEGETABLE PRODUCTS NOT ELSEWHERE SPECIFIED OR INCLUDED,EXPORT,VALUE_IN_EUROS,2019,279028
ESTAT:DS-045409(1.0),06/02/26 11:00:00,Annual,"European Union - 27 countries (AT, BE, BG, CY, CZ, DE, DK, EE, ES, FI, FR, GR, HR, HU, IE, IT, LT, LU, LV, MT, NL, PL, PT, RO, SE, SI, SK)",South Africa (incl. Namibia 'NA' -> 1989),VEGETABLE PLAITING MATERIALS; VEGETABLE PRODUCTS NOT ELSEWHERE SPECIFIED OR INCLUDED,EXPORT,VALUE_IN_EUROS,2020,352559
ESTAT:DS-045409(1.0),06/02/26 11:00:00,Annual,"European Union - 27 countries (AT, BE, BG, CY, CZ, DE, DK, EE, ES, FI, FR, GR, HR, HU, IE, IT, LT, LU, LV, MT, NL, PL, PT, RO, SE, SI, SK)",South Africa (incl. Namibia 'NA' -> 1989),VEGETABLE PLAITING MATERIALS; VEGETABLE PRODUCTS NOT ELSEWHERE SPECIFIED OR INCLUDED,EXPORT,VALUE_IN_EUROS,2021,275498
ESTAT:DS-045409(1.0),06/02/26 11:00:00,Annual,"European Union - 27 countries (AT, BE, BG, CY, CZ, DE, DK, EE, ES, FI, FR, GR, HR, HU, IE, IT, LT, LU, LV, MT, NL, PL, PT, RO, SE, SI, SK)",South Africa (incl. Namibia 'NA' -> 1989),VEGETABLE PLAITING MATERIALS; VEGETABLE PRODUCTS NOT ELSEWHERE SPECIFIED OR INCLUDED,EXPORT,VALUE_IN_EUROS,2022,300343
ESTAT:DS-045409(1.0),06/02/26 11:00:00,Annual,"European Union - 27 countries (AT, BE, BG, CY, CZ, DE, DK, EE, ES, FI, FR, GR, HR, HU, IE, IT, LT, LU, LV, MT, NL, PL, PT, RO, SE, SI, SK)",South Africa (incl. Namibia 'NA' -> 1989),VEGETABLE PLAITING MATERIALS; VEGETABLE PRODUCTS NOT ELSEWHERE SPECIFIED OR INCLUDED,EXPORT,VALUE_IN_EUROS,2023,196363
ESTAT:DS-045409(1.0),06/02/26 11:00:00,Annual,"European Union - 27 countries (AT, BE, BG, CY, CZ, DE, DK, EE, ES, FI, FR, GR, HR, HU, IE, IT, LT, LU, LV, MT, NL, PL, PT, RO, SE, SI, SK)",South Africa (incl. Namibia 'NA' -> 1989),VEGETABLE PLAITING MATERIALS; VEGETABLE PRODUCTS NOT ELSEWHERE SPECIFIED OR INCLUDED,EXPORT,VALUE_IN_EUROS,2024,222897
ESTAT:DS-045409(1.0),06/02/26 11:00:00,Annual,"European Union - 27 countries (AT, BE, BG, CY, CZ, DE, DK, EE, ES, FI, FR, GR, HR, HU, IE, IT, LT, LU, LV, MT, NL, PL, PT, RO, SE, SI, SK)",Zambia,VEGETABLE PLAITING MATERIALS; VEGETABLE PRODUCTS NOT ELSEWHERE SPECIFIED OR INCLUDED,EXPORT,VALUE_IN_EUROS,1999,13742
ESTAT:DS-045409(1.0),06/02/26 11:00:00,Annual,"European Union - 27 countries (AT, BE, BG, CY, CZ, DE, DK, EE, ES, FI, FR, GR, HR, HU, IE, IT, LT, LU, LV, MT, NL, PL, PT, RO, SE, SI, SK)",Zambia,VEGETABLE PLAITING MATERIALS; VEGETABLE PRODUCTS NOT ELSEWHERE SPECIFIED OR INCLUDED,EXPORT,VALUE_IN_EUROS,2000,218
ESTAT:DS-045409(1.0),06/02/26 11:00:00,Annual,"European Union - 27 countries (AT, BE, BG, CY, CZ, DE, DK, EE, ES, FI, FR, GR, HR, HU, IE, IT, LT, LU, LV, MT, NL, PL, PT, RO, SE, SI, SK)",Zambia,VEGETABLE PLAITING MATERIALS; VEGETABLE PRODUCTS NOT ELSEWHERE SPECIFIED OR INCLUDED,EXPORT,VALUE_IN_EUROS,2002,12287
ESTAT:DS-045409(1.0),06/02/26 11:00:00,Annual,"European Union - 27 countries (AT, BE, BG, CY, CZ, DE, DK, EE, ES, FI, FR, GR, HR, HU, IE, IT, LT, LU, LV, MT, NL, PL, PT, RO, SE, SI, SK)",Zambia,VEGETABLE PLAITING MATERIALS; VEGETABLE PRODUCTS NOT ELSEWHERE SPECIFIED OR INCLUDED,EXPORT,VALUE_IN_EUROS,2003,6171
ESTAT:DS-045409(1.0),06/02/26 11:00:00,Annual,"European Union - 27 countries (AT, BE, BG, CY, CZ, DE, DK, EE, ES, FI, FR, GR, HR, HU, IE, IT, LT, LU, LV, MT, NL, PL, PT, RO, SE, SI, SK)",Zimbabwe,VEGETABLE PLAITING MATERIALS; VEGETABLE PRODUCTS NOT ELSEWHERE SPECIFIED OR INCLUDED,EXPORT,VALUE_IN_EUROS,2007,67
ESTAT:DS-045409(1.0),06/02/26 11:00:00,Annual,"European Union - 27 countries (AT, BE, BG, CY, CZ, DE, DK, EE, ES, FI, FR, GR, HR, HU, IE, IT, LT, LU, LV, MT, NL, PL, PT, RO, SE, SI, SK)",Zimbabwe,VEGETABLE PLAITING MATERIALS; VEGETABLE PRODUCTS NOT ELSEWHERE SPECIFIED OR INCLUDED,EXPORT,VALUE_IN_EUROS,2009,12
