DATAFLOW,LAST UPDATE,freq,reporter,partner,product,flow,indicators,TIME_PERIOD,OBS_VALUE
ESTAT:DS-045409(1.0),06/02/26 11:00:00,Annual,"European Union - 27 countries (AT, BE, BG, CY, CZ, DE, DK, EE, ES, FI, FR, GR, HR, HU, IE, IT, LT, LU, LV, MT, NL, PL, PT, RO, SE, SI, SK)",Angola,COCOA AND COCOA PREPARATIONS,EXPORT,VALUE_IN_EUROS,1999,474617
ESTAT:DS-045409(1.0),06/02/26 11:00:00,Annual,"European Union - 27 countries (AT, BE, BG, CY, CZ, DE, DK, EE, ES, FI, FR, GR, HR, HU, IE, IT, LT, LU, LV, MT, NL, PL, PT, RO, SE, SI, SK)",Angola,COCOA AND COCOA PREPARATIONS,EXPORT,VALUE_IN_EUROS,2000,635711
ESTAT:DS-045409(1.0),06/02/26 11:00:00,Annual,"European Union - 27 countries (AT, BE, BG, CY, CZ, DE, DK, EE, ES, FI, FR, GR, HR, HU, IE, IT, LT, LU, LV, MT, NL, PL, PT, RO, SE, SI, SK)",Angola,COCOA AND COCOA PREPARATIONS,EXPORT,VALUE_IN_EUROS,2001,998939
ESTAT:DS-045409(1.0),06/02/26 11:00:00,Annual,"European Union - 27 countries (AT, BE, BG, CY, CZ, DE, DK, EE, ES, FI, FR, GR, HR, HU, IE, IT, LT, LU, LV, MT, NL, PL, PT, RO, SE, SI, SK)",Angola,COCOA AND COCOA PREPARATIONS,EXPORT,VALUE_IN_EUROS,2002,633902
ESTAT:DS-045409(1.0),06/02/26 11:00:00,Annual,"European Union - 27 countries (AT, BE, BG, CY, CZ, DE, DK, EE, ES, FI, FR, GR, HR, HU, IE, IT, LT, LU, LV, MT, NL, PL, PT, RO, SE, SI, SK)",Angola,COCOA AND COCOA PREPARATIONS,EXPORT,VALUE_IN_EUROS,2003,994550
ESTAT:DS-045409(1.0),06/02/26 11:00:00,Annual,"European Union - 27 countries (AT, BE, BG, CY, CZ, DE, DK, EE, ES, FI, FR, GR, HR, HU, IE, IT, LT, LU, LV, MT, NL, PL, PT, RO, SE, SI, SK)",Angola,COCOA AND COCOA PREPARATIONS,EXPORT,VALUE_IN_EUROS,2004,1869772
ESTAT:DS-045409(1.0),06/02/26 11:00:00,Annual,"European Union - 27 countries (AT, BE, BG, CY, CZ, DE, DK, EE, ES, FI, FR, GR, HR, HU, IE, IT, LT, LU, LV, MT, NL, PL, PT, RO, SE, SI, SK)",Angola,COCOA AND COCOA PREPARATIONS,EXPORT,VALUE_IN_EUROS,2005,879334
ESTAT:DS-045409(1.0),06/02/26 11:00:00,Annual,"European Union - 27 countries (AT, BE, BG, CY, CZ, DE, DK, EE, ES, FI, FR, GR, HR, HU, IE, IT, LT, LU, LV, MT, NL, PL, PT, RO, SE, SI, SK)",Angola,COCOA AND COCOA PREPARATIONS,EXPORT,VALUE_IN_EUROS,2006,1334738
ESTAT:DS-045409(1.0),06/02/26 11:00:00,Annual,"European Union - 27 countries (AT, BE, BG, CY, CZ, DE, DK, EE, ES, FI, FR, GR, HR, HU, IE, IT, LT, LU, LV, MT, NL, PL, PT, RO, SE, SI, SK)",Angola,COCOA AND COCOA PREPARATIONS,EXPORT,VALUE_IN_EUROS,2007,1637168
ESTAT:DS-045409(1.0),06/02/26 11:00:00,Annual,"European Union - 27 countries (AT, BE, BG, CY, CZ, DE, DK, EE, ES, FI, FR, GR, HR, HU, IE, IT, LT, LU, LV, MT, NL, PL, PT, RO, SE, SI, SK)",Angola,COCOA AND COCOA PREPARATIONS,EXPORT,VALUE_IN_EUROS,2008,2460065
ESTAT:DS-045409(1.0),06/02/26 11:00:00,Annual,"European Union - 27 countries (AT, BE, BG, CY, CZ, DE, DK, EE, ES, FI, FR, GR, HR, HU, IE, IT, LT, LU, LV, MT, NL, PL, PT, RO, SE, SI, SK)",Angola,COCOA AND COCOA PREPARATIONS,EXPORT,VALUE_IN_EUROS,2009,2482772
ESTAT:DS-045409(1.0),06/02/26 11:00:00,Annual,"European Union - 27 countries (AT, BE, BG, CY, CZ, DE, DK, EE, ES, FI, FR, GR, HR, HU, IE, IT, LT, LU, LV, MT, NL, PL, PT, RO, SE, SI, SK)",Angola,COCOA AND COCOA PREPARATIONS,EXPORT,VALUE_IN_EUROS,2010,2991640
ESTAT:DS-045409(1.0),06/02/26 11:00:00,Annual,"European Union - 27 countries (AT, BE, BG, CY, CZ, DE, DK, EE, ES, FI, FR, GR, HR, HU, IE, IT, LT, LU, LV, MT, NL, PL, PT, RO, SE, SI, SK)",Angola,COCOA AND COCOA PREPARATIONS,EXPORT,VALUE_IN_EUROS,2011,4772005
ESTAT:DS-045409(1.0),06/02/26 11:00:00,Annual,"European Union - 27 countries (AT, BE, BG, CY, CZ, DE, DK, EE, ES, FI, FR, GR, HR, HU, IE, IT, LT, LU, LV, MT, NL, PL, PT, RO, SE, SI, SK)",Angola,COCOA AND COCOA PREPARATIONS,EXPORT,VALUE_IN_EUROS,2012,5022695
ESTAT:DS-045409(1.0),06/02/26 11:00:00,Annual,"European Union - 27 countries (AT, BE, BG, CY, CZ, DE, DK, EE, ES, FI, FR, GR, HR, HU, IE, IT, LT, LU, LV, MT, NL, PL, PT, RO, SE, SI, SK)",Angola,COCOA AND COCOA PREPARATIONS,EXPORT,VALUE_IN_EUROS,2013,4749571
ESTAT:DS-045409(1.0),06/02/26 11:00:00,Annual,"European Union - 27 countries (AT, BE, BG, CY, CZ, DE, DK, EE, ES, FI, FR, GR, HR, HU, IE, IT, LT, LU, LV, MT, NL, PL, PT, RO, SE, SI, SK)",Angola,COCOA AND COCOA PREPARATIONS,EXPORT,VALUE_IN_EUROS,2014,4986971
ESTAT:DS-045409(1.0),06/02/26 11:00:00,Annual,"European Union - 27 countries (AT, BE, BG, CY, CZ, DE, DK, EE, ES, FI, FR, GR, HR, HU, IE, IT, LT, LU, LV, MT, NL, PL, PT, RO, SE, SI, SK)",Angola,COCOA AND COCOA PREPARATIONS,EXPORT,VALUE_IN_EUROS,2015,3884409
ESTAT:DS-045409(1.0),06/02/26 11:00:00,Annual,"European Union - 27 countries (AT, BE, BG, CY, CZ, DE, DK, EE, ES, FI, FR, GR, HR, HU, IE, IT, LT, LU, LV, MT, NL, PL, PT, RO, SE, SI, SK)",Angola,COCOA AND COCOA PREPARATIONS,EXPORT,VALUE_IN_EUROS,2016,6176755
ESTAT:DS-045409(1.0),06/02/26 11:00:00,Annual,"European Union - 27 countries (AT, BE, BG, CY, CZ, DE, DK, EE, ES, FI, FR, GR, HR, HU, IE, IT, LT, LU, LV, MT, NL, PL, PT, RO, SE, SI, SK)",Angola,COCOA AND COCOA PREPARATIONS,EXPORT,VALUE_IN_EUROS,2017,6290234
ESTAT:DS-045409(1.0),06/02/26 11:00:00,Annual,"European Union - 27 countries (AT, BE, BG, CY, CZ, DE, DK, EE, ES, FI, FR, GR, HR, HU, IE, IT, LT, LU, LV, MT, NL, PL, PT, RO, SE, SI, SK)",Angola,COCOA AND COCOA PREPARATIONS,EXPORT,VALUE_IN_EUROS,2018,5933746
ESTAT:DS-045409(1.0),06/02/26 11:00:00,Annual,"European Union - 27 countries (AT, BE, BG, CY, CZ, DE, DK, EE, ES, FI, FR, GR, HR, HU, IE, IT, LT, LU, LV, MT, NL, PL, PT, RO, SE, SI, SK)",Angola,COCOA AND COCOA PREPARATIONS,EXPORT,VALUE_IN_EUROS,2019,4007018
ESTAT:DS-045409(1.0),06/02/26 11:00:00,Annual,"European Union - 27 countries (AT, BE, BG, CY, CZ, DE, DK, EE, ES, FI, FR, GR, HR, HU, IE, IT, LT, LU, LV, MT, NL, PL, PT, RO, SE, SI, SK)",Angola,COCOA AND COCOA PREPARATIONS,EXPORT,VALUE_IN_EUROS,2020,2738315
ESTAT:DS-045409(1.0),06/02/26 11:00:00,Annual,"European Union - 27 countries (AT, BE, BG, CY, CZ, DE, DK, EE, ES, FI, FR, GR, HR, HU, IE, IT, LT, LU, LV, MT, NL, PL, PT, RO, SE, SI, SK)",Angola,COCOA AND COCOA PREPARATIONS,EXPORT,VALUE_IN_EUROS,2021,3164435
ESTAT:DS-045409(1.0),06/02/26 11:00:00,Annual,"European Union - 27 countries (AT, BE, BG, CY, CZ, DE, DK, EE, ES, FI, FR, GR, HR, HU, IE, IT, LT, LU, LV, MT, NL, PL, PT, RO, SE, SI, SK)",Angola,COCOA AND COCOA PREPARATIONS,EXPORT,VALUE_IN_EUROS,2022,4318530
ESTAT:DS-045409(1.0),06/02/26 11:00:00,Annual,"European Union - 27 countries (AT, BE, BG, CY, CZ, DE, DK, EE, ES, FI, FR, GR, HR, HU, IE, IT, LT, LU, LV, MT, NL, PL, PT, RO, SE, SI, SK)",Angola,COCOA AND COCOA PREPARATIONS,EXPORT,VALUE_IN_EUROS,2023,4795352
ESTAT:DS-045409(1.0),06/02/26 11:00:00,Annual,"European Union - 27 countries (AT, BE, BG, CY, CZ, DE, DK, EE, ES, FI, FR, GR, HR, HU, IE, IT, LT, LU, LV, MT, NL, PL, PT, RO, SE, SI, SK)",Angola,COCOA AND COCOA PREPARATIONS,EXPORT,VALUE_IN_EUROS,2024,6922163
ESTAT:DS-045409(1.0),06/02/26 11:00:00,Annual,"European Union - 27 countries (AT, BE, BG, CY, CZ, DE, DK, EE, ES, FI, FR, GR, HR, HU, IE, IT, LT, LU, LV, MT, NL, PL, PT, RO, SE, SI, SK)",Burkina Faso,COCOA AND COCOA PREPARATIONS,EXPORT,VALUE_IN_EUROS,1999,30513
ESTAT:DS-045409(1.0),06/02/26 11:00:00,Annual,"European Union - 27 countries (AT, BE, BG, CY, CZ, DE, DK, EE, ES, FI, FR, GR, HR, HU, IE, IT, LT, LU, LV, MT, NL, PL, PT, RO, SE, SI, SK)",Burkina Faso,COCOA AND COCOA PREPARATIONS,EXPORT,VALUE_IN_EUROS,2000,21659
ESTAT:DS-045409(1.0),06/02/26 11:00:00,Annual,"European Union - 27 countries (AT, BE, BG, CY, CZ, DE, DK, EE, ES, FI, FR, GR, HR, HU, IE, IT, LT, LU, LV, MT, NL, PL, PT, RO, SE, SI, SK)",Burkina Faso,COCOA AND COCOA PREPARATIONS,EXPORT,VALUE_IN_EUROS,2001,26796
ESTAT:DS-045409(1.0),06/02/26 11:00:00,Annual,"European Union - 27 countries (AT, BE, BG, CY, CZ, DE, DK, EE, ES, FI, FR, GR, HR, HU, IE, IT, LT, LU, LV, MT, NL, PL, PT, RO, SE, SI, SK)",Burkina Faso,COCOA AND COCOA PREPARATIONS,EXPORT,VALUE_IN_EUROS,2002,28674
ESTAT:DS-045409(1.0),06/02/26 11:00:00,Annual,"European Union - 27 countries (AT, BE, BG, CY, CZ, DE, DK, EE, ES, FI, FR, GR, HR, HU, IE, IT, LT, LU, LV, MT, NL, PL, PT, RO, SE, SI, SK)",Burkina Faso,COCOA AND COCOA PREPARATIONS,EXPORT,VALUE_IN_EUROS,2003,51422
ESTAT:DS-045409(1.0),06/02/26 11:00:00,Annual,"European Union - 27 countries (AT, BE, BG, CY, CZ, DE, DK, EE, ES, FI, FR, GR, HR, HU, IE, IT, LT, LU, LV, MT, NL, PL, PT, RO, SE, SI, SK)",Burkina Faso,COCOA AND COCOA PREPARATIONS,EXPORT,VALUE_IN_EUROS,2004,128269
ESTAT:DS-045409(1.0),06/02/26 11:00:00,Annual,"European Union - 27 countries (AT, BE, BG, CY, CZ, DE, DK, EE, ES, FI, FR, GR, HR, HU, IE, IT, LT, LU, LV, MT, NL, PL, PT, RO, SE, SI, SK)",Burkina Faso,COCOA AND COCOA PREPARATIONS,EXPORT,VALUE_IN_EUROS,2005,177829
ESTAT:DS-045409(1.0),06/02/26 11:00:00,Annual,"European Union - 27 countries (AT, BE, BG, CY, CZ, DE, DK, EE, ES, FI, FR, GR, HR, HU, IE, IT, LT, LU, LV, MT, NL, PL, PT, RO, SE, SI, SK)",Burkina Faso,COCOA AND COCOA PREPARATIONS,EXPORT,VALUE_IN_EUROS,2006,176617
ESTAT:DS-045409(1.0),06/02/26 11:00:00,Annual,"European Union - 27 countries (AT, BE, BG, CY, CZ, DE, DK, EE, ES, FI, FR, GR, HR, HU, IE, IT, LT, LU, LV, MT, NL, PL, PT, RO, SE, SI, SK)",Burkina Faso,COCOA AND COCOA PREPARATIONS,EXPORT,VALUE_IN_EUROS,2007,210792
ESTAT:DS-045409(1.0),06/02/26 11:00:00,Annual,"European Union - 27 countries (AT, BE, BG, CY, CZ, DE, DK, EE, ES, FI, FR, GR, HR, HU, IE, IT, LT, LU, LV, MT, NL, PL, PT, RO, SE, SI, SK)",Burkina Faso,COCOA AND COCOA PREPARATIONS,EXPORT,VALUE_IN_EUROS,2008,59266
ESTAT:DS-045409(1.0),06/02/26 11:00:00,Annual,"European Union - 27 countries (AT, BE, BG, CY, CZ, DE, DK, EE, ES, FI, FR, GR, HR, HU, IE, IT, LT, LU, LV, MT, NL, PL, PT, RO, SE, SI, SK)",Burkina Faso,COCOA AND COCOA PREPARATIONS,EXPORT,VALUE_IN_EUROS,2009,115159
ESTAT:DS-045409(1.0),06/02/26 11:00:00,Annual,"European Union - 27 countries (AT, BE, BG, CY, CZ, DE, DK, EE, ES, FI, FR, GR, HR, HU, IE, IT, LT, LU, LV, MT, NL, PL, PT, RO, SE, SI, SK)",Burkina Faso,COCOA AND COCOA PREPARATIONS,EXPORT,VALUE_IN_EUROS,2010,180076
ESTAT:DS-045409(1.0),06/02/26 11:00:00,Annual,"European Union - 27 countries (AT, BE, BG, CY, CZ, DE, DK, EE, ES, FI, FR, GR, HR, HU, IE, IT, LT, LU, LV, MT, NL, PL, PT, RO, SE, SI, SK)",Burkina Faso,COCOA AND COCOA PREPARATIONS,EXPORT,VALUE_IN_EUROS,2011,295314
ESTAT:DS-045409(1.0),06/02/26 11:00:00,Annual,"European Union - 27 countries (AT, BE, BG, CY, CZ, DE, DK, EE, ES, FI, FR, GR, HR, HU, IE, IT, LT, LU, LV, MT, NL, PL, PT, RO, SE, SI, SK)",Burkina Faso,COCOA AND COCOA PREPARATIONS,EXPORT,VALUE_IN_EUROS,2012,197969
ESTAT:DS-045409(1.0),06/02/26 11:00:00,Annual,"European Union - 27 countries (AT, BE, BG, CY, CZ, DE, DK, EE, ES, FI, FR, GR, HR, HU, IE, IT, LT, LU, LV, MT, NL, PL, PT, RO, SE, SI, SK)",Burkina Faso,COCOA AND COCOA PREPARATIONS,EXPORT,VALUE_IN_EUROS,2013,179600
ESTAT:DS-045409(1.0),06/02/26 11:00:00,Annual,"European Union - 27 countries (AT, BE, BG, CY, CZ, DE, DK, EE, ES, FI, FR, GR, HR, HU, IE, IT, LT, LU, LV, MT, NL, PL, PT, RO, SE, SI, SK)",Burkina Faso,COCOA AND COCOA PREPARATIONS,EXPORT,VALUE_IN_EUROS,2014,285113
ESTAT:DS-045409(1.0),06/02/26 11:00:00,Annual,"European Union - 27 countries (AT, BE, BG, CY, CZ, DE, DK, EE, ES, FI, FR, GR, HR, HU, IE, IT, LT, LU, LV, MT, NL, PL, PT, RO, SE, SI, SK)",Burkina Faso,COCOA AND COCOA PREPARATIONS,EXPORT,VALUE_IN_EUROS,2015,341783
ESTAT:DS-045409(1.0),06/02/26 11:00:00,Annual,"European Union - 27 countries (AT, BE, BG, CY, CZ, DE, DK, EE, ES, FI, FR, GR, HR, HU, IE, IT, LT, LU, LV, MT, NL, PL, PT, RO, SE, SI, SK)",Burkina Faso,COCOA AND COCOA PREPARATIONS,EXPORT,VALUE_IN_EUROS,2016,211587
ESTAT:DS-045409(1.0),06/02/26 11:00:00,Annual,"European Union - 27 countries (AT, BE, BG, CY, CZ, DE, DK, EE, ES, FI, FR, GR, HR, HU, IE, IT, LT, LU, LV, MT, NL, PL, PT, RO, SE, SI, SK)",Burkina Faso,COCOA AND COCOA PREPARATIONS,EXPORT,VALUE_IN_EUROS,2017,282309
ESTAT:DS-045409(1.0),06/02/26 11:00:00,Annual,"European Union - 27 countries (AT, BE, BG, CY, CZ, DE, DK, EE, ES, FI, FR, GR, HR, HU, IE, IT, LT, LU, LV, MT, NL, PL, PT, RO, SE, SI, SK)",Burkina Faso,COCOA AND COCOA PREPARATIONS,EXPORT,VALUE_IN_EUROS,2018,280955
ESTAT:DS-045409(1.0),06/02/26 11:00:00,Annual,"European Union - 27 countries (AT, BE, BG, CY, CZ, DE, DK, EE, ES, FI, FR, GR, HR, HU, IE, IT, LT, LU, LV, MT, NL, PL, PT, RO, SE, SI, SK)",Burkina Faso,COCOA AND COCOA PREPARATIONS,EXPORT,VALUE_IN_EUROS,2019,381052
ESTAT:DS-045409(1.0),06/02/26 11:00:00,Annual,"European Union - 27 countries (AT, BE, BG, CY, CZ, DE, DK, EE, ES, FI, FR, GR, HR, HU, IE, IT, LT, LU, LV, MT, NL, PL, PT, RO, SE, SI, SK)",Burkina Faso,COCOA AND COCOA PREPARATIONS,EXPORT,VALUE_IN_EUROS,2020,494660
ESTAT:DS-045409(1.0),06/02/26 11:00:00,Annual,"European Union - 27 countries (AT, BE, BG, CY, CZ, DE, DK, EE, ES, FI, FR, GR, HR, HU, IE, IT, LT, LU, LV, MT, NL, PL, PT, RO, SE, SI, SK)",Burkina Faso,COCOA AND COCOA PREPARATIONS,EXPORT,VALUE_IN_EUROS,2021,638741
ESTAT:DS-045409(1.0),06/02/26 11:00:00,Annual,"European Union - 27 countries (AT, BE, BG, CY, CZ, DE, DK, EE, ES, FI, FR, GR, HR, HU, IE, IT, LT, LU, LV, MT, NL, PL, PT, RO, SE, SI, SK)",Burkina Faso,COCOA AND COCOA PREPARATIONS,EXPORT,VALUE_IN_EUROS,2022,407524
ESTAT:DS-045409(1.0),06/02/26 11:00:00,Annual,"European Union - 27 countries (AT, BE, BG, CY, CZ, DE, DK, EE, ES, FI, FR, GR, HR, HU, IE, IT, LT, LU, LV, MT, NL, PL, PT, RO, SE, SI, SK)",Burkina Faso,COCOA AND COCOA PREPARATIONS,EXPORT,VALUE_IN_EUROS,2023,424377
ESTAT:DS-045409(1.0),06/02/26 11:00:00,Annual,"European Union - 27 countries (AT, BE, BG, CY, CZ, DE, DK, EE, ES, FI, FR, GR, HR, HU, IE, IT, LT, LU, LV, MT, NL, PL, PT, RO, SE, SI, SK)",Burkina Faso,COCOA AND COCOA PREPARATIONS,EXPORT,VALUE_IN_EUROS,2024,547586
ESTAT:DS-045409(1.0),06/02/26 11:00:00,Annual,"European Union - 27 countries (AT, BE, BG, CY, CZ, DE, DK, EE, ES, FI, FR, GR, HR, HU, IE, IT, LT, LU, LV, MT, NL, PL, PT, RO, SE, SI, SK)",Burundi,COCOA AND COCOA PREPARATIONS,EXPORT,VALUE_IN_EUROS,1999,6999
ESTAT:DS-045409(1.0),06/02/26 11:00:00,Annual,"European Union - 27 countries (AT, BE, BG, CY, CZ, DE, DK, EE, ES, FI, FR, GR, HR, HU, IE, IT, LT, LU, LV, MT, NL, PL, PT, RO, SE, SI, SK)",Burundi,COCOA AND COCOA PREPARATIONS,EXPORT,VALUE_IN_EUROS,2000,11444
ESTAT:DS-045409(1.0),06/02/26 11:00:00,Annual,"European Union - 27 countries (AT, BE, BG, CY, CZ, DE, DK, EE, ES, FI, FR, GR, HR, HU, IE, IT, LT, LU, LV, MT, NL, PL, PT, RO, SE, SI, SK)",Burundi,COCOA AND COCOA PREPARATIONS,EXPORT,VALUE_IN_EUROS,2001,5759
ESTAT:DS-045409(1.0),06/02/26 11:00:00,Annual,"European Union - 27 countries (AT, BE, BG, CY, CZ, DE, DK, EE, ES, FI, FR, GR, HR, HU, IE, IT, LT, LU, LV, MT, NL, PL, PT, RO, SE, SI, SK)",Burundi,COCOA AND COCOA PREPARATIONS,EXPORT,VALUE_IN_EUROS,2002,5202
ESTAT:DS-045409(1.0),06/02/26 11:00:00,Annual,"European Union - 27 countries (AT, BE, BG, CY, CZ, DE, DK, EE, ES, FI, FR, GR, HR, HU, IE, IT, LT, LU, LV, MT, NL, PL, PT, RO, SE, SI, SK)",Burundi,COCOA AND COCOA PREPARATIONS,EXPORT,VALUE_IN_EUROS,2003,1311
ESTAT:DS-045409(1.0),06/02/26 11:00:00,Annual,"European Union - 27 countries (AT, BE, BG, CY, CZ, DE, DK, EE, ES, FI, FR, GR, HR, HU, IE, IT, LT, LU, LV, MT, NL, PL, PT, RO, SE, SI, SK)",Burundi,COCOA AND COCOA PREPARATIONS,EXPORT,VALUE_IN_EUROS,2004,40200
ESTAT:DS-045409(1.0),06/02/26 11:00:00,Annual,"European Union - 27 countries (AT, BE, BG, CY, CZ, DE, DK, EE, ES, FI, FR, GR, HR, HU, IE, IT, LT, LU, LV, MT, NL, PL, PT, RO, SE, SI, SK)",Burundi,COCOA AND COCOA PREPARATIONS,EXPORT,VALUE_IN_EUROS,2005,30751
ESTAT:DS-045409(1.0),06/02/26 11:00:00,Annual,"European Union - 27 countries (AT, BE, BG, CY, CZ, DE, DK, EE, ES, FI, FR, GR, HR, HU, IE, IT, LT, LU, LV, MT, NL, PL, PT, RO, SE, SI, SK)",Burundi,COCOA AND COCOA PREPARATIONS,EXPORT,VALUE_IN_EUROS,2006,12246
ESTAT:DS-045409(1.0),06/02/26 11:00:00,Annual,"European Union - 27 countries (AT, BE, BG, CY, CZ, DE, DK, EE, ES, FI, FR, GR, HR, HU, IE, IT, LT, LU, LV, MT, NL, PL, PT, RO, SE, SI, SK)",Burundi,COCOA AND COCOA PREPARATIONS,EXPORT,VALUE_IN_EUROS,2007,13033
ESTAT:DS-045409(1.0),06/02/26 11:00:00,Annual,"European Union - 27 countries (AT, BE, BG, CY, CZ, DE, DK, EE, ES, FI, FR, GR, HR, HU, IE, IT, LT, LU, LV, MT, NL, PL, PT, RO, SE, SI, SK)",Burundi,COCOA AND COCOA PREPARATIONS,EXPORT,VALUE_IN_EUROS,2008,13454
ESTAT:DS-045409(1.0),06/02/26 11:00:00,Annual,"European Union - 27 countries (AT, BE, BG, CY, CZ, DE, DK, EE, ES, FI, FR, GR, HR, HU, IE, IT, LT, LU, LV, MT, NL, PL, PT, RO, SE, SI, SK)",Burundi,COCOA AND COCOA PREPARATIONS,EXPORT,VALUE_IN_EUROS,2009,17821
ESTAT:DS-045409(1.0),06/02/26 11:00:00,Annual,"European Union - 27 countries (AT, BE, BG, CY, CZ, DE, DK, EE, ES, FI, FR, GR, HR, HU, IE, IT, LT, LU, LV, MT, NL, PL, PT, RO, SE, SI, SK)",Burundi,COCOA AND COCOA PREPARATIONS,EXPORT,VALUE_IN_EUROS,2010,35965
ESTAT:DS-045409(1.0),06/02/26 11:00:00,Annual,"European Union - 27 countries (AT, BE, BG, CY, CZ, DE, DK, EE, ES, FI, FR, GR, HR, HU, IE, IT, LT, LU, LV, MT, NL, PL, PT, RO, SE, SI, SK)",Burundi,COCOA AND COCOA PREPARATIONS,EXPORT,VALUE_IN_EUROS,2011,26393
ESTAT:DS-045409(1.0),06/02/26 11:00:00,Annual,"European Union - 27 countries (AT, BE, BG, CY, CZ, DE, DK, EE, ES, FI, FR, GR, HR, HU, IE, IT, LT, LU, LV, MT, NL, PL, PT, RO, SE, SI, SK)",Burundi,COCOA AND COCOA PREPARATIONS,EXPORT,VALUE_IN_EUROS,2012,53913
ESTAT:DS-045409(1.0),06/02/26 11:00:00,Annual,"European Union - 27 countries (AT, BE, BG, CY, CZ, DE, DK, EE, ES, FI, FR, GR, HR, HU, IE, IT, LT, LU, LV, MT, NL, PL, PT, RO, SE, SI, SK)",Burundi,COCOA AND COCOA PREPARATIONS,EXPORT,VALUE_IN_EUROS,2013,43252
ESTAT:DS-045409(1.0),06/02/26 11:00:00,Annual,"European Union - 27 countries (AT, BE, BG, CY, CZ, DE, DK, EE, ES, FI, FR, GR, HR, HU, IE, IT, LT, LU, LV, MT, NL, PL, PT, RO, SE, SI, SK)",Burundi,COCOA AND COCOA PREPARATIONS,EXPORT,VALUE_IN_EUROS,2014,73152
ESTAT:DS-045409(1.0),06/02/26 11:00:00,Annual,"European Union - 27 countries (AT, BE, BG, CY, CZ, DE, DK, EE, ES, FI, FR, GR, HR, HU, IE, IT, LT, LU, LV, MT, NL, PL, PT, RO, SE, SI, SK)",Burundi,COCOA AND COCOA PREPARATIONS,EXPORT,VALUE_IN_EUROS,2015,56367
ESTAT:DS-045409(1.0),06/02/26 11:00:00,Annual,"European Union - 27 countries (AT, BE, BG, CY, CZ, DE, DK, EE, ES, FI, FR, GR, HR, HU, IE, IT, LT, LU, LV, MT, NL, PL, PT, RO, SE, SI, SK)",Burundi,COCOA AND COCOA PREPARATIONS,EXPORT,VALUE_IN_EUROS,2016,106850
ESTAT:DS-045409(1.0),06/02/26 11:00:00,Annual,"European Union - 27 countries (AT, BE, BG, CY, CZ, DE, DK, EE, ES, FI, FR, GR, HR, HU, IE, IT, LT, LU, LV, MT, NL, PL, PT, RO, SE, SI, SK)",Burundi,COCOA AND COCOA PREPARATIONS,EXPORT,VALUE_IN_EUROS,2017,86011
ESTAT:DS-045409(1.0),06/02/26 11:00:00,Annual,"European Union - 27 countries (AT, BE, BG, CY, CZ, DE, DK, EE, ES, FI, FR, GR, HR, HU, IE, IT, LT, LU, LV, MT, NL, PL, PT, RO, SE, SI, SK)",Burundi,COCOA AND COCOA PREPARATIONS,EXPORT,VALUE_IN_EUROS,2018,81807
ESTAT:DS-045409(1.0),06/02/26 11:00:00,Annual,"European Union - 27 countries (AT, BE, BG, CY, CZ, DE, DK, EE, ES, FI, FR, GR, HR, HU, IE, IT, LT, LU, LV, MT, NL, PL, PT, RO, SE, SI, SK)",Burundi,COCOA AND COCOA PREPARATIONS,EXPORT,VALUE_IN_EUROS,2019,91696
ESTAT:DS-045409(1.0),06/02/26 11:00:00,Annual,"European Union - 27 countries (AT, BE, BG, CY, CZ, DE, DK, EE, ES, FI, FR, GR, HR, HU, IE, IT, LT, LU, LV, MT, NL, PL, PT, RO, SE, SI, SK)",Burundi,COCOA AND COCOA PREPARATIONS,EXPORT,VALUE_IN_EUROS,2020,107741
ESTAT:DS-045409(1.0),06/02/26 11:00:00,Annual,"European Union - 27 countries (AT, BE, BG, CY, CZ, DE, DK, EE, ES, FI, FR, GR, HR, HU, IE, IT, LT, LU, LV, MT, NL, PL, PT, RO, SE, SI, SK)",Burundi,COCOA AND COCOA PREPARATIONS,EXPORT,VALUE_IN_EUROS,2021,214329
ESTAT:DS-045409(1.0),06/02/26 11:00:00,Annual,"European Union - 27 countries (AT, BE, BG, CY, CZ, DE, DK, EE, ES, FI, FR, GR, HR, HU, IE, IT, LT, LU, LV, MT, NL, PL, PT, RO, SE, SI, SK)",Burundi,COCOA AND COCOA PREPARATIONS,EXPORT,VALUE_IN_EUROS,2022,152219
ESTAT:DS-045409(1.0),06/02/26 11:00:00,Annual,"European Union - 27 countries (AT, BE, BG, CY, CZ, DE, DK, EE, ES, FI, FR, GR, HR, HU, IE, IT, LT, LU, LV, MT, NL, PL, PT, RO, SE, SI, SK)",Burundi,COCOA AND COCOA PREPARATIONS,EXPORT,VALUE_IN_EUROS,2023,125042
ESTAT:DS-045409(1.0),06/02/26 11:00:00,Annual,"European Union - 27 countries (AT, BE, BG, CY, CZ, DE, DK, EE, ES, FI, FR, GR, HR, HU, IE, IT, LT, LU, LV, MT, NL, PL, PT, RO, SE, SI, SK)",Burundi,COCOA AND COCOA PREPARATIONS,EXPORT,VALUE_IN_EUROS,2024,53943
ESTAT:DS-045409(1.0),06/02/26 11:00:00,Annual,"European Union - 27 countries (AT, BE, BG, CY, CZ, DE, DK, EE, ES, FI, FR, GR, HR, HU, IE, IT, LT, LU, LV, MT, NL, PL, PT, RO, SE, SI, SK)",Benin,COCOA AND COCOA PREPARATIONS,EXPORT,VALUE_IN_EUROS,1999,42880
ESTAT:DS-045409(1.0),06/02/26 11:00:00,Annual,"European Union - 27 countries (AT, BE, BG, CY, CZ, DE, DK, EE, ES, FI, FR, GR, HR, HU, IE, IT, LT, LU, LV, MT, NL, PL, PT, RO, SE, SI, SK)",Benin,COCOA AND COCOA PREPARATIONS,EXPORT,VALUE_IN_EUROS,2000,128425
ESTAT:DS-045409(1.0),06/02/26 11:00:00,Annual,"European Union - 27 countries (AT, BE, BG, CY, CZ, DE, DK, EE, ES, FI, FR, GR, HR, HU, IE, IT, LT, LU, LV, MT, NL, PL, PT, RO, SE, SI, SK)",Benin,COCOA AND COCOA PREPARATIONS,EXPORT,VALUE_IN_EUROS,2001,286950
ESTAT:DS-045409(1.0),06/02/26 11:00:00,Annual,"European Union - 27 countries (AT, BE, BG, CY, CZ, DE, DK, EE, ES, FI, FR, GR, HR, HU, IE, IT, LT, LU, LV, MT, NL, PL, PT, RO, SE, SI, SK)",Benin,COCOA AND COCOA PREPARATIONS,EXPORT,VALUE_IN_EUROS,2002,180462
ESTAT:DS-045409(1.0),06/02/26 11:00:00,Annual,"European Union - 27 countries (AT, BE, BG, CY, CZ, DE, DK, EE, ES, FI, FR, GR, HR, HU, IE, IT, LT, LU, LV, MT, NL, PL, PT, RO, SE, SI, SK)",Benin,COCOA AND COCOA PREPARATIONS,EXPORT,VALUE_IN_EUROS,2003,176400
ESTAT:DS-045409(1.0),06/02/26 11:00:00,Annual,"European Union - 27 countries (AT, BE, BG, CY, CZ, DE, DK, EE, ES, FI, FR, GR, HR, HU, IE, IT, LT, LU, LV, MT, NL, PL, PT, RO, SE, SI, SK)",Benin,COCOA AND COCOA PREPARATIONS,EXPORT,VALUE_IN_EUROS,2004,54549
ESTAT:DS-045409(1.0),06/02/26 11:00:00,Annual,"European Union - 27 countries (AT, BE, BG, CY, CZ, DE, DK, EE, ES, FI, FR, GR, HR, HU, IE, IT, LT, LU, LV, MT, NL, PL, PT, RO, SE, SI, SK)",Benin,COCOA AND COCOA PREPARATIONS,EXPORT,VALUE_IN_EUROS,2005,94480
ESTAT:DS-045409(1.0),06/02/26 11:00:00,Annual,"European Union - 27 countries (AT, BE, BG, CY, CZ, DE, DK, EE, ES, FI, FR, GR, HR, HU, IE, IT, LT, LU, LV, MT, NL, PL, PT, RO, SE, SI, SK)",Benin,COCOA AND COCOA PREPARATIONS,EXPORT,VALUE_IN_EUROS,2006,122051
ESTAT:DS-045409(1.0),06/02/26 11:00:00,Annual,"European Union - 27 countries (AT, BE, BG, CY, CZ, DE, DK, EE, ES, FI, FR, GR, HR, HU, IE, IT, LT, LU, LV, MT, NL, PL, PT, RO, SE, SI, SK)",Benin,COCOA AND COCOA PREPARATIONS,EXPORT,VALUE_IN_EUROS,2007,127969
ESTAT:DS-045409(1.0),06/02/26 11:00:00,Annual,"European Union - 27 countries (AT, BE, BG, CY, CZ, DE, DK, EE, ES, FI, FR, GR, HR, HU, IE, IT, LT, LU, LV, MT, NL, PL, PT, RO, SE, SI, SK)",Benin,COCOA AND COCOA PREPARATIONS,EXPORT,VALUE_IN_EUROS,2008,83629
ESTAT:DS-045409(1.0),06/02/26 11:00:00,Annual,"European Union - 27 countries (AT, BE, BG, CY, CZ, DE, DK, EE, ES, FI, FR, GR, HR, HU, IE, IT, LT, LU, LV, MT, NL, PL, PT, RO, SE, SI, SK)",Benin,COCOA AND COCOA PREPARATIONS,EXPORT,VALUE_IN_EUROS,2009,133557
ESTAT:DS-045409(1.0),06/02/26 11:00:00,Annual,"European Union - 27 countries (AT, BE, BG, CY, CZ, DE, DK, EE, ES, FI, FR, GR, HR, HU, IE, IT, LT, LU, LV, MT, NL, PL, PT, RO, SE, SI, SK)",Benin,COCOA AND COCOA PREPARATIONS,EXPORT,VALUE_IN_EUROS,2010,460152
ESTAT:DS-045409(1.0),06/02/26 11:00:00,Annual,"European Union - 27 countries (AT, BE, BG, CY, CZ, DE, DK, EE, ES, FI, FR, GR, HR, HU, IE, IT, LT, LU, LV, MT, NL, PL, PT, RO, SE, SI, SK)",Benin,COCOA AND COCOA PREPARATIONS,EXPORT,VALUE_IN_EUROS,2011,229907
ESTAT:DS-045409(1.0),06/02/26 11:00:00,Annual,"European Union - 27 countries (AT, BE, BG, CY, CZ, DE, DK, EE, ES, FI, FR, GR, HR, HU, IE, IT, LT, LU, LV, MT, NL, PL, PT, RO, SE, SI, SK)",Benin,COCOA AND COCOA PREPARATIONS,EXPORT,VALUE_IN_EUROS,2012,278206
ESTAT:DS-045409(1.0),06/02/26 11:00:00,Annual,"European Union - 27 countries (AT, BE, BG, CY, CZ, DE, DK, EE, ES, FI, FR, GR, HR, HU, IE, IT, LT, LU, LV, MT, NL, PL, PT, RO, SE, SI, SK)",Benin,COCOA AND COCOA PREPARATIONS,EXPORT,VALUE_IN_EUROS,2013,391486
ESTAT:DS-045409(1.0),06/02/26 11:00:00,Annual,"European Union - 27 countries (AT, BE, BG, CY, CZ, DE, DK, EE, ES, FI, FR, GR, HR, HU, IE, IT, LT, LU, LV, MT, NL, PL, PT, RO, SE, SI, SK)",Benin,COCOA AND COCOA PREPARATIONS,EXPORT,VALUE_IN_EUROS,2014,285203
ESTAT:DS-045409(1.0),06/02/26 11:00:00,Annual,"European Union - 27 countries (AT, BE, BG, CY, CZ, DE, DK, EE, ES, FI, FR, GR, HR, HU, IE, IT, LT, LU, LV, MT, NL, PL, PT, RO, SE, SI, SK)",Benin,COCOA AND COCOA PREPARATIONS,EXPORT,VALUE_IN_EUROS,2015,838456
ESTAT:DS-045409(1.0),06/02/26 11:00:00,Annual,"European Union - 27 countries (AT, BE, BG, CY, CZ, DE, DK, EE, ES, FI, FR, GR, HR, HU, IE, IT, LT, LU, LV, MT, NL, PL, PT, RO, SE, SI, SK)",Benin,COCOA AND COCOA PREPARATIONS,EXPORT,VALUE_IN_EUROS,2016,1004663
ESTAT:DS-045409(1.0),06/02/26 11:00:00,Annual,"European Union - 27 countries (AT, BE, BG, CY, CZ, DE, DK, EE, ES, FI, FR, GR, HR, HU, IE, IT, LT, LU, LV, MT, NL, PL, PT, RO, SE, SI, SK)",Benin,COCOA AND COCOA PREPARATIONS,EXPORT,VALUE_IN_EUROS,2017,584824
ESTAT:DS-045409(1.0),06/02/26 11:00:00,Annual,"European Union - 27 countries (AT, BE, BG, CY, CZ, DE, DK, EE, ES, FI, FR, GR, HR, HU, IE, IT, LT, LU, LV, MT, NL, PL, PT, RO, SE, SI, SK)",Benin,COCOA AND COCOA PREPARATIONS,EXPORT,VALUE_IN_EUROS,2018,546898
ESTAT:DS-045409(1.0),06/02/26 11:00:00,Annual,"European Union - 27 countries (AT, BE, BG, CY, CZ, DE, DK, EE, ES, FI, FR, GR, HR, HU, IE, IT, LT, LU, LV, MT, NL, PL, PT, RO, SE, SI, SK)",Benin,COCOA AND COCOA PREPARATIONS,EXPORT,VALUE_IN_EUROS,2019,653224
ESTAT:DS-045409(1.0),06/02/26 11:00:00,Annual,"European Union - 27 countries (AT, BE, BG, CY, CZ, DE, DK, EE, ES, FI, FR, GR, HR, HU, IE, IT, LT, LU, LV, MT, NL, PL, PT, RO, SE, SI, SK)",Benin,COCOA AND COCOA PREPARATIONS,EXPORT,VALUE_IN_EUROS,2020,480614
ESTAT:DS-045409(1.0),06/02/26 11:00:00,Annual,"European Union - 27 countries (AT, BE, BG, CY, CZ, DE, DK, EE, ES, FI, FR, GR, HR, HU, IE, IT, LT, LU, LV, MT, NL, PL, PT, RO, SE, SI, SK)",Benin,COCOA AND COCOA PREPARATIONS,EXPORT,VALUE_IN_EUROS,2021,213697
ESTAT:DS-045409(1.0),06/02/26 11:00:00,Annual,"European Union - 27 countries (AT, BE, BG, CY, CZ, DE, DK, EE, ES, FI, FR, GR, HR, HU, IE, IT, LT, LU, LV, MT, NL, PL, PT, RO, SE, SI, SK)",Benin,COCOA AND COCOA PREPARATIONS,EXPORT,VALUE_IN_EUROS,2022,129663
ESTAT:DS-045409(1.0),06/02/26 11:00:00,Annual,"European Union - 27 countries (AT, BE, BG, CY, CZ, DE, DK, EE, ES, FI, FR, GR, HR, HU, IE, IT, LT, LU, LV, MT, NL, PL, PT, RO, SE, SI, SK)",Benin,COCOA AND COCOA PREPARATIONS,EXPORT,VALUE_IN_EUROS,2023,200631
ESTAT:DS-045409(1.0),06/02/26 11:00:00,Annual,"European Union - 27 countries (AT, BE, BG, CY, CZ, DE, DK, EE, ES, FI, FR, GR, HR, HU, IE, IT, LT, LU, LV, MT, NL, PL, PT, RO, SE, SI, SK)",Benin,COCOA AND COCOA PREPARATIONS,EXPORT,VALUE_IN_EUROS,2024,733640
ESTAT:DS-045409(1.0),06/02/26 11:00:00,Annual,"European Union - 27 countries (AT, BE, BG, CY, CZ, DE, DK, EE, ES, FI, FR, GR, HR, HU, IE, IT, LT, LU, LV, MT, NL, PL, PT, RO, SE, SI, SK)",Botswana,COCOA AND COCOA PREPARATIONS,EXPORT,VALUE_IN_EUROS,1999,18012
ESTAT:DS-045409(1.0),06/02/26 11:00:00,Annual,"European Union - 27 countries (AT, BE, BG, CY, CZ, DE, DK, EE, ES, FI, FR, GR, HR, HU, IE, IT, LT, LU, LV, MT, NL, PL, PT, RO, SE, SI, SK)",Botswana,COCOA AND COCOA PREPARATIONS,EXPORT,VALUE_IN_EUROS,2000,7780
ESTAT:DS-045409(1.0),06/02/26 11:00:00,Annual,"European Union - 27 countries (AT, BE, BG, CY, CZ, DE, DK, EE, ES, FI, FR, GR, HR, HU, IE, IT, LT, LU, LV, MT, NL, PL, PT, RO, SE, SI, SK)",Botswana,COCOA AND COCOA PREPARATIONS,EXPORT,VALUE_IN_EUROS,2001,617
ESTAT:DS-045409(1.0),06/02/26 11:00:00,Annual,"European Union - 27 countries (AT, BE, BG, CY, CZ, DE, DK, EE, ES, FI, FR, GR, HR, HU, IE, IT, LT, LU, LV, MT, NL, PL, PT, RO, SE, SI, SK)",Botswana,COCOA AND COCOA PREPARATIONS,EXPORT,VALUE_IN_EUROS,2002,555
ESTAT:DS-045409(1.0),06/02/26 11:00:00,Annual,"European Union - 27 countries (AT, BE, BG, CY, CZ, DE, DK, EE, ES, FI, FR, GR, HR, HU, IE, IT, LT, LU, LV, MT, NL, PL, PT, RO, SE, SI, SK)",Botswana,COCOA AND COCOA PREPARATIONS,EXPORT,VALUE_IN_EUROS,2003,250
ESTAT:DS-045409(1.0),06/02/26 11:00:00,Annual,"European Union - 27 countries (AT, BE, BG, CY, CZ, DE, DK, EE, ES, FI, FR, GR, HR, HU, IE, IT, LT, LU, LV, MT, NL, PL, PT, RO, SE, SI, SK)",Botswana,COCOA AND COCOA PREPARATIONS,EXPORT,VALUE_IN_EUROS,2004,1500
ESTAT:DS-045409(1.0),06/02/26 11:00:00,Annual,"European Union - 27 countries (AT, BE, BG, CY, CZ, DE, DK, EE, ES, FI, FR, GR, HR, HU, IE, IT, LT, LU, LV, MT, NL, PL, PT, RO, SE, SI, SK)",Botswana,COCOA AND COCOA PREPARATIONS,EXPORT,VALUE_IN_EUROS,2005,57497
ESTAT:DS-045409(1.0),06/02/26 11:00:00,Annual,"European Union - 27 countries (AT, BE, BG, CY, CZ, DE, DK, EE, ES, FI, FR, GR, HR, HU, IE, IT, LT, LU, LV, MT, NL, PL, PT, RO, SE, SI, SK)",Botswana,COCOA AND COCOA PREPARATIONS,EXPORT,VALUE_IN_EUROS,2006,22203
ESTAT:DS-045409(1.0),06/02/26 11:00:00,Annual,"European Union - 27 countries (AT, BE, BG, CY, CZ, DE, DK, EE, ES, FI, FR, GR, HR, HU, IE, IT, LT, LU, LV, MT, NL, PL, PT, RO, SE, SI, SK)",Botswana,COCOA AND COCOA PREPARATIONS,EXPORT,VALUE_IN_EUROS,2007,54715
ESTAT:DS-045409(1.0),06/02/26 11:00:00,Annual,"European Union - 27 countries (AT, BE, BG, CY, CZ, DE, DK, EE, ES, FI, FR, GR, HR, HU, IE, IT, LT, LU, LV, MT, NL, PL, PT, RO, SE, SI, SK)",Botswana,COCOA AND COCOA PREPARATIONS,EXPORT,VALUE_IN_EUROS,2008,28346
ESTAT:DS-045409(1.0),06/02/26 11:00:00,Annual,"European Union - 27 countries (AT, BE, BG, CY, CZ, DE, DK, EE, ES, FI, FR, GR, HR, HU, IE, IT, LT, LU, LV, MT, NL, PL, PT, RO, SE, SI, SK)",Botswana,COCOA AND COCOA PREPARATIONS,EXPORT,VALUE_IN_EUROS,2012,12
ESTAT:DS-045409(1.0),06/02/26 11:00:00,Annual,"European Union - 27 countries (AT, BE, BG, CY, CZ, DE, DK, EE, ES, FI, FR, GR, HR, HU, IE, IT, LT, LU, LV, MT, NL, PL, PT, RO, SE, SI, SK)",Botswana,COCOA AND COCOA PREPARATIONS,EXPORT,VALUE_IN_EUROS,2013,70
ESTAT:DS-045409(1.0),06/02/26 11:00:00,Annual,"European Union - 27 countries (AT, BE, BG, CY, CZ, DE, DK, EE, ES, FI, FR, GR, HR, HU, IE, IT, LT, LU, LV, MT, NL, PL, PT, RO, SE, SI, SK)",Botswana,COCOA AND COCOA PREPARATIONS,EXPORT,VALUE_IN_EUROS,2014,16271
ESTAT:DS-045409(1.0),06/02/26 11:00:00,Annual,"European Union - 27 countries (AT, BE, BG, CY, CZ, DE, DK, EE, ES, FI, FR, GR, HR, HU, IE, IT, LT, LU, LV, MT, NL, PL, PT, RO, SE, SI, SK)",Botswana,COCOA AND COCOA PREPARATIONS,EXPORT,VALUE_IN_EUROS,2015,105638
ESTAT:DS-045409(1.0),06/02/26 11:00:00,Annual,"European Union - 27 countries (AT, BE, BG, CY, CZ, DE, DK, EE, ES, FI, FR, GR, HR, HU, IE, IT, LT, LU, LV, MT, NL, PL, PT, RO, SE, SI, SK)",Botswana,COCOA AND COCOA PREPARATIONS,EXPORT,VALUE_IN_EUROS,2016,21891
ESTAT:DS-045409(1.0),06/02/26 11:00:00,Annual,"European Union - 27 countries (AT, BE, BG, CY, CZ, DE, DK, EE, ES, FI, FR, GR, HR, HU, IE, IT, LT, LU, LV, MT, NL, PL, PT, RO, SE, SI, SK)",Botswana,COCOA AND COCOA PREPARATIONS,EXPORT,VALUE_IN_EUROS,2017,43389
ESTAT:DS-045409(1.0),06/02/26 11:00:00,Annual,"European Union - 27 countries (AT, BE, BG, CY, CZ, DE, DK, EE, ES, FI, FR, GR, HR, HU, IE, IT, LT, LU, LV, MT, NL, PL, PT, RO, SE, SI, SK)",Botswana,COCOA AND COCOA PREPARATIONS,EXPORT,VALUE_IN_EUROS,2018,92055
ESTAT:DS-045409(1.0),06/02/26 11:00:00,Annual,"European Union - 27 countries (AT, BE, BG, CY, CZ, DE, DK, EE, ES, FI, FR, GR, HR, HU, IE, IT, LT, LU, LV, MT, NL, PL, PT, RO, SE, SI, SK)",Botswana,COCOA AND COCOA PREPARATIONS,EXPORT,VALUE_IN_EUROS,2019,2985
ESTAT:DS-045409(1.0),06/02/26 11:00:00,Annual,"European Union - 27 countries (AT, BE, BG, CY, CZ, DE, DK, EE, ES, FI, FR, GR, HR, HU, IE, IT, LT, LU, LV, MT, NL, PL, PT, RO, SE, SI, SK)",Botswana,COCOA AND COCOA PREPARATIONS,EXPORT,VALUE_IN_EUROS,2020,28930
ESTAT:DS-045409(1.0),06/02/26 11:00:00,Annual,"European Union - 27 countries (AT, BE, BG, CY, CZ, DE, DK, EE, ES, FI, FR, GR, HR, HU, IE, IT, LT, LU, LV, MT, NL, PL, PT, RO, SE, SI, SK)",Botswana,COCOA AND COCOA PREPARATIONS,EXPORT,VALUE_IN_EUROS,2021,20933
ESTAT:DS-045409(1.0),06/02/26 11:00:00,Annual,"European Union - 27 countries (AT, BE, BG, CY, CZ, DE, DK, EE, ES, FI, FR, GR, HR, HU, IE, IT, LT, LU, LV, MT, NL, PL, PT, RO, SE, SI, SK)",Botswana,COCOA AND COCOA PREPARATIONS,EXPORT,VALUE_IN_EUROS,2022,30778
ESTAT:DS-045409(1.0),06/02/26 11:00:00,Annual,"European Union - 27 countries (AT, BE, BG, CY, CZ, DE, DK, EE, ES, FI, FR, GR, HR, HU, IE, IT, LT, LU, LV, MT, NL, PL, PT, RO, SE, SI, SK)",Botswana,COCOA AND COCOA PREPARATIONS,EXPORT,VALUE_IN_EUROS,2023,58623
ESTAT:DS-045409(1.0),06/02/26 11:00:00,Annual,"European Union - 27 countries (AT, BE, BG, CY, CZ, DE, DK, EE, ES, FI, FR, GR, HR, HU, IE, IT, LT, LU, LV, MT, NL, PL, PT, RO, SE, SI, SK)",Botswana,COCOA AND COCOA PREPARATIONS,EXPORT,VALUE_IN_EUROS,2024,47378
ESTAT:DS-045409(1.0),06/02/26 11:00:00,Annual,"European Union - 27 countries (AT, BE, BG, CY, CZ, DE, DK, EE, ES, FI, FR, GR, HR, HU, IE, IT, LT, LU, LV, MT, NL, PL, PT, RO, SE, SI, SK)","Congo, Democratic Republic of",COCOA AND COCOA PREPARATIONS,EXPORT,VALUE_IN_EUROS,1999,105608
ESTAT:DS-045409(1.0),06/02/26 11:00:00,Annual,"European Union - 27 countries (AT, BE, BG, CY, CZ, DE, DK, EE, ES, FI, FR, GR, HR, HU, IE, IT, LT, LU, LV, MT, NL, PL, PT, RO, SE, SI, SK)","Congo, Democratic Republic of",COCOA AND COCOA PREPARATIONS,EXPORT,VALUE_IN_EUROS,2000,275353
ESTAT:DS-045409(1.0),06/02/26 11:00:00,Annual,"European Union - 27 countries (AT, BE, BG, CY, CZ, DE, DK, EE, ES, FI, FR, GR, HR, HU, IE, IT, LT, LU, LV, MT, NL, PL, PT, RO, SE, SI, SK)","Congo, Democratic Republic of",COCOA AND COCOA PREPARATIONS,EXPORT,VALUE_IN_EUROS,2001,313127
ESTAT:DS-045409(1.0),06/02/26 11:00:00,Annual,"European Union - 27 countries (AT, BE, BG, CY, CZ, DE, DK, EE, ES, FI, FR, GR, HR, HU, IE, IT, LT, LU, LV, MT, NL, PL, PT, RO, SE, SI, SK)","Congo, Democratic Republic of",COCOA AND COCOA PREPARATIONS,EXPORT,VALUE_IN_EUROS,2002,392052
ESTAT:DS-045409(1.0),06/02/26 11:00:00,Annual,"European Union - 27 countries (AT, BE, BG, CY, CZ, DE, DK, EE, ES, FI, FR, GR, HR, HU, IE, IT, LT, LU, LV, MT, NL, PL, PT, RO, SE, SI, SK)","Congo, Democratic Republic of",COCOA AND COCOA PREPARATIONS,EXPORT,VALUE_IN_EUROS,2003,312695
ESTAT:DS-045409(1.0),06/02/26 11:00:00,Annual,"European Union - 27 countries (AT, BE, BG, CY, CZ, DE, DK, EE, ES, FI, FR, GR, HR, HU, IE, IT, LT, LU, LV, MT, NL, PL, PT, RO, SE, SI, SK)","Congo, Democratic Republic of",COCOA AND COCOA PREPARATIONS,EXPORT,VALUE_IN_EUROS,2004,1320014
ESTAT:DS-045409(1.0),06/02/26 11:00:00,Annual,"European Union - 27 countries (AT, BE, BG, CY, CZ, DE, DK, EE, ES, FI, FR, GR, HR, HU, IE, IT, LT, LU, LV, MT, NL, PL, PT, RO, SE, SI, SK)","Congo, Democratic Republic of",COCOA AND COCOA PREPARATIONS,EXPORT,VALUE_IN_EUROS,2005,483325
ESTAT:DS-045409(1.0),06/02/26 11:00:00,Annual,"European Union - 27 countries (AT, BE, BG, CY, CZ, DE, DK, EE, ES, FI, FR, GR, HR, HU, IE, IT, LT, LU, LV, MT, NL, PL, PT, RO, SE, SI, SK)","Congo, Democratic Republic of",COCOA AND COCOA PREPARATIONS,EXPORT,VALUE_IN_EUROS,2006,659076
ESTAT:DS-045409(1.0),06/02/26 11:00:00,Annual,"European Union - 27 countries (AT, BE, BG, CY, CZ, DE, DK, EE, ES, FI, FR, GR, HR, HU, IE, IT, LT, LU, LV, MT, NL, PL, PT, RO, SE, SI, SK)","Congo, Democratic Republic of",COCOA AND COCOA PREPARATIONS,EXPORT,VALUE_IN_EUROS,2007,678760
ESTAT:DS-045409(1.0),06/02/26 11:00:00,Annual,"European Union - 27 countries (AT, BE, BG, CY, CZ, DE, DK, EE, ES, FI, FR, GR, HR, HU, IE, IT, LT, LU, LV, MT, NL, PL, PT, RO, SE, SI, SK)","Congo, Democratic Republic of",COCOA AND COCOA PREPARATIONS,EXPORT,VALUE_IN_EUROS,2008,896866
ESTAT:DS-045409(1.0),06/02/26 11:00:00,Annual,"European Union - 27 countries (AT, BE, BG, CY, CZ, DE, DK, EE, ES, FI, FR, GR, HR, HU, IE, IT, LT, LU, LV, MT, NL, PL, PT, RO, SE, SI, SK)","Congo, Democratic Republic of",COCOA AND COCOA PREPARATIONS,EXPORT,VALUE_IN_EUROS,2009,461528
ESTAT:DS-045409(1.0),06/02/26 11:00:00,Annual,"European Union - 27 countries (AT, BE, BG, CY, CZ, DE, DK, EE, ES, FI, FR, GR, HR, HU, IE, IT, LT, LU, LV, MT, NL, PL, PT, RO, SE, SI, SK)","Congo, Democratic Republic of",COCOA AND COCOA PREPARATIONS,EXPORT,VALUE_IN_EUROS,2010,762101
ESTAT:DS-045409(1.0),06/02/26 11:00:00,Annual,"European Union - 27 countries (AT, BE, BG, CY, CZ, DE, DK, EE, ES, FI, FR, GR, HR, HU, IE, IT, LT, LU, LV, MT, NL, PL, PT, RO, SE, SI, SK)","Congo, Democratic Republic of",COCOA AND COCOA PREPARATIONS,EXPORT,VALUE_IN_EUROS,2011,1100205
ESTAT:DS-045409(1.0),06/02/26 11:00:00,Annual,"European Union - 27 countries (AT, BE, BG, CY, CZ, DE, DK, EE, ES, FI, FR, GR, HR, HU, IE, IT, LT, LU, LV, MT, NL, PL, PT, RO, SE, SI, SK)","Congo, Democratic Republic of",COCOA AND COCOA PREPARATIONS,EXPORT,VALUE_IN_EUROS,2012,1219333
ESTAT:DS-045409(1.0),06/02/26 11:00:00,Annual,"European Union - 27 countries (AT, BE, BG, CY, CZ, DE, DK, EE, ES, FI, FR, GR, HR, HU, IE, IT, LT, LU, LV, MT, NL, PL, PT, RO, SE, SI, SK)","Congo, Democratic Republic of",COCOA AND COCOA PREPARATIONS,EXPORT,VALUE_IN_EUROS,2013,1279393
ESTAT:DS-045409(1.0),06/02/26 11:00:00,Annual,"European Union - 27 countries (AT, BE, BG, CY, CZ, DE, DK, EE, ES, FI, FR, GR, HR, HU, IE, IT, LT, LU, LV, MT, NL, PL, PT, RO, SE, SI, SK)","Congo, Democratic Republic of",COCOA AND COCOA PREPARATIONS,EXPORT,VALUE_IN_EUROS,2014,1562384
ESTAT:DS-045409(1.0),06/02/26 11:00:00,Annual,"European Union - 27 countries (AT, BE, BG, CY, CZ, DE, DK, EE, ES, FI, FR, GR, HR, HU, IE, IT, LT, LU, LV, MT, NL, PL, PT, RO, SE, SI, SK)","Congo, Democratic Republic of",COCOA AND COCOA PREPARATIONS,EXPORT,VALUE_IN_EUROS,2015,1280274
ESTAT:DS-045409(1.0),06/02/26 11:00:00,Annual,"European Union - 27 countries (AT, BE, BG, CY, CZ, DE, DK, EE, ES, FI, FR, GR, HR, HU, IE, IT, LT, LU, LV, MT, NL, PL, PT, RO, SE, SI, SK)","Congo, Democratic Republic of",COCOA AND COCOA PREPARATIONS,EXPORT,VALUE_IN_EUROS,2016,1042545
ESTAT:DS-045409(1.0),06/02/26 11:00:00,Annual,"European Union - 27 countries (AT, BE, BG, CY, CZ, DE, DK, EE, ES, FI, FR, GR, HR, HU, IE, IT, LT, LU, LV, MT, NL, PL, PT, RO, SE, SI, SK)","Congo, Democratic Republic of",COCOA AND COCOA PREPARATIONS,EXPORT,VALUE_IN_EUROS,2017,1350874
ESTAT:DS-045409(1.0),06/02/26 11:00:00,Annual,"European Union - 27 countries (AT, BE, BG, CY, CZ, DE, DK, EE, ES, FI, FR, GR, HR, HU, IE, IT, LT, LU, LV, MT, NL, PL, PT, RO, SE, SI, SK)","Congo, Democratic Republic of",COCOA AND COCOA PREPARATIONS,EXPORT,VALUE_IN_EUROS,2018,1613718
ESTAT:DS-045409(1.0),06/02/26 11:00:00,Annual,"European Union - 27 countries (AT, BE, BG, CY, CZ, DE, DK, EE, ES, FI, FR, GR, HR, HU, IE, IT, LT, LU, LV, MT, NL, PL, PT, RO, SE, SI, SK)","Congo, Democratic Republic of",COCOA AND COCOA PREPARATIONS,EXPORT,VALUE_IN_EUROS,2019,2569190
ESTAT:DS-045409(1.0),06/02/26 11:00:00,Annual,"European Union - 27 countries (AT, BE, BG, CY, CZ, DE, DK, EE, ES, FI, FR, GR, HR, HU, IE, IT, LT, LU, LV, MT, NL, PL, PT, RO, SE, SI, SK)","Congo, Democratic Republic of",COCOA AND COCOA PREPARATIONS,EXPORT,VALUE_IN_EUROS,2020,2641482
ESTAT:DS-045409(1.0),06/02/26 11:00:00,Annual,"European Union - 27 countries (AT, BE, BG, CY, CZ, DE, DK, EE, ES, FI, FR, GR, HR, HU, IE, IT, LT, LU, LV, MT, NL, PL, PT, RO, SE, SI, SK)","Congo, Democratic Republic of",COCOA AND COCOA PREPARATIONS,EXPORT,VALUE_IN_EUROS,2021,9484912
ESTAT:DS-045409(1.0),06/02/26 11:00:00,Annual,"European Union - 27 countries (AT, BE, BG, CY, CZ, DE, DK, EE, ES, FI, FR, GR, HR, HU, IE, IT, LT, LU, LV, MT, NL, PL, PT, RO, SE, SI, SK)","Congo, Democratic Republic of",COCOA AND COCOA PREPARATIONS,EXPORT,VALUE_IN_EUROS,2022,13473839
ESTAT:DS-045409(1.0),06/02/26 11:00:00,Annual,"European Union - 27 countries (AT, BE, BG, CY, CZ, DE, DK, EE, ES, FI, FR, GR, HR, HU, IE, IT, LT, LU, LV, MT, NL, PL, PT, RO, SE, SI, SK)","Congo, Democratic Republic of",COCOA AND COCOA PREPARATIONS,EXPORT,VALUE_IN_EUROS,2023,5707037
ESTAT:DS-045409(1.0),06/02/26 11:00:00,Annual,"European Union - 27 countries (AT, BE, BG, CY, CZ, DE, DK, EE, ES, FI, FR, GR, HR, HU, IE, IT, LT, LU, LV, MT, NL, PL, PT, RO, SE, SI, SK)","Congo, Democratic Republic of",COCOA AND COCOA PREPARATIONS,EXPORT,VALUE_IN_EUROS,2024,5383211
ESTAT:DS-045409(1.0),06/02/26 11:00:00,Annual,"European Union - 27 countries (AT, BE, BG, CY, CZ, DE, DK, EE, ES, FI, FR, GR, HR, HU, IE, IT, LT, LU, LV, MT, NL, PL, PT, RO, SE, SI, SK)",Central African Republic,COCOA AND COCOA PREPARATIONS,EXPORT,VALUE_IN_EUROS,1999,4759
ESTAT:DS-045409(1.0),06/02/26 11:00:00,Annual,"European Union - 27 countries (AT, BE, BG, CY, CZ, DE, DK, EE, ES, FI, FR, GR, HR, HU, IE, IT, LT, LU, LV, MT, NL, PL, PT, RO, SE, SI, SK)",Central African Republic,COCOA AND COCOA PREPARATIONS,EXPORT,VALUE_IN_EUROS,2000,11305
ESTAT:DS-045409(1.0),06/02/26 11:00:00,Annual,"European Union - 27 countries (AT, BE, BG, CY, CZ, DE, DK, EE, ES, FI, FR, GR, HR, HU, IE, IT, LT, LU, LV, MT, NL, PL, PT, RO, SE, SI, SK)",Central African Republic,COCOA AND COCOA PREPARATIONS,EXPORT,VALUE_IN_EUROS,2001,24314
ESTAT:DS-045409(1.0),06/02/26 11:00:00,Annual,"European Union - 27 countries (AT, BE, BG, CY, CZ, DE, DK, EE, ES, FI, FR, GR, HR, HU, IE, IT, LT, LU, LV, MT, NL, PL, PT, RO, SE, SI, SK)",Central African Republic,COCOA AND COCOA PREPARATIONS,EXPORT,VALUE_IN_EUROS,2002,3130
ESTAT:DS-045409(1.0),06/02/26 11:00:00,Annual,"European Union - 27 countries (AT, BE, BG, CY, CZ, DE, DK, EE, ES, FI, FR, GR, HR, HU, IE, IT, LT, LU, LV, MT, NL, PL, PT, RO, SE, SI, SK)",Central African Republic,COCOA AND COCOA PREPARATIONS,EXPORT,VALUE_IN_EUROS,2004,29549
ESTAT:DS-045409(1.0),06/02/26 11:00:00,Annual,"European Union - 27 countries (AT, BE, BG, CY, CZ, DE, DK, EE, ES, FI, FR, GR, HR, HU, IE, IT, LT, LU, LV, MT, NL, PL, PT, RO, SE, SI, SK)",Central African Republic,COCOA AND COCOA PREPARATIONS,EXPORT,VALUE_IN_EUROS,2005,1358
ESTAT:DS-045409(1.0),06/02/26 11:00:00,Annual,"European Union - 27 countries (AT, BE, BG, CY, CZ, DE, DK, EE, ES, FI, FR, GR, HR, HU, IE, IT, LT, LU, LV, MT, NL, PL, PT, RO, SE, SI, SK)",Central African Republic,COCOA AND COCOA PREPARATIONS,EXPORT,VALUE_IN_EUROS,2006,11286
ESTAT:DS-045409(1.0),06/02/26 11:00:00,Annual,"European Union - 27 countries (AT, BE, BG, CY, CZ, DE, DK, EE, ES, FI, FR, GR, HR, HU, IE, IT, LT, LU, LV, MT, NL, PL, PT, RO, SE, SI, SK)",Central African Republic,COCOA AND COCOA PREPARATIONS,EXPORT,VALUE_IN_EUROS,2007,1708
ESTAT:DS-045409(1.0),06/02/26 11:00:00,Annual,"European Union - 27 countries (AT, BE, BG, CY, CZ, DE, DK, EE, ES, FI, FR, GR, HR, HU, IE, IT, LT, LU, LV, MT, NL, PL, PT, RO, SE, SI, SK)",Central African Republic,COCOA AND COCOA PREPARATIONS,EXPORT,VALUE_IN_EUROS,2008,3672
ESTAT:DS-045409(1.0),06/02/26 11:00:00,Annual,"European Union - 27 countries (AT, BE, BG, CY, CZ, DE, DK, EE, ES, FI, FR, GR, HR, HU, IE, IT, LT, LU, LV, MT, NL, PL, PT, RO, SE, SI, SK)",Central African Republic,COCOA AND COCOA PREPARATIONS,EXPORT,VALUE_IN_EUROS,2009,4888
ESTAT:DS-045409(1.0),06/02/26 11:00:00,Annual,"European Union - 27 countries (AT, BE, BG, CY, CZ, DE, DK, EE, ES, FI, FR, GR, HR, HU, IE, IT, LT, LU, LV, MT, NL, PL, PT, RO, SE, SI, SK)",Central African Republic,COCOA AND COCOA PREPARATIONS,EXPORT,VALUE_IN_EUROS,2010,4238
ESTAT:DS-045409(1.0),06/02/26 11:00:00,Annual,"European Union - 27 countries (AT, BE, BG, CY, CZ, DE, DK, EE, ES, FI, FR, GR, HR, HU, IE, IT, LT, LU, LV, MT, NL, PL, PT, RO, SE, SI, SK)",Central African Republic,COCOA AND COCOA PREPARATIONS,EXPORT,VALUE_IN_EUROS,2011,3402
ESTAT:DS-045409(1.0),06/02/26 11:00:00,Annual,"European Union - 27 countries (AT, BE, BG, CY, CZ, DE, DK, EE, ES, FI, FR, GR, HR, HU, IE, IT, LT, LU, LV, MT, NL, PL, PT, RO, SE, SI, SK)",Central African Republic,COCOA AND COCOA PREPARATIONS,EXPORT,VALUE_IN_EUROS,2012,6804
ESTAT:DS-045409(1.0),06/02/26 11:00:00,Annual,"European Union - 27 countries (AT, BE, BG, CY, CZ, DE, DK, EE, ES, FI, FR, GR, HR, HU, IE, IT, LT, LU, LV, MT, NL, PL, PT, RO, SE, SI, SK)",Central African Republic,COCOA AND COCOA PREPARATIONS,EXPORT,VALUE_IN_EUROS,2013,6260
ESTAT:DS-045409(1.0),06/02/26 11:00:00,Annual,"European Union - 27 countries (AT, BE, BG, CY, CZ, DE, DK, EE, ES, FI, FR, GR, HR, HU, IE, IT, LT, LU, LV, MT, NL, PL, PT, RO, SE, SI, SK)",Central African Republic,COCOA AND COCOA PREPARATIONS,EXPORT,VALUE_IN_EUROS,2014,110586
ESTAT:DS-045409(1.0),06/02/26 11:00:00,Annual,"European Union - 27 countries (AT, BE, BG, CY, CZ, DE, DK, EE, ES, FI, FR, GR, HR, HU, IE, IT, LT, LU, LV, MT, NL, PL, PT, RO, SE, SI, SK)",Central African Republic,COCOA AND COCOA PREPARATIONS,EXPORT,VALUE_IN_EUROS,2015,45043
ESTAT:DS-045409(1.0),06/02/26 11:00:00,Annual,"European Union - 27 countries (AT, BE, BG, CY, CZ, DE, DK, EE, ES, FI, FR, GR, HR, HU, IE, IT, LT, LU, LV, MT, NL, PL, PT, RO, SE, SI, SK)",Central African Republic,COCOA AND COCOA PREPARATIONS,EXPORT,VALUE_IN_EUROS,2016,74996
ESTAT:DS-045409(1.0),06/02/26 11:00:00,Annual,"European Union - 27 countries (AT, BE, BG, CY, CZ, DE, DK, EE, ES, FI, FR, GR, HR, HU, IE, IT, LT, LU, LV, MT, NL, PL, PT, RO, SE, SI, SK)",Central African Republic,COCOA AND COCOA PREPARATIONS,EXPORT,VALUE_IN_EUROS,2017,173462
ESTAT:DS-045409(1.0),06/02/26 11:00:00,Annual,"European Union - 27 countries (AT, BE, BG, CY, CZ, DE, DK, EE, ES, FI, FR, GR, HR, HU, IE, IT, LT, LU, LV, MT, NL, PL, PT, RO, SE, SI, SK)",Central African Republic,COCOA AND COCOA PREPARATIONS,EXPORT,VALUE_IN_EUROS,2018,81696
ESTAT:DS-045409(1.0),06/02/26 11:00:00,Annual,"European Union - 27 countries (AT, BE, BG, CY, CZ, DE, DK, EE, ES, FI, FR, GR, HR, HU, IE, IT, LT, LU, LV, MT, NL, PL, PT, RO, SE, SI, SK)",Central African Republic,COCOA AND COCOA PREPARATIONS,EXPORT,VALUE_IN_EUROS,2019,123290
ESTAT:DS-045409(1.0),06/02/26 11:00:00,Annual,"European Union - 27 countries (AT, BE, BG, CY, CZ, DE, DK, EE, ES, FI, FR, GR, HR, HU, IE, IT, LT, LU, LV, MT, NL, PL, PT, RO, SE, SI, SK)",Central African Republic,COCOA AND COCOA PREPARATIONS,EXPORT,VALUE_IN_EUROS,2020,108787
ESTAT:DS-045409(1.0),06/02/26 11:00:00,Annual,"European Union - 27 countries (AT, BE, BG, CY, CZ, DE, DK, EE, ES, FI, FR, GR, HR, HU, IE, IT, LT, LU, LV, MT, NL, PL, PT, RO, SE, SI, SK)",Central African Republic,COCOA AND COCOA PREPARATIONS,EXPORT,VALUE_IN_EUROS,2021,259787
ESTAT:DS-045409(1.0),06/02/26 11:00:00,Annual,"European Union - 27 countries (AT, BE, BG, CY, CZ, DE, DK, EE, ES, FI, FR, GR, HR, HU, IE, IT, LT, LU, LV, MT, NL, PL, PT, RO, SE, SI, SK)",Central African Republic,COCOA AND COCOA PREPARATIONS,EXPORT,VALUE_IN_EUROS,2022,166086
ESTAT:DS-045409(1.0),06/02/26 11:00:00,Annual,"European Union - 27 countries (AT, BE, BG, CY, CZ, DE, DK, EE, ES, FI, FR, GR, HR, HU, IE, IT, LT, LU, LV, MT, NL, PL, PT, RO, SE, SI, SK)",Central African Republic,COCOA AND COCOA PREPARATIONS,EXPORT,VALUE_IN_EUROS,2023,227825
ESTAT:DS-045409(1.0),06/02/26 11:00:00,Annual,"European Union - 27 countries (AT, BE, BG, CY, CZ, DE, DK, EE, ES, FI, FR, GR, HR, HU, IE, IT, LT, LU, LV, MT, NL, PL, PT, RO, SE, SI, SK)",Central African Republic,COCOA AND COCOA PREPARATIONS,EXPORT,VALUE_IN_EUROS,2024,122054
ESTAT:DS-045409(1.0),06/02/26 11:00:00,Annual,"European Union - 27 countries (AT, BE, BG, CY, CZ, DE, DK, EE, ES, FI, FR, GR, HR, HU, IE, IT, LT, LU, LV, MT, NL, PL, PT, RO, SE, SI, SK)",Congo,COCOA AND COCOA PREPARATIONS,EXPORT,VALUE_IN_EUROS,1999,65849
ESTAT:DS-045409(1.0),06/02/26 11:00:00,Annual,"European Union - 27 countries (AT, BE, BG, CY, CZ, DE, DK, EE, ES, FI, FR, GR, HR, HU, IE, IT, LT, LU, LV, MT, NL, PL, PT, RO, SE, SI, SK)",Congo,COCOA AND COCOA PREPARATIONS,EXPORT,VALUE_IN_EUROS,2000,103463
ESTAT:DS-045409(1.0),06/02/26 11:00:00,Annual,"European Union - 27 countries (AT, BE, BG, CY, CZ, DE, DK, EE, ES, FI, FR, GR, HR, HU, IE, IT, LT, LU, LV, MT, NL, PL, PT, RO, SE, SI, SK)",Congo,COCOA AND COCOA PREPARATIONS,EXPORT,VALUE_IN_EUROS,2001,297947
ESTAT:DS-045409(1.0),06/02/26 11:00:00,Annual,"European Union - 27 countries (AT, BE, BG, CY, CZ, DE, DK, EE, ES, FI, FR, GR, HR, HU, IE, IT, LT, LU, LV, MT, NL, PL, PT, RO, SE, SI, SK)",Congo,COCOA AND COCOA PREPARATIONS,EXPORT,VALUE_IN_EUROS,2002,368955
ESTAT:DS-045409(1.0),06/02/26 11:00:00,Annual,"European Union - 27 countries (AT, BE, BG, CY, CZ, DE, DK, EE, ES, FI, FR, GR, HR, HU, IE, IT, LT, LU, LV, MT, NL, PL, PT, RO, SE, SI, SK)",Congo,COCOA AND COCOA PREPARATIONS,EXPORT,VALUE_IN_EUROS,2003,144619
ESTAT:DS-045409(1.0),06/02/26 11:00:00,Annual,"European Union - 27 countries (AT, BE, BG, CY, CZ, DE, DK, EE, ES, FI, FR, GR, HR, HU, IE, IT, LT, LU, LV, MT, NL, PL, PT, RO, SE, SI, SK)",Congo,COCOA AND COCOA PREPARATIONS,EXPORT,VALUE_IN_EUROS,2004,128506
ESTAT:DS-045409(1.0),06/02/26 11:00:00,Annual,"European Union - 27 countries (AT, BE, BG, CY, CZ, DE, DK, EE, ES, FI, FR, GR, HR, HU, IE, IT, LT, LU, LV, MT, NL, PL, PT, RO, SE, SI, SK)",Congo,COCOA AND COCOA PREPARATIONS,EXPORT,VALUE_IN_EUROS,2005,154349
ESTAT:DS-045409(1.0),06/02/26 11:00:00,Annual,"European Union - 27 countries (AT, BE, BG, CY, CZ, DE, DK, EE, ES, FI, FR, GR, HR, HU, IE, IT, LT, LU, LV, MT, NL, PL, PT, RO, SE, SI, SK)",Congo,COCOA AND COCOA PREPARATIONS,EXPORT,VALUE_IN_EUROS,2006,159701
ESTAT:DS-045409(1.0),06/02/26 11:00:00,Annual,"European Union - 27 countries (AT, BE, BG, CY, CZ, DE, DK, EE, ES, FI, FR, GR, HR, HU, IE, IT, LT, LU, LV, MT, NL, PL, PT, RO, SE, SI, SK)",Congo,COCOA AND COCOA PREPARATIONS,EXPORT,VALUE_IN_EUROS,2007,205959
ESTAT:DS-045409(1.0),06/02/26 11:00:00,Annual,"European Union - 27 countries (AT, BE, BG, CY, CZ, DE, DK, EE, ES, FI, FR, GR, HR, HU, IE, IT, LT, LU, LV, MT, NL, PL, PT, RO, SE, SI, SK)",Congo,COCOA AND COCOA PREPARATIONS,EXPORT,VALUE_IN_EUROS,2008,513423
ESTAT:DS-045409(1.0),06/02/26 11:00:00,Annual,"European Union - 27 countries (AT, BE, BG, CY, CZ, DE, DK, EE, ES, FI, FR, GR, HR, HU, IE, IT, LT, LU, LV, MT, NL, PL, PT, RO, SE, SI, SK)",Congo,COCOA AND COCOA PREPARATIONS,EXPORT,VALUE_IN_EUROS,2009,404906
ESTAT:DS-045409(1.0),06/02/26 11:00:00,Annual,"European Union - 27 countries (AT, BE, BG, CY, CZ, DE, DK, EE, ES, FI, FR, GR, HR, HU, IE, IT, LT, LU, LV, MT, NL, PL, PT, RO, SE, SI, SK)",Congo,COCOA AND COCOA PREPARATIONS,EXPORT,VALUE_IN_EUROS,2010,474114
ESTAT:DS-045409(1.0),06/02/26 11:00:00,Annual,"European Union - 27 countries (AT, BE, BG, CY, CZ, DE, DK, EE, ES, FI, FR, GR, HR, HU, IE, IT, LT, LU, LV, MT, NL, PL, PT, RO, SE, SI, SK)",Congo,COCOA AND COCOA PREPARATIONS,EXPORT,VALUE_IN_EUROS,2011,440102
ESTAT:DS-045409(1.0),06/02/26 11:00:00,Annual,"European Union - 27 countries (AT, BE, BG, CY, CZ, DE, DK, EE, ES, FI, FR, GR, HR, HU, IE, IT, LT, LU, LV, MT, NL, PL, PT, RO, SE, SI, SK)",Congo,COCOA AND COCOA PREPARATIONS,EXPORT,VALUE_IN_EUROS,2012,828889
ESTAT:DS-045409(1.0),06/02/26 11:00:00,Annual,"European Union - 27 countries (AT, BE, BG, CY, CZ, DE, DK, EE, ES, FI, FR, GR, HR, HU, IE, IT, LT, LU, LV, MT, NL, PL, PT, RO, SE, SI, SK)",Congo,COCOA AND COCOA PREPARATIONS,EXPORT,VALUE_IN_EUROS,2013,772173
ESTAT:DS-045409(1.0),06/02/26 11:00:00,Annual,"European Union - 27 countries (AT, BE, BG, CY, CZ, DE, DK, EE, ES, FI, FR, GR, HR, HU, IE, IT, LT, LU, LV, MT, NL, PL, PT, RO, SE, SI, SK)",Congo,COCOA AND COCOA PREPARATIONS,EXPORT,VALUE_IN_EUROS,2014,1002644
ESTAT:DS-045409(1.0),06/02/26 11:00:00,Annual,"European Union - 27 countries (AT, BE, BG, CY, CZ, DE, DK, EE, ES, FI, FR, GR, HR, HU, IE, IT, LT, LU, LV, MT, NL, PL, PT, RO, SE, SI, SK)",Congo,COCOA AND COCOA PREPARATIONS,EXPORT,VALUE_IN_EUROS,2015,1172956
ESTAT:DS-045409(1.0),06/02/26 11:00:00,Annual,"European Union - 27 countries (AT, BE, BG, CY, CZ, DE, DK, EE, ES, FI, FR, GR, HR, HU, IE, IT, LT, LU, LV, MT, NL, PL, PT, RO, SE, SI, SK)",Congo,COCOA AND COCOA PREPARATIONS,EXPORT,VALUE_IN_EUROS,2016,803232
ESTAT:DS-045409(1.0),06/02/26 11:00:00,Annual,"European Union - 27 countries (AT, BE, BG, CY, CZ, DE, DK, EE, ES, FI, FR, GR, HR, HU, IE, IT, LT, LU, LV, MT, NL, PL, PT, RO, SE, SI, SK)",Congo,COCOA AND COCOA PREPARATIONS,EXPORT,VALUE_IN_EUROS,2017,859358
ESTAT:DS-045409(1.0),06/02/26 11:00:00,Annual,"European Union - 27 countries (AT, BE, BG, CY, CZ, DE, DK, EE, ES, FI, FR, GR, HR, HU, IE, IT, LT, LU, LV, MT, NL, PL, PT, RO, SE, SI, SK)",Congo,COCOA AND COCOA PREPARATIONS,EXPORT,VALUE_IN_EUROS,2018,941347
ESTAT:DS-045409(1.0),06/02/26 11:00:00,Annual,"European Union - 27 countries (AT, BE, BG, CY, CZ, DE, DK, EE, ES, FI, FR, GR, HR, HU, IE, IT, LT, LU, LV, MT, NL, PL, PT, RO, SE, SI, SK)",Congo,COCOA AND COCOA PREPARATIONS,EXPORT,VALUE_IN_EUROS,2019,2166711
ESTAT:DS-045409(1.0),06/02/26 11:00:00,Annual,"European Union - 27 countries (AT, BE, BG, CY, CZ, DE, DK, EE, ES, FI, FR, GR, HR, HU, IE, IT, LT, LU, LV, MT, NL, PL, PT, RO, SE, SI, SK)",Congo,COCOA AND COCOA PREPARATIONS,EXPORT,VALUE_IN_EUROS,2020,1850345
ESTAT:DS-045409(1.0),06/02/26 11:00:00,Annual,"European Union - 27 countries (AT, BE, BG, CY, CZ, DE, DK, EE, ES, FI, FR, GR, HR, HU, IE, IT, LT, LU, LV, MT, NL, PL, PT, RO, SE, SI, SK)",Congo,COCOA AND COCOA PREPARATIONS,EXPORT,VALUE_IN_EUROS,2021,737755
ESTAT:DS-045409(1.0),06/02/26 11:00:00,Annual,"European Union - 27 countries (AT, BE, BG, CY, CZ, DE, DK, EE, ES, FI, FR, GR, HR, HU, IE, IT, LT, LU, LV, MT, NL, PL, PT, RO, SE, SI, SK)",Congo,COCOA AND COCOA PREPARATIONS,EXPORT,VALUE_IN_EUROS,2022,831629
ESTAT:DS-045409(1.0),06/02/26 11:00:00,Annual,"European Union - 27 countries (AT, BE, BG, CY, CZ, DE, DK, EE, ES, FI, FR, GR, HR, HU, IE, IT, LT, LU, LV, MT, NL, PL, PT, RO, SE, SI, SK)",Congo,COCOA AND COCOA PREPARATIONS,EXPORT,VALUE_IN_EUROS,2023,12656523
ESTAT:DS-045409(1.0),06/02/26 11:00:00,Annual,"European Union - 27 countries (AT, BE, BG, CY, CZ, DE, DK, EE, ES, FI, FR, GR, HR, HU, IE, IT, LT, LU, LV, MT, NL, PL, PT, RO, SE, SI, SK)",Congo,COCOA AND COCOA PREPARATIONS,EXPORT,VALUE_IN_EUROS,2024,14424392
ESTAT:DS-045409(1.0),06/02/26 11:00:00,Annual,"European Union - 27 countries (AT, BE, BG, CY, CZ, DE, DK, EE, ES, FI, FR, GR, HR, HU, IE, IT, LT, LU, LV, MT, NL, PL, PT, RO, SE, SI, SK)",Côte d’Ivoire (Ivory Coast),COCOA AND COCOA PREPARATIONS,EXPORT,VALUE_IN_EUROS,1999,825761
ESTAT:DS-045409(1.0),06/02/26 11:00:00,Annual,"European Union - 27 countries (AT, BE, BG, CY, CZ, DE, DK, EE, ES, FI, FR, GR, HR, HU, IE, IT, LT, LU, LV, MT, NL, PL, PT, RO, SE, SI, SK)",Côte d’Ivoire (Ivory Coast),COCOA AND COCOA PREPARATIONS,EXPORT,VALUE_IN_EUROS,2000,686944
ESTAT:DS-045409(1.0),06/02/26 11:00:00,Annual,"European Union - 27 countries (AT, BE, BG, CY, CZ, DE, DK, EE, ES, FI, FR, GR, HR, HU, IE, IT, LT, LU, LV, MT, NL, PL, PT, RO, SE, SI, SK)",Côte d’Ivoire (Ivory Coast),COCOA AND COCOA PREPARATIONS,EXPORT,VALUE_IN_EUROS,2001,1073757
ESTAT:DS-045409(1.0),06/02/26 11:00:00,Annual,"European Union - 27 countries (AT, BE, BG, CY, CZ, DE, DK, EE, ES, FI, FR, GR, HR, HU, IE, IT, LT, LU, LV, MT, NL, PL, PT, RO, SE, SI, SK)",Côte d’Ivoire (Ivory Coast),COCOA AND COCOA PREPARATIONS,EXPORT,VALUE_IN_EUROS,2002,583402
ESTAT:DS-045409(1.0),06/02/26 11:00:00,Annual,"European Union - 27 countries (AT, BE, BG, CY, CZ, DE, DK, EE, ES, FI, FR, GR, HR, HU, IE, IT, LT, LU, LV, MT, NL, PL, PT, RO, SE, SI, SK)",Côte d’Ivoire (Ivory Coast),COCOA AND COCOA PREPARATIONS,EXPORT,VALUE_IN_EUROS,2003,607833
ESTAT:DS-045409(1.0),06/02/26 11:00:00,Annual,"European Union - 27 countries (AT, BE, BG, CY, CZ, DE, DK, EE, ES, FI, FR, GR, HR, HU, IE, IT, LT, LU, LV, MT, NL, PL, PT, RO, SE, SI, SK)",Côte d’Ivoire (Ivory Coast),COCOA AND COCOA PREPARATIONS,EXPORT,VALUE_IN_EUROS,2004,734552
ESTAT:DS-045409(1.0),06/02/26 11:00:00,Annual,"European Union - 27 countries (AT, BE, BG, CY, CZ, DE, DK, EE, ES, FI, FR, GR, HR, HU, IE, IT, LT, LU, LV, MT, NL, PL, PT, RO, SE, SI, SK)",Côte d’Ivoire (Ivory Coast),COCOA AND COCOA PREPARATIONS,EXPORT,VALUE_IN_EUROS,2005,599794
ESTAT:DS-045409(1.0),06/02/26 11:00:00,Annual,"European Union - 27 countries (AT, BE, BG, CY, CZ, DE, DK, EE, ES, FI, FR, GR, HR, HU, IE, IT, LT, LU, LV, MT, NL, PL, PT, RO, SE, SI, SK)",Côte d’Ivoire (Ivory Coast),COCOA AND COCOA PREPARATIONS,EXPORT,VALUE_IN_EUROS,2006,851572
ESTAT:DS-045409(1.0),06/02/26 11:00:00,Annual,"European Union - 27 countries (AT, BE, BG, CY, CZ, DE, DK, EE, ES, FI, FR, GR, HR, HU, IE, IT, LT, LU, LV, MT, NL, PL, PT, RO, SE, SI, SK)",Côte d’Ivoire (Ivory Coast),COCOA AND COCOA PREPARATIONS,EXPORT,VALUE_IN_EUROS,2007,882292
ESTAT:DS-045409(1.0),06/02/26 11:00:00,Annual,"European Union - 27 countries (AT, BE, BG, CY, CZ, DE, DK, EE, ES, FI, FR, GR, HR, HU, IE, IT, LT, LU, LV, MT, NL, PL, PT, RO, SE, SI, SK)",Côte d’Ivoire (Ivory Coast),COCOA AND COCOA PREPARATIONS,EXPORT,VALUE_IN_EUROS,2008,916868
ESTAT:DS-045409(1.0),06/02/26 11:00:00,Annual,"European Union - 27 countries (AT, BE, BG, CY, CZ, DE, DK, EE, ES, FI, FR, GR, HR, HU, IE, IT, LT, LU, LV, MT, NL, PL, PT, RO, SE, SI, SK)",Côte d’Ivoire (Ivory Coast),COCOA AND COCOA PREPARATIONS,EXPORT,VALUE_IN_EUROS,2009,1055724
ESTAT:DS-045409(1.0),06/02/26 11:00:00,Annual,"European Union - 27 countries (AT, BE, BG, CY, CZ, DE, DK, EE, ES, FI, FR, GR, HR, HU, IE, IT, LT, LU, LV, MT, NL, PL, PT, RO, SE, SI, SK)",Côte d’Ivoire (Ivory Coast),COCOA AND COCOA PREPARATIONS,EXPORT,VALUE_IN_EUROS,2010,2231991
ESTAT:DS-045409(1.0),06/02/26 11:00:00,Annual,"European Union - 27 countries (AT, BE, BG, CY, CZ, DE, DK, EE, ES, FI, FR, GR, HR, HU, IE, IT, LT, LU, LV, MT, NL, PL, PT, RO, SE, SI, SK)",Côte d’Ivoire (Ivory Coast),COCOA AND COCOA PREPARATIONS,EXPORT,VALUE_IN_EUROS,2011,2257063
ESTAT:DS-045409(1.0),06/02/26 11:00:00,Annual,"European Union - 27 countries (AT, BE, BG, CY, CZ, DE, DK, EE, ES, FI, FR, GR, HR, HU, IE, IT, LT, LU, LV, MT, NL, PL, PT, RO, SE, SI, SK)",Côte d’Ivoire (Ivory Coast),COCOA AND COCOA PREPARATIONS,EXPORT,VALUE_IN_EUROS,2012,2484178
ESTAT:DS-045409(1.0),06/02/26 11:00:00,Annual,"European Union - 27 countries (AT, BE, BG, CY, CZ, DE, DK, EE, ES, FI, FR, GR, HR, HU, IE, IT, LT, LU, LV, MT, NL, PL, PT, RO, SE, SI, SK)",Côte d’Ivoire (Ivory Coast),COCOA AND COCOA PREPARATIONS,EXPORT,VALUE_IN_EUROS,2013,3245174
ESTAT:DS-045409(1.0),06/02/26 11:00:00,Annual,"European Union - 27 countries (AT, BE, BG, CY, CZ, DE, DK, EE, ES, FI, FR, GR, HR, HU, IE, IT, LT, LU, LV, MT, NL, PL, PT, RO, SE, SI, SK)",Côte d’Ivoire (Ivory Coast),COCOA AND COCOA PREPARATIONS,EXPORT,VALUE_IN_EUROS,2014,3737416
ESTAT:DS-045409(1.0),06/02/26 11:00:00,Annual,"European Union - 27 countries (AT, BE, BG, CY, CZ, DE, DK, EE, ES, FI, FR, GR, HR, HU, IE, IT, LT, LU, LV, MT, NL, PL, PT, RO, SE, SI, SK)",Côte d’Ivoire (Ivory Coast),COCOA AND COCOA PREPARATIONS,EXPORT,VALUE_IN_EUROS,2015,3256932
ESTAT:DS-045409(1.0),06/02/26 11:00:00,Annual,"European Union - 27 countries (AT, BE, BG, CY, CZ, DE, DK, EE, ES, FI, FR, GR, HR, HU, IE, IT, LT, LU, LV, MT, NL, PL, PT, RO, SE, SI, SK)",Côte d’Ivoire (Ivory Coast),COCOA AND COCOA PREPARATIONS,EXPORT,VALUE_IN_EUROS,2016,3416492
ESTAT:DS-045409(1.0),06/02/26 11:00:00,Annual,"European Union - 27 countries (AT, BE, BG, CY, CZ, DE, DK, EE, ES, FI, FR, GR, HR, HU, IE, IT, LT, LU, LV, MT, NL, PL, PT, RO, SE, SI, SK)",Côte d’Ivoire (Ivory Coast),COCOA AND COCOA PREPARATIONS,EXPORT,VALUE_IN_EUROS,2017,4614287
ESTAT:DS-045409(1.0),06/02/26 11:00:00,Annual,"European Union - 27 countries (AT, BE, BG, CY, CZ, DE, DK, EE, ES, FI, FR, GR, HR, HU, IE, IT, LT, LU, LV, MT, NL, PL, PT, RO, SE, SI, SK)",Côte d’Ivoire (Ivory Coast),COCOA AND COCOA PREPARATIONS,EXPORT,VALUE_IN_EUROS,2018,3871012
ESTAT:DS-045409(1.0),06/02/26 11:00:00,Annual,"European Union - 27 countries (AT, BE, BG, CY, CZ, DE, DK, EE, ES, FI, FR, GR, HR, HU, IE, IT, LT, LU, LV, MT, NL, PL, PT, RO, SE, SI, SK)",Côte d’Ivoire (Ivory Coast),COCOA AND COCOA PREPARATIONS,EXPORT,VALUE_IN_EUROS,2019,3961826
ESTAT:DS-045409(1.0),06/02/26 11:00:00,Annual,"European Union - 27 countries (AT, BE, BG, CY, CZ, DE, DK, EE, ES, FI, FR, GR, HR, HU, IE, IT, LT, LU, LV, MT, NL, PL, PT, RO, SE, SI, SK)",Côte d’Ivoire (Ivory Coast),COCOA AND COCOA PREPARATIONS,EXPORT,VALUE_IN_EUROS,2020,4255445
ESTAT:DS-045409(1.0),06/02/26 11:00:00,Annual,"European Union - 27 countries (AT, BE, BG, CY, CZ, DE, DK, EE, ES, FI, FR, GR, HR, HU, IE, IT, LT, LU, LV, MT, NL, PL, PT, RO, SE, SI, SK)",Côte d’Ivoire (Ivory Coast),COCOA AND COCOA PREPARATIONS,EXPORT,VALUE_IN_EUROS,2021,5036473
ESTAT:DS-045409(1.0),06/02/26 11:00:00,Annual,"European Union - 27 countries (AT, BE, BG, CY, CZ, DE, DK, EE, ES, FI, FR, GR, HR, HU, IE, IT, LT, LU, LV, MT, NL, PL, PT, RO, SE, SI, SK)",Côte d’Ivoire (Ivory Coast),COCOA AND COCOA PREPARATIONS,EXPORT,VALUE_IN_EUROS,2022,5322506
ESTAT:DS-045409(1.0),06/02/26 11:00:00,Annual,"European Union - 27 countries (AT, BE, BG, CY, CZ, DE, DK, EE, ES, FI, FR, GR, HR, HU, IE, IT, LT, LU, LV, MT, NL, PL, PT, RO, SE, SI, SK)",Côte d’Ivoire (Ivory Coast),COCOA AND COCOA PREPARATIONS,EXPORT,VALUE_IN_EUROS,2023,5689194
ESTAT:DS-045409(1.0),06/02/26 11:00:00,Annual,"European Union - 27 countries (AT, BE, BG, CY, CZ, DE, DK, EE, ES, FI, FR, GR, HR, HU, IE, IT, LT, LU, LV, MT, NL, PL, PT, RO, SE, SI, SK)",Côte d’Ivoire (Ivory Coast),COCOA AND COCOA PREPARATIONS,EXPORT,VALUE_IN_EUROS,2024,5973184
ESTAT:DS-045409(1.0),06/02/26 11:00:00,Annual,"European Union - 27 countries (AT, BE, BG, CY, CZ, DE, DK, EE, ES, FI, FR, GR, HR, HU, IE, IT, LT, LU, LV, MT, NL, PL, PT, RO, SE, SI, SK)",Cameroon,COCOA AND COCOA PREPARATIONS,EXPORT,VALUE_IN_EUROS,1999,178699
ESTAT:DS-045409(1.0),06/02/26 11:00:00,Annual,"European Union - 27 countries (AT, BE, BG, CY, CZ, DE, DK, EE, ES, FI, FR, GR, HR, HU, IE, IT, LT, LU, LV, MT, NL, PL, PT, RO, SE, SI, SK)",Cameroon,COCOA AND COCOA PREPARATIONS,EXPORT,VALUE_IN_EUROS,2000,167644
ESTAT:DS-045409(1.0),06/02/26 11:00:00,Annual,"European Union - 27 countries (AT, BE, BG, CY, CZ, DE, DK, EE, ES, FI, FR, GR, HR, HU, IE, IT, LT, LU, LV, MT, NL, PL, PT, RO, SE, SI, SK)",Cameroon,COCOA AND COCOA PREPARATIONS,EXPORT,VALUE_IN_EUROS,2001,160691
ESTAT:DS-045409(1.0),06/02/26 11:00:00,Annual,"European Union - 27 countries (AT, BE, BG, CY, CZ, DE, DK, EE, ES, FI, FR, GR, HR, HU, IE, IT, LT, LU, LV, MT, NL, PL, PT, RO, SE, SI, SK)",Cameroon,COCOA AND COCOA PREPARATIONS,EXPORT,VALUE_IN_EUROS,2002,301934
ESTAT:DS-045409(1.0),06/02/26 11:00:00,Annual,"European Union - 27 countries (AT, BE, BG, CY, CZ, DE, DK, EE, ES, FI, FR, GR, HR, HU, IE, IT, LT, LU, LV, MT, NL, PL, PT, RO, SE, SI, SK)",Cameroon,COCOA AND COCOA PREPARATIONS,EXPORT,VALUE_IN_EUROS,2003,360345
ESTAT:DS-045409(1.0),06/02/26 11:00:00,Annual,"European Union - 27 countries (AT, BE, BG, CY, CZ, DE, DK, EE, ES, FI, FR, GR, HR, HU, IE, IT, LT, LU, LV, MT, NL, PL, PT, RO, SE, SI, SK)",Cameroon,COCOA AND COCOA PREPARATIONS,EXPORT,VALUE_IN_EUROS,2004,419311
ESTAT:DS-045409(1.0),06/02/26 11:00:00,Annual,"European Union - 27 countries (AT, BE, BG, CY, CZ, DE, DK, EE, ES, FI, FR, GR, HR, HU, IE, IT, LT, LU, LV, MT, NL, PL, PT, RO, SE, SI, SK)",Cameroon,COCOA AND COCOA PREPARATIONS,EXPORT,VALUE_IN_EUROS,2005,431622
ESTAT:DS-045409(1.0),06/02/26 11:00:00,Annual,"European Union - 27 countries (AT, BE, BG, CY, CZ, DE, DK, EE, ES, FI, FR, GR, HR, HU, IE, IT, LT, LU, LV, MT, NL, PL, PT, RO, SE, SI, SK)",Cameroon,COCOA AND COCOA PREPARATIONS,EXPORT,VALUE_IN_EUROS,2006,330094
ESTAT:DS-045409(1.0),06/02/26 11:00:00,Annual,"European Union - 27 countries (AT, BE, BG, CY, CZ, DE, DK, EE, ES, FI, FR, GR, HR, HU, IE, IT, LT, LU, LV, MT, NL, PL, PT, RO, SE, SI, SK)",Cameroon,COCOA AND COCOA PREPARATIONS,EXPORT,VALUE_IN_EUROS,2007,386419
ESTAT:DS-045409(1.0),06/02/26 11:00:00,Annual,"European Union - 27 countries (AT, BE, BG, CY, CZ, DE, DK, EE, ES, FI, FR, GR, HR, HU, IE, IT, LT, LU, LV, MT, NL, PL, PT, RO, SE, SI, SK)",Cameroon,COCOA AND COCOA PREPARATIONS,EXPORT,VALUE_IN_EUROS,2008,498447
ESTAT:DS-045409(1.0),06/02/26 11:00:00,Annual,"European Union - 27 countries (AT, BE, BG, CY, CZ, DE, DK, EE, ES, FI, FR, GR, HR, HU, IE, IT, LT, LU, LV, MT, NL, PL, PT, RO, SE, SI, SK)",Cameroon,COCOA AND COCOA PREPARATIONS,EXPORT,VALUE_IN_EUROS,2009,864995
ESTAT:DS-045409(1.0),06/02/26 11:00:00,Annual,"European Union - 27 countries (AT, BE, BG, CY, CZ, DE, DK, EE, ES, FI, FR, GR, HR, HU, IE, IT, LT, LU, LV, MT, NL, PL, PT, RO, SE, SI, SK)",Cameroon,COCOA AND COCOA PREPARATIONS,EXPORT,VALUE_IN_EUROS,2010,767552
ESTAT:DS-045409(1.0),06/02/26 11:00:00,Annual,"European Union - 27 countries (AT, BE, BG, CY, CZ, DE, DK, EE, ES, FI, FR, GR, HR, HU, IE, IT, LT, LU, LV, MT, NL, PL, PT, RO, SE, SI, SK)",Cameroon,COCOA AND COCOA PREPARATIONS,EXPORT,VALUE_IN_EUROS,2011,801247
ESTAT:DS-045409(1.0),06/02/26 11:00:00,Annual,"European Union - 27 countries (AT, BE, BG, CY, CZ, DE, DK, EE, ES, FI, FR, GR, HR, HU, IE, IT, LT, LU, LV, MT, NL, PL, PT, RO, SE, SI, SK)",Cameroon,COCOA AND COCOA PREPARATIONS,EXPORT,VALUE_IN_EUROS,2012,859304
ESTAT:DS-045409(1.0),06/02/26 11:00:00,Annual,"European Union - 27 countries (AT, BE, BG, CY, CZ, DE, DK, EE, ES, FI, FR, GR, HR, HU, IE, IT, LT, LU, LV, MT, NL, PL, PT, RO, SE, SI, SK)",Cameroon,COCOA AND COCOA PREPARATIONS,EXPORT,VALUE_IN_EUROS,2013,1110343
ESTAT:DS-045409(1.0),06/02/26 11:00:00,Annual,"European Union - 27 countries (AT, BE, BG, CY, CZ, DE, DK, EE, ES, FI, FR, GR, HR, HU, IE, IT, LT, LU, LV, MT, NL, PL, PT, RO, SE, SI, SK)",Cameroon,COCOA AND COCOA PREPARATIONS,EXPORT,VALUE_IN_EUROS,2014,1192892
ESTAT:DS-045409(1.0),06/02/26 11:00:00,Annual,"European Union - 27 countries (AT, BE, BG, CY, CZ, DE, DK, EE, ES, FI, FR, GR, HR, HU, IE, IT, LT, LU, LV, MT, NL, PL, PT, RO, SE, SI, SK)",Cameroon,COCOA AND COCOA PREPARATIONS,EXPORT,VALUE_IN_EUROS,2015,1456319
ESTAT:DS-045409(1.0),06/02/26 11:00:00,Annual,"European Union - 27 countries (AT, BE, BG, CY, CZ, DE, DK, EE, ES, FI, FR, GR, HR, HU, IE, IT, LT, LU, LV, MT, NL, PL, PT, RO, SE, SI, SK)",Cameroon,COCOA AND COCOA PREPARATIONS,EXPORT,VALUE_IN_EUROS,2016,992469
ESTAT:DS-045409(1.0),06/02/26 11:00:00,Annual,"European Union - 27 countries (AT, BE, BG, CY, CZ, DE, DK, EE, ES, FI, FR, GR, HR, HU, IE, IT, LT, LU, LV, MT, NL, PL, PT, RO, SE, SI, SK)",Cameroon,COCOA AND COCOA PREPARATIONS,EXPORT,VALUE_IN_EUROS,2017,1113615
ESTAT:DS-045409(1.0),06/02/26 11:00:00,Annual,"European Union - 27 countries (AT, BE, BG, CY, CZ, DE, DK, EE, ES, FI, FR, GR, HR, HU, IE, IT, LT, LU, LV, MT, NL, PL, PT, RO, SE, SI, SK)",Cameroon,COCOA AND COCOA PREPARATIONS,EXPORT,VALUE_IN_EUROS,2018,1220181
ESTAT:DS-045409(1.0),06/02/26 11:00:00,Annual,"European Union - 27 countries (AT, BE, BG, CY, CZ, DE, DK, EE, ES, FI, FR, GR, HR, HU, IE, IT, LT, LU, LV, MT, NL, PL, PT, RO, SE, SI, SK)",Cameroon,COCOA AND COCOA PREPARATIONS,EXPORT,VALUE_IN_EUROS,2019,1246904
ESTAT:DS-045409(1.0),06/02/26 11:00:00,Annual,"European Union - 27 countries (AT, BE, BG, CY, CZ, DE, DK, EE, ES, FI, FR, GR, HR, HU, IE, IT, LT, LU, LV, MT, NL, PL, PT, RO, SE, SI, SK)",Cameroon,COCOA AND COCOA PREPARATIONS,EXPORT,VALUE_IN_EUROS,2020,1701971
ESTAT:DS-045409(1.0),06/02/26 11:00:00,Annual,"European Union - 27 countries (AT, BE, BG, CY, CZ, DE, DK, EE, ES, FI, FR, GR, HR, HU, IE, IT, LT, LU, LV, MT, NL, PL, PT, RO, SE, SI, SK)",Cameroon,COCOA AND COCOA PREPARATIONS,EXPORT,VALUE_IN_EUROS,2021,1566344
ESTAT:DS-045409(1.0),06/02/26 11:00:00,Annual,"European Union - 27 countries (AT, BE, BG, CY, CZ, DE, DK, EE, ES, FI, FR, GR, HR, HU, IE, IT, LT, LU, LV, MT, NL, PL, PT, RO, SE, SI, SK)",Cameroon,COCOA AND COCOA PREPARATIONS,EXPORT,VALUE_IN_EUROS,2022,1010586
ESTAT:DS-045409(1.0),06/02/26 11:00:00,Annual,"European Union - 27 countries (AT, BE, BG, CY, CZ, DE, DK, EE, ES, FI, FR, GR, HR, HU, IE, IT, LT, LU, LV, MT, NL, PL, PT, RO, SE, SI, SK)",Cameroon,COCOA AND COCOA PREPARATIONS,EXPORT,VALUE_IN_EUROS,2023,1728586
ESTAT:DS-045409(1.0),06/02/26 11:00:00,Annual,"European Union - 27 countries (AT, BE, BG, CY, CZ, DE, DK, EE, ES, FI, FR, GR, HR, HU, IE, IT, LT, LU, LV, MT, NL, PL, PT, RO, SE, SI, SK)",Cameroon,COCOA AND COCOA PREPARATIONS,EXPORT,VALUE_IN_EUROS,2024,1983707
ESTAT:DS-045409(1.0),06/02/26 11:00:00,Annual,"European Union - 27 countries (AT, BE, BG, CY, CZ, DE, DK, EE, ES, FI, FR, GR, HR, HU, IE, IT, LT, LU, LV, MT, NL, PL, PT, RO, SE, SI, SK)",Cabo Verde,COCOA AND COCOA PREPARATIONS,EXPORT,VALUE_IN_EUROS,1999,275894
ESTAT:DS-045409(1.0),06/02/26 11:00:00,Annual,"European Union - 27 countries (AT, BE, BG, CY, CZ, DE, DK, EE, ES, FI, FR, GR, HR, HU, IE, IT, LT, LU, LV, MT, NL, PL, PT, RO, SE, SI, SK)",Cabo Verde,COCOA AND COCOA PREPARATIONS,EXPORT,VALUE_IN_EUROS,2000,346805
ESTAT:DS-045409(1.0),06/02/26 11:00:00,Annual,"European Union - 27 countries (AT, BE, BG, CY, CZ, DE, DK, EE, ES, FI, FR, GR, HR, HU, IE, IT, LT, LU, LV, MT, NL, PL, PT, RO, SE, SI, SK)",Cabo Verde,COCOA AND COCOA PREPARATIONS,EXPORT,VALUE_IN_EUROS,2001,395177
ESTAT:DS-045409(1.0),06/02/26 11:00:00,Annual,"European Union - 27 countries (AT, BE, BG, CY, CZ, DE, DK, EE, ES, FI, FR, GR, HR, HU, IE, IT, LT, LU, LV, MT, NL, PL, PT, RO, SE, SI, SK)",Cabo Verde,COCOA AND COCOA PREPARATIONS,EXPORT,VALUE_IN_EUROS,2002,391628
ESTAT:DS-045409(1.0),06/02/26 11:00:00,Annual,"European Union - 27 countries (AT, BE, BG, CY, CZ, DE, DK, EE, ES, FI, FR, GR, HR, HU, IE, IT, LT, LU, LV, MT, NL, PL, PT, RO, SE, SI, SK)",Cabo Verde,COCOA AND COCOA PREPARATIONS,EXPORT,VALUE_IN_EUROS,2003,413176
ESTAT:DS-045409(1.0),06/02/26 11:00:00,Annual,"European Union - 27 countries (AT, BE, BG, CY, CZ, DE, DK, EE, ES, FI, FR, GR, HR, HU, IE, IT, LT, LU, LV, MT, NL, PL, PT, RO, SE, SI, SK)",Cabo Verde,COCOA AND COCOA PREPARATIONS,EXPORT,VALUE_IN_EUROS,2004,415056
ESTAT:DS-045409(1.0),06/02/26 11:00:00,Annual,"European Union - 27 countries (AT, BE, BG, CY, CZ, DE, DK, EE, ES, FI, FR, GR, HR, HU, IE, IT, LT, LU, LV, MT, NL, PL, PT, RO, SE, SI, SK)",Cabo Verde,COCOA AND COCOA PREPARATIONS,EXPORT,VALUE_IN_EUROS,2005,497286
ESTAT:DS-045409(1.0),06/02/26 11:00:00,Annual,"European Union - 27 countries (AT, BE, BG, CY, CZ, DE, DK, EE, ES, FI, FR, GR, HR, HU, IE, IT, LT, LU, LV, MT, NL, PL, PT, RO, SE, SI, SK)",Cabo Verde,COCOA AND COCOA PREPARATIONS,EXPORT,VALUE_IN_EUROS,2006,817186
ESTAT:DS-045409(1.0),06/02/26 11:00:00,Annual,"European Union - 27 countries (AT, BE, BG, CY, CZ, DE, DK, EE, ES, FI, FR, GR, HR, HU, IE, IT, LT, LU, LV, MT, NL, PL, PT, RO, SE, SI, SK)",Cabo Verde,COCOA AND COCOA PREPARATIONS,EXPORT,VALUE_IN_EUROS,2007,880954
ESTAT:DS-045409(1.0),06/02/26 11:00:00,Annual,"European Union - 27 countries (AT, BE, BG, CY, CZ, DE, DK, EE, ES, FI, FR, GR, HR, HU, IE, IT, LT, LU, LV, MT, NL, PL, PT, RO, SE, SI, SK)",Cabo Verde,COCOA AND COCOA PREPARATIONS,EXPORT,VALUE_IN_EUROS,2008,812261
ESTAT:DS-045409(1.0),06/02/26 11:00:00,Annual,"European Union - 27 countries (AT, BE, BG, CY, CZ, DE, DK, EE, ES, FI, FR, GR, HR, HU, IE, IT, LT, LU, LV, MT, NL, PL, PT, RO, SE, SI, SK)",Cabo Verde,COCOA AND COCOA PREPARATIONS,EXPORT,VALUE_IN_EUROS,2009,853100
ESTAT:DS-045409(1.0),06/02/26 11:00:00,Annual,"European Union - 27 countries (AT, BE, BG, CY, CZ, DE, DK, EE, ES, FI, FR, GR, HR, HU, IE, IT, LT, LU, LV, MT, NL, PL, PT, RO, SE, SI, SK)",Cabo Verde,COCOA AND COCOA PREPARATIONS,EXPORT,VALUE_IN_EUROS,2010,879304
ESTAT:DS-045409(1.0),06/02/26 11:00:00,Annual,"European Union - 27 countries (AT, BE, BG, CY, CZ, DE, DK, EE, ES, FI, FR, GR, HR, HU, IE, IT, LT, LU, LV, MT, NL, PL, PT, RO, SE, SI, SK)",Cabo Verde,COCOA AND COCOA PREPARATIONS,EXPORT,VALUE_IN_EUROS,2011,1151062
ESTAT:DS-045409(1.0),06/02/26 11:00:00,Annual,"European Union - 27 countries (AT, BE, BG, CY, CZ, DE, DK, EE, ES, FI, FR, GR, HR, HU, IE, IT, LT, LU, LV, MT, NL, PL, PT, RO, SE, SI, SK)",Cabo Verde,COCOA AND COCOA PREPARATIONS,EXPORT,VALUE_IN_EUROS,2012,949223
ESTAT:DS-045409(1.0),06/02/26 11:00:00,Annual,"European Union - 27 countries (AT, BE, BG, CY, CZ, DE, DK, EE, ES, FI, FR, GR, HR, HU, IE, IT, LT, LU, LV, MT, NL, PL, PT, RO, SE, SI, SK)",Cabo Verde,COCOA AND COCOA PREPARATIONS,EXPORT,VALUE_IN_EUROS,2013,908541
ESTAT:DS-045409(1.0),06/02/26 11:00:00,Annual,"European Union - 27 countries (AT, BE, BG, CY, CZ, DE, DK, EE, ES, FI, FR, GR, HR, HU, IE, IT, LT, LU, LV, MT, NL, PL, PT, RO, SE, SI, SK)",Cabo Verde,COCOA AND COCOA PREPARATIONS,EXPORT,VALUE_IN_EUROS,2014,1000565
ESTAT:DS-045409(1.0),06/02/26 11:00:00,Annual,"European Union - 27 countries (AT, BE, BG, CY, CZ, DE, DK, EE, ES, FI, FR, GR, HR, HU, IE, IT, LT, LU, LV, MT, NL, PL, PT, RO, SE, SI, SK)",Cabo Verde,COCOA AND COCOA PREPARATIONS,EXPORT,VALUE_IN_EUROS,2015,1114469
ESTAT:DS-045409(1.0),06/02/26 11:00:00,Annual,"European Union - 27 countries (AT, BE, BG, CY, CZ, DE, DK, EE, ES, FI, FR, GR, HR, HU, IE, IT, LT, LU, LV, MT, NL, PL, PT, RO, SE, SI, SK)",Cabo Verde,COCOA AND COCOA PREPARATIONS,EXPORT,VALUE_IN_EUROS,2016,1204464
ESTAT:DS-045409(1.0),06/02/26 11:00:00,Annual,"European Union - 27 countries (AT, BE, BG, CY, CZ, DE, DK, EE, ES, FI, FR, GR, HR, HU, IE, IT, LT, LU, LV, MT, NL, PL, PT, RO, SE, SI, SK)",Cabo Verde,COCOA AND COCOA PREPARATIONS,EXPORT,VALUE_IN_EUROS,2017,1513259
ESTAT:DS-045409(1.0),06/02/26 11:00:00,Annual,"European Union - 27 countries (AT, BE, BG, CY, CZ, DE, DK, EE, ES, FI, FR, GR, HR, HU, IE, IT, LT, LU, LV, MT, NL, PL, PT, RO, SE, SI, SK)",Cabo Verde,COCOA AND COCOA PREPARATIONS,EXPORT,VALUE_IN_EUROS,2018,3274313
ESTAT:DS-045409(1.0),06/02/26 11:00:00,Annual,"European Union - 27 countries (AT, BE, BG, CY, CZ, DE, DK, EE, ES, FI, FR, GR, HR, HU, IE, IT, LT, LU, LV, MT, NL, PL, PT, RO, SE, SI, SK)",Cabo Verde,COCOA AND COCOA PREPARATIONS,EXPORT,VALUE_IN_EUROS,2019,1767051
ESTAT:DS-045409(1.0),06/02/26 11:00:00,Annual,"European Union - 27 countries (AT, BE, BG, CY, CZ, DE, DK, EE, ES, FI, FR, GR, HR, HU, IE, IT, LT, LU, LV, MT, NL, PL, PT, RO, SE, SI, SK)",Cabo Verde,COCOA AND COCOA PREPARATIONS,EXPORT,VALUE_IN_EUROS,2020,1418666
ESTAT:DS-045409(1.0),06/02/26 11:00:00,Annual,"European Union - 27 countries (AT, BE, BG, CY, CZ, DE, DK, EE, ES, FI, FR, GR, HR, HU, IE, IT, LT, LU, LV, MT, NL, PL, PT, RO, SE, SI, SK)",Cabo Verde,COCOA AND COCOA PREPARATIONS,EXPORT,VALUE_IN_EUROS,2021,1280489
ESTAT:DS-045409(1.0),06/02/26 11:00:00,Annual,"European Union - 27 countries (AT, BE, BG, CY, CZ, DE, DK, EE, ES, FI, FR, GR, HR, HU, IE, IT, LT, LU, LV, MT, NL, PL, PT, RO, SE, SI, SK)",Cabo Verde,COCOA AND COCOA PREPARATIONS,EXPORT,VALUE_IN_EUROS,2022,1747145
ESTAT:DS-045409(1.0),06/02/26 11:00:00,Annual,"European Union - 27 countries (AT, BE, BG, CY, CZ, DE, DK, EE, ES, FI, FR, GR, HR, HU, IE, IT, LT, LU, LV, MT, NL, PL, PT, RO, SE, SI, SK)",Cabo Verde,COCOA AND COCOA PREPARATIONS,EXPORT,VALUE_IN_EUROS,2023,2039288
ESTAT:DS-045409(1.0),06/02/26 11:00:00,Annual,"European Union - 27 countries (AT, BE, BG, CY, CZ, DE, DK, EE, ES, FI, FR, GR, HR, HU, IE, IT, LT, LU, LV, MT, NL, PL, PT, RO, SE, SI, SK)",Cabo Verde,COCOA AND COCOA PREPARATIONS,EXPORT,VALUE_IN_EUROS,2024,2194847
ESTAT:DS-045409(1.0),06/02/26 11:00:00,Annual,"European Union - 27 countries (AT, BE, BG, CY, CZ, DE, DK, EE, ES, FI, FR, GR, HR, HU, IE, IT, LT, LU, LV, MT, NL, PL, PT, RO, SE, SI, SK)",Djibouti,COCOA AND COCOA PREPARATIONS,EXPORT,VALUE_IN_EUROS,1999,152339
ESTAT:DS-045409(1.0),06/02/26 11:00:00,Annual,"European Union - 27 countries (AT, BE, BG, CY, CZ, DE, DK, EE, ES, FI, FR, GR, HR, HU, IE, IT, LT, LU, LV, MT, NL, PL, PT, RO, SE, SI, SK)",Djibouti,COCOA AND COCOA PREPARATIONS,EXPORT,VALUE_IN_EUROS,2000,203328
ESTAT:DS-045409(1.0),06/02/26 11:00:00,Annual,"European Union - 27 countries (AT, BE, BG, CY, CZ, DE, DK, EE, ES, FI, FR, GR, HR, HU, IE, IT, LT, LU, LV, MT, NL, PL, PT, RO, SE, SI, SK)",Djibouti,COCOA AND COCOA PREPARATIONS,EXPORT,VALUE_IN_EUROS,2001,342968
ESTAT:DS-045409(1.0),06/02/26 11:00:00,Annual,"European Union - 27 countries (AT, BE, BG, CY, CZ, DE, DK, EE, ES, FI, FR, GR, HR, HU, IE, IT, LT, LU, LV, MT, NL, PL, PT, RO, SE, SI, SK)",Djibouti,COCOA AND COCOA PREPARATIONS,EXPORT,VALUE_IN_EUROS,2002,341722
ESTAT:DS-045409(1.0),06/02/26 11:00:00,Annual,"European Union - 27 countries (AT, BE, BG, CY, CZ, DE, DK, EE, ES, FI, FR, GR, HR, HU, IE, IT, LT, LU, LV, MT, NL, PL, PT, RO, SE, SI, SK)",Djibouti,COCOA AND COCOA PREPARATIONS,EXPORT,VALUE_IN_EUROS,2003,484991
ESTAT:DS-045409(1.0),06/02/26 11:00:00,Annual,"European Union - 27 countries (AT, BE, BG, CY, CZ, DE, DK, EE, ES, FI, FR, GR, HR, HU, IE, IT, LT, LU, LV, MT, NL, PL, PT, RO, SE, SI, SK)",Djibouti,COCOA AND COCOA PREPARATIONS,EXPORT,VALUE_IN_EUROS,2004,733943
ESTAT:DS-045409(1.0),06/02/26 11:00:00,Annual,"European Union - 27 countries (AT, BE, BG, CY, CZ, DE, DK, EE, ES, FI, FR, GR, HR, HU, IE, IT, LT, LU, LV, MT, NL, PL, PT, RO, SE, SI, SK)",Djibouti,COCOA AND COCOA PREPARATIONS,EXPORT,VALUE_IN_EUROS,2005,799542
ESTAT:DS-045409(1.0),06/02/26 11:00:00,Annual,"European Union - 27 countries (AT, BE, BG, CY, CZ, DE, DK, EE, ES, FI, FR, GR, HR, HU, IE, IT, LT, LU, LV, MT, NL, PL, PT, RO, SE, SI, SK)",Djibouti,COCOA AND COCOA PREPARATIONS,EXPORT,VALUE_IN_EUROS,2006,1073232
ESTAT:DS-045409(1.0),06/02/26 11:00:00,Annual,"European Union - 27 countries (AT, BE, BG, CY, CZ, DE, DK, EE, ES, FI, FR, GR, HR, HU, IE, IT, LT, LU, LV, MT, NL, PL, PT, RO, SE, SI, SK)",Djibouti,COCOA AND COCOA PREPARATIONS,EXPORT,VALUE_IN_EUROS,2007,974471
ESTAT:DS-045409(1.0),06/02/26 11:00:00,Annual,"European Union - 27 countries (AT, BE, BG, CY, CZ, DE, DK, EE, ES, FI, FR, GR, HR, HU, IE, IT, LT, LU, LV, MT, NL, PL, PT, RO, SE, SI, SK)",Djibouti,COCOA AND COCOA PREPARATIONS,EXPORT,VALUE_IN_EUROS,2008,317009
ESTAT:DS-045409(1.0),06/02/26 11:00:00,Annual,"European Union - 27 countries (AT, BE, BG, CY, CZ, DE, DK, EE, ES, FI, FR, GR, HR, HU, IE, IT, LT, LU, LV, MT, NL, PL, PT, RO, SE, SI, SK)",Djibouti,COCOA AND COCOA PREPARATIONS,EXPORT,VALUE_IN_EUROS,2009,302289
ESTAT:DS-045409(1.0),06/02/26 11:00:00,Annual,"European Union - 27 countries (AT, BE, BG, CY, CZ, DE, DK, EE, ES, FI, FR, GR, HR, HU, IE, IT, LT, LU, LV, MT, NL, PL, PT, RO, SE, SI, SK)",Djibouti,COCOA AND COCOA PREPARATIONS,EXPORT,VALUE_IN_EUROS,2010,610705
ESTAT:DS-045409(1.0),06/02/26 11:00:00,Annual,"European Union - 27 countries (AT, BE, BG, CY, CZ, DE, DK, EE, ES, FI, FR, GR, HR, HU, IE, IT, LT, LU, LV, MT, NL, PL, PT, RO, SE, SI, SK)",Djibouti,COCOA AND COCOA PREPARATIONS,EXPORT,VALUE_IN_EUROS,2011,348251
ESTAT:DS-045409(1.0),06/02/26 11:00:00,Annual,"European Union - 27 countries (AT, BE, BG, CY, CZ, DE, DK, EE, ES, FI, FR, GR, HR, HU, IE, IT, LT, LU, LV, MT, NL, PL, PT, RO, SE, SI, SK)",Djibouti,COCOA AND COCOA PREPARATIONS,EXPORT,VALUE_IN_EUROS,2012,432964
ESTAT:DS-045409(1.0),06/02/26 11:00:00,Annual,"European Union - 27 countries (AT, BE, BG, CY, CZ, DE, DK, EE, ES, FI, FR, GR, HR, HU, IE, IT, LT, LU, LV, MT, NL, PL, PT, RO, SE, SI, SK)",Djibouti,COCOA AND COCOA PREPARATIONS,EXPORT,VALUE_IN_EUROS,2013,792730
ESTAT:DS-045409(1.0),06/02/26 11:00:00,Annual,"European Union - 27 countries (AT, BE, BG, CY, CZ, DE, DK, EE, ES, FI, FR, GR, HR, HU, IE, IT, LT, LU, LV, MT, NL, PL, PT, RO, SE, SI, SK)",Djibouti,COCOA AND COCOA PREPARATIONS,EXPORT,VALUE_IN_EUROS,2014,692903
ESTAT:DS-045409(1.0),06/02/26 11:00:00,Annual,"European Union - 27 countries (AT, BE, BG, CY, CZ, DE, DK, EE, ES, FI, FR, GR, HR, HU, IE, IT, LT, LU, LV, MT, NL, PL, PT, RO, SE, SI, SK)",Djibouti,COCOA AND COCOA PREPARATIONS,EXPORT,VALUE_IN_EUROS,2015,1392494
ESTAT:DS-045409(1.0),06/02/26 11:00:00,Annual,"European Union - 27 countries (AT, BE, BG, CY, CZ, DE, DK, EE, ES, FI, FR, GR, HR, HU, IE, IT, LT, LU, LV, MT, NL, PL, PT, RO, SE, SI, SK)",Djibouti,COCOA AND COCOA PREPARATIONS,EXPORT,VALUE_IN_EUROS,2016,1741387
ESTAT:DS-045409(1.0),06/02/26 11:00:00,Annual,"European Union - 27 countries (AT, BE, BG, CY, CZ, DE, DK, EE, ES, FI, FR, GR, HR, HU, IE, IT, LT, LU, LV, MT, NL, PL, PT, RO, SE, SI, SK)",Djibouti,COCOA AND COCOA PREPARATIONS,EXPORT,VALUE_IN_EUROS,2017,1908400
ESTAT:DS-045409(1.0),06/02/26 11:00:00,Annual,"European Union - 27 countries (AT, BE, BG, CY, CZ, DE, DK, EE, ES, FI, FR, GR, HR, HU, IE, IT, LT, LU, LV, MT, NL, PL, PT, RO, SE, SI, SK)",Djibouti,COCOA AND COCOA PREPARATIONS,EXPORT,VALUE_IN_EUROS,2018,1707670
ESTAT:DS-045409(1.0),06/02/26 11:00:00,Annual,"European Union - 27 countries (AT, BE, BG, CY, CZ, DE, DK, EE, ES, FI, FR, GR, HR, HU, IE, IT, LT, LU, LV, MT, NL, PL, PT, RO, SE, SI, SK)",Djibouti,COCOA AND COCOA PREPARATIONS,EXPORT,VALUE_IN_EUROS,2019,1763233
ESTAT:DS-045409(1.0),06/02/26 11:00:00,Annual,"European Union - 27 countries (AT, BE, BG, CY, CZ, DE, DK, EE, ES, FI, FR, GR, HR, HU, IE, IT, LT, LU, LV, MT, NL, PL, PT, RO, SE, SI, SK)",Djibouti,COCOA AND COCOA PREPARATIONS,EXPORT,VALUE_IN_EUROS,2020,2059042
ESTAT:DS-045409(1.0),06/02/26 11:00:00,Annual,"European Union - 27 countries (AT, BE, BG, CY, CZ, DE, DK, EE, ES, FI, FR, GR, HR, HU, IE, IT, LT, LU, LV, MT, NL, PL, PT, RO, SE, SI, SK)",Djibouti,COCOA AND COCOA PREPARATIONS,EXPORT,VALUE_IN_EUROS,2021,2399460
ESTAT:DS-045409(1.0),06/02/26 11:00:00,Annual,"European Union - 27 countries (AT, BE, BG, CY, CZ, DE, DK, EE, ES, FI, FR, GR, HR, HU, IE, IT, LT, LU, LV, MT, NL, PL, PT, RO, SE, SI, SK)",Djibouti,COCOA AND COCOA PREPARATIONS,EXPORT,VALUE_IN_EUROS,2022,3488081
ESTAT:DS-045409(1.0),06/02/26 11:00:00,Annual,"European Union - 27 countries (AT, BE, BG, CY, CZ, DE, DK, EE, ES, FI, FR, GR, HR, HU, IE, IT, LT, LU, LV, MT, NL, PL, PT, RO, SE, SI, SK)",Djibouti,COCOA AND COCOA PREPARATIONS,EXPORT,VALUE_IN_EUROS,2023,3604646
ESTAT:DS-045409(1.0),06/02/26 11:00:00,Annual,"European Union - 27 countries (AT, BE, BG, CY, CZ, DE, DK, EE, ES, FI, FR, GR, HR, HU, IE, IT, LT, LU, LV, MT, NL, PL, PT, RO, SE, SI, SK)",Djibouti,COCOA AND COCOA PREPARATIONS,EXPORT,VALUE_IN_EUROS,2024,3405512
ESTAT:DS-045409(1.0),06/02/26 11:00:00,Annual,"European Union - 27 countries (AT, BE, BG, CY, CZ, DE, DK, EE, ES, FI, FR, GR, HR, HU, IE, IT, LT, LU, LV, MT, NL, PL, PT, RO, SE, SI, SK)",Algeria,COCOA AND COCOA PREPARATIONS,EXPORT,VALUE_IN_EUROS,1999,2846244
ESTAT:DS-045409(1.0),06/02/26 11:00:00,Annual,"European Union - 27 countries (AT, BE, BG, CY, CZ, DE, DK, EE, ES, FI, FR, GR, HR, HU, IE, IT, LT, LU, LV, MT, NL, PL, PT, RO, SE, SI, SK)",Algeria,COCOA AND COCOA PREPARATIONS,EXPORT,VALUE_IN_EUROS,2000,3592251
ESTAT:DS-045409(1.0),06/02/26 11:00:00,Annual,"European Union - 27 countries (AT, BE, BG, CY, CZ, DE, DK, EE, ES, FI, FR, GR, HR, HU, IE, IT, LT, LU, LV, MT, NL, PL, PT, RO, SE, SI, SK)",Algeria,COCOA AND COCOA PREPARATIONS,EXPORT,VALUE_IN_EUROS,2001,3193438
ESTAT:DS-045409(1.0),06/02/26 11:00:00,Annual,"European Union - 27 countries (AT, BE, BG, CY, CZ, DE, DK, EE, ES, FI, FR, GR, HR, HU, IE, IT, LT, LU, LV, MT, NL, PL, PT, RO, SE, SI, SK)",Algeria,COCOA AND COCOA PREPARATIONS,EXPORT,VALUE_IN_EUROS,2002,6726207
ESTAT:DS-045409(1.0),06/02/26 11:00:00,Annual,"European Union - 27 countries (AT, BE, BG, CY, CZ, DE, DK, EE, ES, FI, FR, GR, HR, HU, IE, IT, LT, LU, LV, MT, NL, PL, PT, RO, SE, SI, SK)",Algeria,COCOA AND COCOA PREPARATIONS,EXPORT,VALUE_IN_EUROS,2003,7811804
ESTAT:DS-045409(1.0),06/02/26 11:00:00,Annual,"European Union - 27 countries (AT, BE, BG, CY, CZ, DE, DK, EE, ES, FI, FR, GR, HR, HU, IE, IT, LT, LU, LV, MT, NL, PL, PT, RO, SE, SI, SK)",Algeria,COCOA AND COCOA PREPARATIONS,EXPORT,VALUE_IN_EUROS,2004,9907675
ESTAT:DS-045409(1.0),06/02/26 11:00:00,Annual,"European Union - 27 countries (AT, BE, BG, CY, CZ, DE, DK, EE, ES, FI, FR, GR, HR, HU, IE, IT, LT, LU, LV, MT, NL, PL, PT, RO, SE, SI, SK)",Algeria,COCOA AND COCOA PREPARATIONS,EXPORT,VALUE_IN_EUROS,2005,7306312
ESTAT:DS-045409(1.0),06/02/26 11:00:00,Annual,"European Union - 27 countries (AT, BE, BG, CY, CZ, DE, DK, EE, ES, FI, FR, GR, HR, HU, IE, IT, LT, LU, LV, MT, NL, PL, PT, RO, SE, SI, SK)",Algeria,COCOA AND COCOA PREPARATIONS,EXPORT,VALUE_IN_EUROS,2006,9894705
ESTAT:DS-045409(1.0),06/02/26 11:00:00,Annual,"European Union - 27 countries (AT, BE, BG, CY, CZ, DE, DK, EE, ES, FI, FR, GR, HR, HU, IE, IT, LT, LU, LV, MT, NL, PL, PT, RO, SE, SI, SK)",Algeria,COCOA AND COCOA PREPARATIONS,EXPORT,VALUE_IN_EUROS,2007,13418279
ESTAT:DS-045409(1.0),06/02/26 11:00:00,Annual,"European Union - 27 countries (AT, BE, BG, CY, CZ, DE, DK, EE, ES, FI, FR, GR, HR, HU, IE, IT, LT, LU, LV, MT, NL, PL, PT, RO, SE, SI, SK)",Algeria,COCOA AND COCOA PREPARATIONS,EXPORT,VALUE_IN_EUROS,2008,17633993
ESTAT:DS-045409(1.0),06/02/26 11:00:00,Annual,"European Union - 27 countries (AT, BE, BG, CY, CZ, DE, DK, EE, ES, FI, FR, GR, HR, HU, IE, IT, LT, LU, LV, MT, NL, PL, PT, RO, SE, SI, SK)",Algeria,COCOA AND COCOA PREPARATIONS,EXPORT,VALUE_IN_EUROS,2009,22783660
ESTAT:DS-045409(1.0),06/02/26 11:00:00,Annual,"European Union - 27 countries (AT, BE, BG, CY, CZ, DE, DK, EE, ES, FI, FR, GR, HR, HU, IE, IT, LT, LU, LV, MT, NL, PL, PT, RO, SE, SI, SK)",Algeria,COCOA AND COCOA PREPARATIONS,EXPORT,VALUE_IN_EUROS,2010,32278528
ESTAT:DS-045409(1.0),06/02/26 11:00:00,Annual,"European Union - 27 countries (AT, BE, BG, CY, CZ, DE, DK, EE, ES, FI, FR, GR, HR, HU, IE, IT, LT, LU, LV, MT, NL, PL, PT, RO, SE, SI, SK)",Algeria,COCOA AND COCOA PREPARATIONS,EXPORT,VALUE_IN_EUROS,2011,45795052
ESTAT:DS-045409(1.0),06/02/26 11:00:00,Annual,"European Union - 27 countries (AT, BE, BG, CY, CZ, DE, DK, EE, ES, FI, FR, GR, HR, HU, IE, IT, LT, LU, LV, MT, NL, PL, PT, RO, SE, SI, SK)",Algeria,COCOA AND COCOA PREPARATIONS,EXPORT,VALUE_IN_EUROS,2012,58447478
ESTAT:DS-045409(1.0),06/02/26 11:00:00,Annual,"European Union - 27 countries (AT, BE, BG, CY, CZ, DE, DK, EE, ES, FI, FR, GR, HR, HU, IE, IT, LT, LU, LV, MT, NL, PL, PT, RO, SE, SI, SK)",Algeria,COCOA AND COCOA PREPARATIONS,EXPORT,VALUE_IN_EUROS,2013,60455343
ESTAT:DS-045409(1.0),06/02/26 11:00:00,Annual,"European Union - 27 countries (AT, BE, BG, CY, CZ, DE, DK, EE, ES, FI, FR, GR, HR, HU, IE, IT, LT, LU, LV, MT, NL, PL, PT, RO, SE, SI, SK)",Algeria,COCOA AND COCOA PREPARATIONS,EXPORT,VALUE_IN_EUROS,2014,58976935
ESTAT:DS-045409(1.0),06/02/26 11:00:00,Annual,"European Union - 27 countries (AT, BE, BG, CY, CZ, DE, DK, EE, ES, FI, FR, GR, HR, HU, IE, IT, LT, LU, LV, MT, NL, PL, PT, RO, SE, SI, SK)",Algeria,COCOA AND COCOA PREPARATIONS,EXPORT,VALUE_IN_EUROS,2015,64686832
ESTAT:DS-045409(1.0),06/02/26 11:00:00,Annual,"European Union - 27 countries (AT, BE, BG, CY, CZ, DE, DK, EE, ES, FI, FR, GR, HR, HU, IE, IT, LT, LU, LV, MT, NL, PL, PT, RO, SE, SI, SK)",Algeria,COCOA AND COCOA PREPARATIONS,EXPORT,VALUE_IN_EUROS,2016,64765477
ESTAT:DS-045409(1.0),06/02/26 11:00:00,Annual,"European Union - 27 countries (AT, BE, BG, CY, CZ, DE, DK, EE, ES, FI, FR, GR, HR, HU, IE, IT, LT, LU, LV, MT, NL, PL, PT, RO, SE, SI, SK)",Algeria,COCOA AND COCOA PREPARATIONS,EXPORT,VALUE_IN_EUROS,2017,50051314
ESTAT:DS-045409(1.0),06/02/26 11:00:00,Annual,"European Union - 27 countries (AT, BE, BG, CY, CZ, DE, DK, EE, ES, FI, FR, GR, HR, HU, IE, IT, LT, LU, LV, MT, NL, PL, PT, RO, SE, SI, SK)",Algeria,COCOA AND COCOA PREPARATIONS,EXPORT,VALUE_IN_EUROS,2018,46887131
ESTAT:DS-045409(1.0),06/02/26 11:00:00,Annual,"European Union - 27 countries (AT, BE, BG, CY, CZ, DE, DK, EE, ES, FI, FR, GR, HR, HU, IE, IT, LT, LU, LV, MT, NL, PL, PT, RO, SE, SI, SK)",Algeria,COCOA AND COCOA PREPARATIONS,EXPORT,VALUE_IN_EUROS,2019,54760025
ESTAT:DS-045409(1.0),06/02/26 11:00:00,Annual,"European Union - 27 countries (AT, BE, BG, CY, CZ, DE, DK, EE, ES, FI, FR, GR, HR, HU, IE, IT, LT, LU, LV, MT, NL, PL, PT, RO, SE, SI, SK)",Algeria,COCOA AND COCOA PREPARATIONS,EXPORT,VALUE_IN_EUROS,2020,61382205
ESTAT:DS-045409(1.0),06/02/26 11:00:00,Annual,"European Union - 27 countries (AT, BE, BG, CY, CZ, DE, DK, EE, ES, FI, FR, GR, HR, HU, IE, IT, LT, LU, LV, MT, NL, PL, PT, RO, SE, SI, SK)",Algeria,COCOA AND COCOA PREPARATIONS,EXPORT,VALUE_IN_EUROS,2021,72000628
ESTAT:DS-045409(1.0),06/02/26 11:00:00,Annual,"European Union - 27 countries (AT, BE, BG, CY, CZ, DE, DK, EE, ES, FI, FR, GR, HR, HU, IE, IT, LT, LU, LV, MT, NL, PL, PT, RO, SE, SI, SK)",Algeria,COCOA AND COCOA PREPARATIONS,EXPORT,VALUE_IN_EUROS,2022,49178489
ESTAT:DS-045409(1.0),06/02/26 11:00:00,Annual,"European Union - 27 countries (AT, BE, BG, CY, CZ, DE, DK, EE, ES, FI, FR, GR, HR, HU, IE, IT, LT, LU, LV, MT, NL, PL, PT, RO, SE, SI, SK)",Algeria,COCOA AND COCOA PREPARATIONS,EXPORT,VALUE_IN_EUROS,2023,64821026
ESTAT:DS-045409(1.0),06/02/26 11:00:00,Annual,"European Union - 27 countries (AT, BE, BG, CY, CZ, DE, DK, EE, ES, FI, FR, GR, HR, HU, IE, IT, LT, LU, LV, MT, NL, PL, PT, RO, SE, SI, SK)",Algeria,COCOA AND COCOA PREPARATIONS,EXPORT,VALUE_IN_EUROS,2024,81495372
ESTAT:DS-045409(1.0),06/02/26 11:00:00,Annual,"European Union - 27 countries (AT, BE, BG, CY, CZ, DE, DK, EE, ES, FI, FR, GR, HR, HU, IE, IT, LT, LU, LV, MT, NL, PL, PT, RO, SE, SI, SK)",Egypt,COCOA AND COCOA PREPARATIONS,EXPORT,VALUE_IN_EUROS,1999,4923287
ESTAT:DS-045409(1.0),06/02/26 11:00:00,Annual,"European Union - 27 countries (AT, BE, BG, CY, CZ, DE, DK, EE, ES, FI, FR, GR, HR, HU, IE, IT, LT, LU, LV, MT, NL, PL, PT, RO, SE, SI, SK)",Egypt,COCOA AND COCOA PREPARATIONS,EXPORT,VALUE_IN_EUROS,2000,5751402
ESTAT:DS-045409(1.0),06/02/26 11:00:00,Annual,"European Union - 27 countries (AT, BE, BG, CY, CZ, DE, DK, EE, ES, FI, FR, GR, HR, HU, IE, IT, LT, LU, LV, MT, NL, PL, PT, RO, SE, SI, SK)",Egypt,COCOA AND COCOA PREPARATIONS,EXPORT,VALUE_IN_EUROS,2001,6579984
ESTAT:DS-045409(1.0),06/02/26 11:00:00,Annual,"European Union - 27 countries (AT, BE, BG, CY, CZ, DE, DK, EE, ES, FI, FR, GR, HR, HU, IE, IT, LT, LU, LV, MT, NL, PL, PT, RO, SE, SI, SK)",Egypt,COCOA AND COCOA PREPARATIONS,EXPORT,VALUE_IN_EUROS,2002,7519418
ESTAT:DS-045409(1.0),06/02/26 11:00:00,Annual,"European Union - 27 countries (AT, BE, BG, CY, CZ, DE, DK, EE, ES, FI, FR, GR, HR, HU, IE, IT, LT, LU, LV, MT, NL, PL, PT, RO, SE, SI, SK)",Egypt,COCOA AND COCOA PREPARATIONS,EXPORT,VALUE_IN_EUROS,2003,6091638
ESTAT:DS-045409(1.0),06/02/26 11:00:00,Annual,"European Union - 27 countries (AT, BE, BG, CY, CZ, DE, DK, EE, ES, FI, FR, GR, HR, HU, IE, IT, LT, LU, LV, MT, NL, PL, PT, RO, SE, SI, SK)",Egypt,COCOA AND COCOA PREPARATIONS,EXPORT,VALUE_IN_EUROS,2004,6003968
ESTAT:DS-045409(1.0),06/02/26 11:00:00,Annual,"European Union - 27 countries (AT, BE, BG, CY, CZ, DE, DK, EE, ES, FI, FR, GR, HR, HU, IE, IT, LT, LU, LV, MT, NL, PL, PT, RO, SE, SI, SK)",Egypt,COCOA AND COCOA PREPARATIONS,EXPORT,VALUE_IN_EUROS,2005,7434880
ESTAT:DS-045409(1.0),06/02/26 11:00:00,Annual,"European Union - 27 countries (AT, BE, BG, CY, CZ, DE, DK, EE, ES, FI, FR, GR, HR, HU, IE, IT, LT, LU, LV, MT, NL, PL, PT, RO, SE, SI, SK)",Egypt,COCOA AND COCOA PREPARATIONS,EXPORT,VALUE_IN_EUROS,2006,10808850
ESTAT:DS-045409(1.0),06/02/26 11:00:00,Annual,"European Union - 27 countries (AT, BE, BG, CY, CZ, DE, DK, EE, ES, FI, FR, GR, HR, HU, IE, IT, LT, LU, LV, MT, NL, PL, PT, RO, SE, SI, SK)",Egypt,COCOA AND COCOA PREPARATIONS,EXPORT,VALUE_IN_EUROS,2007,14344151
ESTAT:DS-045409(1.0),06/02/26 11:00:00,Annual,"European Union - 27 countries (AT, BE, BG, CY, CZ, DE, DK, EE, ES, FI, FR, GR, HR, HU, IE, IT, LT, LU, LV, MT, NL, PL, PT, RO, SE, SI, SK)",Egypt,COCOA AND COCOA PREPARATIONS,EXPORT,VALUE_IN_EUROS,2008,17810818
ESTAT:DS-045409(1.0),06/02/26 11:00:00,Annual,"European Union - 27 countries (AT, BE, BG, CY, CZ, DE, DK, EE, ES, FI, FR, GR, HR, HU, IE, IT, LT, LU, LV, MT, NL, PL, PT, RO, SE, SI, SK)",Egypt,COCOA AND COCOA PREPARATIONS,EXPORT,VALUE_IN_EUROS,2009,23052380
ESTAT:DS-045409(1.0),06/02/26 11:00:00,Annual,"European Union - 27 countries (AT, BE, BG, CY, CZ, DE, DK, EE, ES, FI, FR, GR, HR, HU, IE, IT, LT, LU, LV, MT, NL, PL, PT, RO, SE, SI, SK)",Egypt,COCOA AND COCOA PREPARATIONS,EXPORT,VALUE_IN_EUROS,2010,26806983
ESTAT:DS-045409(1.0),06/02/26 11:00:00,Annual,"European Union - 27 countries (AT, BE, BG, CY, CZ, DE, DK, EE, ES, FI, FR, GR, HR, HU, IE, IT, LT, LU, LV, MT, NL, PL, PT, RO, SE, SI, SK)",Egypt,COCOA AND COCOA PREPARATIONS,EXPORT,VALUE_IN_EUROS,2011,22805416
ESTAT:DS-045409(1.0),06/02/26 11:00:00,Annual,"European Union - 27 countries (AT, BE, BG, CY, CZ, DE, DK, EE, ES, FI, FR, GR, HR, HU, IE, IT, LT, LU, LV, MT, NL, PL, PT, RO, SE, SI, SK)",Egypt,COCOA AND COCOA PREPARATIONS,EXPORT,VALUE_IN_EUROS,2012,33803643
ESTAT:DS-045409(1.0),06/02/26 11:00:00,Annual,"European Union - 27 countries (AT, BE, BG, CY, CZ, DE, DK, EE, ES, FI, FR, GR, HR, HU, IE, IT, LT, LU, LV, MT, NL, PL, PT, RO, SE, SI, SK)",Egypt,COCOA AND COCOA PREPARATIONS,EXPORT,VALUE_IN_EUROS,2013,26710512
ESTAT:DS-045409(1.0),06/02/26 11:00:00,Annual,"European Union - 27 countries (AT, BE, BG, CY, CZ, DE, DK, EE, ES, FI, FR, GR, HR, HU, IE, IT, LT, LU, LV, MT, NL, PL, PT, RO, SE, SI, SK)",Egypt,COCOA AND COCOA PREPARATIONS,EXPORT,VALUE_IN_EUROS,2014,35060923
ESTAT:DS-045409(1.0),06/02/26 11:00:00,Annual,"European Union - 27 countries (AT, BE, BG, CY, CZ, DE, DK, EE, ES, FI, FR, GR, HR, HU, IE, IT, LT, LU, LV, MT, NL, PL, PT, RO, SE, SI, SK)",Egypt,COCOA AND COCOA PREPARATIONS,EXPORT,VALUE_IN_EUROS,2015,44777932
ESTAT:DS-045409(1.0),06/02/26 11:00:00,Annual,"European Union - 27 countries (AT, BE, BG, CY, CZ, DE, DK, EE, ES, FI, FR, GR, HR, HU, IE, IT, LT, LU, LV, MT, NL, PL, PT, RO, SE, SI, SK)",Egypt,COCOA AND COCOA PREPARATIONS,EXPORT,VALUE_IN_EUROS,2016,43349936
ESTAT:DS-045409(1.0),06/02/26 11:00:00,Annual,"European Union - 27 countries (AT, BE, BG, CY, CZ, DE, DK, EE, ES, FI, FR, GR, HR, HU, IE, IT, LT, LU, LV, MT, NL, PL, PT, RO, SE, SI, SK)",Egypt,COCOA AND COCOA PREPARATIONS,EXPORT,VALUE_IN_EUROS,2017,31328017
ESTAT:DS-045409(1.0),06/02/26 11:00:00,Annual,"European Union - 27 countries (AT, BE, BG, CY, CZ, DE, DK, EE, ES, FI, FR, GR, HR, HU, IE, IT, LT, LU, LV, MT, NL, PL, PT, RO, SE, SI, SK)",Egypt,COCOA AND COCOA PREPARATIONS,EXPORT,VALUE_IN_EUROS,2018,43046177
ESTAT:DS-045409(1.0),06/02/26 11:00:00,Annual,"European Union - 27 countries (AT, BE, BG, CY, CZ, DE, DK, EE, ES, FI, FR, GR, HR, HU, IE, IT, LT, LU, LV, MT, NL, PL, PT, RO, SE, SI, SK)",Egypt,COCOA AND COCOA PREPARATIONS,EXPORT,VALUE_IN_EUROS,2019,56069604
ESTAT:DS-045409(1.0),06/02/26 11:00:00,Annual,"European Union - 27 countries (AT, BE, BG, CY, CZ, DE, DK, EE, ES, FI, FR, GR, HR, HU, IE, IT, LT, LU, LV, MT, NL, PL, PT, RO, SE, SI, SK)",Egypt,COCOA AND COCOA PREPARATIONS,EXPORT,VALUE_IN_EUROS,2020,64825622
ESTAT:DS-045409(1.0),06/02/26 11:00:00,Annual,"European Union - 27 countries (AT, BE, BG, CY, CZ, DE, DK, EE, ES, FI, FR, GR, HR, HU, IE, IT, LT, LU, LV, MT, NL, PL, PT, RO, SE, SI, SK)",Egypt,COCOA AND COCOA PREPARATIONS,EXPORT,VALUE_IN_EUROS,2021,77391489
ESTAT:DS-045409(1.0),06/02/26 11:00:00,Annual,"European Union - 27 countries (AT, BE, BG, CY, CZ, DE, DK, EE, ES, FI, FR, GR, HR, HU, IE, IT, LT, LU, LV, MT, NL, PL, PT, RO, SE, SI, SK)",Egypt,COCOA AND COCOA PREPARATIONS,EXPORT,VALUE_IN_EUROS,2022,77300411
ESTAT:DS-045409(1.0),06/02/26 11:00:00,Annual,"European Union - 27 countries (AT, BE, BG, CY, CZ, DE, DK, EE, ES, FI, FR, GR, HR, HU, IE, IT, LT, LU, LV, MT, NL, PL, PT, RO, SE, SI, SK)",Egypt,COCOA AND COCOA PREPARATIONS,EXPORT,VALUE_IN_EUROS,2023,75884500
ESTAT:DS-045409(1.0),06/02/26 11:00:00,Annual,"European Union - 27 countries (AT, BE, BG, CY, CZ, DE, DK, EE, ES, FI, FR, GR, HR, HU, IE, IT, LT, LU, LV, MT, NL, PL, PT, RO, SE, SI, SK)",Egypt,COCOA AND COCOA PREPARATIONS,EXPORT,VALUE_IN_EUROS,2024,87402762
ESTAT:DS-045409(1.0),06/02/26 11:00:00,Annual,"European Union - 27 countries (AT, BE, BG, CY, CZ, DE, DK, EE, ES, FI, FR, GR, HR, HU, IE, IT, LT, LU, LV, MT, NL, PL, PT, RO, SE, SI, SK)",Eritrea,COCOA AND COCOA PREPARATIONS,EXPORT,VALUE_IN_EUROS,1999,511
ESTAT:DS-045409(1.0),06/02/26 11:00:00,Annual,"European Union - 27 countries (AT, BE, BG, CY, CZ, DE, DK, EE, ES, FI, FR, GR, HR, HU, IE, IT, LT, LU, LV, MT, NL, PL, PT, RO, SE, SI, SK)",Eritrea,COCOA AND COCOA PREPARATIONS,EXPORT,VALUE_IN_EUROS,2000,47539
ESTAT:DS-045409(1.0),06/02/26 11:00:00,Annual,"European Union - 27 countries (AT, BE, BG, CY, CZ, DE, DK, EE, ES, FI, FR, GR, HR, HU, IE, IT, LT, LU, LV, MT, NL, PL, PT, RO, SE, SI, SK)",Eritrea,COCOA AND COCOA PREPARATIONS,EXPORT,VALUE_IN_EUROS,2001,11487
ESTAT:DS-045409(1.0),06/02/26 11:00:00,Annual,"European Union - 27 countries (AT, BE, BG, CY, CZ, DE, DK, EE, ES, FI, FR, GR, HR, HU, IE, IT, LT, LU, LV, MT, NL, PL, PT, RO, SE, SI, SK)",Eritrea,COCOA AND COCOA PREPARATIONS,EXPORT,VALUE_IN_EUROS,2002,22707
ESTAT:DS-045409(1.0),06/02/26 11:00:00,Annual,"European Union - 27 countries (AT, BE, BG, CY, CZ, DE, DK, EE, ES, FI, FR, GR, HR, HU, IE, IT, LT, LU, LV, MT, NL, PL, PT, RO, SE, SI, SK)",Eritrea,COCOA AND COCOA PREPARATIONS,EXPORT,VALUE_IN_EUROS,2003,17961
ESTAT:DS-045409(1.0),06/02/26 11:00:00,Annual,"European Union - 27 countries (AT, BE, BG, CY, CZ, DE, DK, EE, ES, FI, FR, GR, HR, HU, IE, IT, LT, LU, LV, MT, NL, PL, PT, RO, SE, SI, SK)",Eritrea,COCOA AND COCOA PREPARATIONS,EXPORT,VALUE_IN_EUROS,2004,43224
ESTAT:DS-045409(1.0),06/02/26 11:00:00,Annual,"European Union - 27 countries (AT, BE, BG, CY, CZ, DE, DK, EE, ES, FI, FR, GR, HR, HU, IE, IT, LT, LU, LV, MT, NL, PL, PT, RO, SE, SI, SK)",Eritrea,COCOA AND COCOA PREPARATIONS,EXPORT,VALUE_IN_EUROS,2005,20360
ESTAT:DS-045409(1.0),06/02/26 11:00:00,Annual,"European Union - 27 countries (AT, BE, BG, CY, CZ, DE, DK, EE, ES, FI, FR, GR, HR, HU, IE, IT, LT, LU, LV, MT, NL, PL, PT, RO, SE, SI, SK)",Eritrea,COCOA AND COCOA PREPARATIONS,EXPORT,VALUE_IN_EUROS,2006,2953
ESTAT:DS-045409(1.0),06/02/26 11:00:00,Annual,"European Union - 27 countries (AT, BE, BG, CY, CZ, DE, DK, EE, ES, FI, FR, GR, HR, HU, IE, IT, LT, LU, LV, MT, NL, PL, PT, RO, SE, SI, SK)",Eritrea,COCOA AND COCOA PREPARATIONS,EXPORT,VALUE_IN_EUROS,2007,894
ESTAT:DS-045409(1.0),06/02/26 11:00:00,Annual,"European Union - 27 countries (AT, BE, BG, CY, CZ, DE, DK, EE, ES, FI, FR, GR, HR, HU, IE, IT, LT, LU, LV, MT, NL, PL, PT, RO, SE, SI, SK)",Eritrea,COCOA AND COCOA PREPARATIONS,EXPORT,VALUE_IN_EUROS,2008,14866
ESTAT:DS-045409(1.0),06/02/26 11:00:00,Annual,"European Union - 27 countries (AT, BE, BG, CY, CZ, DE, DK, EE, ES, FI, FR, GR, HR, HU, IE, IT, LT, LU, LV, MT, NL, PL, PT, RO, SE, SI, SK)",Eritrea,COCOA AND COCOA PREPARATIONS,EXPORT,VALUE_IN_EUROS,2009,882
ESTAT:DS-045409(1.0),06/02/26 11:00:00,Annual,"European Union - 27 countries (AT, BE, BG, CY, CZ, DE, DK, EE, ES, FI, FR, GR, HR, HU, IE, IT, LT, LU, LV, MT, NL, PL, PT, RO, SE, SI, SK)",Eritrea,COCOA AND COCOA PREPARATIONS,EXPORT,VALUE_IN_EUROS,2010,7540
ESTAT:DS-045409(1.0),06/02/26 11:00:00,Annual,"European Union - 27 countries (AT, BE, BG, CY, CZ, DE, DK, EE, ES, FI, FR, GR, HR, HU, IE, IT, LT, LU, LV, MT, NL, PL, PT, RO, SE, SI, SK)",Eritrea,COCOA AND COCOA PREPARATIONS,EXPORT,VALUE_IN_EUROS,2011,10825
ESTAT:DS-045409(1.0),06/02/26 11:00:00,Annual,"European Union - 27 countries (AT, BE, BG, CY, CZ, DE, DK, EE, ES, FI, FR, GR, HR, HU, IE, IT, LT, LU, LV, MT, NL, PL, PT, RO, SE, SI, SK)",Eritrea,COCOA AND COCOA PREPARATIONS,EXPORT,VALUE_IN_EUROS,2012,4190
ESTAT:DS-045409(1.0),06/02/26 11:00:00,Annual,"European Union - 27 countries (AT, BE, BG, CY, CZ, DE, DK, EE, ES, FI, FR, GR, HR, HU, IE, IT, LT, LU, LV, MT, NL, PL, PT, RO, SE, SI, SK)",Eritrea,COCOA AND COCOA PREPARATIONS,EXPORT,VALUE_IN_EUROS,2015,3588
ESTAT:DS-045409(1.0),06/02/26 11:00:00,Annual,"European Union - 27 countries (AT, BE, BG, CY, CZ, DE, DK, EE, ES, FI, FR, GR, HR, HU, IE, IT, LT, LU, LV, MT, NL, PL, PT, RO, SE, SI, SK)",Eritrea,COCOA AND COCOA PREPARATIONS,EXPORT,VALUE_IN_EUROS,2016,694
ESTAT:DS-045409(1.0),06/02/26 11:00:00,Annual,"European Union - 27 countries (AT, BE, BG, CY, CZ, DE, DK, EE, ES, FI, FR, GR, HR, HU, IE, IT, LT, LU, LV, MT, NL, PL, PT, RO, SE, SI, SK)",Eritrea,COCOA AND COCOA PREPARATIONS,EXPORT,VALUE_IN_EUROS,2017,1747
ESTAT:DS-045409(1.0),06/02/26 11:00:00,Annual,"European Union - 27 countries (AT, BE, BG, CY, CZ, DE, DK, EE, ES, FI, FR, GR, HR, HU, IE, IT, LT, LU, LV, MT, NL, PL, PT, RO, SE, SI, SK)",Eritrea,COCOA AND COCOA PREPARATIONS,EXPORT,VALUE_IN_EUROS,2018,2296
ESTAT:DS-045409(1.0),06/02/26 11:00:00,Annual,"European Union - 27 countries (AT, BE, BG, CY, CZ, DE, DK, EE, ES, FI, FR, GR, HR, HU, IE, IT, LT, LU, LV, MT, NL, PL, PT, RO, SE, SI, SK)",Eritrea,COCOA AND COCOA PREPARATIONS,EXPORT,VALUE_IN_EUROS,2019,50421
ESTAT:DS-045409(1.0),06/02/26 11:00:00,Annual,"European Union - 27 countries (AT, BE, BG, CY, CZ, DE, DK, EE, ES, FI, FR, GR, HR, HU, IE, IT, LT, LU, LV, MT, NL, PL, PT, RO, SE, SI, SK)",Eritrea,COCOA AND COCOA PREPARATIONS,EXPORT,VALUE_IN_EUROS,2020,9981
ESTAT:DS-045409(1.0),06/02/26 11:00:00,Annual,"European Union - 27 countries (AT, BE, BG, CY, CZ, DE, DK, EE, ES, FI, FR, GR, HR, HU, IE, IT, LT, LU, LV, MT, NL, PL, PT, RO, SE, SI, SK)",Eritrea,COCOA AND COCOA PREPARATIONS,EXPORT,VALUE_IN_EUROS,2021,12426
ESTAT:DS-045409(1.0),06/02/26 11:00:00,Annual,"European Union - 27 countries (AT, BE, BG, CY, CZ, DE, DK, EE, ES, FI, FR, GR, HR, HU, IE, IT, LT, LU, LV, MT, NL, PL, PT, RO, SE, SI, SK)",Eritrea,COCOA AND COCOA PREPARATIONS,EXPORT,VALUE_IN_EUROS,2022,1465
ESTAT:DS-045409(1.0),06/02/26 11:00:00,Annual,"European Union - 27 countries (AT, BE, BG, CY, CZ, DE, DK, EE, ES, FI, FR, GR, HR, HU, IE, IT, LT, LU, LV, MT, NL, PL, PT, RO, SE, SI, SK)",Eritrea,COCOA AND COCOA PREPARATIONS,EXPORT,VALUE_IN_EUROS,2023,898
ESTAT:DS-045409(1.0),06/02/26 11:00:00,Annual,"European Union - 27 countries (AT, BE, BG, CY, CZ, DE, DK, EE, ES, FI, FR, GR, HR, HU, IE, IT, LT, LU, LV, MT, NL, PL, PT, RO, SE, SI, SK)",Eritrea,COCOA AND COCOA PREPARATIONS,EXPORT,VALUE_IN_EUROS,2024,14453
ESTAT:DS-045409(1.0),06/02/26 11:00:00,Annual,"European Union - 27 countries (AT, BE, BG, CY, CZ, DE, DK, EE, ES, FI, FR, GR, HR, HU, IE, IT, LT, LU, LV, MT, NL, PL, PT, RO, SE, SI, SK)",Ethiopia (incl. Eritrea 'ER' -> 1993),COCOA AND COCOA PREPARATIONS,EXPORT,VALUE_IN_EUROS,1999,38020
ESTAT:DS-045409(1.0),06/02/26 11:00:00,Annual,"European Union - 27 countries (AT, BE, BG, CY, CZ, DE, DK, EE, ES, FI, FR, GR, HR, HU, IE, IT, LT, LU, LV, MT, NL, PL, PT, RO, SE, SI, SK)",Ethiopia (incl. Eritrea 'ER' -> 1993),COCOA AND COCOA PREPARATIONS,EXPORT,VALUE_IN_EUROS,2000,58133
ESTAT:DS-045409(1.0),06/02/26 11:00:00,Annual,"European Union - 27 countries (AT, BE, BG, CY, CZ, DE, DK, EE, ES, FI, FR, GR, HR, HU, IE, IT, LT, LU, LV, MT, NL, PL, PT, RO, SE, SI, SK)",Ethiopia (incl. Eritrea 'ER' -> 1993),COCOA AND COCOA PREPARATIONS,EXPORT,VALUE_IN_EUROS,2001,90362
ESTAT:DS-045409(1.0),06/02/26 11:00:00,Annual,"European Union - 27 countries (AT, BE, BG, CY, CZ, DE, DK, EE, ES, FI, FR, GR, HR, HU, IE, IT, LT, LU, LV, MT, NL, PL, PT, RO, SE, SI, SK)",Ethiopia (incl. Eritrea 'ER' -> 1993),COCOA AND COCOA PREPARATIONS,EXPORT,VALUE_IN_EUROS,2002,109924
ESTAT:DS-045409(1.0),06/02/26 11:00:00,Annual,"European Union - 27 countries (AT, BE, BG, CY, CZ, DE, DK, EE, ES, FI, FR, GR, HR, HU, IE, IT, LT, LU, LV, MT, NL, PL, PT, RO, SE, SI, SK)",Ethiopia (incl. Eritrea 'ER' -> 1993),COCOA AND COCOA PREPARATIONS,EXPORT,VALUE_IN_EUROS,2003,180212
ESTAT:DS-045409(1.0),06/02/26 11:00:00,Annual,"European Union - 27 countries (AT, BE, BG, CY, CZ, DE, DK, EE, ES, FI, FR, GR, HR, HU, IE, IT, LT, LU, LV, MT, NL, PL, PT, RO, SE, SI, SK)",Ethiopia (incl. Eritrea 'ER' -> 1993),COCOA AND COCOA PREPARATIONS,EXPORT,VALUE_IN_EUROS,2004,701723
ESTAT:DS-045409(1.0),06/02/26 11:00:00,Annual,"European Union - 27 countries (AT, BE, BG, CY, CZ, DE, DK, EE, ES, FI, FR, GR, HR, HU, IE, IT, LT, LU, LV, MT, NL, PL, PT, RO, SE, SI, SK)",Ethiopia (incl. Eritrea 'ER' -> 1993),COCOA AND COCOA PREPARATIONS,EXPORT,VALUE_IN_EUROS,2005,875492
ESTAT:DS-045409(1.0),06/02/26 11:00:00,Annual,"European Union - 27 countries (AT, BE, BG, CY, CZ, DE, DK, EE, ES, FI, FR, GR, HR, HU, IE, IT, LT, LU, LV, MT, NL, PL, PT, RO, SE, SI, SK)",Ethiopia (incl. Eritrea 'ER' -> 1993),COCOA AND COCOA PREPARATIONS,EXPORT,VALUE_IN_EUROS,2006,523749
ESTAT:DS-045409(1.0),06/02/26 11:00:00,Annual,"European Union - 27 countries (AT, BE, BG, CY, CZ, DE, DK, EE, ES, FI, FR, GR, HR, HU, IE, IT, LT, LU, LV, MT, NL, PL, PT, RO, SE, SI, SK)",Ethiopia (incl. Eritrea 'ER' -> 1993),COCOA AND COCOA PREPARATIONS,EXPORT,VALUE_IN_EUROS,2007,633459
ESTAT:DS-045409(1.0),06/02/26 11:00:00,Annual,"European Union - 27 countries (AT, BE, BG, CY, CZ, DE, DK, EE, ES, FI, FR, GR, HR, HU, IE, IT, LT, LU, LV, MT, NL, PL, PT, RO, SE, SI, SK)",Ethiopia (incl. Eritrea 'ER' -> 1993),COCOA AND COCOA PREPARATIONS,EXPORT,VALUE_IN_EUROS,2008,502100
ESTAT:DS-045409(1.0),06/02/26 11:00:00,Annual,"European Union - 27 countries (AT, BE, BG, CY, CZ, DE, DK, EE, ES, FI, FR, GR, HR, HU, IE, IT, LT, LU, LV, MT, NL, PL, PT, RO, SE, SI, SK)",Ethiopia (incl. Eritrea 'ER' -> 1993),COCOA AND COCOA PREPARATIONS,EXPORT,VALUE_IN_EUROS,2009,717098
ESTAT:DS-045409(1.0),06/02/26 11:00:00,Annual,"European Union - 27 countries (AT, BE, BG, CY, CZ, DE, DK, EE, ES, FI, FR, GR, HR, HU, IE, IT, LT, LU, LV, MT, NL, PL, PT, RO, SE, SI, SK)",Ethiopia (incl. Eritrea 'ER' -> 1993),COCOA AND COCOA PREPARATIONS,EXPORT,VALUE_IN_EUROS,2010,787615
ESTAT:DS-045409(1.0),06/02/26 11:00:00,Annual,"European Union - 27 countries (AT, BE, BG, CY, CZ, DE, DK, EE, ES, FI, FR, GR, HR, HU, IE, IT, LT, LU, LV, MT, NL, PL, PT, RO, SE, SI, SK)",Ethiopia (incl. Eritrea 'ER' -> 1993),COCOA AND COCOA PREPARATIONS,EXPORT,VALUE_IN_EUROS,2011,1477664
ESTAT:DS-045409(1.0),06/02/26 11:00:00,Annual,"European Union - 27 countries (AT, BE, BG, CY, CZ, DE, DK, EE, ES, FI, FR, GR, HR, HU, IE, IT, LT, LU, LV, MT, NL, PL, PT, RO, SE, SI, SK)",Ethiopia (incl. Eritrea 'ER' -> 1993),COCOA AND COCOA PREPARATIONS,EXPORT,VALUE_IN_EUROS,2012,1509201
ESTAT:DS-045409(1.0),06/02/26 11:00:00,Annual,"European Union - 27 countries (AT, BE, BG, CY, CZ, DE, DK, EE, ES, FI, FR, GR, HR, HU, IE, IT, LT, LU, LV, MT, NL, PL, PT, RO, SE, SI, SK)",Ethiopia (incl. Eritrea 'ER' -> 1993),COCOA AND COCOA PREPARATIONS,EXPORT,VALUE_IN_EUROS,2013,1130073
ESTAT:DS-045409(1.0),06/02/26 11:00:00,Annual,"European Union - 27 countries (AT, BE, BG, CY, CZ, DE, DK, EE, ES, FI, FR, GR, HR, HU, IE, IT, LT, LU, LV, MT, NL, PL, PT, RO, SE, SI, SK)",Ethiopia (incl. Eritrea 'ER' -> 1993),COCOA AND COCOA PREPARATIONS,EXPORT,VALUE_IN_EUROS,2014,1055891
ESTAT:DS-045409(1.0),06/02/26 11:00:00,Annual,"European Union - 27 countries (AT, BE, BG, CY, CZ, DE, DK, EE, ES, FI, FR, GR, HR, HU, IE, IT, LT, LU, LV, MT, NL, PL, PT, RO, SE, SI, SK)",Ethiopia (incl. Eritrea 'ER' -> 1993),COCOA AND COCOA PREPARATIONS,EXPORT,VALUE_IN_EUROS,2015,854723
ESTAT:DS-045409(1.0),06/02/26 11:00:00,Annual,"European Union - 27 countries (AT, BE, BG, CY, CZ, DE, DK, EE, ES, FI, FR, GR, HR, HU, IE, IT, LT, LU, LV, MT, NL, PL, PT, RO, SE, SI, SK)",Ethiopia (incl. Eritrea 'ER' -> 1993),COCOA AND COCOA PREPARATIONS,EXPORT,VALUE_IN_EUROS,2016,1341391
ESTAT:DS-045409(1.0),06/02/26 11:00:00,Annual,"European Union - 27 countries (AT, BE, BG, CY, CZ, DE, DK, EE, ES, FI, FR, GR, HR, HU, IE, IT, LT, LU, LV, MT, NL, PL, PT, RO, SE, SI, SK)",Ethiopia (incl. Eritrea 'ER' -> 1993),COCOA AND COCOA PREPARATIONS,EXPORT,VALUE_IN_EUROS,2017,1951140
ESTAT:DS-045409(1.0),06/02/26 11:00:00,Annual,"European Union - 27 countries (AT, BE, BG, CY, CZ, DE, DK, EE, ES, FI, FR, GR, HR, HU, IE, IT, LT, LU, LV, MT, NL, PL, PT, RO, SE, SI, SK)",Ethiopia (incl. Eritrea 'ER' -> 1993),COCOA AND COCOA PREPARATIONS,EXPORT,VALUE_IN_EUROS,2018,2692235
ESTAT:DS-045409(1.0),06/02/26 11:00:00,Annual,"European Union - 27 countries (AT, BE, BG, CY, CZ, DE, DK, EE, ES, FI, FR, GR, HR, HU, IE, IT, LT, LU, LV, MT, NL, PL, PT, RO, SE, SI, SK)",Ethiopia (incl. Eritrea 'ER' -> 1993),COCOA AND COCOA PREPARATIONS,EXPORT,VALUE_IN_EUROS,2019,2357503
ESTAT:DS-045409(1.0),06/02/26 11:00:00,Annual,"European Union - 27 countries (AT, BE, BG, CY, CZ, DE, DK, EE, ES, FI, FR, GR, HR, HU, IE, IT, LT, LU, LV, MT, NL, PL, PT, RO, SE, SI, SK)",Ethiopia (incl. Eritrea 'ER' -> 1993),COCOA AND COCOA PREPARATIONS,EXPORT,VALUE_IN_EUROS,2020,847337
ESTAT:DS-045409(1.0),06/02/26 11:00:00,Annual,"European Union - 27 countries (AT, BE, BG, CY, CZ, DE, DK, EE, ES, FI, FR, GR, HR, HU, IE, IT, LT, LU, LV, MT, NL, PL, PT, RO, SE, SI, SK)",Ethiopia (incl. Eritrea 'ER' -> 1993),COCOA AND COCOA PREPARATIONS,EXPORT,VALUE_IN_EUROS,2021,1126098
ESTAT:DS-045409(1.0),06/02/26 11:00:00,Annual,"European Union - 27 countries (AT, BE, BG, CY, CZ, DE, DK, EE, ES, FI, FR, GR, HR, HU, IE, IT, LT, LU, LV, MT, NL, PL, PT, RO, SE, SI, SK)",Ethiopia (incl. Eritrea 'ER' -> 1993),COCOA AND COCOA PREPARATIONS,EXPORT,VALUE_IN_EUROS,2022,1440331
ESTAT:DS-045409(1.0),06/02/26 11:00:00,Annual,"European Union - 27 countries (AT, BE, BG, CY, CZ, DE, DK, EE, ES, FI, FR, GR, HR, HU, IE, IT, LT, LU, LV, MT, NL, PL, PT, RO, SE, SI, SK)",Ethiopia (incl. Eritrea 'ER' -> 1993),COCOA AND COCOA PREPARATIONS,EXPORT,VALUE_IN_EUROS,2023,1964032
ESTAT:DS-045409(1.0),06/02/26 11:00:00,Annual,"European Union - 27 countries (AT, BE, BG, CY, CZ, DE, DK, EE, ES, FI, FR, GR, HR, HU, IE, IT, LT, LU, LV, MT, NL, PL, PT, RO, SE, SI, SK)",Ethiopia (incl. Eritrea 'ER' -> 1993),COCOA AND COCOA PREPARATIONS,EXPORT,VALUE_IN_EUROS,2024,2745515
ESTAT:DS-045409(1.0),06/02/26 11:00:00,Annual,"European Union - 27 countries (AT, BE, BG, CY, CZ, DE, DK, EE, ES, FI, FR, GR, HR, HU, IE, IT, LT, LU, LV, MT, NL, PL, PT, RO, SE, SI, SK)",Gabon,COCOA AND COCOA PREPARATIONS,EXPORT,VALUE_IN_EUROS,1999,255997
ESTAT:DS-045409(1.0),06/02/26 11:00:00,Annual,"European Union - 27 countries (AT, BE, BG, CY, CZ, DE, DK, EE, ES, FI, FR, GR, HR, HU, IE, IT, LT, LU, LV, MT, NL, PL, PT, RO, SE, SI, SK)",Gabon,COCOA AND COCOA PREPARATIONS,EXPORT,VALUE_IN_EUROS,2000,290353
ESTAT:DS-045409(1.0),06/02/26 11:00:00,Annual,"European Union - 27 countries (AT, BE, BG, CY, CZ, DE, DK, EE, ES, FI, FR, GR, HR, HU, IE, IT, LT, LU, LV, MT, NL, PL, PT, RO, SE, SI, SK)",Gabon,COCOA AND COCOA PREPARATIONS,EXPORT,VALUE_IN_EUROS,2001,374264
ESTAT:DS-045409(1.0),06/02/26 11:00:00,Annual,"European Union - 27 countries (AT, BE, BG, CY, CZ, DE, DK, EE, ES, FI, FR, GR, HR, HU, IE, IT, LT, LU, LV, MT, NL, PL, PT, RO, SE, SI, SK)",Gabon,COCOA AND COCOA PREPARATIONS,EXPORT,VALUE_IN_EUROS,2002,312627
ESTAT:DS-045409(1.0),06/02/26 11:00:00,Annual,"European Union - 27 countries (AT, BE, BG, CY, CZ, DE, DK, EE, ES, FI, FR, GR, HR, HU, IE, IT, LT, LU, LV, MT, NL, PL, PT, RO, SE, SI, SK)",Gabon,COCOA AND COCOA PREPARATIONS,EXPORT,VALUE_IN_EUROS,2003,315075
ESTAT:DS-045409(1.0),06/02/26 11:00:00,Annual,"European Union - 27 countries (AT, BE, BG, CY, CZ, DE, DK, EE, ES, FI, FR, GR, HR, HU, IE, IT, LT, LU, LV, MT, NL, PL, PT, RO, SE, SI, SK)",Gabon,COCOA AND COCOA PREPARATIONS,EXPORT,VALUE_IN_EUROS,2004,320614
ESTAT:DS-045409(1.0),06/02/26 11:00:00,Annual,"European Union - 27 countries (AT, BE, BG, CY, CZ, DE, DK, EE, ES, FI, FR, GR, HR, HU, IE, IT, LT, LU, LV, MT, NL, PL, PT, RO, SE, SI, SK)",Gabon,COCOA AND COCOA PREPARATIONS,EXPORT,VALUE_IN_EUROS,2005,342198
ESTAT:DS-045409(1.0),06/02/26 11:00:00,Annual,"European Union - 27 countries (AT, BE, BG, CY, CZ, DE, DK, EE, ES, FI, FR, GR, HR, HU, IE, IT, LT, LU, LV, MT, NL, PL, PT, RO, SE, SI, SK)",Gabon,COCOA AND COCOA PREPARATIONS,EXPORT,VALUE_IN_EUROS,2006,416573
ESTAT:DS-045409(1.0),06/02/26 11:00:00,Annual,"European Union - 27 countries (AT, BE, BG, CY, CZ, DE, DK, EE, ES, FI, FR, GR, HR, HU, IE, IT, LT, LU, LV, MT, NL, PL, PT, RO, SE, SI, SK)",Gabon,COCOA AND COCOA PREPARATIONS,EXPORT,VALUE_IN_EUROS,2007,632736
ESTAT:DS-045409(1.0),06/02/26 11:00:00,Annual,"European Union - 27 countries (AT, BE, BG, CY, CZ, DE, DK, EE, ES, FI, FR, GR, HR, HU, IE, IT, LT, LU, LV, MT, NL, PL, PT, RO, SE, SI, SK)",Gabon,COCOA AND COCOA PREPARATIONS,EXPORT,VALUE_IN_EUROS,2008,687613
ESTAT:DS-045409(1.0),06/02/26 11:00:00,Annual,"European Union - 27 countries (AT, BE, BG, CY, CZ, DE, DK, EE, ES, FI, FR, GR, HR, HU, IE, IT, LT, LU, LV, MT, NL, PL, PT, RO, SE, SI, SK)",Gabon,COCOA AND COCOA PREPARATIONS,EXPORT,VALUE_IN_EUROS,2009,642762
ESTAT:DS-045409(1.0),06/02/26 11:00:00,Annual,"European Union - 27 countries (AT, BE, BG, CY, CZ, DE, DK, EE, ES, FI, FR, GR, HR, HU, IE, IT, LT, LU, LV, MT, NL, PL, PT, RO, SE, SI, SK)",Gabon,COCOA AND COCOA PREPARATIONS,EXPORT,VALUE_IN_EUROS,2010,921182
ESTAT:DS-045409(1.0),06/02/26 11:00:00,Annual,"European Union - 27 countries (AT, BE, BG, CY, CZ, DE, DK, EE, ES, FI, FR, GR, HR, HU, IE, IT, LT, LU, LV, MT, NL, PL, PT, RO, SE, SI, SK)",Gabon,COCOA AND COCOA PREPARATIONS,EXPORT,VALUE_IN_EUROS,2011,1635527
ESTAT:DS-045409(1.0),06/02/26 11:00:00,Annual,"European Union - 27 countries (AT, BE, BG, CY, CZ, DE, DK, EE, ES, FI, FR, GR, HR, HU, IE, IT, LT, LU, LV, MT, NL, PL, PT, RO, SE, SI, SK)",Gabon,COCOA AND COCOA PREPARATIONS,EXPORT,VALUE_IN_EUROS,2012,1452267
ESTAT:DS-045409(1.0),06/02/26 11:00:00,Annual,"European Union - 27 countries (AT, BE, BG, CY, CZ, DE, DK, EE, ES, FI, FR, GR, HR, HU, IE, IT, LT, LU, LV, MT, NL, PL, PT, RO, SE, SI, SK)",Gabon,COCOA AND COCOA PREPARATIONS,EXPORT,VALUE_IN_EUROS,2013,1685533
ESTAT:DS-045409(1.0),06/02/26 11:00:00,Annual,"European Union - 27 countries (AT, BE, BG, CY, CZ, DE, DK, EE, ES, FI, FR, GR, HR, HU, IE, IT, LT, LU, LV, MT, NL, PL, PT, RO, SE, SI, SK)",Gabon,COCOA AND COCOA PREPARATIONS,EXPORT,VALUE_IN_EUROS,2014,1761498
ESTAT:DS-045409(1.0),06/02/26 11:00:00,Annual,"European Union - 27 countries (AT, BE, BG, CY, CZ, DE, DK, EE, ES, FI, FR, GR, HR, HU, IE, IT, LT, LU, LV, MT, NL, PL, PT, RO, SE, SI, SK)",Gabon,COCOA AND COCOA PREPARATIONS,EXPORT,VALUE_IN_EUROS,2015,1621373
ESTAT:DS-045409(1.0),06/02/26 11:00:00,Annual,"European Union - 27 countries (AT, BE, BG, CY, CZ, DE, DK, EE, ES, FI, FR, GR, HR, HU, IE, IT, LT, LU, LV, MT, NL, PL, PT, RO, SE, SI, SK)",Gabon,COCOA AND COCOA PREPARATIONS,EXPORT,VALUE_IN_EUROS,2016,1379360
ESTAT:DS-045409(1.0),06/02/26 11:00:00,Annual,"European Union - 27 countries (AT, BE, BG, CY, CZ, DE, DK, EE, ES, FI, FR, GR, HR, HU, IE, IT, LT, LU, LV, MT, NL, PL, PT, RO, SE, SI, SK)",Gabon,COCOA AND COCOA PREPARATIONS,EXPORT,VALUE_IN_EUROS,2017,1756590
ESTAT:DS-045409(1.0),06/02/26 11:00:00,Annual,"European Union - 27 countries (AT, BE, BG, CY, CZ, DE, DK, EE, ES, FI, FR, GR, HR, HU, IE, IT, LT, LU, LV, MT, NL, PL, PT, RO, SE, SI, SK)",Gabon,COCOA AND COCOA PREPARATIONS,EXPORT,VALUE_IN_EUROS,2018,1644418
ESTAT:DS-045409(1.0),06/02/26 11:00:00,Annual,"European Union - 27 countries (AT, BE, BG, CY, CZ, DE, DK, EE, ES, FI, FR, GR, HR, HU, IE, IT, LT, LU, LV, MT, NL, PL, PT, RO, SE, SI, SK)",Gabon,COCOA AND COCOA PREPARATIONS,EXPORT,VALUE_IN_EUROS,2019,1789492
ESTAT:DS-045409(1.0),06/02/26 11:00:00,Annual,"European Union - 27 countries (AT, BE, BG, CY, CZ, DE, DK, EE, ES, FI, FR, GR, HR, HU, IE, IT, LT, LU, LV, MT, NL, PL, PT, RO, SE, SI, SK)",Gabon,COCOA AND COCOA PREPARATIONS,EXPORT,VALUE_IN_EUROS,2020,1752699
ESTAT:DS-045409(1.0),06/02/26 11:00:00,Annual,"European Union - 27 countries (AT, BE, BG, CY, CZ, DE, DK, EE, ES, FI, FR, GR, HR, HU, IE, IT, LT, LU, LV, MT, NL, PL, PT, RO, SE, SI, SK)",Gabon,COCOA AND COCOA PREPARATIONS,EXPORT,VALUE_IN_EUROS,2021,1931746
ESTAT:DS-045409(1.0),06/02/26 11:00:00,Annual,"European Union - 27 countries (AT, BE, BG, CY, CZ, DE, DK, EE, ES, FI, FR, GR, HR, HU, IE, IT, LT, LU, LV, MT, NL, PL, PT, RO, SE, SI, SK)",Gabon,COCOA AND COCOA PREPARATIONS,EXPORT,VALUE_IN_EUROS,2022,2591219
ESTAT:DS-045409(1.0),06/02/26 11:00:00,Annual,"European Union - 27 countries (AT, BE, BG, CY, CZ, DE, DK, EE, ES, FI, FR, GR, HR, HU, IE, IT, LT, LU, LV, MT, NL, PL, PT, RO, SE, SI, SK)",Gabon,COCOA AND COCOA PREPARATIONS,EXPORT,VALUE_IN_EUROS,2023,2596100
ESTAT:DS-045409(1.0),06/02/26 11:00:00,Annual,"European Union - 27 countries (AT, BE, BG, CY, CZ, DE, DK, EE, ES, FI, FR, GR, HR, HU, IE, IT, LT, LU, LV, MT, NL, PL, PT, RO, SE, SI, SK)",Gabon,COCOA AND COCOA PREPARATIONS,EXPORT,VALUE_IN_EUROS,2024,3868970
ESTAT:DS-045409(1.0),06/02/26 11:00:00,Annual,"European Union - 27 countries (AT, BE, BG, CY, CZ, DE, DK, EE, ES, FI, FR, GR, HR, HU, IE, IT, LT, LU, LV, MT, NL, PL, PT, RO, SE, SI, SK)",Ghana,COCOA AND COCOA PREPARATIONS,EXPORT,VALUE_IN_EUROS,1999,70538
ESTAT:DS-045409(1.0),06/02/26 11:00:00,Annual,"European Union - 27 countries (AT, BE, BG, CY, CZ, DE, DK, EE, ES, FI, FR, GR, HR, HU, IE, IT, LT, LU, LV, MT, NL, PL, PT, RO, SE, SI, SK)",Ghana,COCOA AND COCOA PREPARATIONS,EXPORT,VALUE_IN_EUROS,2000,61036
ESTAT:DS-045409(1.0),06/02/26 11:00:00,Annual,"European Union - 27 countries (AT, BE, BG, CY, CZ, DE, DK, EE, ES, FI, FR, GR, HR, HU, IE, IT, LT, LU, LV, MT, NL, PL, PT, RO, SE, SI, SK)",Ghana,COCOA AND COCOA PREPARATIONS,EXPORT,VALUE_IN_EUROS,2001,320779
ESTAT:DS-045409(1.0),06/02/26 11:00:00,Annual,"European Union - 27 countries (AT, BE, BG, CY, CZ, DE, DK, EE, ES, FI, FR, GR, HR, HU, IE, IT, LT, LU, LV, MT, NL, PL, PT, RO, SE, SI, SK)",Ghana,COCOA AND COCOA PREPARATIONS,EXPORT,VALUE_IN_EUROS,2002,126790
ESTAT:DS-045409(1.0),06/02/26 11:00:00,Annual,"European Union - 27 countries (AT, BE, BG, CY, CZ, DE, DK, EE, ES, FI, FR, GR, HR, HU, IE, IT, LT, LU, LV, MT, NL, PL, PT, RO, SE, SI, SK)",Ghana,COCOA AND COCOA PREPARATIONS,EXPORT,VALUE_IN_EUROS,2003,276417
ESTAT:DS-045409(1.0),06/02/26 11:00:00,Annual,"European Union - 27 countries (AT, BE, BG, CY, CZ, DE, DK, EE, ES, FI, FR, GR, HR, HU, IE, IT, LT, LU, LV, MT, NL, PL, PT, RO, SE, SI, SK)",Ghana,COCOA AND COCOA PREPARATIONS,EXPORT,VALUE_IN_EUROS,2004,316646
ESTAT:DS-045409(1.0),06/02/26 11:00:00,Annual,"European Union - 27 countries (AT, BE, BG, CY, CZ, DE, DK, EE, ES, FI, FR, GR, HR, HU, IE, IT, LT, LU, LV, MT, NL, PL, PT, RO, SE, SI, SK)",Ghana,COCOA AND COCOA PREPARATIONS,EXPORT,VALUE_IN_EUROS,2005,379363
ESTAT:DS-045409(1.0),06/02/26 11:00:00,Annual,"European Union - 27 countries (AT, BE, BG, CY, CZ, DE, DK, EE, ES, FI, FR, GR, HR, HU, IE, IT, LT, LU, LV, MT, NL, PL, PT, RO, SE, SI, SK)",Ghana,COCOA AND COCOA PREPARATIONS,EXPORT,VALUE_IN_EUROS,2006,424209
ESTAT:DS-045409(1.0),06/02/26 11:00:00,Annual,"European Union - 27 countries (AT, BE, BG, CY, CZ, DE, DK, EE, ES, FI, FR, GR, HR, HU, IE, IT, LT, LU, LV, MT, NL, PL, PT, RO, SE, SI, SK)",Ghana,COCOA AND COCOA PREPARATIONS,EXPORT,VALUE_IN_EUROS,2007,521813
ESTAT:DS-045409(1.0),06/02/26 11:00:00,Annual,"European Union - 27 countries (AT, BE, BG, CY, CZ, DE, DK, EE, ES, FI, FR, GR, HR, HU, IE, IT, LT, LU, LV, MT, NL, PL, PT, RO, SE, SI, SK)",Ghana,COCOA AND COCOA PREPARATIONS,EXPORT,VALUE_IN_EUROS,2008,327390
ESTAT:DS-045409(1.0),06/02/26 11:00:00,Annual,"European Union - 27 countries (AT, BE, BG, CY, CZ, DE, DK, EE, ES, FI, FR, GR, HR, HU, IE, IT, LT, LU, LV, MT, NL, PL, PT, RO, SE, SI, SK)",Ghana,COCOA AND COCOA PREPARATIONS,EXPORT,VALUE_IN_EUROS,2009,3566647
ESTAT:DS-045409(1.0),06/02/26 11:00:00,Annual,"European Union - 27 countries (AT, BE, BG, CY, CZ, DE, DK, EE, ES, FI, FR, GR, HR, HU, IE, IT, LT, LU, LV, MT, NL, PL, PT, RO, SE, SI, SK)",Ghana,COCOA AND COCOA PREPARATIONS,EXPORT,VALUE_IN_EUROS,2010,972799
ESTAT:DS-045409(1.0),06/02/26 11:00:00,Annual,"European Union - 27 countries (AT, BE, BG, CY, CZ, DE, DK, EE, ES, FI, FR, GR, HR, HU, IE, IT, LT, LU, LV, MT, NL, PL, PT, RO, SE, SI, SK)",Ghana,COCOA AND COCOA PREPARATIONS,EXPORT,VALUE_IN_EUROS,2011,303194
ESTAT:DS-045409(1.0),06/02/26 11:00:00,Annual,"European Union - 27 countries (AT, BE, BG, CY, CZ, DE, DK, EE, ES, FI, FR, GR, HR, HU, IE, IT, LT, LU, LV, MT, NL, PL, PT, RO, SE, SI, SK)",Ghana,COCOA AND COCOA PREPARATIONS,EXPORT,VALUE_IN_EUROS,2012,430623
ESTAT:DS-045409(1.0),06/02/26 11:00:00,Annual,"European Union - 27 countries (AT, BE, BG, CY, CZ, DE, DK, EE, ES, FI, FR, GR, HR, HU, IE, IT, LT, LU, LV, MT, NL, PL, PT, RO, SE, SI, SK)",Ghana,COCOA AND COCOA PREPARATIONS,EXPORT,VALUE_IN_EUROS,2013,810550
ESTAT:DS-045409(1.0),06/02/26 11:00:00,Annual,"European Union - 27 countries (AT, BE, BG, CY, CZ, DE, DK, EE, ES, FI, FR, GR, HR, HU, IE, IT, LT, LU, LV, MT, NL, PL, PT, RO, SE, SI, SK)",Ghana,COCOA AND COCOA PREPARATIONS,EXPORT,VALUE_IN_EUROS,2014,1588039
ESTAT:DS-045409(1.0),06/02/26 11:00:00,Annual,"European Union - 27 countries (AT, BE, BG, CY, CZ, DE, DK, EE, ES, FI, FR, GR, HR, HU, IE, IT, LT, LU, LV, MT, NL, PL, PT, RO, SE, SI, SK)",Ghana,COCOA AND COCOA PREPARATIONS,EXPORT,VALUE_IN_EUROS,2015,3657142
ESTAT:DS-045409(1.0),06/02/26 11:00:00,Annual,"European Union - 27 countries (AT, BE, BG, CY, CZ, DE, DK, EE, ES, FI, FR, GR, HR, HU, IE, IT, LT, LU, LV, MT, NL, PL, PT, RO, SE, SI, SK)",Ghana,COCOA AND COCOA PREPARATIONS,EXPORT,VALUE_IN_EUROS,2016,1398860
ESTAT:DS-045409(1.0),06/02/26 11:00:00,Annual,"European Union - 27 countries (AT, BE, BG, CY, CZ, DE, DK, EE, ES, FI, FR, GR, HR, HU, IE, IT, LT, LU, LV, MT, NL, PL, PT, RO, SE, SI, SK)",Ghana,COCOA AND COCOA PREPARATIONS,EXPORT,VALUE_IN_EUROS,2017,1657460
ESTAT:DS-045409(1.0),06/02/26 11:00:00,Annual,"European Union - 27 countries (AT, BE, BG, CY, CZ, DE, DK, EE, ES, FI, FR, GR, HR, HU, IE, IT, LT, LU, LV, MT, NL, PL, PT, RO, SE, SI, SK)",Ghana,COCOA AND COCOA PREPARATIONS,EXPORT,VALUE_IN_EUROS,2018,2594809
ESTAT:DS-045409(1.0),06/02/26 11:00:00,Annual,"European Union - 27 countries (AT, BE, BG, CY, CZ, DE, DK, EE, ES, FI, FR, GR, HR, HU, IE, IT, LT, LU, LV, MT, NL, PL, PT, RO, SE, SI, SK)",Ghana,COCOA AND COCOA PREPARATIONS,EXPORT,VALUE_IN_EUROS,2019,1445015
ESTAT:DS-045409(1.0),06/02/26 11:00:00,Annual,"European Union - 27 countries (AT, BE, BG, CY, CZ, DE, DK, EE, ES, FI, FR, GR, HR, HU, IE, IT, LT, LU, LV, MT, NL, PL, PT, RO, SE, SI, SK)",Ghana,COCOA AND COCOA PREPARATIONS,EXPORT,VALUE_IN_EUROS,2020,1165152
ESTAT:DS-045409(1.0),06/02/26 11:00:00,Annual,"European Union - 27 countries (AT, BE, BG, CY, CZ, DE, DK, EE, ES, FI, FR, GR, HR, HU, IE, IT, LT, LU, LV, MT, NL, PL, PT, RO, SE, SI, SK)",Ghana,COCOA AND COCOA PREPARATIONS,EXPORT,VALUE_IN_EUROS,2021,1820442
ESTAT:DS-045409(1.0),06/02/26 11:00:00,Annual,"European Union - 27 countries (AT, BE, BG, CY, CZ, DE, DK, EE, ES, FI, FR, GR, HR, HU, IE, IT, LT, LU, LV, MT, NL, PL, PT, RO, SE, SI, SK)",Ghana,COCOA AND COCOA PREPARATIONS,EXPORT,VALUE_IN_EUROS,2022,1358466
ESTAT:DS-045409(1.0),06/02/26 11:00:00,Annual,"European Union - 27 countries (AT, BE, BG, CY, CZ, DE, DK, EE, ES, FI, FR, GR, HR, HU, IE, IT, LT, LU, LV, MT, NL, PL, PT, RO, SE, SI, SK)",Ghana,COCOA AND COCOA PREPARATIONS,EXPORT,VALUE_IN_EUROS,2023,1147190
ESTAT:DS-045409(1.0),06/02/26 11:00:00,Annual,"European Union - 27 countries (AT, BE, BG, CY, CZ, DE, DK, EE, ES, FI, FR, GR, HR, HU, IE, IT, LT, LU, LV, MT, NL, PL, PT, RO, SE, SI, SK)",Ghana,COCOA AND COCOA PREPARATIONS,EXPORT,VALUE_IN_EUROS,2024,2207324
ESTAT:DS-045409(1.0),06/02/26 11:00:00,Annual,"European Union - 27 countries (AT, BE, BG, CY, CZ, DE, DK, EE, ES, FI, FR, GR, HR, HU, IE, IT, LT, LU, LV, MT, NL, PL, PT, RO, SE, SI, SK)",Gambia,COCOA AND COCOA PREPARATIONS,EXPORT,VALUE_IN_EUROS,1999,106361
ESTAT:DS-045409(1.0),06/02/26 11:00:00,Annual,"European Union - 27 countries (AT, BE, BG, CY, CZ, DE, DK, EE, ES, FI, FR, GR, HR, HU, IE, IT, LT, LU, LV, MT, NL, PL, PT, RO, SE, SI, SK)",Gambia,COCOA AND COCOA PREPARATIONS,EXPORT,VALUE_IN_EUROS,2000,121477
ESTAT:DS-045409(1.0),06/02/26 11:00:00,Annual,"European Union - 27 countries (AT, BE, BG, CY, CZ, DE, DK, EE, ES, FI, FR, GR, HR, HU, IE, IT, LT, LU, LV, MT, NL, PL, PT, RO, SE, SI, SK)",Gambia,COCOA AND COCOA PREPARATIONS,EXPORT,VALUE_IN_EUROS,2001,249713
ESTAT:DS-045409(1.0),06/02/26 11:00:00,Annual,"European Union - 27 countries (AT, BE, BG, CY, CZ, DE, DK, EE, ES, FI, FR, GR, HR, HU, IE, IT, LT, LU, LV, MT, NL, PL, PT, RO, SE, SI, SK)",Gambia,COCOA AND COCOA PREPARATIONS,EXPORT,VALUE_IN_EUROS,2002,211722
ESTAT:DS-045409(1.0),06/02/26 11:00:00,Annual,"European Union - 27 countries (AT, BE, BG, CY, CZ, DE, DK, EE, ES, FI, FR, GR, HR, HU, IE, IT, LT, LU, LV, MT, NL, PL, PT, RO, SE, SI, SK)",Gambia,COCOA AND COCOA PREPARATIONS,EXPORT,VALUE_IN_EUROS,2003,196341
ESTAT:DS-045409(1.0),06/02/26 11:00:00,Annual,"European Union - 27 countries (AT, BE, BG, CY, CZ, DE, DK, EE, ES, FI, FR, GR, HR, HU, IE, IT, LT, LU, LV, MT, NL, PL, PT, RO, SE, SI, SK)",Gambia,COCOA AND COCOA PREPARATIONS,EXPORT,VALUE_IN_EUROS,2004,87387
ESTAT:DS-045409(1.0),06/02/26 11:00:00,Annual,"European Union - 27 countries (AT, BE, BG, CY, CZ, DE, DK, EE, ES, FI, FR, GR, HR, HU, IE, IT, LT, LU, LV, MT, NL, PL, PT, RO, SE, SI, SK)",Gambia,COCOA AND COCOA PREPARATIONS,EXPORT,VALUE_IN_EUROS,2005,83011
ESTAT:DS-045409(1.0),06/02/26 11:00:00,Annual,"European Union - 27 countries (AT, BE, BG, CY, CZ, DE, DK, EE, ES, FI, FR, GR, HR, HU, IE, IT, LT, LU, LV, MT, NL, PL, PT, RO, SE, SI, SK)",Gambia,COCOA AND COCOA PREPARATIONS,EXPORT,VALUE_IN_EUROS,2006,124848
ESTAT:DS-045409(1.0),06/02/26 11:00:00,Annual,"European Union - 27 countries (AT, BE, BG, CY, CZ, DE, DK, EE, ES, FI, FR, GR, HR, HU, IE, IT, LT, LU, LV, MT, NL, PL, PT, RO, SE, SI, SK)",Gambia,COCOA AND COCOA PREPARATIONS,EXPORT,VALUE_IN_EUROS,2007,100651
ESTAT:DS-045409(1.0),06/02/26 11:00:00,Annual,"European Union - 27 countries (AT, BE, BG, CY, CZ, DE, DK, EE, ES, FI, FR, GR, HR, HU, IE, IT, LT, LU, LV, MT, NL, PL, PT, RO, SE, SI, SK)",Gambia,COCOA AND COCOA PREPARATIONS,EXPORT,VALUE_IN_EUROS,2008,101241
ESTAT:DS-045409(1.0),06/02/26 11:00:00,Annual,"European Union - 27 countries (AT, BE, BG, CY, CZ, DE, DK, EE, ES, FI, FR, GR, HR, HU, IE, IT, LT, LU, LV, MT, NL, PL, PT, RO, SE, SI, SK)",Gambia,COCOA AND COCOA PREPARATIONS,EXPORT,VALUE_IN_EUROS,2009,304986
ESTAT:DS-045409(1.0),06/02/26 11:00:00,Annual,"European Union - 27 countries (AT, BE, BG, CY, CZ, DE, DK, EE, ES, FI, FR, GR, HR, HU, IE, IT, LT, LU, LV, MT, NL, PL, PT, RO, SE, SI, SK)",Gambia,COCOA AND COCOA PREPARATIONS,EXPORT,VALUE_IN_EUROS,2010,263980
ESTAT:DS-045409(1.0),06/02/26 11:00:00,Annual,"European Union - 27 countries (AT, BE, BG, CY, CZ, DE, DK, EE, ES, FI, FR, GR, HR, HU, IE, IT, LT, LU, LV, MT, NL, PL, PT, RO, SE, SI, SK)",Gambia,COCOA AND COCOA PREPARATIONS,EXPORT,VALUE_IN_EUROS,2011,39680
ESTAT:DS-045409(1.0),06/02/26 11:00:00,Annual,"European Union - 27 countries (AT, BE, BG, CY, CZ, DE, DK, EE, ES, FI, FR, GR, HR, HU, IE, IT, LT, LU, LV, MT, NL, PL, PT, RO, SE, SI, SK)",Gambia,COCOA AND COCOA PREPARATIONS,EXPORT,VALUE_IN_EUROS,2012,70807
ESTAT:DS-045409(1.0),06/02/26 11:00:00,Annual,"European Union - 27 countries (AT, BE, BG, CY, CZ, DE, DK, EE, ES, FI, FR, GR, HR, HU, IE, IT, LT, LU, LV, MT, NL, PL, PT, RO, SE, SI, SK)",Gambia,COCOA AND COCOA PREPARATIONS,EXPORT,VALUE_IN_EUROS,2013,81023
ESTAT:DS-045409(1.0),06/02/26 11:00:00,Annual,"European Union - 27 countries (AT, BE, BG, CY, CZ, DE, DK, EE, ES, FI, FR, GR, HR, HU, IE, IT, LT, LU, LV, MT, NL, PL, PT, RO, SE, SI, SK)",Gambia,COCOA AND COCOA PREPARATIONS,EXPORT,VALUE_IN_EUROS,2014,786876
ESTAT:DS-045409(1.0),06/02/26 11:00:00,Annual,"European Union - 27 countries (AT, BE, BG, CY, CZ, DE, DK, EE, ES, FI, FR, GR, HR, HU, IE, IT, LT, LU, LV, MT, NL, PL, PT, RO, SE, SI, SK)",Gambia,COCOA AND COCOA PREPARATIONS,EXPORT,VALUE_IN_EUROS,2015,1098227
ESTAT:DS-045409(1.0),06/02/26 11:00:00,Annual,"European Union - 27 countries (AT, BE, BG, CY, CZ, DE, DK, EE, ES, FI, FR, GR, HR, HU, IE, IT, LT, LU, LV, MT, NL, PL, PT, RO, SE, SI, SK)",Gambia,COCOA AND COCOA PREPARATIONS,EXPORT,VALUE_IN_EUROS,2016,146103
ESTAT:DS-045409(1.0),06/02/26 11:00:00,Annual,"European Union - 27 countries (AT, BE, BG, CY, CZ, DE, DK, EE, ES, FI, FR, GR, HR, HU, IE, IT, LT, LU, LV, MT, NL, PL, PT, RO, SE, SI, SK)",Gambia,COCOA AND COCOA PREPARATIONS,EXPORT,VALUE_IN_EUROS,2017,127407
ESTAT:DS-045409(1.0),06/02/26 11:00:00,Annual,"European Union - 27 countries (AT, BE, BG, CY, CZ, DE, DK, EE, ES, FI, FR, GR, HR, HU, IE, IT, LT, LU, LV, MT, NL, PL, PT, RO, SE, SI, SK)",Gambia,COCOA AND COCOA PREPARATIONS,EXPORT,VALUE_IN_EUROS,2018,114036
ESTAT:DS-045409(1.0),06/02/26 11:00:00,Annual,"European Union - 27 countries (AT, BE, BG, CY, CZ, DE, DK, EE, ES, FI, FR, GR, HR, HU, IE, IT, LT, LU, LV, MT, NL, PL, PT, RO, SE, SI, SK)",Gambia,COCOA AND COCOA PREPARATIONS,EXPORT,VALUE_IN_EUROS,2019,306208
ESTAT:DS-045409(1.0),06/02/26 11:00:00,Annual,"European Union - 27 countries (AT, BE, BG, CY, CZ, DE, DK, EE, ES, FI, FR, GR, HR, HU, IE, IT, LT, LU, LV, MT, NL, PL, PT, RO, SE, SI, SK)",Gambia,COCOA AND COCOA PREPARATIONS,EXPORT,VALUE_IN_EUROS,2020,140738
ESTAT:DS-045409(1.0),06/02/26 11:00:00,Annual,"European Union - 27 countries (AT, BE, BG, CY, CZ, DE, DK, EE, ES, FI, FR, GR, HR, HU, IE, IT, LT, LU, LV, MT, NL, PL, PT, RO, SE, SI, SK)",Gambia,COCOA AND COCOA PREPARATIONS,EXPORT,VALUE_IN_EUROS,2021,170618
ESTAT:DS-045409(1.0),06/02/26 11:00:00,Annual,"European Union - 27 countries (AT, BE, BG, CY, CZ, DE, DK, EE, ES, FI, FR, GR, HR, HU, IE, IT, LT, LU, LV, MT, NL, PL, PT, RO, SE, SI, SK)",Gambia,COCOA AND COCOA PREPARATIONS,EXPORT,VALUE_IN_EUROS,2022,103086
ESTAT:DS-045409(1.0),06/02/26 11:00:00,Annual,"European Union - 27 countries (AT, BE, BG, CY, CZ, DE, DK, EE, ES, FI, FR, GR, HR, HU, IE, IT, LT, LU, LV, MT, NL, PL, PT, RO, SE, SI, SK)",Gambia,COCOA AND COCOA PREPARATIONS,EXPORT,VALUE_IN_EUROS,2023,207846
ESTAT:DS-045409(1.0),06/02/26 11:00:00,Annual,"European Union - 27 countries (AT, BE, BG, CY, CZ, DE, DK, EE, ES, FI, FR, GR, HR, HU, IE, IT, LT, LU, LV, MT, NL, PL, PT, RO, SE, SI, SK)",Gambia,COCOA AND COCOA PREPARATIONS,EXPORT,VALUE_IN_EUROS,2024,188694
ESTAT:DS-045409(1.0),06/02/26 11:00:00,Annual,"European Union - 27 countries (AT, BE, BG, CY, CZ, DE, DK, EE, ES, FI, FR, GR, HR, HU, IE, IT, LT, LU, LV, MT, NL, PL, PT, RO, SE, SI, SK)",Guinea,COCOA AND COCOA PREPARATIONS,EXPORT,VALUE_IN_EUROS,1999,155548
ESTAT:DS-045409(1.0),06/02/26 11:00:00,Annual,"European Union - 27 countries (AT, BE, BG, CY, CZ, DE, DK, EE, ES, FI, FR, GR, HR, HU, IE, IT, LT, LU, LV, MT, NL, PL, PT, RO, SE, SI, SK)",Guinea,COCOA AND COCOA PREPARATIONS,EXPORT,VALUE_IN_EUROS,2000,269369
ESTAT:DS-045409(1.0),06/02/26 11:00:00,Annual,"European Union - 27 countries (AT, BE, BG, CY, CZ, DE, DK, EE, ES, FI, FR, GR, HR, HU, IE, IT, LT, LU, LV, MT, NL, PL, PT, RO, SE, SI, SK)",Guinea,COCOA AND COCOA PREPARATIONS,EXPORT,VALUE_IN_EUROS,2001,487518
ESTAT:DS-045409(1.0),06/02/26 11:00:00,Annual,"European Union - 27 countries (AT, BE, BG, CY, CZ, DE, DK, EE, ES, FI, FR, GR, HR, HU, IE, IT, LT, LU, LV, MT, NL, PL, PT, RO, SE, SI, SK)",Guinea,COCOA AND COCOA PREPARATIONS,EXPORT,VALUE_IN_EUROS,2002,378393
ESTAT:DS-045409(1.0),06/02/26 11:00:00,Annual,"European Union - 27 countries (AT, BE, BG, CY, CZ, DE, DK, EE, ES, FI, FR, GR, HR, HU, IE, IT, LT, LU, LV, MT, NL, PL, PT, RO, SE, SI, SK)",Guinea,COCOA AND COCOA PREPARATIONS,EXPORT,VALUE_IN_EUROS,2003,134830
ESTAT:DS-045409(1.0),06/02/26 11:00:00,Annual,"European Union - 27 countries (AT, BE, BG, CY, CZ, DE, DK, EE, ES, FI, FR, GR, HR, HU, IE, IT, LT, LU, LV, MT, NL, PL, PT, RO, SE, SI, SK)",Guinea,COCOA AND COCOA PREPARATIONS,EXPORT,VALUE_IN_EUROS,2004,163908
ESTAT:DS-045409(1.0),06/02/26 11:00:00,Annual,"European Union - 27 countries (AT, BE, BG, CY, CZ, DE, DK, EE, ES, FI, FR, GR, HR, HU, IE, IT, LT, LU, LV, MT, NL, PL, PT, RO, SE, SI, SK)",Guinea,COCOA AND COCOA PREPARATIONS,EXPORT,VALUE_IN_EUROS,2005,187909
ESTAT:DS-045409(1.0),06/02/26 11:00:00,Annual,"European Union - 27 countries (AT, BE, BG, CY, CZ, DE, DK, EE, ES, FI, FR, GR, HR, HU, IE, IT, LT, LU, LV, MT, NL, PL, PT, RO, SE, SI, SK)",Guinea,COCOA AND COCOA PREPARATIONS,EXPORT,VALUE_IN_EUROS,2006,120803
ESTAT:DS-045409(1.0),06/02/26 11:00:00,Annual,"European Union - 27 countries (AT, BE, BG, CY, CZ, DE, DK, EE, ES, FI, FR, GR, HR, HU, IE, IT, LT, LU, LV, MT, NL, PL, PT, RO, SE, SI, SK)",Guinea,COCOA AND COCOA PREPARATIONS,EXPORT,VALUE_IN_EUROS,2007,92160
ESTAT:DS-045409(1.0),06/02/26 11:00:00,Annual,"European Union - 27 countries (AT, BE, BG, CY, CZ, DE, DK, EE, ES, FI, FR, GR, HR, HU, IE, IT, LT, LU, LV, MT, NL, PL, PT, RO, SE, SI, SK)",Guinea,COCOA AND COCOA PREPARATIONS,EXPORT,VALUE_IN_EUROS,2008,83344
ESTAT:DS-045409(1.0),06/02/26 11:00:00,Annual,"European Union - 27 countries (AT, BE, BG, CY, CZ, DE, DK, EE, ES, FI, FR, GR, HR, HU, IE, IT, LT, LU, LV, MT, NL, PL, PT, RO, SE, SI, SK)",Guinea,COCOA AND COCOA PREPARATIONS,EXPORT,VALUE_IN_EUROS,2009,87958
ESTAT:DS-045409(1.0),06/02/26 11:00:00,Annual,"European Union - 27 countries (AT, BE, BG, CY, CZ, DE, DK, EE, ES, FI, FR, GR, HR, HU, IE, IT, LT, LU, LV, MT, NL, PL, PT, RO, SE, SI, SK)",Guinea,COCOA AND COCOA PREPARATIONS,EXPORT,VALUE_IN_EUROS,2010,75104
ESTAT:DS-045409(1.0),06/02/26 11:00:00,Annual,"European Union - 27 countries (AT, BE, BG, CY, CZ, DE, DK, EE, ES, FI, FR, GR, HR, HU, IE, IT, LT, LU, LV, MT, NL, PL, PT, RO, SE, SI, SK)",Guinea,COCOA AND COCOA PREPARATIONS,EXPORT,VALUE_IN_EUROS,2011,154674
ESTAT:DS-045409(1.0),06/02/26 11:00:00,Annual,"European Union - 27 countries (AT, BE, BG, CY, CZ, DE, DK, EE, ES, FI, FR, GR, HR, HU, IE, IT, LT, LU, LV, MT, NL, PL, PT, RO, SE, SI, SK)",Guinea,COCOA AND COCOA PREPARATIONS,EXPORT,VALUE_IN_EUROS,2012,142140
ESTAT:DS-045409(1.0),06/02/26 11:00:00,Annual,"European Union - 27 countries (AT, BE, BG, CY, CZ, DE, DK, EE, ES, FI, FR, GR, HR, HU, IE, IT, LT, LU, LV, MT, NL, PL, PT, RO, SE, SI, SK)",Guinea,COCOA AND COCOA PREPARATIONS,EXPORT,VALUE_IN_EUROS,2013,133878
ESTAT:DS-045409(1.0),06/02/26 11:00:00,Annual,"European Union - 27 countries (AT, BE, BG, CY, CZ, DE, DK, EE, ES, FI, FR, GR, HR, HU, IE, IT, LT, LU, LV, MT, NL, PL, PT, RO, SE, SI, SK)",Guinea,COCOA AND COCOA PREPARATIONS,EXPORT,VALUE_IN_EUROS,2014,149800
ESTAT:DS-045409(1.0),06/02/26 11:00:00,Annual,"European Union - 27 countries (AT, BE, BG, CY, CZ, DE, DK, EE, ES, FI, FR, GR, HR, HU, IE, IT, LT, LU, LV, MT, NL, PL, PT, RO, SE, SI, SK)",Guinea,COCOA AND COCOA PREPARATIONS,EXPORT,VALUE_IN_EUROS,2015,185989
ESTAT:DS-045409(1.0),06/02/26 11:00:00,Annual,"European Union - 27 countries (AT, BE, BG, CY, CZ, DE, DK, EE, ES, FI, FR, GR, HR, HU, IE, IT, LT, LU, LV, MT, NL, PL, PT, RO, SE, SI, SK)",Guinea,COCOA AND COCOA PREPARATIONS,EXPORT,VALUE_IN_EUROS,2016,206508
ESTAT:DS-045409(1.0),06/02/26 11:00:00,Annual,"European Union - 27 countries (AT, BE, BG, CY, CZ, DE, DK, EE, ES, FI, FR, GR, HR, HU, IE, IT, LT, LU, LV, MT, NL, PL, PT, RO, SE, SI, SK)",Guinea,COCOA AND COCOA PREPARATIONS,EXPORT,VALUE_IN_EUROS,2017,240314
ESTAT:DS-045409(1.0),06/02/26 11:00:00,Annual,"European Union - 27 countries (AT, BE, BG, CY, CZ, DE, DK, EE, ES, FI, FR, GR, HR, HU, IE, IT, LT, LU, LV, MT, NL, PL, PT, RO, SE, SI, SK)",Guinea,COCOA AND COCOA PREPARATIONS,EXPORT,VALUE_IN_EUROS,2018,444100
ESTAT:DS-045409(1.0),06/02/26 11:00:00,Annual,"European Union - 27 countries (AT, BE, BG, CY, CZ, DE, DK, EE, ES, FI, FR, GR, HR, HU, IE, IT, LT, LU, LV, MT, NL, PL, PT, RO, SE, SI, SK)",Guinea,COCOA AND COCOA PREPARATIONS,EXPORT,VALUE_IN_EUROS,2019,483403
ESTAT:DS-045409(1.0),06/02/26 11:00:00,Annual,"European Union - 27 countries (AT, BE, BG, CY, CZ, DE, DK, EE, ES, FI, FR, GR, HR, HU, IE, IT, LT, LU, LV, MT, NL, PL, PT, RO, SE, SI, SK)",Guinea,COCOA AND COCOA PREPARATIONS,EXPORT,VALUE_IN_EUROS,2020,573437
ESTAT:DS-045409(1.0),06/02/26 11:00:00,Annual,"European Union - 27 countries (AT, BE, BG, CY, CZ, DE, DK, EE, ES, FI, FR, GR, HR, HU, IE, IT, LT, LU, LV, MT, NL, PL, PT, RO, SE, SI, SK)",Guinea,COCOA AND COCOA PREPARATIONS,EXPORT,VALUE_IN_EUROS,2021,747081
ESTAT:DS-045409(1.0),06/02/26 11:00:00,Annual,"European Union - 27 countries (AT, BE, BG, CY, CZ, DE, DK, EE, ES, FI, FR, GR, HR, HU, IE, IT, LT, LU, LV, MT, NL, PL, PT, RO, SE, SI, SK)",Guinea,COCOA AND COCOA PREPARATIONS,EXPORT,VALUE_IN_EUROS,2022,543510
ESTAT:DS-045409(1.0),06/02/26 11:00:00,Annual,"European Union - 27 countries (AT, BE, BG, CY, CZ, DE, DK, EE, ES, FI, FR, GR, HR, HU, IE, IT, LT, LU, LV, MT, NL, PL, PT, RO, SE, SI, SK)",Guinea,COCOA AND COCOA PREPARATIONS,EXPORT,VALUE_IN_EUROS,2023,524763
ESTAT:DS-045409(1.0),06/02/26 11:00:00,Annual,"European Union - 27 countries (AT, BE, BG, CY, CZ, DE, DK, EE, ES, FI, FR, GR, HR, HU, IE, IT, LT, LU, LV, MT, NL, PL, PT, RO, SE, SI, SK)",Guinea,COCOA AND COCOA PREPARATIONS,EXPORT,VALUE_IN_EUROS,2024,1058685
ESTAT:DS-045409(1.0),06/02/26 11:00:00,Annual,"European Union - 27 countries (AT, BE, BG, CY, CZ, DE, DK, EE, ES, FI, FR, GR, HR, HU, IE, IT, LT, LU, LV, MT, NL, PL, PT, RO, SE, SI, SK)",Equatorial Guinea,COCOA AND COCOA PREPARATIONS,EXPORT,VALUE_IN_EUROS,1999,34954
ESTAT:DS-045409(1.0),06/02/26 11:00:00,Annual,"European Union - 27 countries (AT, BE, BG, CY, CZ, DE, DK, EE, ES, FI, FR, GR, HR, HU, IE, IT, LT, LU, LV, MT, NL, PL, PT, RO, SE, SI, SK)",Equatorial Guinea,COCOA AND COCOA PREPARATIONS,EXPORT,VALUE_IN_EUROS,2000,47786
ESTAT:DS-045409(1.0),06/02/26 11:00:00,Annual,"European Union - 27 countries (AT, BE, BG, CY, CZ, DE, DK, EE, ES, FI, FR, GR, HR, HU, IE, IT, LT, LU, LV, MT, NL, PL, PT, RO, SE, SI, SK)",Equatorial Guinea,COCOA AND COCOA PREPARATIONS,EXPORT,VALUE_IN_EUROS,2001,99688
ESTAT:DS-045409(1.0),06/02/26 11:00:00,Annual,"European Union - 27 countries (AT, BE, BG, CY, CZ, DE, DK, EE, ES, FI, FR, GR, HR, HU, IE, IT, LT, LU, LV, MT, NL, PL, PT, RO, SE, SI, SK)",Equatorial Guinea,COCOA AND COCOA PREPARATIONS,EXPORT,VALUE_IN_EUROS,2002,83760
ESTAT:DS-045409(1.0),06/02/26 11:00:00,Annual,"European Union - 27 countries (AT, BE, BG, CY, CZ, DE, DK, EE, ES, FI, FR, GR, HR, HU, IE, IT, LT, LU, LV, MT, NL, PL, PT, RO, SE, SI, SK)",Equatorial Guinea,COCOA AND COCOA PREPARATIONS,EXPORT,VALUE_IN_EUROS,2003,92076
ESTAT:DS-045409(1.0),06/02/26 11:00:00,Annual,"European Union - 27 countries (AT, BE, BG, CY, CZ, DE, DK, EE, ES, FI, FR, GR, HR, HU, IE, IT, LT, LU, LV, MT, NL, PL, PT, RO, SE, SI, SK)",Equatorial Guinea,COCOA AND COCOA PREPARATIONS,EXPORT,VALUE_IN_EUROS,2004,75033
ESTAT:DS-045409(1.0),06/02/26 11:00:00,Annual,"European Union - 27 countries (AT, BE, BG, CY, CZ, DE, DK, EE, ES, FI, FR, GR, HR, HU, IE, IT, LT, LU, LV, MT, NL, PL, PT, RO, SE, SI, SK)",Equatorial Guinea,COCOA AND COCOA PREPARATIONS,EXPORT,VALUE_IN_EUROS,2005,43815
ESTAT:DS-045409(1.0),06/02/26 11:00:00,Annual,"European Union - 27 countries (AT, BE, BG, CY, CZ, DE, DK, EE, ES, FI, FR, GR, HR, HU, IE, IT, LT, LU, LV, MT, NL, PL, PT, RO, SE, SI, SK)",Equatorial Guinea,COCOA AND COCOA PREPARATIONS,EXPORT,VALUE_IN_EUROS,2006,144123
ESTAT:DS-045409(1.0),06/02/26 11:00:00,Annual,"European Union - 27 countries (AT, BE, BG, CY, CZ, DE, DK, EE, ES, FI, FR, GR, HR, HU, IE, IT, LT, LU, LV, MT, NL, PL, PT, RO, SE, SI, SK)",Equatorial Guinea,COCOA AND COCOA PREPARATIONS,EXPORT,VALUE_IN_EUROS,2007,272984
ESTAT:DS-045409(1.0),06/02/26 11:00:00,Annual,"European Union - 27 countries (AT, BE, BG, CY, CZ, DE, DK, EE, ES, FI, FR, GR, HR, HU, IE, IT, LT, LU, LV, MT, NL, PL, PT, RO, SE, SI, SK)",Equatorial Guinea,COCOA AND COCOA PREPARATIONS,EXPORT,VALUE_IN_EUROS,2008,213289
ESTAT:DS-045409(1.0),06/02/26 11:00:00,Annual,"European Union - 27 countries (AT, BE, BG, CY, CZ, DE, DK, EE, ES, FI, FR, GR, HR, HU, IE, IT, LT, LU, LV, MT, NL, PL, PT, RO, SE, SI, SK)",Equatorial Guinea,COCOA AND COCOA PREPARATIONS,EXPORT,VALUE_IN_EUROS,2009,390716
ESTAT:DS-045409(1.0),06/02/26 11:00:00,Annual,"European Union - 27 countries (AT, BE, BG, CY, CZ, DE, DK, EE, ES, FI, FR, GR, HR, HU, IE, IT, LT, LU, LV, MT, NL, PL, PT, RO, SE, SI, SK)",Equatorial Guinea,COCOA AND COCOA PREPARATIONS,EXPORT,VALUE_IN_EUROS,2010,345482
ESTAT:DS-045409(1.0),06/02/26 11:00:00,Annual,"European Union - 27 countries (AT, BE, BG, CY, CZ, DE, DK, EE, ES, FI, FR, GR, HR, HU, IE, IT, LT, LU, LV, MT, NL, PL, PT, RO, SE, SI, SK)",Equatorial Guinea,COCOA AND COCOA PREPARATIONS,EXPORT,VALUE_IN_EUROS,2011,450681
ESTAT:DS-045409(1.0),06/02/26 11:00:00,Annual,"European Union - 27 countries (AT, BE, BG, CY, CZ, DE, DK, EE, ES, FI, FR, GR, HR, HU, IE, IT, LT, LU, LV, MT, NL, PL, PT, RO, SE, SI, SK)",Equatorial Guinea,COCOA AND COCOA PREPARATIONS,EXPORT,VALUE_IN_EUROS,2012,796519
ESTAT:DS-045409(1.0),06/02/26 11:00:00,Annual,"European Union - 27 countries (AT, BE, BG, CY, CZ, DE, DK, EE, ES, FI, FR, GR, HR, HU, IE, IT, LT, LU, LV, MT, NL, PL, PT, RO, SE, SI, SK)",Equatorial Guinea,COCOA AND COCOA PREPARATIONS,EXPORT,VALUE_IN_EUROS,2013,922435
ESTAT:DS-045409(1.0),06/02/26 11:00:00,Annual,"European Union - 27 countries (AT, BE, BG, CY, CZ, DE, DK, EE, ES, FI, FR, GR, HR, HU, IE, IT, LT, LU, LV, MT, NL, PL, PT, RO, SE, SI, SK)",Equatorial Guinea,COCOA AND COCOA PREPARATIONS,EXPORT,VALUE_IN_EUROS,2014,828714
ESTAT:DS-045409(1.0),06/02/26 11:00:00,Annual,"European Union - 27 countries (AT, BE, BG, CY, CZ, DE, DK, EE, ES, FI, FR, GR, HR, HU, IE, IT, LT, LU, LV, MT, NL, PL, PT, RO, SE, SI, SK)",Equatorial Guinea,COCOA AND COCOA PREPARATIONS,EXPORT,VALUE_IN_EUROS,2015,923613
ESTAT:DS-045409(1.0),06/02/26 11:00:00,Annual,"European Union - 27 countries (AT, BE, BG, CY, CZ, DE, DK, EE, ES, FI, FR, GR, HR, HU, IE, IT, LT, LU, LV, MT, NL, PL, PT, RO, SE, SI, SK)",Equatorial Guinea,COCOA AND COCOA PREPARATIONS,EXPORT,VALUE_IN_EUROS,2016,800680
ESTAT:DS-045409(1.0),06/02/26 11:00:00,Annual,"European Union - 27 countries (AT, BE, BG, CY, CZ, DE, DK, EE, ES, FI, FR, GR, HR, HU, IE, IT, LT, LU, LV, MT, NL, PL, PT, RO, SE, SI, SK)",Equatorial Guinea,COCOA AND COCOA PREPARATIONS,EXPORT,VALUE_IN_EUROS,2017,732053
ESTAT:DS-045409(1.0),06/02/26 11:00:00,Annual,"European Union - 27 countries (AT, BE, BG, CY, CZ, DE, DK, EE, ES, FI, FR, GR, HR, HU, IE, IT, LT, LU, LV, MT, NL, PL, PT, RO, SE, SI, SK)",Equatorial Guinea,COCOA AND COCOA PREPARATIONS,EXPORT,VALUE_IN_EUROS,2018,1101671
ESTAT:DS-045409(1.0),06/02/26 11:00:00,Annual,"European Union - 27 countries (AT, BE, BG, CY, CZ, DE, DK, EE, ES, FI, FR, GR, HR, HU, IE, IT, LT, LU, LV, MT, NL, PL, PT, RO, SE, SI, SK)",Equatorial Guinea,COCOA AND COCOA PREPARATIONS,EXPORT,VALUE_IN_EUROS,2019,885460
ESTAT:DS-045409(1.0),06/02/26 11:00:00,Annual,"European Union - 27 countries (AT, BE, BG, CY, CZ, DE, DK, EE, ES, FI, FR, GR, HR, HU, IE, IT, LT, LU, LV, MT, NL, PL, PT, RO, SE, SI, SK)",Equatorial Guinea,COCOA AND COCOA PREPARATIONS,EXPORT,VALUE_IN_EUROS,2020,1088508
ESTAT:DS-045409(1.0),06/02/26 11:00:00,Annual,"European Union - 27 countries (AT, BE, BG, CY, CZ, DE, DK, EE, ES, FI, FR, GR, HR, HU, IE, IT, LT, LU, LV, MT, NL, PL, PT, RO, SE, SI, SK)",Equatorial Guinea,COCOA AND COCOA PREPARATIONS,EXPORT,VALUE_IN_EUROS,2021,957534
ESTAT:DS-045409(1.0),06/02/26 11:00:00,Annual,"European Union - 27 countries (AT, BE, BG, CY, CZ, DE, DK, EE, ES, FI, FR, GR, HR, HU, IE, IT, LT, LU, LV, MT, NL, PL, PT, RO, SE, SI, SK)",Equatorial Guinea,COCOA AND COCOA PREPARATIONS,EXPORT,VALUE_IN_EUROS,2022,915157
ESTAT:DS-045409(1.0),06/02/26 11:00:00,Annual,"European Union - 27 countries (AT, BE, BG, CY, CZ, DE, DK, EE, ES, FI, FR, GR, HR, HU, IE, IT, LT, LU, LV, MT, NL, PL, PT, RO, SE, SI, SK)",Equatorial Guinea,COCOA AND COCOA PREPARATIONS,EXPORT,VALUE_IN_EUROS,2023,1493513
ESTAT:DS-045409(1.0),06/02/26 11:00:00,Annual,"European Union - 27 countries (AT, BE, BG, CY, CZ, DE, DK, EE, ES, FI, FR, GR, HR, HU, IE, IT, LT, LU, LV, MT, NL, PL, PT, RO, SE, SI, SK)",Equatorial Guinea,COCOA AND COCOA PREPARATIONS,EXPORT,VALUE_IN_EUROS,2024,1200864
ESTAT:DS-045409(1.0),06/02/26 11:00:00,Annual,"European Union - 27 countries (AT, BE, BG, CY, CZ, DE, DK, EE, ES, FI, FR, GR, HR, HU, IE, IT, LT, LU, LV, MT, NL, PL, PT, RO, SE, SI, SK)",Guinea-Bissau,COCOA AND COCOA PREPARATIONS,EXPORT,VALUE_IN_EUROS,1999,10964
ESTAT:DS-045409(1.0),06/02/26 11:00:00,Annual,"European Union - 27 countries (AT, BE, BG, CY, CZ, DE, DK, EE, ES, FI, FR, GR, HR, HU, IE, IT, LT, LU, LV, MT, NL, PL, PT, RO, SE, SI, SK)",Guinea-Bissau,COCOA AND COCOA PREPARATIONS,EXPORT,VALUE_IN_EUROS,2000,16188
ESTAT:DS-045409(1.0),06/02/26 11:00:00,Annual,"European Union - 27 countries (AT, BE, BG, CY, CZ, DE, DK, EE, ES, FI, FR, GR, HR, HU, IE, IT, LT, LU, LV, MT, NL, PL, PT, RO, SE, SI, SK)",Guinea-Bissau,COCOA AND COCOA PREPARATIONS,EXPORT,VALUE_IN_EUROS,2001,20903
ESTAT:DS-045409(1.0),06/02/26 11:00:00,Annual,"European Union - 27 countries (AT, BE, BG, CY, CZ, DE, DK, EE, ES, FI, FR, GR, HR, HU, IE, IT, LT, LU, LV, MT, NL, PL, PT, RO, SE, SI, SK)",Guinea-Bissau,COCOA AND COCOA PREPARATIONS,EXPORT,VALUE_IN_EUROS,2002,6103
ESTAT:DS-045409(1.0),06/02/26 11:00:00,Annual,"European Union - 27 countries (AT, BE, BG, CY, CZ, DE, DK, EE, ES, FI, FR, GR, HR, HU, IE, IT, LT, LU, LV, MT, NL, PL, PT, RO, SE, SI, SK)",Guinea-Bissau,COCOA AND COCOA PREPARATIONS,EXPORT,VALUE_IN_EUROS,2003,8896
ESTAT:DS-045409(1.0),06/02/26 11:00:00,Annual,"European Union - 27 countries (AT, BE, BG, CY, CZ, DE, DK, EE, ES, FI, FR, GR, HR, HU, IE, IT, LT, LU, LV, MT, NL, PL, PT, RO, SE, SI, SK)",Guinea-Bissau,COCOA AND COCOA PREPARATIONS,EXPORT,VALUE_IN_EUROS,2004,7880
ESTAT:DS-045409(1.0),06/02/26 11:00:00,Annual,"European Union - 27 countries (AT, BE, BG, CY, CZ, DE, DK, EE, ES, FI, FR, GR, HR, HU, IE, IT, LT, LU, LV, MT, NL, PL, PT, RO, SE, SI, SK)",Guinea-Bissau,COCOA AND COCOA PREPARATIONS,EXPORT,VALUE_IN_EUROS,2005,23437
ESTAT:DS-045409(1.0),06/02/26 11:00:00,Annual,"European Union - 27 countries (AT, BE, BG, CY, CZ, DE, DK, EE, ES, FI, FR, GR, HR, HU, IE, IT, LT, LU, LV, MT, NL, PL, PT, RO, SE, SI, SK)",Guinea-Bissau,COCOA AND COCOA PREPARATIONS,EXPORT,VALUE_IN_EUROS,2006,58243
ESTAT:DS-045409(1.0),06/02/26 11:00:00,Annual,"European Union - 27 countries (AT, BE, BG, CY, CZ, DE, DK, EE, ES, FI, FR, GR, HR, HU, IE, IT, LT, LU, LV, MT, NL, PL, PT, RO, SE, SI, SK)",Guinea-Bissau,COCOA AND COCOA PREPARATIONS,EXPORT,VALUE_IN_EUROS,2007,27169
ESTAT:DS-045409(1.0),06/02/26 11:00:00,Annual,"European Union - 27 countries (AT, BE, BG, CY, CZ, DE, DK, EE, ES, FI, FR, GR, HR, HU, IE, IT, LT, LU, LV, MT, NL, PL, PT, RO, SE, SI, SK)",Guinea-Bissau,COCOA AND COCOA PREPARATIONS,EXPORT,VALUE_IN_EUROS,2008,15037
ESTAT:DS-045409(1.0),06/02/26 11:00:00,Annual,"European Union - 27 countries (AT, BE, BG, CY, CZ, DE, DK, EE, ES, FI, FR, GR, HR, HU, IE, IT, LT, LU, LV, MT, NL, PL, PT, RO, SE, SI, SK)",Guinea-Bissau,COCOA AND COCOA PREPARATIONS,EXPORT,VALUE_IN_EUROS,2009,27185
ESTAT:DS-045409(1.0),06/02/26 11:00:00,Annual,"European Union - 27 countries (AT, BE, BG, CY, CZ, DE, DK, EE, ES, FI, FR, GR, HR, HU, IE, IT, LT, LU, LV, MT, NL, PL, PT, RO, SE, SI, SK)",Guinea-Bissau,COCOA AND COCOA PREPARATIONS,EXPORT,VALUE_IN_EUROS,2010,20703
ESTAT:DS-045409(1.0),06/02/26 11:00:00,Annual,"European Union - 27 countries (AT, BE, BG, CY, CZ, DE, DK, EE, ES, FI, FR, GR, HR, HU, IE, IT, LT, LU, LV, MT, NL, PL, PT, RO, SE, SI, SK)",Guinea-Bissau,COCOA AND COCOA PREPARATIONS,EXPORT,VALUE_IN_EUROS,2011,29098
ESTAT:DS-045409(1.0),06/02/26 11:00:00,Annual,"European Union - 27 countries (AT, BE, BG, CY, CZ, DE, DK, EE, ES, FI, FR, GR, HR, HU, IE, IT, LT, LU, LV, MT, NL, PL, PT, RO, SE, SI, SK)",Guinea-Bissau,COCOA AND COCOA PREPARATIONS,EXPORT,VALUE_IN_EUROS,2012,38117
ESTAT:DS-045409(1.0),06/02/26 11:00:00,Annual,"European Union - 27 countries (AT, BE, BG, CY, CZ, DE, DK, EE, ES, FI, FR, GR, HR, HU, IE, IT, LT, LU, LV, MT, NL, PL, PT, RO, SE, SI, SK)",Guinea-Bissau,COCOA AND COCOA PREPARATIONS,EXPORT,VALUE_IN_EUROS,2013,57368
ESTAT:DS-045409(1.0),06/02/26 11:00:00,Annual,"European Union - 27 countries (AT, BE, BG, CY, CZ, DE, DK, EE, ES, FI, FR, GR, HR, HU, IE, IT, LT, LU, LV, MT, NL, PL, PT, RO, SE, SI, SK)",Guinea-Bissau,COCOA AND COCOA PREPARATIONS,EXPORT,VALUE_IN_EUROS,2014,91469
ESTAT:DS-045409(1.0),06/02/26 11:00:00,Annual,"European Union - 27 countries (AT, BE, BG, CY, CZ, DE, DK, EE, ES, FI, FR, GR, HR, HU, IE, IT, LT, LU, LV, MT, NL, PL, PT, RO, SE, SI, SK)",Guinea-Bissau,COCOA AND COCOA PREPARATIONS,EXPORT,VALUE_IN_EUROS,2015,55732
ESTAT:DS-045409(1.0),06/02/26 11:00:00,Annual,"European Union - 27 countries (AT, BE, BG, CY, CZ, DE, DK, EE, ES, FI, FR, GR, HR, HU, IE, IT, LT, LU, LV, MT, NL, PL, PT, RO, SE, SI, SK)",Guinea-Bissau,COCOA AND COCOA PREPARATIONS,EXPORT,VALUE_IN_EUROS,2016,101252
ESTAT:DS-045409(1.0),06/02/26 11:00:00,Annual,"European Union - 27 countries (AT, BE, BG, CY, CZ, DE, DK, EE, ES, FI, FR, GR, HR, HU, IE, IT, LT, LU, LV, MT, NL, PL, PT, RO, SE, SI, SK)",Guinea-Bissau,COCOA AND COCOA PREPARATIONS,EXPORT,VALUE_IN_EUROS,2017,83726
ESTAT:DS-045409(1.0),06/02/26 11:00:00,Annual,"European Union - 27 countries (AT, BE, BG, CY, CZ, DE, DK, EE, ES, FI, FR, GR, HR, HU, IE, IT, LT, LU, LV, MT, NL, PL, PT, RO, SE, SI, SK)",Guinea-Bissau,COCOA AND COCOA PREPARATIONS,EXPORT,VALUE_IN_EUROS,2018,99231
ESTAT:DS-045409(1.0),06/02/26 11:00:00,Annual,"European Union - 27 countries (AT, BE, BG, CY, CZ, DE, DK, EE, ES, FI, FR, GR, HR, HU, IE, IT, LT, LU, LV, MT, NL, PL, PT, RO, SE, SI, SK)",Guinea-Bissau,COCOA AND COCOA PREPARATIONS,EXPORT,VALUE_IN_EUROS,2019,103306
ESTAT:DS-045409(1.0),06/02/26 11:00:00,Annual,"European Union - 27 countries (AT, BE, BG, CY, CZ, DE, DK, EE, ES, FI, FR, GR, HR, HU, IE, IT, LT, LU, LV, MT, NL, PL, PT, RO, SE, SI, SK)",Guinea-Bissau,COCOA AND COCOA PREPARATIONS,EXPORT,VALUE_IN_EUROS,2020,140000
ESTAT:DS-045409(1.0),06/02/26 11:00:00,Annual,"European Union - 27 countries (AT, BE, BG, CY, CZ, DE, DK, EE, ES, FI, FR, GR, HR, HU, IE, IT, LT, LU, LV, MT, NL, PL, PT, RO, SE, SI, SK)",Guinea-Bissau,COCOA AND COCOA PREPARATIONS,EXPORT,VALUE_IN_EUROS,2021,106346
ESTAT:DS-045409(1.0),06/02/26 11:00:00,Annual,"European Union - 27 countries (AT, BE, BG, CY, CZ, DE, DK, EE, ES, FI, FR, GR, HR, HU, IE, IT, LT, LU, LV, MT, NL, PL, PT, RO, SE, SI, SK)",Guinea-Bissau,COCOA AND COCOA PREPARATIONS,EXPORT,VALUE_IN_EUROS,2022,166169
ESTAT:DS-045409(1.0),06/02/26 11:00:00,Annual,"European Union - 27 countries (AT, BE, BG, CY, CZ, DE, DK, EE, ES, FI, FR, GR, HR, HU, IE, IT, LT, LU, LV, MT, NL, PL, PT, RO, SE, SI, SK)",Guinea-Bissau,COCOA AND COCOA PREPARATIONS,EXPORT,VALUE_IN_EUROS,2023,169674
ESTAT:DS-045409(1.0),06/02/26 11:00:00,Annual,"European Union - 27 countries (AT, BE, BG, CY, CZ, DE, DK, EE, ES, FI, FR, GR, HR, HU, IE, IT, LT, LU, LV, MT, NL, PL, PT, RO, SE, SI, SK)",Guinea-Bissau,COCOA AND COCOA PREPARATIONS,EXPORT,VALUE_IN_EUROS,2024,296612
ESTAT:DS-045409(1.0),06/02/26 11:00:00,Annual,"European Union - 27 countries (AT, BE, BG, CY, CZ, DE, DK, EE, ES, FI, FR, GR, HR, HU, IE, IT, LT, LU, LV, MT, NL, PL, PT, RO, SE, SI, SK)",Kenya,COCOA AND COCOA PREPARATIONS,EXPORT,VALUE_IN_EUROS,1999,338966
ESTAT:DS-045409(1.0),06/02/26 11:00:00,Annual,"European Union - 27 countries (AT, BE, BG, CY, CZ, DE, DK, EE, ES, FI, FR, GR, HR, HU, IE, IT, LT, LU, LV, MT, NL, PL, PT, RO, SE, SI, SK)",Kenya,COCOA AND COCOA PREPARATIONS,EXPORT,VALUE_IN_EUROS,2000,288622
ESTAT:DS-045409(1.0),06/02/26 11:00:00,Annual,"European Union - 27 countries (AT, BE, BG, CY, CZ, DE, DK, EE, ES, FI, FR, GR, HR, HU, IE, IT, LT, LU, LV, MT, NL, PL, PT, RO, SE, SI, SK)",Kenya,COCOA AND COCOA PREPARATIONS,EXPORT,VALUE_IN_EUROS,2001,382146
ESTAT:DS-045409(1.0),06/02/26 11:00:00,Annual,"European Union - 27 countries (AT, BE, BG, CY, CZ, DE, DK, EE, ES, FI, FR, GR, HR, HU, IE, IT, LT, LU, LV, MT, NL, PL, PT, RO, SE, SI, SK)",Kenya,COCOA AND COCOA PREPARATIONS,EXPORT,VALUE_IN_EUROS,2002,696982
ESTAT:DS-045409(1.0),06/02/26 11:00:00,Annual,"European Union - 27 countries (AT, BE, BG, CY, CZ, DE, DK, EE, ES, FI, FR, GR, HR, HU, IE, IT, LT, LU, LV, MT, NL, PL, PT, RO, SE, SI, SK)",Kenya,COCOA AND COCOA PREPARATIONS,EXPORT,VALUE_IN_EUROS,2003,335003
ESTAT:DS-045409(1.0),06/02/26 11:00:00,Annual,"European Union - 27 countries (AT, BE, BG, CY, CZ, DE, DK, EE, ES, FI, FR, GR, HR, HU, IE, IT, LT, LU, LV, MT, NL, PL, PT, RO, SE, SI, SK)",Kenya,COCOA AND COCOA PREPARATIONS,EXPORT,VALUE_IN_EUROS,2004,413959
ESTAT:DS-045409(1.0),06/02/26 11:00:00,Annual,"European Union - 27 countries (AT, BE, BG, CY, CZ, DE, DK, EE, ES, FI, FR, GR, HR, HU, IE, IT, LT, LU, LV, MT, NL, PL, PT, RO, SE, SI, SK)",Kenya,COCOA AND COCOA PREPARATIONS,EXPORT,VALUE_IN_EUROS,2005,630467
ESTAT:DS-045409(1.0),06/02/26 11:00:00,Annual,"European Union - 27 countries (AT, BE, BG, CY, CZ, DE, DK, EE, ES, FI, FR, GR, HR, HU, IE, IT, LT, LU, LV, MT, NL, PL, PT, RO, SE, SI, SK)",Kenya,COCOA AND COCOA PREPARATIONS,EXPORT,VALUE_IN_EUROS,2006,704960
ESTAT:DS-045409(1.0),06/02/26 11:00:00,Annual,"European Union - 27 countries (AT, BE, BG, CY, CZ, DE, DK, EE, ES, FI, FR, GR, HR, HU, IE, IT, LT, LU, LV, MT, NL, PL, PT, RO, SE, SI, SK)",Kenya,COCOA AND COCOA PREPARATIONS,EXPORT,VALUE_IN_EUROS,2007,693429
ESTAT:DS-045409(1.0),06/02/26 11:00:00,Annual,"European Union - 27 countries (AT, BE, BG, CY, CZ, DE, DK, EE, ES, FI, FR, GR, HR, HU, IE, IT, LT, LU, LV, MT, NL, PL, PT, RO, SE, SI, SK)",Kenya,COCOA AND COCOA PREPARATIONS,EXPORT,VALUE_IN_EUROS,2008,956619
ESTAT:DS-045409(1.0),06/02/26 11:00:00,Annual,"European Union - 27 countries (AT, BE, BG, CY, CZ, DE, DK, EE, ES, FI, FR, GR, HR, HU, IE, IT, LT, LU, LV, MT, NL, PL, PT, RO, SE, SI, SK)",Kenya,COCOA AND COCOA PREPARATIONS,EXPORT,VALUE_IN_EUROS,2009,980007
ESTAT:DS-045409(1.0),06/02/26 11:00:00,Annual,"European Union - 27 countries (AT, BE, BG, CY, CZ, DE, DK, EE, ES, FI, FR, GR, HR, HU, IE, IT, LT, LU, LV, MT, NL, PL, PT, RO, SE, SI, SK)",Kenya,COCOA AND COCOA PREPARATIONS,EXPORT,VALUE_IN_EUROS,2010,1217170
ESTAT:DS-045409(1.0),06/02/26 11:00:00,Annual,"European Union - 27 countries (AT, BE, BG, CY, CZ, DE, DK, EE, ES, FI, FR, GR, HR, HU, IE, IT, LT, LU, LV, MT, NL, PL, PT, RO, SE, SI, SK)",Kenya,COCOA AND COCOA PREPARATIONS,EXPORT,VALUE_IN_EUROS,2011,1973874
ESTAT:DS-045409(1.0),06/02/26 11:00:00,Annual,"European Union - 27 countries (AT, BE, BG, CY, CZ, DE, DK, EE, ES, FI, FR, GR, HR, HU, IE, IT, LT, LU, LV, MT, NL, PL, PT, RO, SE, SI, SK)",Kenya,COCOA AND COCOA PREPARATIONS,EXPORT,VALUE_IN_EUROS,2012,2549489
ESTAT:DS-045409(1.0),06/02/26 11:00:00,Annual,"European Union - 27 countries (AT, BE, BG, CY, CZ, DE, DK, EE, ES, FI, FR, GR, HR, HU, IE, IT, LT, LU, LV, MT, NL, PL, PT, RO, SE, SI, SK)",Kenya,COCOA AND COCOA PREPARATIONS,EXPORT,VALUE_IN_EUROS,2013,2809129
ESTAT:DS-045409(1.0),06/02/26 11:00:00,Annual,"European Union - 27 countries (AT, BE, BG, CY, CZ, DE, DK, EE, ES, FI, FR, GR, HR, HU, IE, IT, LT, LU, LV, MT, NL, PL, PT, RO, SE, SI, SK)",Kenya,COCOA AND COCOA PREPARATIONS,EXPORT,VALUE_IN_EUROS,2014,2541456
ESTAT:DS-045409(1.0),06/02/26 11:00:00,Annual,"European Union - 27 countries (AT, BE, BG, CY, CZ, DE, DK, EE, ES, FI, FR, GR, HR, HU, IE, IT, LT, LU, LV, MT, NL, PL, PT, RO, SE, SI, SK)",Kenya,COCOA AND COCOA PREPARATIONS,EXPORT,VALUE_IN_EUROS,2015,2882193
ESTAT:DS-045409(1.0),06/02/26 11:00:00,Annual,"European Union - 27 countries (AT, BE, BG, CY, CZ, DE, DK, EE, ES, FI, FR, GR, HR, HU, IE, IT, LT, LU, LV, MT, NL, PL, PT, RO, SE, SI, SK)",Kenya,COCOA AND COCOA PREPARATIONS,EXPORT,VALUE_IN_EUROS,2016,3498853
ESTAT:DS-045409(1.0),06/02/26 11:00:00,Annual,"European Union - 27 countries (AT, BE, BG, CY, CZ, DE, DK, EE, ES, FI, FR, GR, HR, HU, IE, IT, LT, LU, LV, MT, NL, PL, PT, RO, SE, SI, SK)",Kenya,COCOA AND COCOA PREPARATIONS,EXPORT,VALUE_IN_EUROS,2017,2905468
ESTAT:DS-045409(1.0),06/02/26 11:00:00,Annual,"European Union - 27 countries (AT, BE, BG, CY, CZ, DE, DK, EE, ES, FI, FR, GR, HR, HU, IE, IT, LT, LU, LV, MT, NL, PL, PT, RO, SE, SI, SK)",Kenya,COCOA AND COCOA PREPARATIONS,EXPORT,VALUE_IN_EUROS,2018,4132475
ESTAT:DS-045409(1.0),06/02/26 11:00:00,Annual,"European Union - 27 countries (AT, BE, BG, CY, CZ, DE, DK, EE, ES, FI, FR, GR, HR, HU, IE, IT, LT, LU, LV, MT, NL, PL, PT, RO, SE, SI, SK)",Kenya,COCOA AND COCOA PREPARATIONS,EXPORT,VALUE_IN_EUROS,2019,4706907
ESTAT:DS-045409(1.0),06/02/26 11:00:00,Annual,"European Union - 27 countries (AT, BE, BG, CY, CZ, DE, DK, EE, ES, FI, FR, GR, HR, HU, IE, IT, LT, LU, LV, MT, NL, PL, PT, RO, SE, SI, SK)",Kenya,COCOA AND COCOA PREPARATIONS,EXPORT,VALUE_IN_EUROS,2020,2987655
ESTAT:DS-045409(1.0),06/02/26 11:00:00,Annual,"European Union - 27 countries (AT, BE, BG, CY, CZ, DE, DK, EE, ES, FI, FR, GR, HR, HU, IE, IT, LT, LU, LV, MT, NL, PL, PT, RO, SE, SI, SK)",Kenya,COCOA AND COCOA PREPARATIONS,EXPORT,VALUE_IN_EUROS,2021,4332803
ESTAT:DS-045409(1.0),06/02/26 11:00:00,Annual,"European Union - 27 countries (AT, BE, BG, CY, CZ, DE, DK, EE, ES, FI, FR, GR, HR, HU, IE, IT, LT, LU, LV, MT, NL, PL, PT, RO, SE, SI, SK)",Kenya,COCOA AND COCOA PREPARATIONS,EXPORT,VALUE_IN_EUROS,2022,4086017
ESTAT:DS-045409(1.0),06/02/26 11:00:00,Annual,"European Union - 27 countries (AT, BE, BG, CY, CZ, DE, DK, EE, ES, FI, FR, GR, HR, HU, IE, IT, LT, LU, LV, MT, NL, PL, PT, RO, SE, SI, SK)",Kenya,COCOA AND COCOA PREPARATIONS,EXPORT,VALUE_IN_EUROS,2023,4598787
ESTAT:DS-045409(1.0),06/02/26 11:00:00,Annual,"European Union - 27 countries (AT, BE, BG, CY, CZ, DE, DK, EE, ES, FI, FR, GR, HR, HU, IE, IT, LT, LU, LV, MT, NL, PL, PT, RO, SE, SI, SK)",Kenya,COCOA AND COCOA PREPARATIONS,EXPORT,VALUE_IN_EUROS,2024,4854688
ESTAT:DS-045409(1.0),06/02/26 11:00:00,Annual,"European Union - 27 countries (AT, BE, BG, CY, CZ, DE, DK, EE, ES, FI, FR, GR, HR, HU, IE, IT, LT, LU, LV, MT, NL, PL, PT, RO, SE, SI, SK)",Comoros (incl. Mayotte 'YT' -> 1976),COCOA AND COCOA PREPARATIONS,EXPORT,VALUE_IN_EUROS,1999,2691
ESTAT:DS-045409(1.0),06/02/26 11:00:00,Annual,"European Union - 27 countries (AT, BE, BG, CY, CZ, DE, DK, EE, ES, FI, FR, GR, HR, HU, IE, IT, LT, LU, LV, MT, NL, PL, PT, RO, SE, SI, SK)",Comoros (incl. Mayotte 'YT' -> 1976),COCOA AND COCOA PREPARATIONS,EXPORT,VALUE_IN_EUROS,2000,69418
ESTAT:DS-045409(1.0),06/02/26 11:00:00,Annual,"European Union - 27 countries (AT, BE, BG, CY, CZ, DE, DK, EE, ES, FI, FR, GR, HR, HU, IE, IT, LT, LU, LV, MT, NL, PL, PT, RO, SE, SI, SK)",Comoros (incl. Mayotte 'YT' -> 1976),COCOA AND COCOA PREPARATIONS,EXPORT,VALUE_IN_EUROS,2001,4340
ESTAT:DS-045409(1.0),06/02/26 11:00:00,Annual,"European Union - 27 countries (AT, BE, BG, CY, CZ, DE, DK, EE, ES, FI, FR, GR, HR, HU, IE, IT, LT, LU, LV, MT, NL, PL, PT, RO, SE, SI, SK)",Comoros (incl. Mayotte 'YT' -> 1976),COCOA AND COCOA PREPARATIONS,EXPORT,VALUE_IN_EUROS,2002,11281
ESTAT:DS-045409(1.0),06/02/26 11:00:00,Annual,"European Union - 27 countries (AT, BE, BG, CY, CZ, DE, DK, EE, ES, FI, FR, GR, HR, HU, IE, IT, LT, LU, LV, MT, NL, PL, PT, RO, SE, SI, SK)",Comoros (incl. Mayotte 'YT' -> 1976),COCOA AND COCOA PREPARATIONS,EXPORT,VALUE_IN_EUROS,2003,2422
ESTAT:DS-045409(1.0),06/02/26 11:00:00,Annual,"European Union - 27 countries (AT, BE, BG, CY, CZ, DE, DK, EE, ES, FI, FR, GR, HR, HU, IE, IT, LT, LU, LV, MT, NL, PL, PT, RO, SE, SI, SK)",Comoros (incl. Mayotte 'YT' -> 1976),COCOA AND COCOA PREPARATIONS,EXPORT,VALUE_IN_EUROS,2005,678
ESTAT:DS-045409(1.0),06/02/26 11:00:00,Annual,"European Union - 27 countries (AT, BE, BG, CY, CZ, DE, DK, EE, ES, FI, FR, GR, HR, HU, IE, IT, LT, LU, LV, MT, NL, PL, PT, RO, SE, SI, SK)",Comoros (incl. Mayotte 'YT' -> 1976),COCOA AND COCOA PREPARATIONS,EXPORT,VALUE_IN_EUROS,2006,7566
ESTAT:DS-045409(1.0),06/02/26 11:00:00,Annual,"European Union - 27 countries (AT, BE, BG, CY, CZ, DE, DK, EE, ES, FI, FR, GR, HR, HU, IE, IT, LT, LU, LV, MT, NL, PL, PT, RO, SE, SI, SK)",Comoros (incl. Mayotte 'YT' -> 1976),COCOA AND COCOA PREPARATIONS,EXPORT,VALUE_IN_EUROS,2007,9275
ESTAT:DS-045409(1.0),06/02/26 11:00:00,Annual,"European Union - 27 countries (AT, BE, BG, CY, CZ, DE, DK, EE, ES, FI, FR, GR, HR, HU, IE, IT, LT, LU, LV, MT, NL, PL, PT, RO, SE, SI, SK)",Comoros (incl. Mayotte 'YT' -> 1976),COCOA AND COCOA PREPARATIONS,EXPORT,VALUE_IN_EUROS,2008,178
ESTAT:DS-045409(1.0),06/02/26 11:00:00,Annual,"European Union - 27 countries (AT, BE, BG, CY, CZ, DE, DK, EE, ES, FI, FR, GR, HR, HU, IE, IT, LT, LU, LV, MT, NL, PL, PT, RO, SE, SI, SK)",Comoros (incl. Mayotte 'YT' -> 1976),COCOA AND COCOA PREPARATIONS,EXPORT,VALUE_IN_EUROS,2009,49590
ESTAT:DS-045409(1.0),06/02/26 11:00:00,Annual,"European Union - 27 countries (AT, BE, BG, CY, CZ, DE, DK, EE, ES, FI, FR, GR, HR, HU, IE, IT, LT, LU, LV, MT, NL, PL, PT, RO, SE, SI, SK)",Comoros (incl. Mayotte 'YT' -> 1976),COCOA AND COCOA PREPARATIONS,EXPORT,VALUE_IN_EUROS,2010,4247
ESTAT:DS-045409(1.0),06/02/26 11:00:00,Annual,"European Union - 27 countries (AT, BE, BG, CY, CZ, DE, DK, EE, ES, FI, FR, GR, HR, HU, IE, IT, LT, LU, LV, MT, NL, PL, PT, RO, SE, SI, SK)",Comoros (incl. Mayotte 'YT' -> 1976),COCOA AND COCOA PREPARATIONS,EXPORT,VALUE_IN_EUROS,2011,41238
ESTAT:DS-045409(1.0),06/02/26 11:00:00,Annual,"European Union - 27 countries (AT, BE, BG, CY, CZ, DE, DK, EE, ES, FI, FR, GR, HR, HU, IE, IT, LT, LU, LV, MT, NL, PL, PT, RO, SE, SI, SK)",Comoros (incl. Mayotte 'YT' -> 1976),COCOA AND COCOA PREPARATIONS,EXPORT,VALUE_IN_EUROS,2012,63477
ESTAT:DS-045409(1.0),06/02/26 11:00:00,Annual,"European Union - 27 countries (AT, BE, BG, CY, CZ, DE, DK, EE, ES, FI, FR, GR, HR, HU, IE, IT, LT, LU, LV, MT, NL, PL, PT, RO, SE, SI, SK)",Comoros (incl. Mayotte 'YT' -> 1976),COCOA AND COCOA PREPARATIONS,EXPORT,VALUE_IN_EUROS,2013,68294
ESTAT:DS-045409(1.0),06/02/26 11:00:00,Annual,"European Union - 27 countries (AT, BE, BG, CY, CZ, DE, DK, EE, ES, FI, FR, GR, HR, HU, IE, IT, LT, LU, LV, MT, NL, PL, PT, RO, SE, SI, SK)",Comoros (incl. Mayotte 'YT' -> 1976),COCOA AND COCOA PREPARATIONS,EXPORT,VALUE_IN_EUROS,2014,75610
ESTAT:DS-045409(1.0),06/02/26 11:00:00,Annual,"European Union - 27 countries (AT, BE, BG, CY, CZ, DE, DK, EE, ES, FI, FR, GR, HR, HU, IE, IT, LT, LU, LV, MT, NL, PL, PT, RO, SE, SI, SK)",Comoros (incl. Mayotte 'YT' -> 1976),COCOA AND COCOA PREPARATIONS,EXPORT,VALUE_IN_EUROS,2015,99720
ESTAT:DS-045409(1.0),06/02/26 11:00:00,Annual,"European Union - 27 countries (AT, BE, BG, CY, CZ, DE, DK, EE, ES, FI, FR, GR, HR, HU, IE, IT, LT, LU, LV, MT, NL, PL, PT, RO, SE, SI, SK)",Comoros (incl. Mayotte 'YT' -> 1976),COCOA AND COCOA PREPARATIONS,EXPORT,VALUE_IN_EUROS,2016,176309
ESTAT:DS-045409(1.0),06/02/26 11:00:00,Annual,"European Union - 27 countries (AT, BE, BG, CY, CZ, DE, DK, EE, ES, FI, FR, GR, HR, HU, IE, IT, LT, LU, LV, MT, NL, PL, PT, RO, SE, SI, SK)",Comoros (incl. Mayotte 'YT' -> 1976),COCOA AND COCOA PREPARATIONS,EXPORT,VALUE_IN_EUROS,2017,93871
ESTAT:DS-045409(1.0),06/02/26 11:00:00,Annual,"European Union - 27 countries (AT, BE, BG, CY, CZ, DE, DK, EE, ES, FI, FR, GR, HR, HU, IE, IT, LT, LU, LV, MT, NL, PL, PT, RO, SE, SI, SK)",Comoros (incl. Mayotte 'YT' -> 1976),COCOA AND COCOA PREPARATIONS,EXPORT,VALUE_IN_EUROS,2018,159757
ESTAT:DS-045409(1.0),06/02/26 11:00:00,Annual,"European Union - 27 countries (AT, BE, BG, CY, CZ, DE, DK, EE, ES, FI, FR, GR, HR, HU, IE, IT, LT, LU, LV, MT, NL, PL, PT, RO, SE, SI, SK)",Comoros (incl. Mayotte 'YT' -> 1976),COCOA AND COCOA PREPARATIONS,EXPORT,VALUE_IN_EUROS,2019,137221
ESTAT:DS-045409(1.0),06/02/26 11:00:00,Annual,"European Union - 27 countries (AT, BE, BG, CY, CZ, DE, DK, EE, ES, FI, FR, GR, HR, HU, IE, IT, LT, LU, LV, MT, NL, PL, PT, RO, SE, SI, SK)",Comoros (incl. Mayotte 'YT' -> 1976),COCOA AND COCOA PREPARATIONS,EXPORT,VALUE_IN_EUROS,2020,136346
ESTAT:DS-045409(1.0),06/02/26 11:00:00,Annual,"European Union - 27 countries (AT, BE, BG, CY, CZ, DE, DK, EE, ES, FI, FR, GR, HR, HU, IE, IT, LT, LU, LV, MT, NL, PL, PT, RO, SE, SI, SK)",Comoros (incl. Mayotte 'YT' -> 1976),COCOA AND COCOA PREPARATIONS,EXPORT,VALUE_IN_EUROS,2021,152289
ESTAT:DS-045409(1.0),06/02/26 11:00:00,Annual,"European Union - 27 countries (AT, BE, BG, CY, CZ, DE, DK, EE, ES, FI, FR, GR, HR, HU, IE, IT, LT, LU, LV, MT, NL, PL, PT, RO, SE, SI, SK)",Comoros (incl. Mayotte 'YT' -> 1976),COCOA AND COCOA PREPARATIONS,EXPORT,VALUE_IN_EUROS,2022,213375
ESTAT:DS-045409(1.0),06/02/26 11:00:00,Annual,"European Union - 27 countries (AT, BE, BG, CY, CZ, DE, DK, EE, ES, FI, FR, GR, HR, HU, IE, IT, LT, LU, LV, MT, NL, PL, PT, RO, SE, SI, SK)",Comoros (incl. Mayotte 'YT' -> 1976),COCOA AND COCOA PREPARATIONS,EXPORT,VALUE_IN_EUROS,2023,89181
ESTAT:DS-045409(1.0),06/02/26 11:00:00,Annual,"European Union - 27 countries (AT, BE, BG, CY, CZ, DE, DK, EE, ES, FI, FR, GR, HR, HU, IE, IT, LT, LU, LV, MT, NL, PL, PT, RO, SE, SI, SK)",Comoros (incl. Mayotte 'YT' -> 1976),COCOA AND COCOA PREPARATIONS,EXPORT,VALUE_IN_EUROS,2024,200950
ESTAT:DS-045409(1.0),06/02/26 11:00:00,Annual,"European Union - 27 countries (AT, BE, BG, CY, CZ, DE, DK, EE, ES, FI, FR, GR, HR, HU, IE, IT, LT, LU, LV, MT, NL, PL, PT, RO, SE, SI, SK)",Liberia,COCOA AND COCOA PREPARATIONS,EXPORT,VALUE_IN_EUROS,1999,47417
ESTAT:DS-045409(1.0),06/02/26 11:00:00,Annual,"European Union - 27 countries (AT, BE, BG, CY, CZ, DE, DK, EE, ES, FI, FR, GR, HR, HU, IE, IT, LT, LU, LV, MT, NL, PL, PT, RO, SE, SI, SK)",Liberia,COCOA AND COCOA PREPARATIONS,EXPORT,VALUE_IN_EUROS,2000,35939
ESTAT:DS-045409(1.0),06/02/26 11:00:00,Annual,"European Union - 27 countries (AT, BE, BG, CY, CZ, DE, DK, EE, ES, FI, FR, GR, HR, HU, IE, IT, LT, LU, LV, MT, NL, PL, PT, RO, SE, SI, SK)",Liberia,COCOA AND COCOA PREPARATIONS,EXPORT,VALUE_IN_EUROS,2001,158228
ESTAT:DS-045409(1.0),06/02/26 11:00:00,Annual,"European Union - 27 countries (AT, BE, BG, CY, CZ, DE, DK, EE, ES, FI, FR, GR, HR, HU, IE, IT, LT, LU, LV, MT, NL, PL, PT, RO, SE, SI, SK)",Liberia,COCOA AND COCOA PREPARATIONS,EXPORT,VALUE_IN_EUROS,2002,85426
ESTAT:DS-045409(1.0),06/02/26 11:00:00,Annual,"European Union - 27 countries (AT, BE, BG, CY, CZ, DE, DK, EE, ES, FI, FR, GR, HR, HU, IE, IT, LT, LU, LV, MT, NL, PL, PT, RO, SE, SI, SK)",Liberia,COCOA AND COCOA PREPARATIONS,EXPORT,VALUE_IN_EUROS,2003,194791
ESTAT:DS-045409(1.0),06/02/26 11:00:00,Annual,"European Union - 27 countries (AT, BE, BG, CY, CZ, DE, DK, EE, ES, FI, FR, GR, HR, HU, IE, IT, LT, LU, LV, MT, NL, PL, PT, RO, SE, SI, SK)",Liberia,COCOA AND COCOA PREPARATIONS,EXPORT,VALUE_IN_EUROS,2004,383019
ESTAT:DS-045409(1.0),06/02/26 11:00:00,Annual,"European Union - 27 countries (AT, BE, BG, CY, CZ, DE, DK, EE, ES, FI, FR, GR, HR, HU, IE, IT, LT, LU, LV, MT, NL, PL, PT, RO, SE, SI, SK)",Liberia,COCOA AND COCOA PREPARATIONS,EXPORT,VALUE_IN_EUROS,2005,421294
ESTAT:DS-045409(1.0),06/02/26 11:00:00,Annual,"European Union - 27 countries (AT, BE, BG, CY, CZ, DE, DK, EE, ES, FI, FR, GR, HR, HU, IE, IT, LT, LU, LV, MT, NL, PL, PT, RO, SE, SI, SK)",Liberia,COCOA AND COCOA PREPARATIONS,EXPORT,VALUE_IN_EUROS,2006,347563
ESTAT:DS-045409(1.0),06/02/26 11:00:00,Annual,"European Union - 27 countries (AT, BE, BG, CY, CZ, DE, DK, EE, ES, FI, FR, GR, HR, HU, IE, IT, LT, LU, LV, MT, NL, PL, PT, RO, SE, SI, SK)",Liberia,COCOA AND COCOA PREPARATIONS,EXPORT,VALUE_IN_EUROS,2007,300009
ESTAT:DS-045409(1.0),06/02/26 11:00:00,Annual,"European Union - 27 countries (AT, BE, BG, CY, CZ, DE, DK, EE, ES, FI, FR, GR, HR, HU, IE, IT, LT, LU, LV, MT, NL, PL, PT, RO, SE, SI, SK)",Liberia,COCOA AND COCOA PREPARATIONS,EXPORT,VALUE_IN_EUROS,2008,182517
ESTAT:DS-045409(1.0),06/02/26 11:00:00,Annual,"European Union - 27 countries (AT, BE, BG, CY, CZ, DE, DK, EE, ES, FI, FR, GR, HR, HU, IE, IT, LT, LU, LV, MT, NL, PL, PT, RO, SE, SI, SK)",Liberia,COCOA AND COCOA PREPARATIONS,EXPORT,VALUE_IN_EUROS,2009,599208
ESTAT:DS-045409(1.0),06/02/26 11:00:00,Annual,"European Union - 27 countries (AT, BE, BG, CY, CZ, DE, DK, EE, ES, FI, FR, GR, HR, HU, IE, IT, LT, LU, LV, MT, NL, PL, PT, RO, SE, SI, SK)",Liberia,COCOA AND COCOA PREPARATIONS,EXPORT,VALUE_IN_EUROS,2010,498000
ESTAT:DS-045409(1.0),06/02/26 11:00:00,Annual,"European Union - 27 countries (AT, BE, BG, CY, CZ, DE, DK, EE, ES, FI, FR, GR, HR, HU, IE, IT, LT, LU, LV, MT, NL, PL, PT, RO, SE, SI, SK)",Liberia,COCOA AND COCOA PREPARATIONS,EXPORT,VALUE_IN_EUROS,2011,420306
ESTAT:DS-045409(1.0),06/02/26 11:00:00,Annual,"European Union - 27 countries (AT, BE, BG, CY, CZ, DE, DK, EE, ES, FI, FR, GR, HR, HU, IE, IT, LT, LU, LV, MT, NL, PL, PT, RO, SE, SI, SK)",Liberia,COCOA AND COCOA PREPARATIONS,EXPORT,VALUE_IN_EUROS,2012,437503
ESTAT:DS-045409(1.0),06/02/26 11:00:00,Annual,"European Union - 27 countries (AT, BE, BG, CY, CZ, DE, DK, EE, ES, FI, FR, GR, HR, HU, IE, IT, LT, LU, LV, MT, NL, PL, PT, RO, SE, SI, SK)",Liberia,COCOA AND COCOA PREPARATIONS,EXPORT,VALUE_IN_EUROS,2013,2025781
ESTAT:DS-045409(1.0),06/02/26 11:00:00,Annual,"European Union - 27 countries (AT, BE, BG, CY, CZ, DE, DK, EE, ES, FI, FR, GR, HR, HU, IE, IT, LT, LU, LV, MT, NL, PL, PT, RO, SE, SI, SK)",Liberia,COCOA AND COCOA PREPARATIONS,EXPORT,VALUE_IN_EUROS,2014,1946924
ESTAT:DS-045409(1.0),06/02/26 11:00:00,Annual,"European Union - 27 countries (AT, BE, BG, CY, CZ, DE, DK, EE, ES, FI, FR, GR, HR, HU, IE, IT, LT, LU, LV, MT, NL, PL, PT, RO, SE, SI, SK)",Liberia,COCOA AND COCOA PREPARATIONS,EXPORT,VALUE_IN_EUROS,2015,2137815
ESTAT:DS-045409(1.0),06/02/26 11:00:00,Annual,"European Union - 27 countries (AT, BE, BG, CY, CZ, DE, DK, EE, ES, FI, FR, GR, HR, HU, IE, IT, LT, LU, LV, MT, NL, PL, PT, RO, SE, SI, SK)",Liberia,COCOA AND COCOA PREPARATIONS,EXPORT,VALUE_IN_EUROS,2016,960817
ESTAT:DS-045409(1.0),06/02/26 11:00:00,Annual,"European Union - 27 countries (AT, BE, BG, CY, CZ, DE, DK, EE, ES, FI, FR, GR, HR, HU, IE, IT, LT, LU, LV, MT, NL, PL, PT, RO, SE, SI, SK)",Liberia,COCOA AND COCOA PREPARATIONS,EXPORT,VALUE_IN_EUROS,2017,361347
ESTAT:DS-045409(1.0),06/02/26 11:00:00,Annual,"European Union - 27 countries (AT, BE, BG, CY, CZ, DE, DK, EE, ES, FI, FR, GR, HR, HU, IE, IT, LT, LU, LV, MT, NL, PL, PT, RO, SE, SI, SK)",Liberia,COCOA AND COCOA PREPARATIONS,EXPORT,VALUE_IN_EUROS,2018,329513
ESTAT:DS-045409(1.0),06/02/26 11:00:00,Annual,"European Union - 27 countries (AT, BE, BG, CY, CZ, DE, DK, EE, ES, FI, FR, GR, HR, HU, IE, IT, LT, LU, LV, MT, NL, PL, PT, RO, SE, SI, SK)",Liberia,COCOA AND COCOA PREPARATIONS,EXPORT,VALUE_IN_EUROS,2019,488525
ESTAT:DS-045409(1.0),06/02/26 11:00:00,Annual,"European Union - 27 countries (AT, BE, BG, CY, CZ, DE, DK, EE, ES, FI, FR, GR, HR, HU, IE, IT, LT, LU, LV, MT, NL, PL, PT, RO, SE, SI, SK)",Liberia,COCOA AND COCOA PREPARATIONS,EXPORT,VALUE_IN_EUROS,2020,385110
ESTAT:DS-045409(1.0),06/02/26 11:00:00,Annual,"European Union - 27 countries (AT, BE, BG, CY, CZ, DE, DK, EE, ES, FI, FR, GR, HR, HU, IE, IT, LT, LU, LV, MT, NL, PL, PT, RO, SE, SI, SK)",Liberia,COCOA AND COCOA PREPARATIONS,EXPORT,VALUE_IN_EUROS,2021,603222
ESTAT:DS-045409(1.0),06/02/26 11:00:00,Annual,"European Union - 27 countries (AT, BE, BG, CY, CZ, DE, DK, EE, ES, FI, FR, GR, HR, HU, IE, IT, LT, LU, LV, MT, NL, PL, PT, RO, SE, SI, SK)",Liberia,COCOA AND COCOA PREPARATIONS,EXPORT,VALUE_IN_EUROS,2022,178258
ESTAT:DS-045409(1.0),06/02/26 11:00:00,Annual,"European Union - 27 countries (AT, BE, BG, CY, CZ, DE, DK, EE, ES, FI, FR, GR, HR, HU, IE, IT, LT, LU, LV, MT, NL, PL, PT, RO, SE, SI, SK)",Liberia,COCOA AND COCOA PREPARATIONS,EXPORT,VALUE_IN_EUROS,2023,580280
ESTAT:DS-045409(1.0),06/02/26 11:00:00,Annual,"European Union - 27 countries (AT, BE, BG, CY, CZ, DE, DK, EE, ES, FI, FR, GR, HR, HU, IE, IT, LT, LU, LV, MT, NL, PL, PT, RO, SE, SI, SK)",Liberia,COCOA AND COCOA PREPARATIONS,EXPORT,VALUE_IN_EUROS,2024,486955
ESTAT:DS-045409(1.0),06/02/26 11:00:00,Annual,"European Union - 27 countries (AT, BE, BG, CY, CZ, DE, DK, EE, ES, FI, FR, GR, HR, HU, IE, IT, LT, LU, LV, MT, NL, PL, PT, RO, SE, SI, SK)",Lesotho,COCOA AND COCOA PREPARATIONS,EXPORT,VALUE_IN_EUROS,2002,313805
ESTAT:DS-045409(1.0),06/02/26 11:00:00,Annual,"European Union - 27 countries (AT, BE, BG, CY, CZ, DE, DK, EE, ES, FI, FR, GR, HR, HU, IE, IT, LT, LU, LV, MT, NL, PL, PT, RO, SE, SI, SK)",Lesotho,COCOA AND COCOA PREPARATIONS,EXPORT,VALUE_IN_EUROS,2004,3838
ESTAT:DS-045409(1.0),06/02/26 11:00:00,Annual,"European Union - 27 countries (AT, BE, BG, CY, CZ, DE, DK, EE, ES, FI, FR, GR, HR, HU, IE, IT, LT, LU, LV, MT, NL, PL, PT, RO, SE, SI, SK)",Lesotho,COCOA AND COCOA PREPARATIONS,EXPORT,VALUE_IN_EUROS,2006,1000
ESTAT:DS-045409(1.0),06/02/26 11:00:00,Annual,"European Union - 27 countries (AT, BE, BG, CY, CZ, DE, DK, EE, ES, FI, FR, GR, HR, HU, IE, IT, LT, LU, LV, MT, NL, PL, PT, RO, SE, SI, SK)",Lesotho,COCOA AND COCOA PREPARATIONS,EXPORT,VALUE_IN_EUROS,2013,665
ESTAT:DS-045409(1.0),06/02/26 11:00:00,Annual,"European Union - 27 countries (AT, BE, BG, CY, CZ, DE, DK, EE, ES, FI, FR, GR, HR, HU, IE, IT, LT, LU, LV, MT, NL, PL, PT, RO, SE, SI, SK)",Lesotho,COCOA AND COCOA PREPARATIONS,EXPORT,VALUE_IN_EUROS,2017,8
ESTAT:DS-045409(1.0),06/02/26 11:00:00,Annual,"European Union - 27 countries (AT, BE, BG, CY, CZ, DE, DK, EE, ES, FI, FR, GR, HR, HU, IE, IT, LT, LU, LV, MT, NL, PL, PT, RO, SE, SI, SK)",Lesotho,COCOA AND COCOA PREPARATIONS,EXPORT,VALUE_IN_EUROS,2020,67
ESTAT:DS-045409(1.0),06/02/26 11:00:00,Annual,"European Union - 27 countries (AT, BE, BG, CY, CZ, DE, DK, EE, ES, FI, FR, GR, HR, HU, IE, IT, LT, LU, LV, MT, NL, PL, PT, RO, SE, SI, SK)",Libya,COCOA AND COCOA PREPARATIONS,EXPORT,VALUE_IN_EUROS,1999,2959830
ESTAT:DS-045409(1.0),06/02/26 11:00:00,Annual,"European Union - 27 countries (AT, BE, BG, CY, CZ, DE, DK, EE, ES, FI, FR, GR, HR, HU, IE, IT, LT, LU, LV, MT, NL, PL, PT, RO, SE, SI, SK)",Libya,COCOA AND COCOA PREPARATIONS,EXPORT,VALUE_IN_EUROS,2000,1253102
ESTAT:DS-045409(1.0),06/02/26 11:00:00,Annual,"European Union - 27 countries (AT, BE, BG, CY, CZ, DE, DK, EE, ES, FI, FR, GR, HR, HU, IE, IT, LT, LU, LV, MT, NL, PL, PT, RO, SE, SI, SK)",Libya,COCOA AND COCOA PREPARATIONS,EXPORT,VALUE_IN_EUROS,2001,4564360
ESTAT:DS-045409(1.0),06/02/26 11:00:00,Annual,"European Union - 27 countries (AT, BE, BG, CY, CZ, DE, DK, EE, ES, FI, FR, GR, HR, HU, IE, IT, LT, LU, LV, MT, NL, PL, PT, RO, SE, SI, SK)",Libya,COCOA AND COCOA PREPARATIONS,EXPORT,VALUE_IN_EUROS,2002,8090339
ESTAT:DS-045409(1.0),06/02/26 11:00:00,Annual,"European Union - 27 countries (AT, BE, BG, CY, CZ, DE, DK, EE, ES, FI, FR, GR, HR, HU, IE, IT, LT, LU, LV, MT, NL, PL, PT, RO, SE, SI, SK)",Libya,COCOA AND COCOA PREPARATIONS,EXPORT,VALUE_IN_EUROS,2003,6999028
ESTAT:DS-045409(1.0),06/02/26 11:00:00,Annual,"European Union - 27 countries (AT, BE, BG, CY, CZ, DE, DK, EE, ES, FI, FR, GR, HR, HU, IE, IT, LT, LU, LV, MT, NL, PL, PT, RO, SE, SI, SK)",Libya,COCOA AND COCOA PREPARATIONS,EXPORT,VALUE_IN_EUROS,2004,5895607
ESTAT:DS-045409(1.0),06/02/26 11:00:00,Annual,"European Union - 27 countries (AT, BE, BG, CY, CZ, DE, DK, EE, ES, FI, FR, GR, HR, HU, IE, IT, LT, LU, LV, MT, NL, PL, PT, RO, SE, SI, SK)",Libya,COCOA AND COCOA PREPARATIONS,EXPORT,VALUE_IN_EUROS,2005,5598912
ESTAT:DS-045409(1.0),06/02/26 11:00:00,Annual,"European Union - 27 countries (AT, BE, BG, CY, CZ, DE, DK, EE, ES, FI, FR, GR, HR, HU, IE, IT, LT, LU, LV, MT, NL, PL, PT, RO, SE, SI, SK)",Libya,COCOA AND COCOA PREPARATIONS,EXPORT,VALUE_IN_EUROS,2006,9377522
ESTAT:DS-045409(1.0),06/02/26 11:00:00,Annual,"European Union - 27 countries (AT, BE, BG, CY, CZ, DE, DK, EE, ES, FI, FR, GR, HR, HU, IE, IT, LT, LU, LV, MT, NL, PL, PT, RO, SE, SI, SK)",Libya,COCOA AND COCOA PREPARATIONS,EXPORT,VALUE_IN_EUROS,2007,10075693
ESTAT:DS-045409(1.0),06/02/26 11:00:00,Annual,"European Union - 27 countries (AT, BE, BG, CY, CZ, DE, DK, EE, ES, FI, FR, GR, HR, HU, IE, IT, LT, LU, LV, MT, NL, PL, PT, RO, SE, SI, SK)",Libya,COCOA AND COCOA PREPARATIONS,EXPORT,VALUE_IN_EUROS,2008,14415351
ESTAT:DS-045409(1.0),06/02/26 11:00:00,Annual,"European Union - 27 countries (AT, BE, BG, CY, CZ, DE, DK, EE, ES, FI, FR, GR, HR, HU, IE, IT, LT, LU, LV, MT, NL, PL, PT, RO, SE, SI, SK)",Libya,COCOA AND COCOA PREPARATIONS,EXPORT,VALUE_IN_EUROS,2009,12831997
ESTAT:DS-045409(1.0),06/02/26 11:00:00,Annual,"European Union - 27 countries (AT, BE, BG, CY, CZ, DE, DK, EE, ES, FI, FR, GR, HR, HU, IE, IT, LT, LU, LV, MT, NL, PL, PT, RO, SE, SI, SK)",Libya,COCOA AND COCOA PREPARATIONS,EXPORT,VALUE_IN_EUROS,2010,18234705
ESTAT:DS-045409(1.0),06/02/26 11:00:00,Annual,"European Union - 27 countries (AT, BE, BG, CY, CZ, DE, DK, EE, ES, FI, FR, GR, HR, HU, IE, IT, LT, LU, LV, MT, NL, PL, PT, RO, SE, SI, SK)",Libya,COCOA AND COCOA PREPARATIONS,EXPORT,VALUE_IN_EUROS,2011,14686004
ESTAT:DS-045409(1.0),06/02/26 11:00:00,Annual,"European Union - 27 countries (AT, BE, BG, CY, CZ, DE, DK, EE, ES, FI, FR, GR, HR, HU, IE, IT, LT, LU, LV, MT, NL, PL, PT, RO, SE, SI, SK)",Libya,COCOA AND COCOA PREPARATIONS,EXPORT,VALUE_IN_EUROS,2012,40826366
ESTAT:DS-045409(1.0),06/02/26 11:00:00,Annual,"European Union - 27 countries (AT, BE, BG, CY, CZ, DE, DK, EE, ES, FI, FR, GR, HR, HU, IE, IT, LT, LU, LV, MT, NL, PL, PT, RO, SE, SI, SK)",Libya,COCOA AND COCOA PREPARATIONS,EXPORT,VALUE_IN_EUROS,2013,47753509
ESTAT:DS-045409(1.0),06/02/26 11:00:00,Annual,"European Union - 27 countries (AT, BE, BG, CY, CZ, DE, DK, EE, ES, FI, FR, GR, HR, HU, IE, IT, LT, LU, LV, MT, NL, PL, PT, RO, SE, SI, SK)",Libya,COCOA AND COCOA PREPARATIONS,EXPORT,VALUE_IN_EUROS,2014,38388381
ESTAT:DS-045409(1.0),06/02/26 11:00:00,Annual,"European Union - 27 countries (AT, BE, BG, CY, CZ, DE, DK, EE, ES, FI, FR, GR, HR, HU, IE, IT, LT, LU, LV, MT, NL, PL, PT, RO, SE, SI, SK)",Libya,COCOA AND COCOA PREPARATIONS,EXPORT,VALUE_IN_EUROS,2015,40369546
ESTAT:DS-045409(1.0),06/02/26 11:00:00,Annual,"European Union - 27 countries (AT, BE, BG, CY, CZ, DE, DK, EE, ES, FI, FR, GR, HR, HU, IE, IT, LT, LU, LV, MT, NL, PL, PT, RO, SE, SI, SK)",Libya,COCOA AND COCOA PREPARATIONS,EXPORT,VALUE_IN_EUROS,2016,24449044
ESTAT:DS-045409(1.0),06/02/26 11:00:00,Annual,"European Union - 27 countries (AT, BE, BG, CY, CZ, DE, DK, EE, ES, FI, FR, GR, HR, HU, IE, IT, LT, LU, LV, MT, NL, PL, PT, RO, SE, SI, SK)",Libya,COCOA AND COCOA PREPARATIONS,EXPORT,VALUE_IN_EUROS,2017,18533385
ESTAT:DS-045409(1.0),06/02/26 11:00:00,Annual,"European Union - 27 countries (AT, BE, BG, CY, CZ, DE, DK, EE, ES, FI, FR, GR, HR, HU, IE, IT, LT, LU, LV, MT, NL, PL, PT, RO, SE, SI, SK)",Libya,COCOA AND COCOA PREPARATIONS,EXPORT,VALUE_IN_EUROS,2018,27750856
ESTAT:DS-045409(1.0),06/02/26 11:00:00,Annual,"European Union - 27 countries (AT, BE, BG, CY, CZ, DE, DK, EE, ES, FI, FR, GR, HR, HU, IE, IT, LT, LU, LV, MT, NL, PL, PT, RO, SE, SI, SK)",Libya,COCOA AND COCOA PREPARATIONS,EXPORT,VALUE_IN_EUROS,2019,54154225
ESTAT:DS-045409(1.0),06/02/26 11:00:00,Annual,"European Union - 27 countries (AT, BE, BG, CY, CZ, DE, DK, EE, ES, FI, FR, GR, HR, HU, IE, IT, LT, LU, LV, MT, NL, PL, PT, RO, SE, SI, SK)",Libya,COCOA AND COCOA PREPARATIONS,EXPORT,VALUE_IN_EUROS,2020,32049674
ESTAT:DS-045409(1.0),06/02/26 11:00:00,Annual,"European Union - 27 countries (AT, BE, BG, CY, CZ, DE, DK, EE, ES, FI, FR, GR, HR, HU, IE, IT, LT, LU, LV, MT, NL, PL, PT, RO, SE, SI, SK)",Libya,COCOA AND COCOA PREPARATIONS,EXPORT,VALUE_IN_EUROS,2021,43568978
ESTAT:DS-045409(1.0),06/02/26 11:00:00,Annual,"European Union - 27 countries (AT, BE, BG, CY, CZ, DE, DK, EE, ES, FI, FR, GR, HR, HU, IE, IT, LT, LU, LV, MT, NL, PL, PT, RO, SE, SI, SK)",Libya,COCOA AND COCOA PREPARATIONS,EXPORT,VALUE_IN_EUROS,2022,53068511
ESTAT:DS-045409(1.0),06/02/26 11:00:00,Annual,"European Union - 27 countries (AT, BE, BG, CY, CZ, DE, DK, EE, ES, FI, FR, GR, HR, HU, IE, IT, LT, LU, LV, MT, NL, PL, PT, RO, SE, SI, SK)",Libya,COCOA AND COCOA PREPARATIONS,EXPORT,VALUE_IN_EUROS,2023,57592975
ESTAT:DS-045409(1.0),06/02/26 11:00:00,Annual,"European Union - 27 countries (AT, BE, BG, CY, CZ, DE, DK, EE, ES, FI, FR, GR, HR, HU, IE, IT, LT, LU, LV, MT, NL, PL, PT, RO, SE, SI, SK)",Libya,COCOA AND COCOA PREPARATIONS,EXPORT,VALUE_IN_EUROS,2024,59197957
ESTAT:DS-045409(1.0),06/02/26 11:00:00,Annual,"European Union - 27 countries (AT, BE, BG, CY, CZ, DE, DK, EE, ES, FI, FR, GR, HR, HU, IE, IT, LT, LU, LV, MT, NL, PL, PT, RO, SE, SI, SK)",Morocco,COCOA AND COCOA PREPARATIONS,EXPORT,VALUE_IN_EUROS,1999,3330971
ESTAT:DS-045409(1.0),06/02/26 11:00:00,Annual,"European Union - 27 countries (AT, BE, BG, CY, CZ, DE, DK, EE, ES, FI, FR, GR, HR, HU, IE, IT, LT, LU, LV, MT, NL, PL, PT, RO, SE, SI, SK)",Morocco,COCOA AND COCOA PREPARATIONS,EXPORT,VALUE_IN_EUROS,2000,4804511
ESTAT:DS-045409(1.0),06/02/26 11:00:00,Annual,"European Union - 27 countries (AT, BE, BG, CY, CZ, DE, DK, EE, ES, FI, FR, GR, HR, HU, IE, IT, LT, LU, LV, MT, NL, PL, PT, RO, SE, SI, SK)",Morocco,COCOA AND COCOA PREPARATIONS,EXPORT,VALUE_IN_EUROS,2001,7926077
ESTAT:DS-045409(1.0),06/02/26 11:00:00,Annual,"European Union - 27 countries (AT, BE, BG, CY, CZ, DE, DK, EE, ES, FI, FR, GR, HR, HU, IE, IT, LT, LU, LV, MT, NL, PL, PT, RO, SE, SI, SK)",Morocco,COCOA AND COCOA PREPARATIONS,EXPORT,VALUE_IN_EUROS,2002,10135746
ESTAT:DS-045409(1.0),06/02/26 11:00:00,Annual,"European Union - 27 countries (AT, BE, BG, CY, CZ, DE, DK, EE, ES, FI, FR, GR, HR, HU, IE, IT, LT, LU, LV, MT, NL, PL, PT, RO, SE, SI, SK)",Morocco,COCOA AND COCOA PREPARATIONS,EXPORT,VALUE_IN_EUROS,2003,9938800
ESTAT:DS-045409(1.0),06/02/26 11:00:00,Annual,"European Union - 27 countries (AT, BE, BG, CY, CZ, DE, DK, EE, ES, FI, FR, GR, HR, HU, IE, IT, LT, LU, LV, MT, NL, PL, PT, RO, SE, SI, SK)",Morocco,COCOA AND COCOA PREPARATIONS,EXPORT,VALUE_IN_EUROS,2004,9187138
ESTAT:DS-045409(1.0),06/02/26 11:00:00,Annual,"European Union - 27 countries (AT, BE, BG, CY, CZ, DE, DK, EE, ES, FI, FR, GR, HR, HU, IE, IT, LT, LU, LV, MT, NL, PL, PT, RO, SE, SI, SK)",Morocco,COCOA AND COCOA PREPARATIONS,EXPORT,VALUE_IN_EUROS,2005,6930621
ESTAT:DS-045409(1.0),06/02/26 11:00:00,Annual,"European Union - 27 countries (AT, BE, BG, CY, CZ, DE, DK, EE, ES, FI, FR, GR, HR, HU, IE, IT, LT, LU, LV, MT, NL, PL, PT, RO, SE, SI, SK)",Morocco,COCOA AND COCOA PREPARATIONS,EXPORT,VALUE_IN_EUROS,2006,8393661
ESTAT:DS-045409(1.0),06/02/26 11:00:00,Annual,"European Union - 27 countries (AT, BE, BG, CY, CZ, DE, DK, EE, ES, FI, FR, GR, HR, HU, IE, IT, LT, LU, LV, MT, NL, PL, PT, RO, SE, SI, SK)",Morocco,COCOA AND COCOA PREPARATIONS,EXPORT,VALUE_IN_EUROS,2007,11508430
ESTAT:DS-045409(1.0),06/02/26 11:00:00,Annual,"European Union - 27 countries (AT, BE, BG, CY, CZ, DE, DK, EE, ES, FI, FR, GR, HR, HU, IE, IT, LT, LU, LV, MT, NL, PL, PT, RO, SE, SI, SK)",Morocco,COCOA AND COCOA PREPARATIONS,EXPORT,VALUE_IN_EUROS,2008,14169977
ESTAT:DS-045409(1.0),06/02/26 11:00:00,Annual,"European Union - 27 countries (AT, BE, BG, CY, CZ, DE, DK, EE, ES, FI, FR, GR, HR, HU, IE, IT, LT, LU, LV, MT, NL, PL, PT, RO, SE, SI, SK)",Morocco,COCOA AND COCOA PREPARATIONS,EXPORT,VALUE_IN_EUROS,2009,15524027
ESTAT:DS-045409(1.0),06/02/26 11:00:00,Annual,"European Union - 27 countries (AT, BE, BG, CY, CZ, DE, DK, EE, ES, FI, FR, GR, HR, HU, IE, IT, LT, LU, LV, MT, NL, PL, PT, RO, SE, SI, SK)",Morocco,COCOA AND COCOA PREPARATIONS,EXPORT,VALUE_IN_EUROS,2010,23814839
ESTAT:DS-045409(1.0),06/02/26 11:00:00,Annual,"European Union - 27 countries (AT, BE, BG, CY, CZ, DE, DK, EE, ES, FI, FR, GR, HR, HU, IE, IT, LT, LU, LV, MT, NL, PL, PT, RO, SE, SI, SK)",Morocco,COCOA AND COCOA PREPARATIONS,EXPORT,VALUE_IN_EUROS,2011,28382159
ESTAT:DS-045409(1.0),06/02/26 11:00:00,Annual,"European Union - 27 countries (AT, BE, BG, CY, CZ, DE, DK, EE, ES, FI, FR, GR, HR, HU, IE, IT, LT, LU, LV, MT, NL, PL, PT, RO, SE, SI, SK)",Morocco,COCOA AND COCOA PREPARATIONS,EXPORT,VALUE_IN_EUROS,2012,26753147
ESTAT:DS-045409(1.0),06/02/26 11:00:00,Annual,"European Union - 27 countries (AT, BE, BG, CY, CZ, DE, DK, EE, ES, FI, FR, GR, HR, HU, IE, IT, LT, LU, LV, MT, NL, PL, PT, RO, SE, SI, SK)",Morocco,COCOA AND COCOA PREPARATIONS,EXPORT,VALUE_IN_EUROS,2013,25127576
ESTAT:DS-045409(1.0),06/02/26 11:00:00,Annual,"European Union - 27 countries (AT, BE, BG, CY, CZ, DE, DK, EE, ES, FI, FR, GR, HR, HU, IE, IT, LT, LU, LV, MT, NL, PL, PT, RO, SE, SI, SK)",Morocco,COCOA AND COCOA PREPARATIONS,EXPORT,VALUE_IN_EUROS,2014,23298608
ESTAT:DS-045409(1.0),06/02/26 11:00:00,Annual,"European Union - 27 countries (AT, BE, BG, CY, CZ, DE, DK, EE, ES, FI, FR, GR, HR, HU, IE, IT, LT, LU, LV, MT, NL, PL, PT, RO, SE, SI, SK)",Morocco,COCOA AND COCOA PREPARATIONS,EXPORT,VALUE_IN_EUROS,2015,26734706
ESTAT:DS-045409(1.0),06/02/26 11:00:00,Annual,"European Union - 27 countries (AT, BE, BG, CY, CZ, DE, DK, EE, ES, FI, FR, GR, HR, HU, IE, IT, LT, LU, LV, MT, NL, PL, PT, RO, SE, SI, SK)",Morocco,COCOA AND COCOA PREPARATIONS,EXPORT,VALUE_IN_EUROS,2016,32781896
ESTAT:DS-045409(1.0),06/02/26 11:00:00,Annual,"European Union - 27 countries (AT, BE, BG, CY, CZ, DE, DK, EE, ES, FI, FR, GR, HR, HU, IE, IT, LT, LU, LV, MT, NL, PL, PT, RO, SE, SI, SK)",Morocco,COCOA AND COCOA PREPARATIONS,EXPORT,VALUE_IN_EUROS,2017,33245945
ESTAT:DS-045409(1.0),06/02/26 11:00:00,Annual,"European Union - 27 countries (AT, BE, BG, CY, CZ, DE, DK, EE, ES, FI, FR, GR, HR, HU, IE, IT, LT, LU, LV, MT, NL, PL, PT, RO, SE, SI, SK)",Morocco,COCOA AND COCOA PREPARATIONS,EXPORT,VALUE_IN_EUROS,2018,42540727
ESTAT:DS-045409(1.0),06/02/26 11:00:00,Annual,"European Union - 27 countries (AT, BE, BG, CY, CZ, DE, DK, EE, ES, FI, FR, GR, HR, HU, IE, IT, LT, LU, LV, MT, NL, PL, PT, RO, SE, SI, SK)",Morocco,COCOA AND COCOA PREPARATIONS,EXPORT,VALUE_IN_EUROS,2019,43350905
ESTAT:DS-045409(1.0),06/02/26 11:00:00,Annual,"European Union - 27 countries (AT, BE, BG, CY, CZ, DE, DK, EE, ES, FI, FR, GR, HR, HU, IE, IT, LT, LU, LV, MT, NL, PL, PT, RO, SE, SI, SK)",Morocco,COCOA AND COCOA PREPARATIONS,EXPORT,VALUE_IN_EUROS,2020,53593849
ESTAT:DS-045409(1.0),06/02/26 11:00:00,Annual,"European Union - 27 countries (AT, BE, BG, CY, CZ, DE, DK, EE, ES, FI, FR, GR, HR, HU, IE, IT, LT, LU, LV, MT, NL, PL, PT, RO, SE, SI, SK)",Morocco,COCOA AND COCOA PREPARATIONS,EXPORT,VALUE_IN_EUROS,2021,81401166
ESTAT:DS-045409(1.0),06/02/26 11:00:00,Annual,"European Union - 27 countries (AT, BE, BG, CY, CZ, DE, DK, EE, ES, FI, FR, GR, HR, HU, IE, IT, LT, LU, LV, MT, NL, PL, PT, RO, SE, SI, SK)",Morocco,COCOA AND COCOA PREPARATIONS,EXPORT,VALUE_IN_EUROS,2022,83822455
ESTAT:DS-045409(1.0),06/02/26 11:00:00,Annual,"European Union - 27 countries (AT, BE, BG, CY, CZ, DE, DK, EE, ES, FI, FR, GR, HR, HU, IE, IT, LT, LU, LV, MT, NL, PL, PT, RO, SE, SI, SK)",Morocco,COCOA AND COCOA PREPARATIONS,EXPORT,VALUE_IN_EUROS,2023,92954159
ESTAT:DS-045409(1.0),06/02/26 11:00:00,Annual,"European Union - 27 countries (AT, BE, BG, CY, CZ, DE, DK, EE, ES, FI, FR, GR, HR, HU, IE, IT, LT, LU, LV, MT, NL, PL, PT, RO, SE, SI, SK)",Morocco,COCOA AND COCOA PREPARATIONS,EXPORT,VALUE_IN_EUROS,2024,112568596
ESTAT:DS-045409(1.0),06/02/26 11:00:00,Annual,"European Union - 27 countries (AT, BE, BG, CY, CZ, DE, DK, EE, ES, FI, FR, GR, HR, HU, IE, IT, LT, LU, LV, MT, NL, PL, PT, RO, SE, SI, SK)",Madagascar,COCOA AND COCOA PREPARATIONS,EXPORT,VALUE_IN_EUROS,1999,177137
ESTAT:DS-045409(1.0),06/02/26 11:00:00,Annual,"European Union - 27 countries (AT, BE, BG, CY, CZ, DE, DK, EE, ES, FI, FR, GR, HR, HU, IE, IT, LT, LU, LV, MT, NL, PL, PT, RO, SE, SI, SK)",Madagascar,COCOA AND COCOA PREPARATIONS,EXPORT,VALUE_IN_EUROS,2000,227077
ESTAT:DS-045409(1.0),06/02/26 11:00:00,Annual,"European Union - 27 countries (AT, BE, BG, CY, CZ, DE, DK, EE, ES, FI, FR, GR, HR, HU, IE, IT, LT, LU, LV, MT, NL, PL, PT, RO, SE, SI, SK)",Madagascar,COCOA AND COCOA PREPARATIONS,EXPORT,VALUE_IN_EUROS,2001,409415
ESTAT:DS-045409(1.0),06/02/26 11:00:00,Annual,"European Union - 27 countries (AT, BE, BG, CY, CZ, DE, DK, EE, ES, FI, FR, GR, HR, HU, IE, IT, LT, LU, LV, MT, NL, PL, PT, RO, SE, SI, SK)",Madagascar,COCOA AND COCOA PREPARATIONS,EXPORT,VALUE_IN_EUROS,2002,304274
ESTAT:DS-045409(1.0),06/02/26 11:00:00,Annual,"European Union - 27 countries (AT, BE, BG, CY, CZ, DE, DK, EE, ES, FI, FR, GR, HR, HU, IE, IT, LT, LU, LV, MT, NL, PL, PT, RO, SE, SI, SK)",Madagascar,COCOA AND COCOA PREPARATIONS,EXPORT,VALUE_IN_EUROS,2003,322119
ESTAT:DS-045409(1.0),06/02/26 11:00:00,Annual,"European Union - 27 countries (AT, BE, BG, CY, CZ, DE, DK, EE, ES, FI, FR, GR, HR, HU, IE, IT, LT, LU, LV, MT, NL, PL, PT, RO, SE, SI, SK)",Madagascar,COCOA AND COCOA PREPARATIONS,EXPORT,VALUE_IN_EUROS,2004,218437
ESTAT:DS-045409(1.0),06/02/26 11:00:00,Annual,"European Union - 27 countries (AT, BE, BG, CY, CZ, DE, DK, EE, ES, FI, FR, GR, HR, HU, IE, IT, LT, LU, LV, MT, NL, PL, PT, RO, SE, SI, SK)",Madagascar,COCOA AND COCOA PREPARATIONS,EXPORT,VALUE_IN_EUROS,2005,205420
ESTAT:DS-045409(1.0),06/02/26 11:00:00,Annual,"European Union - 27 countries (AT, BE, BG, CY, CZ, DE, DK, EE, ES, FI, FR, GR, HR, HU, IE, IT, LT, LU, LV, MT, NL, PL, PT, RO, SE, SI, SK)",Madagascar,COCOA AND COCOA PREPARATIONS,EXPORT,VALUE_IN_EUROS,2006,292934
ESTAT:DS-045409(1.0),06/02/26 11:00:00,Annual,"European Union - 27 countries (AT, BE, BG, CY, CZ, DE, DK, EE, ES, FI, FR, GR, HR, HU, IE, IT, LT, LU, LV, MT, NL, PL, PT, RO, SE, SI, SK)",Madagascar,COCOA AND COCOA PREPARATIONS,EXPORT,VALUE_IN_EUROS,2007,417623
ESTAT:DS-045409(1.0),06/02/26 11:00:00,Annual,"European Union - 27 countries (AT, BE, BG, CY, CZ, DE, DK, EE, ES, FI, FR, GR, HR, HU, IE, IT, LT, LU, LV, MT, NL, PL, PT, RO, SE, SI, SK)",Madagascar,COCOA AND COCOA PREPARATIONS,EXPORT,VALUE_IN_EUROS,2008,521308
ESTAT:DS-045409(1.0),06/02/26 11:00:00,Annual,"European Union - 27 countries (AT, BE, BG, CY, CZ, DE, DK, EE, ES, FI, FR, GR, HR, HU, IE, IT, LT, LU, LV, MT, NL, PL, PT, RO, SE, SI, SK)",Madagascar,COCOA AND COCOA PREPARATIONS,EXPORT,VALUE_IN_EUROS,2009,411064
ESTAT:DS-045409(1.0),06/02/26 11:00:00,Annual,"European Union - 27 countries (AT, BE, BG, CY, CZ, DE, DK, EE, ES, FI, FR, GR, HR, HU, IE, IT, LT, LU, LV, MT, NL, PL, PT, RO, SE, SI, SK)",Madagascar,COCOA AND COCOA PREPARATIONS,EXPORT,VALUE_IN_EUROS,2010,899160
ESTAT:DS-045409(1.0),06/02/26 11:00:00,Annual,"European Union - 27 countries (AT, BE, BG, CY, CZ, DE, DK, EE, ES, FI, FR, GR, HR, HU, IE, IT, LT, LU, LV, MT, NL, PL, PT, RO, SE, SI, SK)",Madagascar,COCOA AND COCOA PREPARATIONS,EXPORT,VALUE_IN_EUROS,2011,997089
ESTAT:DS-045409(1.0),06/02/26 11:00:00,Annual,"European Union - 27 countries (AT, BE, BG, CY, CZ, DE, DK, EE, ES, FI, FR, GR, HR, HU, IE, IT, LT, LU, LV, MT, NL, PL, PT, RO, SE, SI, SK)",Madagascar,COCOA AND COCOA PREPARATIONS,EXPORT,VALUE_IN_EUROS,2012,1390221
ESTAT:DS-045409(1.0),06/02/26 11:00:00,Annual,"European Union - 27 countries (AT, BE, BG, CY, CZ, DE, DK, EE, ES, FI, FR, GR, HR, HU, IE, IT, LT, LU, LV, MT, NL, PL, PT, RO, SE, SI, SK)",Madagascar,COCOA AND COCOA PREPARATIONS,EXPORT,VALUE_IN_EUROS,2013,1200245
ESTAT:DS-045409(1.0),06/02/26 11:00:00,Annual,"European Union - 27 countries (AT, BE, BG, CY, CZ, DE, DK, EE, ES, FI, FR, GR, HR, HU, IE, IT, LT, LU, LV, MT, NL, PL, PT, RO, SE, SI, SK)",Madagascar,COCOA AND COCOA PREPARATIONS,EXPORT,VALUE_IN_EUROS,2014,1168662
ESTAT:DS-045409(1.0),06/02/26 11:00:00,Annual,"European Union - 27 countries (AT, BE, BG, CY, CZ, DE, DK, EE, ES, FI, FR, GR, HR, HU, IE, IT, LT, LU, LV, MT, NL, PL, PT, RO, SE, SI, SK)",Madagascar,COCOA AND COCOA PREPARATIONS,EXPORT,VALUE_IN_EUROS,2015,1082232
ESTAT:DS-045409(1.0),06/02/26 11:00:00,Annual,"European Union - 27 countries (AT, BE, BG, CY, CZ, DE, DK, EE, ES, FI, FR, GR, HR, HU, IE, IT, LT, LU, LV, MT, NL, PL, PT, RO, SE, SI, SK)",Madagascar,COCOA AND COCOA PREPARATIONS,EXPORT,VALUE_IN_EUROS,2016,1713457
ESTAT:DS-045409(1.0),06/02/26 11:00:00,Annual,"European Union - 27 countries (AT, BE, BG, CY, CZ, DE, DK, EE, ES, FI, FR, GR, HR, HU, IE, IT, LT, LU, LV, MT, NL, PL, PT, RO, SE, SI, SK)",Madagascar,COCOA AND COCOA PREPARATIONS,EXPORT,VALUE_IN_EUROS,2017,1413593
ESTAT:DS-045409(1.0),06/02/26 11:00:00,Annual,"European Union - 27 countries (AT, BE, BG, CY, CZ, DE, DK, EE, ES, FI, FR, GR, HR, HU, IE, IT, LT, LU, LV, MT, NL, PL, PT, RO, SE, SI, SK)",Madagascar,COCOA AND COCOA PREPARATIONS,EXPORT,VALUE_IN_EUROS,2018,1447161
ESTAT:DS-045409(1.0),06/02/26 11:00:00,Annual,"European Union - 27 countries (AT, BE, BG, CY, CZ, DE, DK, EE, ES, FI, FR, GR, HR, HU, IE, IT, LT, LU, LV, MT, NL, PL, PT, RO, SE, SI, SK)",Madagascar,COCOA AND COCOA PREPARATIONS,EXPORT,VALUE_IN_EUROS,2019,1699003
ESTAT:DS-045409(1.0),06/02/26 11:00:00,Annual,"European Union - 27 countries (AT, BE, BG, CY, CZ, DE, DK, EE, ES, FI, FR, GR, HR, HU, IE, IT, LT, LU, LV, MT, NL, PL, PT, RO, SE, SI, SK)",Madagascar,COCOA AND COCOA PREPARATIONS,EXPORT,VALUE_IN_EUROS,2020,1524570
ESTAT:DS-045409(1.0),06/02/26 11:00:00,Annual,"European Union - 27 countries (AT, BE, BG, CY, CZ, DE, DK, EE, ES, FI, FR, GR, HR, HU, IE, IT, LT, LU, LV, MT, NL, PL, PT, RO, SE, SI, SK)",Madagascar,COCOA AND COCOA PREPARATIONS,EXPORT,VALUE_IN_EUROS,2021,1500121
ESTAT:DS-045409(1.0),06/02/26 11:00:00,Annual,"European Union - 27 countries (AT, BE, BG, CY, CZ, DE, DK, EE, ES, FI, FR, GR, HR, HU, IE, IT, LT, LU, LV, MT, NL, PL, PT, RO, SE, SI, SK)",Madagascar,COCOA AND COCOA PREPARATIONS,EXPORT,VALUE_IN_EUROS,2022,2472972
ESTAT:DS-045409(1.0),06/02/26 11:00:00,Annual,"European Union - 27 countries (AT, BE, BG, CY, CZ, DE, DK, EE, ES, FI, FR, GR, HR, HU, IE, IT, LT, LU, LV, MT, NL, PL, PT, RO, SE, SI, SK)",Madagascar,COCOA AND COCOA PREPARATIONS,EXPORT,VALUE_IN_EUROS,2023,2046411
ESTAT:DS-045409(1.0),06/02/26 11:00:00,Annual,"European Union - 27 countries (AT, BE, BG, CY, CZ, DE, DK, EE, ES, FI, FR, GR, HR, HU, IE, IT, LT, LU, LV, MT, NL, PL, PT, RO, SE, SI, SK)",Madagascar,COCOA AND COCOA PREPARATIONS,EXPORT,VALUE_IN_EUROS,2024,2537087
ESTAT:DS-045409(1.0),06/02/26 11:00:00,Annual,"European Union - 27 countries (AT, BE, BG, CY, CZ, DE, DK, EE, ES, FI, FR, GR, HR, HU, IE, IT, LT, LU, LV, MT, NL, PL, PT, RO, SE, SI, SK)",Mali,COCOA AND COCOA PREPARATIONS,EXPORT,VALUE_IN_EUROS,1999,125051
ESTAT:DS-045409(1.0),06/02/26 11:00:00,Annual,"European Union - 27 countries (AT, BE, BG, CY, CZ, DE, DK, EE, ES, FI, FR, GR, HR, HU, IE, IT, LT, LU, LV, MT, NL, PL, PT, RO, SE, SI, SK)",Mali,COCOA AND COCOA PREPARATIONS,EXPORT,VALUE_IN_EUROS,2000,34680
ESTAT:DS-045409(1.0),06/02/26 11:00:00,Annual,"European Union - 27 countries (AT, BE, BG, CY, CZ, DE, DK, EE, ES, FI, FR, GR, HR, HU, IE, IT, LT, LU, LV, MT, NL, PL, PT, RO, SE, SI, SK)",Mali,COCOA AND COCOA PREPARATIONS,EXPORT,VALUE_IN_EUROS,2001,50041
ESTAT:DS-045409(1.0),06/02/26 11:00:00,Annual,"European Union - 27 countries (AT, BE, BG, CY, CZ, DE, DK, EE, ES, FI, FR, GR, HR, HU, IE, IT, LT, LU, LV, MT, NL, PL, PT, RO, SE, SI, SK)",Mali,COCOA AND COCOA PREPARATIONS,EXPORT,VALUE_IN_EUROS,2002,99365
ESTAT:DS-045409(1.0),06/02/26 11:00:00,Annual,"European Union - 27 countries (AT, BE, BG, CY, CZ, DE, DK, EE, ES, FI, FR, GR, HR, HU, IE, IT, LT, LU, LV, MT, NL, PL, PT, RO, SE, SI, SK)",Mali,COCOA AND COCOA PREPARATIONS,EXPORT,VALUE_IN_EUROS,2003,81138
ESTAT:DS-045409(1.0),06/02/26 11:00:00,Annual,"European Union - 27 countries (AT, BE, BG, CY, CZ, DE, DK, EE, ES, FI, FR, GR, HR, HU, IE, IT, LT, LU, LV, MT, NL, PL, PT, RO, SE, SI, SK)",Mali,COCOA AND COCOA PREPARATIONS,EXPORT,VALUE_IN_EUROS,2004,71074
ESTAT:DS-045409(1.0),06/02/26 11:00:00,Annual,"European Union - 27 countries (AT, BE, BG, CY, CZ, DE, DK, EE, ES, FI, FR, GR, HR, HU, IE, IT, LT, LU, LV, MT, NL, PL, PT, RO, SE, SI, SK)",Mali,COCOA AND COCOA PREPARATIONS,EXPORT,VALUE_IN_EUROS,2005,48855
ESTAT:DS-045409(1.0),06/02/26 11:00:00,Annual,"European Union - 27 countries (AT, BE, BG, CY, CZ, DE, DK, EE, ES, FI, FR, GR, HR, HU, IE, IT, LT, LU, LV, MT, NL, PL, PT, RO, SE, SI, SK)",Mali,COCOA AND COCOA PREPARATIONS,EXPORT,VALUE_IN_EUROS,2006,47052
ESTAT:DS-045409(1.0),06/02/26 11:00:00,Annual,"European Union - 27 countries (AT, BE, BG, CY, CZ, DE, DK, EE, ES, FI, FR, GR, HR, HU, IE, IT, LT, LU, LV, MT, NL, PL, PT, RO, SE, SI, SK)",Mali,COCOA AND COCOA PREPARATIONS,EXPORT,VALUE_IN_EUROS,2007,136665
ESTAT:DS-045409(1.0),06/02/26 11:00:00,Annual,"European Union - 27 countries (AT, BE, BG, CY, CZ, DE, DK, EE, ES, FI, FR, GR, HR, HU, IE, IT, LT, LU, LV, MT, NL, PL, PT, RO, SE, SI, SK)",Mali,COCOA AND COCOA PREPARATIONS,EXPORT,VALUE_IN_EUROS,2008,754321
ESTAT:DS-045409(1.0),06/02/26 11:00:00,Annual,"European Union - 27 countries (AT, BE, BG, CY, CZ, DE, DK, EE, ES, FI, FR, GR, HR, HU, IE, IT, LT, LU, LV, MT, NL, PL, PT, RO, SE, SI, SK)",Mali,COCOA AND COCOA PREPARATIONS,EXPORT,VALUE_IN_EUROS,2009,171885
ESTAT:DS-045409(1.0),06/02/26 11:00:00,Annual,"European Union - 27 countries (AT, BE, BG, CY, CZ, DE, DK, EE, ES, FI, FR, GR, HR, HU, IE, IT, LT, LU, LV, MT, NL, PL, PT, RO, SE, SI, SK)",Mali,COCOA AND COCOA PREPARATIONS,EXPORT,VALUE_IN_EUROS,2010,213299
ESTAT:DS-045409(1.0),06/02/26 11:00:00,Annual,"European Union - 27 countries (AT, BE, BG, CY, CZ, DE, DK, EE, ES, FI, FR, GR, HR, HU, IE, IT, LT, LU, LV, MT, NL, PL, PT, RO, SE, SI, SK)",Mali,COCOA AND COCOA PREPARATIONS,EXPORT,VALUE_IN_EUROS,2011,155674
ESTAT:DS-045409(1.0),06/02/26 11:00:00,Annual,"European Union - 27 countries (AT, BE, BG, CY, CZ, DE, DK, EE, ES, FI, FR, GR, HR, HU, IE, IT, LT, LU, LV, MT, NL, PL, PT, RO, SE, SI, SK)",Mali,COCOA AND COCOA PREPARATIONS,EXPORT,VALUE_IN_EUROS,2012,146585
ESTAT:DS-045409(1.0),06/02/26 11:00:00,Annual,"European Union - 27 countries (AT, BE, BG, CY, CZ, DE, DK, EE, ES, FI, FR, GR, HR, HU, IE, IT, LT, LU, LV, MT, NL, PL, PT, RO, SE, SI, SK)",Mali,COCOA AND COCOA PREPARATIONS,EXPORT,VALUE_IN_EUROS,2013,166208
ESTAT:DS-045409(1.0),06/02/26 11:00:00,Annual,"European Union - 27 countries (AT, BE, BG, CY, CZ, DE, DK, EE, ES, FI, FR, GR, HR, HU, IE, IT, LT, LU, LV, MT, NL, PL, PT, RO, SE, SI, SK)",Mali,COCOA AND COCOA PREPARATIONS,EXPORT,VALUE_IN_EUROS,2014,170854
ESTAT:DS-045409(1.0),06/02/26 11:00:00,Annual,"European Union - 27 countries (AT, BE, BG, CY, CZ, DE, DK, EE, ES, FI, FR, GR, HR, HU, IE, IT, LT, LU, LV, MT, NL, PL, PT, RO, SE, SI, SK)",Mali,COCOA AND COCOA PREPARATIONS,EXPORT,VALUE_IN_EUROS,2015,391810
ESTAT:DS-045409(1.0),06/02/26 11:00:00,Annual,"European Union - 27 countries (AT, BE, BG, CY, CZ, DE, DK, EE, ES, FI, FR, GR, HR, HU, IE, IT, LT, LU, LV, MT, NL, PL, PT, RO, SE, SI, SK)",Mali,COCOA AND COCOA PREPARATIONS,EXPORT,VALUE_IN_EUROS,2016,821157
ESTAT:DS-045409(1.0),06/02/26 11:00:00,Annual,"European Union - 27 countries (AT, BE, BG, CY, CZ, DE, DK, EE, ES, FI, FR, GR, HR, HU, IE, IT, LT, LU, LV, MT, NL, PL, PT, RO, SE, SI, SK)",Mali,COCOA AND COCOA PREPARATIONS,EXPORT,VALUE_IN_EUROS,2017,815621
ESTAT:DS-045409(1.0),06/02/26 11:00:00,Annual,"European Union - 27 countries (AT, BE, BG, CY, CZ, DE, DK, EE, ES, FI, FR, GR, HR, HU, IE, IT, LT, LU, LV, MT, NL, PL, PT, RO, SE, SI, SK)",Mali,COCOA AND COCOA PREPARATIONS,EXPORT,VALUE_IN_EUROS,2018,992459
ESTAT:DS-045409(1.0),06/02/26 11:00:00,Annual,"European Union - 27 countries (AT, BE, BG, CY, CZ, DE, DK, EE, ES, FI, FR, GR, HR, HU, IE, IT, LT, LU, LV, MT, NL, PL, PT, RO, SE, SI, SK)",Mali,COCOA AND COCOA PREPARATIONS,EXPORT,VALUE_IN_EUROS,2019,1428887
ESTAT:DS-045409(1.0),06/02/26 11:00:00,Annual,"European Union - 27 countries (AT, BE, BG, CY, CZ, DE, DK, EE, ES, FI, FR, GR, HR, HU, IE, IT, LT, LU, LV, MT, NL, PL, PT, RO, SE, SI, SK)",Mali,COCOA AND COCOA PREPARATIONS,EXPORT,VALUE_IN_EUROS,2020,1489925
ESTAT:DS-045409(1.0),06/02/26 11:00:00,Annual,"European Union - 27 countries (AT, BE, BG, CY, CZ, DE, DK, EE, ES, FI, FR, GR, HR, HU, IE, IT, LT, LU, LV, MT, NL, PL, PT, RO, SE, SI, SK)",Mali,COCOA AND COCOA PREPARATIONS,EXPORT,VALUE_IN_EUROS,2021,1487168
ESTAT:DS-045409(1.0),06/02/26 11:00:00,Annual,"European Union - 27 countries (AT, BE, BG, CY, CZ, DE, DK, EE, ES, FI, FR, GR, HR, HU, IE, IT, LT, LU, LV, MT, NL, PL, PT, RO, SE, SI, SK)",Mali,COCOA AND COCOA PREPARATIONS,EXPORT,VALUE_IN_EUROS,2022,1746019
ESTAT:DS-045409(1.0),06/02/26 11:00:00,Annual,"European Union - 27 countries (AT, BE, BG, CY, CZ, DE, DK, EE, ES, FI, FR, GR, HR, HU, IE, IT, LT, LU, LV, MT, NL, PL, PT, RO, SE, SI, SK)",Mali,COCOA AND COCOA PREPARATIONS,EXPORT,VALUE_IN_EUROS,2023,1782074
ESTAT:DS-045409(1.0),06/02/26 11:00:00,Annual,"European Union - 27 countries (AT, BE, BG, CY, CZ, DE, DK, EE, ES, FI, FR, GR, HR, HU, IE, IT, LT, LU, LV, MT, NL, PL, PT, RO, SE, SI, SK)",Mali,COCOA AND COCOA PREPARATIONS,EXPORT,VALUE_IN_EUROS,2024,1604149
ESTAT:DS-045409(1.0),06/02/26 11:00:00,Annual,"European Union - 27 countries (AT, BE, BG, CY, CZ, DE, DK, EE, ES, FI, FR, GR, HR, HU, IE, IT, LT, LU, LV, MT, NL, PL, PT, RO, SE, SI, SK)",Mauritania (incl. Spanish Sahara from 1977),COCOA AND COCOA PREPARATIONS,EXPORT,VALUE_IN_EUROS,1999,87561
ESTAT:DS-045409(1.0),06/02/26 11:00:00,Annual,"European Union - 27 countries (AT, BE, BG, CY, CZ, DE, DK, EE, ES, FI, FR, GR, HR, HU, IE, IT, LT, LU, LV, MT, NL, PL, PT, RO, SE, SI, SK)",Mauritania (incl. Spanish Sahara from 1977),COCOA AND COCOA PREPARATIONS,EXPORT,VALUE_IN_EUROS,2000,120256
ESTAT:DS-045409(1.0),06/02/26 11:00:00,Annual,"European Union - 27 countries (AT, BE, BG, CY, CZ, DE, DK, EE, ES, FI, FR, GR, HR, HU, IE, IT, LT, LU, LV, MT, NL, PL, PT, RO, SE, SI, SK)",Mauritania (incl. Spanish Sahara from 1977),COCOA AND COCOA PREPARATIONS,EXPORT,VALUE_IN_EUROS,2001,612111
ESTAT:DS-045409(1.0),06/02/26 11:00:00,Annual,"European Union - 27 countries (AT, BE, BG, CY, CZ, DE, DK, EE, ES, FI, FR, GR, HR, HU, IE, IT, LT, LU, LV, MT, NL, PL, PT, RO, SE, SI, SK)",Mauritania (incl. Spanish Sahara from 1977),COCOA AND COCOA PREPARATIONS,EXPORT,VALUE_IN_EUROS,2002,141238
ESTAT:DS-045409(1.0),06/02/26 11:00:00,Annual,"European Union - 27 countries (AT, BE, BG, CY, CZ, DE, DK, EE, ES, FI, FR, GR, HR, HU, IE, IT, LT, LU, LV, MT, NL, PL, PT, RO, SE, SI, SK)",Mauritania (incl. Spanish Sahara from 1977),COCOA AND COCOA PREPARATIONS,EXPORT,VALUE_IN_EUROS,2003,74897
ESTAT:DS-045409(1.0),06/02/26 11:00:00,Annual,"European Union - 27 countries (AT, BE, BG, CY, CZ, DE, DK, EE, ES, FI, FR, GR, HR, HU, IE, IT, LT, LU, LV, MT, NL, PL, PT, RO, SE, SI, SK)",Mauritania (incl. Spanish Sahara from 1977),COCOA AND COCOA PREPARATIONS,EXPORT,VALUE_IN_EUROS,2004,93158
ESTAT:DS-045409(1.0),06/02/26 11:00:00,Annual,"European Union - 27 countries (AT, BE, BG, CY, CZ, DE, DK, EE, ES, FI, FR, GR, HR, HU, IE, IT, LT, LU, LV, MT, NL, PL, PT, RO, SE, SI, SK)",Mauritania (incl. Spanish Sahara from 1977),COCOA AND COCOA PREPARATIONS,EXPORT,VALUE_IN_EUROS,2005,100416
ESTAT:DS-045409(1.0),06/02/26 11:00:00,Annual,"European Union - 27 countries (AT, BE, BG, CY, CZ, DE, DK, EE, ES, FI, FR, GR, HR, HU, IE, IT, LT, LU, LV, MT, NL, PL, PT, RO, SE, SI, SK)",Mauritania (incl. Spanish Sahara from 1977),COCOA AND COCOA PREPARATIONS,EXPORT,VALUE_IN_EUROS,2006,221006
ESTAT:DS-045409(1.0),06/02/26 11:00:00,Annual,"European Union - 27 countries (AT, BE, BG, CY, CZ, DE, DK, EE, ES, FI, FR, GR, HR, HU, IE, IT, LT, LU, LV, MT, NL, PL, PT, RO, SE, SI, SK)",Mauritania (incl. Spanish Sahara from 1977),COCOA AND COCOA PREPARATIONS,EXPORT,VALUE_IN_EUROS,2007,308932
ESTAT:DS-045409(1.0),06/02/26 11:00:00,Annual,"European Union - 27 countries (AT, BE, BG, CY, CZ, DE, DK, EE, ES, FI, FR, GR, HR, HU, IE, IT, LT, LU, LV, MT, NL, PL, PT, RO, SE, SI, SK)",Mauritania (incl. Spanish Sahara from 1977),COCOA AND COCOA PREPARATIONS,EXPORT,VALUE_IN_EUROS,2008,396239
ESTAT:DS-045409(1.0),06/02/26 11:00:00,Annual,"European Union - 27 countries (AT, BE, BG, CY, CZ, DE, DK, EE, ES, FI, FR, GR, HR, HU, IE, IT, LT, LU, LV, MT, NL, PL, PT, RO, SE, SI, SK)",Mauritania (incl. Spanish Sahara from 1977),COCOA AND COCOA PREPARATIONS,EXPORT,VALUE_IN_EUROS,2009,478591
ESTAT:DS-045409(1.0),06/02/26 11:00:00,Annual,"European Union - 27 countries (AT, BE, BG, CY, CZ, DE, DK, EE, ES, FI, FR, GR, HR, HU, IE, IT, LT, LU, LV, MT, NL, PL, PT, RO, SE, SI, SK)",Mauritania (incl. Spanish Sahara from 1977),COCOA AND COCOA PREPARATIONS,EXPORT,VALUE_IN_EUROS,2010,762072
ESTAT:DS-045409(1.0),06/02/26 11:00:00,Annual,"European Union - 27 countries (AT, BE, BG, CY, CZ, DE, DK, EE, ES, FI, FR, GR, HR, HU, IE, IT, LT, LU, LV, MT, NL, PL, PT, RO, SE, SI, SK)",Mauritania (incl. Spanish Sahara from 1977),COCOA AND COCOA PREPARATIONS,EXPORT,VALUE_IN_EUROS,2011,559397
ESTAT:DS-045409(1.0),06/02/26 11:00:00,Annual,"European Union - 27 countries (AT, BE, BG, CY, CZ, DE, DK, EE, ES, FI, FR, GR, HR, HU, IE, IT, LT, LU, LV, MT, NL, PL, PT, RO, SE, SI, SK)",Mauritania (incl. Spanish Sahara from 1977),COCOA AND COCOA PREPARATIONS,EXPORT,VALUE_IN_EUROS,2012,932650
ESTAT:DS-045409(1.0),06/02/26 11:00:00,Annual,"European Union - 27 countries (AT, BE, BG, CY, CZ, DE, DK, EE, ES, FI, FR, GR, HR, HU, IE, IT, LT, LU, LV, MT, NL, PL, PT, RO, SE, SI, SK)",Mauritania (incl. Spanish Sahara from 1977),COCOA AND COCOA PREPARATIONS,EXPORT,VALUE_IN_EUROS,2013,612695
ESTAT:DS-045409(1.0),06/02/26 11:00:00,Annual,"European Union - 27 countries (AT, BE, BG, CY, CZ, DE, DK, EE, ES, FI, FR, GR, HR, HU, IE, IT, LT, LU, LV, MT, NL, PL, PT, RO, SE, SI, SK)",Mauritania (incl. Spanish Sahara from 1977),COCOA AND COCOA PREPARATIONS,EXPORT,VALUE_IN_EUROS,2014,489444
ESTAT:DS-045409(1.0),06/02/26 11:00:00,Annual,"European Union - 27 countries (AT, BE, BG, CY, CZ, DE, DK, EE, ES, FI, FR, GR, HR, HU, IE, IT, LT, LU, LV, MT, NL, PL, PT, RO, SE, SI, SK)",Mauritania (incl. Spanish Sahara from 1977),COCOA AND COCOA PREPARATIONS,EXPORT,VALUE_IN_EUROS,2015,489877
ESTAT:DS-045409(1.0),06/02/26 11:00:00,Annual,"European Union - 27 countries (AT, BE, BG, CY, CZ, DE, DK, EE, ES, FI, FR, GR, HR, HU, IE, IT, LT, LU, LV, MT, NL, PL, PT, RO, SE, SI, SK)",Mauritania (incl. Spanish Sahara from 1977),COCOA AND COCOA PREPARATIONS,EXPORT,VALUE_IN_EUROS,2016,693060
ESTAT:DS-045409(1.0),06/02/26 11:00:00,Annual,"European Union - 27 countries (AT, BE, BG, CY, CZ, DE, DK, EE, ES, FI, FR, GR, HR, HU, IE, IT, LT, LU, LV, MT, NL, PL, PT, RO, SE, SI, SK)",Mauritania (incl. Spanish Sahara from 1977),COCOA AND COCOA PREPARATIONS,EXPORT,VALUE_IN_EUROS,2017,1050589
ESTAT:DS-045409(1.0),06/02/26 11:00:00,Annual,"European Union - 27 countries (AT, BE, BG, CY, CZ, DE, DK, EE, ES, FI, FR, GR, HR, HU, IE, IT, LT, LU, LV, MT, NL, PL, PT, RO, SE, SI, SK)",Mauritania (incl. Spanish Sahara from 1977),COCOA AND COCOA PREPARATIONS,EXPORT,VALUE_IN_EUROS,2018,2019336
ESTAT:DS-045409(1.0),06/02/26 11:00:00,Annual,"European Union - 27 countries (AT, BE, BG, CY, CZ, DE, DK, EE, ES, FI, FR, GR, HR, HU, IE, IT, LT, LU, LV, MT, NL, PL, PT, RO, SE, SI, SK)",Mauritania (incl. Spanish Sahara from 1977),COCOA AND COCOA PREPARATIONS,EXPORT,VALUE_IN_EUROS,2019,2261764
ESTAT:DS-045409(1.0),06/02/26 11:00:00,Annual,"European Union - 27 countries (AT, BE, BG, CY, CZ, DE, DK, EE, ES, FI, FR, GR, HR, HU, IE, IT, LT, LU, LV, MT, NL, PL, PT, RO, SE, SI, SK)",Mauritania (incl. Spanish Sahara from 1977),COCOA AND COCOA PREPARATIONS,EXPORT,VALUE_IN_EUROS,2020,2707536
ESTAT:DS-045409(1.0),06/02/26 11:00:00,Annual,"European Union - 27 countries (AT, BE, BG, CY, CZ, DE, DK, EE, ES, FI, FR, GR, HR, HU, IE, IT, LT, LU, LV, MT, NL, PL, PT, RO, SE, SI, SK)",Mauritania (incl. Spanish Sahara from 1977),COCOA AND COCOA PREPARATIONS,EXPORT,VALUE_IN_EUROS,2021,2717386
ESTAT:DS-045409(1.0),06/02/26 11:00:00,Annual,"European Union - 27 countries (AT, BE, BG, CY, CZ, DE, DK, EE, ES, FI, FR, GR, HR, HU, IE, IT, LT, LU, LV, MT, NL, PL, PT, RO, SE, SI, SK)",Mauritania (incl. Spanish Sahara from 1977),COCOA AND COCOA PREPARATIONS,EXPORT,VALUE_IN_EUROS,2022,3023481
ESTAT:DS-045409(1.0),06/02/26 11:00:00,Annual,"European Union - 27 countries (AT, BE, BG, CY, CZ, DE, DK, EE, ES, FI, FR, GR, HR, HU, IE, IT, LT, LU, LV, MT, NL, PL, PT, RO, SE, SI, SK)",Mauritania (incl. Spanish Sahara from 1977),COCOA AND COCOA PREPARATIONS,EXPORT,VALUE_IN_EUROS,2023,4001584
ESTAT:DS-045409(1.0),06/02/26 11:00:00,Annual,"European Union - 27 countries (AT, BE, BG, CY, CZ, DE, DK, EE, ES, FI, FR, GR, HR, HU, IE, IT, LT, LU, LV, MT, NL, PL, PT, RO, SE, SI, SK)",Mauritania (incl. Spanish Sahara from 1977),COCOA AND COCOA PREPARATIONS,EXPORT,VALUE_IN_EUROS,2024,3477162
ESTAT:DS-045409(1.0),06/02/26 11:00:00,Annual,"European Union - 27 countries (AT, BE, BG, CY, CZ, DE, DK, EE, ES, FI, FR, GR, HR, HU, IE, IT, LT, LU, LV, MT, NL, PL, PT, RO, SE, SI, SK)",Mauritius,COCOA AND COCOA PREPARATIONS,EXPORT,VALUE_IN_EUROS,1999,750667
ESTAT:DS-045409(1.0),06/02/26 11:00:00,Annual,"European Union - 27 countries (AT, BE, BG, CY, CZ, DE, DK, EE, ES, FI, FR, GR, HR, HU, IE, IT, LT, LU, LV, MT, NL, PL, PT, RO, SE, SI, SK)",Mauritius,COCOA AND COCOA PREPARATIONS,EXPORT,VALUE_IN_EUROS,2000,828220
ESTAT:DS-045409(1.0),06/02/26 11:00:00,Annual,"European Union - 27 countries (AT, BE, BG, CY, CZ, DE, DK, EE, ES, FI, FR, GR, HR, HU, IE, IT, LT, LU, LV, MT, NL, PL, PT, RO, SE, SI, SK)",Mauritius,COCOA AND COCOA PREPARATIONS,EXPORT,VALUE_IN_EUROS,2001,1274957
ESTAT:DS-045409(1.0),06/02/26 11:00:00,Annual,"European Union - 27 countries (AT, BE, BG, CY, CZ, DE, DK, EE, ES, FI, FR, GR, HR, HU, IE, IT, LT, LU, LV, MT, NL, PL, PT, RO, SE, SI, SK)",Mauritius,COCOA AND COCOA PREPARATIONS,EXPORT,VALUE_IN_EUROS,2002,1721186
ESTAT:DS-045409(1.0),06/02/26 11:00:00,Annual,"European Union - 27 countries (AT, BE, BG, CY, CZ, DE, DK, EE, ES, FI, FR, GR, HR, HU, IE, IT, LT, LU, LV, MT, NL, PL, PT, RO, SE, SI, SK)",Mauritius,COCOA AND COCOA PREPARATIONS,EXPORT,VALUE_IN_EUROS,2003,1732495
ESTAT:DS-045409(1.0),06/02/26 11:00:00,Annual,"European Union - 27 countries (AT, BE, BG, CY, CZ, DE, DK, EE, ES, FI, FR, GR, HR, HU, IE, IT, LT, LU, LV, MT, NL, PL, PT, RO, SE, SI, SK)",Mauritius,COCOA AND COCOA PREPARATIONS,EXPORT,VALUE_IN_EUROS,2004,2031740
ESTAT:DS-045409(1.0),06/02/26 11:00:00,Annual,"European Union - 27 countries (AT, BE, BG, CY, CZ, DE, DK, EE, ES, FI, FR, GR, HR, HU, IE, IT, LT, LU, LV, MT, NL, PL, PT, RO, SE, SI, SK)",Mauritius,COCOA AND COCOA PREPARATIONS,EXPORT,VALUE_IN_EUROS,2005,1722377
ESTAT:DS-045409(1.0),06/02/26 11:00:00,Annual,"European Union - 27 countries (AT, BE, BG, CY, CZ, DE, DK, EE, ES, FI, FR, GR, HR, HU, IE, IT, LT, LU, LV, MT, NL, PL, PT, RO, SE, SI, SK)",Mauritius,COCOA AND COCOA PREPARATIONS,EXPORT,VALUE_IN_EUROS,2006,1976370
ESTAT:DS-045409(1.0),06/02/26 11:00:00,Annual,"European Union - 27 countries (AT, BE, BG, CY, CZ, DE, DK, EE, ES, FI, FR, GR, HR, HU, IE, IT, LT, LU, LV, MT, NL, PL, PT, RO, SE, SI, SK)",Mauritius,COCOA AND COCOA PREPARATIONS,EXPORT,VALUE_IN_EUROS,2007,3006132
ESTAT:DS-045409(1.0),06/02/26 11:00:00,Annual,"European Union - 27 countries (AT, BE, BG, CY, CZ, DE, DK, EE, ES, FI, FR, GR, HR, HU, IE, IT, LT, LU, LV, MT, NL, PL, PT, RO, SE, SI, SK)",Mauritius,COCOA AND COCOA PREPARATIONS,EXPORT,VALUE_IN_EUROS,2008,2793375
ESTAT:DS-045409(1.0),06/02/26 11:00:00,Annual,"European Union - 27 countries (AT, BE, BG, CY, CZ, DE, DK, EE, ES, FI, FR, GR, HR, HU, IE, IT, LT, LU, LV, MT, NL, PL, PT, RO, SE, SI, SK)",Mauritius,COCOA AND COCOA PREPARATIONS,EXPORT,VALUE_IN_EUROS,2009,3690193
ESTAT:DS-045409(1.0),06/02/26 11:00:00,Annual,"European Union - 27 countries (AT, BE, BG, CY, CZ, DE, DK, EE, ES, FI, FR, GR, HR, HU, IE, IT, LT, LU, LV, MT, NL, PL, PT, RO, SE, SI, SK)",Mauritius,COCOA AND COCOA PREPARATIONS,EXPORT,VALUE_IN_EUROS,2010,4736667
ESTAT:DS-045409(1.0),06/02/26 11:00:00,Annual,"European Union - 27 countries (AT, BE, BG, CY, CZ, DE, DK, EE, ES, FI, FR, GR, HR, HU, IE, IT, LT, LU, LV, MT, NL, PL, PT, RO, SE, SI, SK)",Mauritius,COCOA AND COCOA PREPARATIONS,EXPORT,VALUE_IN_EUROS,2011,4930925
ESTAT:DS-045409(1.0),06/02/26 11:00:00,Annual,"European Union - 27 countries (AT, BE, BG, CY, CZ, DE, DK, EE, ES, FI, FR, GR, HR, HU, IE, IT, LT, LU, LV, MT, NL, PL, PT, RO, SE, SI, SK)",Mauritius,COCOA AND COCOA PREPARATIONS,EXPORT,VALUE_IN_EUROS,2012,4078115
ESTAT:DS-045409(1.0),06/02/26 11:00:00,Annual,"European Union - 27 countries (AT, BE, BG, CY, CZ, DE, DK, EE, ES, FI, FR, GR, HR, HU, IE, IT, LT, LU, LV, MT, NL, PL, PT, RO, SE, SI, SK)",Mauritius,COCOA AND COCOA PREPARATIONS,EXPORT,VALUE_IN_EUROS,2013,3860777
ESTAT:DS-045409(1.0),06/02/26 11:00:00,Annual,"European Union - 27 countries (AT, BE, BG, CY, CZ, DE, DK, EE, ES, FI, FR, GR, HR, HU, IE, IT, LT, LU, LV, MT, NL, PL, PT, RO, SE, SI, SK)",Mauritius,COCOA AND COCOA PREPARATIONS,EXPORT,VALUE_IN_EUROS,2014,4741552
ESTAT:DS-045409(1.0),06/02/26 11:00:00,Annual,"European Union - 27 countries (AT, BE, BG, CY, CZ, DE, DK, EE, ES, FI, FR, GR, HR, HU, IE, IT, LT, LU, LV, MT, NL, PL, PT, RO, SE, SI, SK)",Mauritius,COCOA AND COCOA PREPARATIONS,EXPORT,VALUE_IN_EUROS,2015,6975202
ESTAT:DS-045409(1.0),06/02/26 11:00:00,Annual,"European Union - 27 countries (AT, BE, BG, CY, CZ, DE, DK, EE, ES, FI, FR, GR, HR, HU, IE, IT, LT, LU, LV, MT, NL, PL, PT, RO, SE, SI, SK)",Mauritius,COCOA AND COCOA PREPARATIONS,EXPORT,VALUE_IN_EUROS,2016,7950529
ESTAT:DS-045409(1.0),06/02/26 11:00:00,Annual,"European Union - 27 countries (AT, BE, BG, CY, CZ, DE, DK, EE, ES, FI, FR, GR, HR, HU, IE, IT, LT, LU, LV, MT, NL, PL, PT, RO, SE, SI, SK)",Mauritius,COCOA AND COCOA PREPARATIONS,EXPORT,VALUE_IN_EUROS,2017,7769215
ESTAT:DS-045409(1.0),06/02/26 11:00:00,Annual,"European Union - 27 countries (AT, BE, BG, CY, CZ, DE, DK, EE, ES, FI, FR, GR, HR, HU, IE, IT, LT, LU, LV, MT, NL, PL, PT, RO, SE, SI, SK)",Mauritius,COCOA AND COCOA PREPARATIONS,EXPORT,VALUE_IN_EUROS,2018,9833738
ESTAT:DS-045409(1.0),06/02/26 11:00:00,Annual,"European Union - 27 countries (AT, BE, BG, CY, CZ, DE, DK, EE, ES, FI, FR, GR, HR, HU, IE, IT, LT, LU, LV, MT, NL, PL, PT, RO, SE, SI, SK)",Mauritius,COCOA AND COCOA PREPARATIONS,EXPORT,VALUE_IN_EUROS,2019,8563260
ESTAT:DS-045409(1.0),06/02/26 11:00:00,Annual,"European Union - 27 countries (AT, BE, BG, CY, CZ, DE, DK, EE, ES, FI, FR, GR, HR, HU, IE, IT, LT, LU, LV, MT, NL, PL, PT, RO, SE, SI, SK)",Mauritius,COCOA AND COCOA PREPARATIONS,EXPORT,VALUE_IN_EUROS,2020,7348968
ESTAT:DS-045409(1.0),06/02/26 11:00:00,Annual,"European Union - 27 countries (AT, BE, BG, CY, CZ, DE, DK, EE, ES, FI, FR, GR, HR, HU, IE, IT, LT, LU, LV, MT, NL, PL, PT, RO, SE, SI, SK)",Mauritius,COCOA AND COCOA PREPARATIONS,EXPORT,VALUE_IN_EUROS,2021,7442908
ESTAT:DS-045409(1.0),06/02/26 11:00:00,Annual,"European Union - 27 countries (AT, BE, BG, CY, CZ, DE, DK, EE, ES, FI, FR, GR, HR, HU, IE, IT, LT, LU, LV, MT, NL, PL, PT, RO, SE, SI, SK)",Mauritius,COCOA AND COCOA PREPARATIONS,EXPORT,VALUE_IN_EUROS,2022,11440557
ESTAT:DS-045409(1.0),06/02/26 11:00:00,Annual,"European Union - 27 countries (AT, BE, BG, CY, CZ, DE, DK, EE, ES, FI, FR, GR, HR, HU, IE, IT, LT, LU, LV, MT, NL, PL, PT, RO, SE, SI, SK)",Mauritius,COCOA AND COCOA PREPARATIONS,EXPORT,VALUE_IN_EUROS,2023,12001460
ESTAT:DS-045409(1.0),06/02/26 11:00:00,Annual,"European Union - 27 countries (AT, BE, BG, CY, CZ, DE, DK, EE, ES, FI, FR, GR, HR, HU, IE, IT, LT, LU, LV, MT, NL, PL, PT, RO, SE, SI, SK)",Mauritius,COCOA AND COCOA PREPARATIONS,EXPORT,VALUE_IN_EUROS,2024,14886802
ESTAT:DS-045409(1.0),06/02/26 11:00:00,Annual,"European Union - 27 countries (AT, BE, BG, CY, CZ, DE, DK, EE, ES, FI, FR, GR, HR, HU, IE, IT, LT, LU, LV, MT, NL, PL, PT, RO, SE, SI, SK)",Malawi,COCOA AND COCOA PREPARATIONS,EXPORT,VALUE_IN_EUROS,2000,1190
ESTAT:DS-045409(1.0),06/02/26 11:00:00,Annual,"European Union - 27 countries (AT, BE, BG, CY, CZ, DE, DK, EE, ES, FI, FR, GR, HR, HU, IE, IT, LT, LU, LV, MT, NL, PL, PT, RO, SE, SI, SK)",Malawi,COCOA AND COCOA PREPARATIONS,EXPORT,VALUE_IN_EUROS,2001,57
ESTAT:DS-045409(1.0),06/02/26 11:00:00,Annual,"European Union - 27 countries (AT, BE, BG, CY, CZ, DE, DK, EE, ES, FI, FR, GR, HR, HU, IE, IT, LT, LU, LV, MT, NL, PL, PT, RO, SE, SI, SK)",Malawi,COCOA AND COCOA PREPARATIONS,EXPORT,VALUE_IN_EUROS,2004,211198
ESTAT:DS-045409(1.0),06/02/26 11:00:00,Annual,"European Union - 27 countries (AT, BE, BG, CY, CZ, DE, DK, EE, ES, FI, FR, GR, HR, HU, IE, IT, LT, LU, LV, MT, NL, PL, PT, RO, SE, SI, SK)",Malawi,COCOA AND COCOA PREPARATIONS,EXPORT,VALUE_IN_EUROS,2005,837280
ESTAT:DS-045409(1.0),06/02/26 11:00:00,Annual,"European Union - 27 countries (AT, BE, BG, CY, CZ, DE, DK, EE, ES, FI, FR, GR, HR, HU, IE, IT, LT, LU, LV, MT, NL, PL, PT, RO, SE, SI, SK)",Malawi,COCOA AND COCOA PREPARATIONS,EXPORT,VALUE_IN_EUROS,2006,1317715
ESTAT:DS-045409(1.0),06/02/26 11:00:00,Annual,"European Union - 27 countries (AT, BE, BG, CY, CZ, DE, DK, EE, ES, FI, FR, GR, HR, HU, IE, IT, LT, LU, LV, MT, NL, PL, PT, RO, SE, SI, SK)",Malawi,COCOA AND COCOA PREPARATIONS,EXPORT,VALUE_IN_EUROS,2007,942977
ESTAT:DS-045409(1.0),06/02/26 11:00:00,Annual,"European Union - 27 countries (AT, BE, BG, CY, CZ, DE, DK, EE, ES, FI, FR, GR, HR, HU, IE, IT, LT, LU, LV, MT, NL, PL, PT, RO, SE, SI, SK)",Malawi,COCOA AND COCOA PREPARATIONS,EXPORT,VALUE_IN_EUROS,2008,1087
ESTAT:DS-045409(1.0),06/02/26 11:00:00,Annual,"European Union - 27 countries (AT, BE, BG, CY, CZ, DE, DK, EE, ES, FI, FR, GR, HR, HU, IE, IT, LT, LU, LV, MT, NL, PL, PT, RO, SE, SI, SK)",Malawi,COCOA AND COCOA PREPARATIONS,EXPORT,VALUE_IN_EUROS,2010,3224
ESTAT:DS-045409(1.0),06/02/26 11:00:00,Annual,"European Union - 27 countries (AT, BE, BG, CY, CZ, DE, DK, EE, ES, FI, FR, GR, HR, HU, IE, IT, LT, LU, LV, MT, NL, PL, PT, RO, SE, SI, SK)",Malawi,COCOA AND COCOA PREPARATIONS,EXPORT,VALUE_IN_EUROS,2012,20
ESTAT:DS-045409(1.0),06/02/26 11:00:00,Annual,"European Union - 27 countries (AT, BE, BG, CY, CZ, DE, DK, EE, ES, FI, FR, GR, HR, HU, IE, IT, LT, LU, LV, MT, NL, PL, PT, RO, SE, SI, SK)",Malawi,COCOA AND COCOA PREPARATIONS,EXPORT,VALUE_IN_EUROS,2013,6062
ESTAT:DS-045409(1.0),06/02/26 11:00:00,Annual,"European Union - 27 countries (AT, BE, BG, CY, CZ, DE, DK, EE, ES, FI, FR, GR, HR, HU, IE, IT, LT, LU, LV, MT, NL, PL, PT, RO, SE, SI, SK)",Malawi,COCOA AND COCOA PREPARATIONS,EXPORT,VALUE_IN_EUROS,2014,18950
ESTAT:DS-045409(1.0),06/02/26 11:00:00,Annual,"European Union - 27 countries (AT, BE, BG, CY, CZ, DE, DK, EE, ES, FI, FR, GR, HR, HU, IE, IT, LT, LU, LV, MT, NL, PL, PT, RO, SE, SI, SK)",Malawi,COCOA AND COCOA PREPARATIONS,EXPORT,VALUE_IN_EUROS,2015,10541
ESTAT:DS-045409(1.0),06/02/26 11:00:00,Annual,"European Union - 27 countries (AT, BE, BG, CY, CZ, DE, DK, EE, ES, FI, FR, GR, HR, HU, IE, IT, LT, LU, LV, MT, NL, PL, PT, RO, SE, SI, SK)",Malawi,COCOA AND COCOA PREPARATIONS,EXPORT,VALUE_IN_EUROS,2016,2340
ESTAT:DS-045409(1.0),06/02/26 11:00:00,Annual,"European Union - 27 countries (AT, BE, BG, CY, CZ, DE, DK, EE, ES, FI, FR, GR, HR, HU, IE, IT, LT, LU, LV, MT, NL, PL, PT, RO, SE, SI, SK)",Malawi,COCOA AND COCOA PREPARATIONS,EXPORT,VALUE_IN_EUROS,2017,31003
ESTAT:DS-045409(1.0),06/02/26 11:00:00,Annual,"European Union - 27 countries (AT, BE, BG, CY, CZ, DE, DK, EE, ES, FI, FR, GR, HR, HU, IE, IT, LT, LU, LV, MT, NL, PL, PT, RO, SE, SI, SK)",Malawi,COCOA AND COCOA PREPARATIONS,EXPORT,VALUE_IN_EUROS,2018,41848
ESTAT:DS-045409(1.0),06/02/26 11:00:00,Annual,"European Union - 27 countries (AT, BE, BG, CY, CZ, DE, DK, EE, ES, FI, FR, GR, HR, HU, IE, IT, LT, LU, LV, MT, NL, PL, PT, RO, SE, SI, SK)",Malawi,COCOA AND COCOA PREPARATIONS,EXPORT,VALUE_IN_EUROS,2019,38229
ESTAT:DS-045409(1.0),06/02/26 11:00:00,Annual,"European Union - 27 countries (AT, BE, BG, CY, CZ, DE, DK, EE, ES, FI, FR, GR, HR, HU, IE, IT, LT, LU, LV, MT, NL, PL, PT, RO, SE, SI, SK)",Malawi,COCOA AND COCOA PREPARATIONS,EXPORT,VALUE_IN_EUROS,2020,24242
ESTAT:DS-045409(1.0),06/02/26 11:00:00,Annual,"European Union - 27 countries (AT, BE, BG, CY, CZ, DE, DK, EE, ES, FI, FR, GR, HR, HU, IE, IT, LT, LU, LV, MT, NL, PL, PT, RO, SE, SI, SK)",Malawi,COCOA AND COCOA PREPARATIONS,EXPORT,VALUE_IN_EUROS,2021,14065
ESTAT:DS-045409(1.0),06/02/26 11:00:00,Annual,"European Union - 27 countries (AT, BE, BG, CY, CZ, DE, DK, EE, ES, FI, FR, GR, HR, HU, IE, IT, LT, LU, LV, MT, NL, PL, PT, RO, SE, SI, SK)",Malawi,COCOA AND COCOA PREPARATIONS,EXPORT,VALUE_IN_EUROS,2022,3699
ESTAT:DS-045409(1.0),06/02/26 11:00:00,Annual,"European Union - 27 countries (AT, BE, BG, CY, CZ, DE, DK, EE, ES, FI, FR, GR, HR, HU, IE, IT, LT, LU, LV, MT, NL, PL, PT, RO, SE, SI, SK)",Malawi,COCOA AND COCOA PREPARATIONS,EXPORT,VALUE_IN_EUROS,2023,76
ESTAT:DS-045409(1.0),06/02/26 11:00:00,Annual,"European Union - 27 countries (AT, BE, BG, CY, CZ, DE, DK, EE, ES, FI, FR, GR, HR, HU, IE, IT, LT, LU, LV, MT, NL, PL, PT, RO, SE, SI, SK)",Malawi,COCOA AND COCOA PREPARATIONS,EXPORT,VALUE_IN_EUROS,2024,25
ESTAT:DS-045409(1.0),06/02/26 11:00:00,Annual,"European Union - 27 countries (AT, BE, BG, CY, CZ, DE, DK, EE, ES, FI, FR, GR, HR, HU, IE, IT, LT, LU, LV, MT, NL, PL, PT, RO, SE, SI, SK)",Mozambique,COCOA AND COCOA PREPARATIONS,EXPORT,VALUE_IN_EUROS,1999,11662
ESTAT:DS-045409(1.0),06/02/26 11:00:00,Annual,"European Union - 27 countries (AT, BE, BG, CY, CZ, DE, DK, EE, ES, FI, FR, GR, HR, HU, IE, IT, LT, LU, LV, MT, NL, PL, PT, RO, SE, SI, SK)",Mozambique,COCOA AND COCOA PREPARATIONS,EXPORT,VALUE_IN_EUROS,2000,10795
ESTAT:DS-045409(1.0),06/02/26 11:00:00,Annual,"European Union - 27 countries (AT, BE, BG, CY, CZ, DE, DK, EE, ES, FI, FR, GR, HR, HU, IE, IT, LT, LU, LV, MT, NL, PL, PT, RO, SE, SI, SK)",Mozambique,COCOA AND COCOA PREPARATIONS,EXPORT,VALUE_IN_EUROS,2001,22001
ESTAT:DS-045409(1.0),06/02/26 11:00:00,Annual,"European Union - 27 countries (AT, BE, BG, CY, CZ, DE, DK, EE, ES, FI, FR, GR, HR, HU, IE, IT, LT, LU, LV, MT, NL, PL, PT, RO, SE, SI, SK)",Mozambique,COCOA AND COCOA PREPARATIONS,EXPORT,VALUE_IN_EUROS,2002,21277
ESTAT:DS-045409(1.0),06/02/26 11:00:00,Annual,"European Union - 27 countries (AT, BE, BG, CY, CZ, DE, DK, EE, ES, FI, FR, GR, HR, HU, IE, IT, LT, LU, LV, MT, NL, PL, PT, RO, SE, SI, SK)",Mozambique,COCOA AND COCOA PREPARATIONS,EXPORT,VALUE_IN_EUROS,2003,21874
ESTAT:DS-045409(1.0),06/02/26 11:00:00,Annual,"European Union - 27 countries (AT, BE, BG, CY, CZ, DE, DK, EE, ES, FI, FR, GR, HR, HU, IE, IT, LT, LU, LV, MT, NL, PL, PT, RO, SE, SI, SK)",Mozambique,COCOA AND COCOA PREPARATIONS,EXPORT,VALUE_IN_EUROS,2004,51237
ESTAT:DS-045409(1.0),06/02/26 11:00:00,Annual,"European Union - 27 countries (AT, BE, BG, CY, CZ, DE, DK, EE, ES, FI, FR, GR, HR, HU, IE, IT, LT, LU, LV, MT, NL, PL, PT, RO, SE, SI, SK)",Mozambique,COCOA AND COCOA PREPARATIONS,EXPORT,VALUE_IN_EUROS,2005,312999
ESTAT:DS-045409(1.0),06/02/26 11:00:00,Annual,"European Union - 27 countries (AT, BE, BG, CY, CZ, DE, DK, EE, ES, FI, FR, GR, HR, HU, IE, IT, LT, LU, LV, MT, NL, PL, PT, RO, SE, SI, SK)",Mozambique,COCOA AND COCOA PREPARATIONS,EXPORT,VALUE_IN_EUROS,2006,116839
ESTAT:DS-045409(1.0),06/02/26 11:00:00,Annual,"European Union - 27 countries (AT, BE, BG, CY, CZ, DE, DK, EE, ES, FI, FR, GR, HR, HU, IE, IT, LT, LU, LV, MT, NL, PL, PT, RO, SE, SI, SK)",Mozambique,COCOA AND COCOA PREPARATIONS,EXPORT,VALUE_IN_EUROS,2007,198049
ESTAT:DS-045409(1.0),06/02/26 11:00:00,Annual,"European Union - 27 countries (AT, BE, BG, CY, CZ, DE, DK, EE, ES, FI, FR, GR, HR, HU, IE, IT, LT, LU, LV, MT, NL, PL, PT, RO, SE, SI, SK)",Mozambique,COCOA AND COCOA PREPARATIONS,EXPORT,VALUE_IN_EUROS,2008,394738
ESTAT:DS-045409(1.0),06/02/26 11:00:00,Annual,"European Union - 27 countries (AT, BE, BG, CY, CZ, DE, DK, EE, ES, FI, FR, GR, HR, HU, IE, IT, LT, LU, LV, MT, NL, PL, PT, RO, SE, SI, SK)",Mozambique,COCOA AND COCOA PREPARATIONS,EXPORT,VALUE_IN_EUROS,2009,251279
ESTAT:DS-045409(1.0),06/02/26 11:00:00,Annual,"European Union - 27 countries (AT, BE, BG, CY, CZ, DE, DK, EE, ES, FI, FR, GR, HR, HU, IE, IT, LT, LU, LV, MT, NL, PL, PT, RO, SE, SI, SK)",Mozambique,COCOA AND COCOA PREPARATIONS,EXPORT,VALUE_IN_EUROS,2010,418251
ESTAT:DS-045409(1.0),06/02/26 11:00:00,Annual,"European Union - 27 countries (AT, BE, BG, CY, CZ, DE, DK, EE, ES, FI, FR, GR, HR, HU, IE, IT, LT, LU, LV, MT, NL, PL, PT, RO, SE, SI, SK)",Mozambique,COCOA AND COCOA PREPARATIONS,EXPORT,VALUE_IN_EUROS,2011,462419
ESTAT:DS-045409(1.0),06/02/26 11:00:00,Annual,"European Union - 27 countries (AT, BE, BG, CY, CZ, DE, DK, EE, ES, FI, FR, GR, HR, HU, IE, IT, LT, LU, LV, MT, NL, PL, PT, RO, SE, SI, SK)",Mozambique,COCOA AND COCOA PREPARATIONS,EXPORT,VALUE_IN_EUROS,2012,419188
ESTAT:DS-045409(1.0),06/02/26 11:00:00,Annual,"European Union - 27 countries (AT, BE, BG, CY, CZ, DE, DK, EE, ES, FI, FR, GR, HR, HU, IE, IT, LT, LU, LV, MT, NL, PL, PT, RO, SE, SI, SK)",Mozambique,COCOA AND COCOA PREPARATIONS,EXPORT,VALUE_IN_EUROS,2013,569754
ESTAT:DS-045409(1.0),06/02/26 11:00:00,Annual,"European Union - 27 countries (AT, BE, BG, CY, CZ, DE, DK, EE, ES, FI, FR, GR, HR, HU, IE, IT, LT, LU, LV, MT, NL, PL, PT, RO, SE, SI, SK)",Mozambique,COCOA AND COCOA PREPARATIONS,EXPORT,VALUE_IN_EUROS,2014,488724
ESTAT:DS-045409(1.0),06/02/26 11:00:00,Annual,"European Union - 27 countries (AT, BE, BG, CY, CZ, DE, DK, EE, ES, FI, FR, GR, HR, HU, IE, IT, LT, LU, LV, MT, NL, PL, PT, RO, SE, SI, SK)",Mozambique,COCOA AND COCOA PREPARATIONS,EXPORT,VALUE_IN_EUROS,2015,898410
ESTAT:DS-045409(1.0),06/02/26 11:00:00,Annual,"European Union - 27 countries (AT, BE, BG, CY, CZ, DE, DK, EE, ES, FI, FR, GR, HR, HU, IE, IT, LT, LU, LV, MT, NL, PL, PT, RO, SE, SI, SK)",Mozambique,COCOA AND COCOA PREPARATIONS,EXPORT,VALUE_IN_EUROS,2016,2373719
ESTAT:DS-045409(1.0),06/02/26 11:00:00,Annual,"European Union - 27 countries (AT, BE, BG, CY, CZ, DE, DK, EE, ES, FI, FR, GR, HR, HU, IE, IT, LT, LU, LV, MT, NL, PL, PT, RO, SE, SI, SK)",Mozambique,COCOA AND COCOA PREPARATIONS,EXPORT,VALUE_IN_EUROS,2017,2670263
ESTAT:DS-045409(1.0),06/02/26 11:00:00,Annual,"European Union - 27 countries (AT, BE, BG, CY, CZ, DE, DK, EE, ES, FI, FR, GR, HR, HU, IE, IT, LT, LU, LV, MT, NL, PL, PT, RO, SE, SI, SK)",Mozambique,COCOA AND COCOA PREPARATIONS,EXPORT,VALUE_IN_EUROS,2018,3308991
ESTAT:DS-045409(1.0),06/02/26 11:00:00,Annual,"European Union - 27 countries (AT, BE, BG, CY, CZ, DE, DK, EE, ES, FI, FR, GR, HR, HU, IE, IT, LT, LU, LV, MT, NL, PL, PT, RO, SE, SI, SK)",Mozambique,COCOA AND COCOA PREPARATIONS,EXPORT,VALUE_IN_EUROS,2019,1180574
ESTAT:DS-045409(1.0),06/02/26 11:00:00,Annual,"European Union - 27 countries (AT, BE, BG, CY, CZ, DE, DK, EE, ES, FI, FR, GR, HR, HU, IE, IT, LT, LU, LV, MT, NL, PL, PT, RO, SE, SI, SK)",Mozambique,COCOA AND COCOA PREPARATIONS,EXPORT,VALUE_IN_EUROS,2020,727366
ESTAT:DS-045409(1.0),06/02/26 11:00:00,Annual,"European Union - 27 countries (AT, BE, BG, CY, CZ, DE, DK, EE, ES, FI, FR, GR, HR, HU, IE, IT, LT, LU, LV, MT, NL, PL, PT, RO, SE, SI, SK)",Mozambique,COCOA AND COCOA PREPARATIONS,EXPORT,VALUE_IN_EUROS,2021,1037694
ESTAT:DS-045409(1.0),06/02/26 11:00:00,Annual,"European Union - 27 countries (AT, BE, BG, CY, CZ, DE, DK, EE, ES, FI, FR, GR, HR, HU, IE, IT, LT, LU, LV, MT, NL, PL, PT, RO, SE, SI, SK)",Mozambique,COCOA AND COCOA PREPARATIONS,EXPORT,VALUE_IN_EUROS,2022,915411
ESTAT:DS-045409(1.0),06/02/26 11:00:00,Annual,"European Union - 27 countries (AT, BE, BG, CY, CZ, DE, DK, EE, ES, FI, FR, GR, HR, HU, IE, IT, LT, LU, LV, MT, NL, PL, PT, RO, SE, SI, SK)",Mozambique,COCOA AND COCOA PREPARATIONS,EXPORT,VALUE_IN_EUROS,2023,1582068
ESTAT:DS-045409(1.0),06/02/26 11:00:00,Annual,"European Union - 27 countries (AT, BE, BG, CY, CZ, DE, DK, EE, ES, FI, FR, GR, HR, HU, IE, IT, LT, LU, LV, MT, NL, PL, PT, RO, SE, SI, SK)",Mozambique,COCOA AND COCOA PREPARATIONS,EXPORT,VALUE_IN_EUROS,2024,1360991
ESTAT:DS-045409(1.0),06/02/26 11:00:00,Annual,"European Union - 27 countries (AT, BE, BG, CY, CZ, DE, DK, EE, ES, FI, FR, GR, HR, HU, IE, IT, LT, LU, LV, MT, NL, PL, PT, RO, SE, SI, SK)",Namibia,COCOA AND COCOA PREPARATIONS,EXPORT,VALUE_IN_EUROS,1999,56849
ESTAT:DS-045409(1.0),06/02/26 11:00:00,Annual,"European Union - 27 countries (AT, BE, BG, CY, CZ, DE, DK, EE, ES, FI, FR, GR, HR, HU, IE, IT, LT, LU, LV, MT, NL, PL, PT, RO, SE, SI, SK)",Namibia,COCOA AND COCOA PREPARATIONS,EXPORT,VALUE_IN_EUROS,2000,59080
ESTAT:DS-045409(1.0),06/02/26 11:00:00,Annual,"European Union - 27 countries (AT, BE, BG, CY, CZ, DE, DK, EE, ES, FI, FR, GR, HR, HU, IE, IT, LT, LU, LV, MT, NL, PL, PT, RO, SE, SI, SK)",Namibia,COCOA AND COCOA PREPARATIONS,EXPORT,VALUE_IN_EUROS,2001,71737
ESTAT:DS-045409(1.0),06/02/26 11:00:00,Annual,"European Union - 27 countries (AT, BE, BG, CY, CZ, DE, DK, EE, ES, FI, FR, GR, HR, HU, IE, IT, LT, LU, LV, MT, NL, PL, PT, RO, SE, SI, SK)",Namibia,COCOA AND COCOA PREPARATIONS,EXPORT,VALUE_IN_EUROS,2002,36246
ESTAT:DS-045409(1.0),06/02/26 11:00:00,Annual,"European Union - 27 countries (AT, BE, BG, CY, CZ, DE, DK, EE, ES, FI, FR, GR, HR, HU, IE, IT, LT, LU, LV, MT, NL, PL, PT, RO, SE, SI, SK)",Namibia,COCOA AND COCOA PREPARATIONS,EXPORT,VALUE_IN_EUROS,2003,71318
ESTAT:DS-045409(1.0),06/02/26 11:00:00,Annual,"European Union - 27 countries (AT, BE, BG, CY, CZ, DE, DK, EE, ES, FI, FR, GR, HR, HU, IE, IT, LT, LU, LV, MT, NL, PL, PT, RO, SE, SI, SK)",Namibia,COCOA AND COCOA PREPARATIONS,EXPORT,VALUE_IN_EUROS,2004,155746
ESTAT:DS-045409(1.0),06/02/26 11:00:00,Annual,"European Union - 27 countries (AT, BE, BG, CY, CZ, DE, DK, EE, ES, FI, FR, GR, HR, HU, IE, IT, LT, LU, LV, MT, NL, PL, PT, RO, SE, SI, SK)",Namibia,COCOA AND COCOA PREPARATIONS,EXPORT,VALUE_IN_EUROS,2005,163681
ESTAT:DS-045409(1.0),06/02/26 11:00:00,Annual,"European Union - 27 countries (AT, BE, BG, CY, CZ, DE, DK, EE, ES, FI, FR, GR, HR, HU, IE, IT, LT, LU, LV, MT, NL, PL, PT, RO, SE, SI, SK)",Namibia,COCOA AND COCOA PREPARATIONS,EXPORT,VALUE_IN_EUROS,2006,331144
ESTAT:DS-045409(1.0),06/02/26 11:00:00,Annual,"European Union - 27 countries (AT, BE, BG, CY, CZ, DE, DK, EE, ES, FI, FR, GR, HR, HU, IE, IT, LT, LU, LV, MT, NL, PL, PT, RO, SE, SI, SK)",Namibia,COCOA AND COCOA PREPARATIONS,EXPORT,VALUE_IN_EUROS,2007,462918
ESTAT:DS-045409(1.0),06/02/26 11:00:00,Annual,"European Union - 27 countries (AT, BE, BG, CY, CZ, DE, DK, EE, ES, FI, FR, GR, HR, HU, IE, IT, LT, LU, LV, MT, NL, PL, PT, RO, SE, SI, SK)",Namibia,COCOA AND COCOA PREPARATIONS,EXPORT,VALUE_IN_EUROS,2008,298297
ESTAT:DS-045409(1.0),06/02/26 11:00:00,Annual,"European Union - 27 countries (AT, BE, BG, CY, CZ, DE, DK, EE, ES, FI, FR, GR, HR, HU, IE, IT, LT, LU, LV, MT, NL, PL, PT, RO, SE, SI, SK)",Namibia,COCOA AND COCOA PREPARATIONS,EXPORT,VALUE_IN_EUROS,2009,316335
ESTAT:DS-045409(1.0),06/02/26 11:00:00,Annual,"European Union - 27 countries (AT, BE, BG, CY, CZ, DE, DK, EE, ES, FI, FR, GR, HR, HU, IE, IT, LT, LU, LV, MT, NL, PL, PT, RO, SE, SI, SK)",Namibia,COCOA AND COCOA PREPARATIONS,EXPORT,VALUE_IN_EUROS,2010,344538
ESTAT:DS-045409(1.0),06/02/26 11:00:00,Annual,"European Union - 27 countries (AT, BE, BG, CY, CZ, DE, DK, EE, ES, FI, FR, GR, HR, HU, IE, IT, LT, LU, LV, MT, NL, PL, PT, RO, SE, SI, SK)",Namibia,COCOA AND COCOA PREPARATIONS,EXPORT,VALUE_IN_EUROS,2011,385218
ESTAT:DS-045409(1.0),06/02/26 11:00:00,Annual,"European Union - 27 countries (AT, BE, BG, CY, CZ, DE, DK, EE, ES, FI, FR, GR, HR, HU, IE, IT, LT, LU, LV, MT, NL, PL, PT, RO, SE, SI, SK)",Namibia,COCOA AND COCOA PREPARATIONS,EXPORT,VALUE_IN_EUROS,2012,395330
ESTAT:DS-045409(1.0),06/02/26 11:00:00,Annual,"European Union - 27 countries (AT, BE, BG, CY, CZ, DE, DK, EE, ES, FI, FR, GR, HR, HU, IE, IT, LT, LU, LV, MT, NL, PL, PT, RO, SE, SI, SK)",Namibia,COCOA AND COCOA PREPARATIONS,EXPORT,VALUE_IN_EUROS,2013,448772
ESTAT:DS-045409(1.0),06/02/26 11:00:00,Annual,"European Union - 27 countries (AT, BE, BG, CY, CZ, DE, DK, EE, ES, FI, FR, GR, HR, HU, IE, IT, LT, LU, LV, MT, NL, PL, PT, RO, SE, SI, SK)",Namibia,COCOA AND COCOA PREPARATIONS,EXPORT,VALUE_IN_EUROS,2014,424251
ESTAT:DS-045409(1.0),06/02/26 11:00:00,Annual,"European Union - 27 countries (AT, BE, BG, CY, CZ, DE, DK, EE, ES, FI, FR, GR, HR, HU, IE, IT, LT, LU, LV, MT, NL, PL, PT, RO, SE, SI, SK)",Namibia,COCOA AND COCOA PREPARATIONS,EXPORT,VALUE_IN_EUROS,2015,551454
ESTAT:DS-045409(1.0),06/02/26 11:00:00,Annual,"European Union - 27 countries (AT, BE, BG, CY, CZ, DE, DK, EE, ES, FI, FR, GR, HR, HU, IE, IT, LT, LU, LV, MT, NL, PL, PT, RO, SE, SI, SK)",Namibia,COCOA AND COCOA PREPARATIONS,EXPORT,VALUE_IN_EUROS,2016,445928
ESTAT:DS-045409(1.0),06/02/26 11:00:00,Annual,"European Union - 27 countries (AT, BE, BG, CY, CZ, DE, DK, EE, ES, FI, FR, GR, HR, HU, IE, IT, LT, LU, LV, MT, NL, PL, PT, RO, SE, SI, SK)",Namibia,COCOA AND COCOA PREPARATIONS,EXPORT,VALUE_IN_EUROS,2017,564878
ESTAT:DS-045409(1.0),06/02/26 11:00:00,Annual,"European Union - 27 countries (AT, BE, BG, CY, CZ, DE, DK, EE, ES, FI, FR, GR, HR, HU, IE, IT, LT, LU, LV, MT, NL, PL, PT, RO, SE, SI, SK)",Namibia,COCOA AND COCOA PREPARATIONS,EXPORT,VALUE_IN_EUROS,2018,605071
ESTAT:DS-045409(1.0),06/02/26 11:00:00,Annual,"European Union - 27 countries (AT, BE, BG, CY, CZ, DE, DK, EE, ES, FI, FR, GR, HR, HU, IE, IT, LT, LU, LV, MT, NL, PL, PT, RO, SE, SI, SK)",Namibia,COCOA AND COCOA PREPARATIONS,EXPORT,VALUE_IN_EUROS,2019,462037
ESTAT:DS-045409(1.0),06/02/26 11:00:00,Annual,"European Union - 27 countries (AT, BE, BG, CY, CZ, DE, DK, EE, ES, FI, FR, GR, HR, HU, IE, IT, LT, LU, LV, MT, NL, PL, PT, RO, SE, SI, SK)",Namibia,COCOA AND COCOA PREPARATIONS,EXPORT,VALUE_IN_EUROS,2020,351437
ESTAT:DS-045409(1.0),06/02/26 11:00:00,Annual,"European Union - 27 countries (AT, BE, BG, CY, CZ, DE, DK, EE, ES, FI, FR, GR, HR, HU, IE, IT, LT, LU, LV, MT, NL, PL, PT, RO, SE, SI, SK)",Namibia,COCOA AND COCOA PREPARATIONS,EXPORT,VALUE_IN_EUROS,2021,333411
ESTAT:DS-045409(1.0),06/02/26 11:00:00,Annual,"European Union - 27 countries (AT, BE, BG, CY, CZ, DE, DK, EE, ES, FI, FR, GR, HR, HU, IE, IT, LT, LU, LV, MT, NL, PL, PT, RO, SE, SI, SK)",Namibia,COCOA AND COCOA PREPARATIONS,EXPORT,VALUE_IN_EUROS,2022,572087
ESTAT:DS-045409(1.0),06/02/26 11:00:00,Annual,"European Union - 27 countries (AT, BE, BG, CY, CZ, DE, DK, EE, ES, FI, FR, GR, HR, HU, IE, IT, LT, LU, LV, MT, NL, PL, PT, RO, SE, SI, SK)",Namibia,COCOA AND COCOA PREPARATIONS,EXPORT,VALUE_IN_EUROS,2023,496511
ESTAT:DS-045409(1.0),06/02/26 11:00:00,Annual,"European Union - 27 countries (AT, BE, BG, CY, CZ, DE, DK, EE, ES, FI, FR, GR, HR, HU, IE, IT, LT, LU, LV, MT, NL, PL, PT, RO, SE, SI, SK)",Namibia,COCOA AND COCOA PREPARATIONS,EXPORT,VALUE_IN_EUROS,2024,653377
ESTAT:DS-045409(1.0),06/02/26 11:00:00,Annual,"European Union - 27 countries (AT, BE, BG, CY, CZ, DE, DK, EE, ES, FI, FR, GR, HR, HU, IE, IT, LT, LU, LV, MT, NL, PL, PT, RO, SE, SI, SK)",Niger,COCOA AND COCOA PREPARATIONS,EXPORT,VALUE_IN_EUROS,1999,98388
ESTAT:DS-045409(1.0),06/02/26 11:00:00,Annual,"European Union - 27 countries (AT, BE, BG, CY, CZ, DE, DK, EE, ES, FI, FR, GR, HR, HU, IE, IT, LT, LU, LV, MT, NL, PL, PT, RO, SE, SI, SK)",Niger,COCOA AND COCOA PREPARATIONS,EXPORT,VALUE_IN_EUROS,2000,57207
ESTAT:DS-045409(1.0),06/02/26 11:00:00,Annual,"European Union - 27 countries (AT, BE, BG, CY, CZ, DE, DK, EE, ES, FI, FR, GR, HR, HU, IE, IT, LT, LU, LV, MT, NL, PL, PT, RO, SE, SI, SK)",Niger,COCOA AND COCOA PREPARATIONS,EXPORT,VALUE_IN_EUROS,2001,136028
ESTAT:DS-045409(1.0),06/02/26 11:00:00,Annual,"European Union - 27 countries (AT, BE, BG, CY, CZ, DE, DK, EE, ES, FI, FR, GR, HR, HU, IE, IT, LT, LU, LV, MT, NL, PL, PT, RO, SE, SI, SK)",Niger,COCOA AND COCOA PREPARATIONS,EXPORT,VALUE_IN_EUROS,2002,2447106
ESTAT:DS-045409(1.0),06/02/26 11:00:00,Annual,"European Union - 27 countries (AT, BE, BG, CY, CZ, DE, DK, EE, ES, FI, FR, GR, HR, HU, IE, IT, LT, LU, LV, MT, NL, PL, PT, RO, SE, SI, SK)",Niger,COCOA AND COCOA PREPARATIONS,EXPORT,VALUE_IN_EUROS,2003,53213
ESTAT:DS-045409(1.0),06/02/26 11:00:00,Annual,"European Union - 27 countries (AT, BE, BG, CY, CZ, DE, DK, EE, ES, FI, FR, GR, HR, HU, IE, IT, LT, LU, LV, MT, NL, PL, PT, RO, SE, SI, SK)",Niger,COCOA AND COCOA PREPARATIONS,EXPORT,VALUE_IN_EUROS,2004,30152
ESTAT:DS-045409(1.0),06/02/26 11:00:00,Annual,"European Union - 27 countries (AT, BE, BG, CY, CZ, DE, DK, EE, ES, FI, FR, GR, HR, HU, IE, IT, LT, LU, LV, MT, NL, PL, PT, RO, SE, SI, SK)",Niger,COCOA AND COCOA PREPARATIONS,EXPORT,VALUE_IN_EUROS,2005,31007
ESTAT:DS-045409(1.0),06/02/26 11:00:00,Annual,"European Union - 27 countries (AT, BE, BG, CY, CZ, DE, DK, EE, ES, FI, FR, GR, HR, HU, IE, IT, LT, LU, LV, MT, NL, PL, PT, RO, SE, SI, SK)",Niger,COCOA AND COCOA PREPARATIONS,EXPORT,VALUE_IN_EUROS,2006,37989
ESTAT:DS-045409(1.0),06/02/26 11:00:00,Annual,"European Union - 27 countries (AT, BE, BG, CY, CZ, DE, DK, EE, ES, FI, FR, GR, HR, HU, IE, IT, LT, LU, LV, MT, NL, PL, PT, RO, SE, SI, SK)",Niger,COCOA AND COCOA PREPARATIONS,EXPORT,VALUE_IN_EUROS,2007,25681
ESTAT:DS-045409(1.0),06/02/26 11:00:00,Annual,"European Union - 27 countries (AT, BE, BG, CY, CZ, DE, DK, EE, ES, FI, FR, GR, HR, HU, IE, IT, LT, LU, LV, MT, NL, PL, PT, RO, SE, SI, SK)",Niger,COCOA AND COCOA PREPARATIONS,EXPORT,VALUE_IN_EUROS,2008,95292
ESTAT:DS-045409(1.0),06/02/26 11:00:00,Annual,"European Union - 27 countries (AT, BE, BG, CY, CZ, DE, DK, EE, ES, FI, FR, GR, HR, HU, IE, IT, LT, LU, LV, MT, NL, PL, PT, RO, SE, SI, SK)",Niger,COCOA AND COCOA PREPARATIONS,EXPORT,VALUE_IN_EUROS,2009,52771
ESTAT:DS-045409(1.0),06/02/26 11:00:00,Annual,"European Union - 27 countries (AT, BE, BG, CY, CZ, DE, DK, EE, ES, FI, FR, GR, HR, HU, IE, IT, LT, LU, LV, MT, NL, PL, PT, RO, SE, SI, SK)",Niger,COCOA AND COCOA PREPARATIONS,EXPORT,VALUE_IN_EUROS,2010,133145
ESTAT:DS-045409(1.0),06/02/26 11:00:00,Annual,"European Union - 27 countries (AT, BE, BG, CY, CZ, DE, DK, EE, ES, FI, FR, GR, HR, HU, IE, IT, LT, LU, LV, MT, NL, PL, PT, RO, SE, SI, SK)",Niger,COCOA AND COCOA PREPARATIONS,EXPORT,VALUE_IN_EUROS,2011,130240
ESTAT:DS-045409(1.0),06/02/26 11:00:00,Annual,"European Union - 27 countries (AT, BE, BG, CY, CZ, DE, DK, EE, ES, FI, FR, GR, HR, HU, IE, IT, LT, LU, LV, MT, NL, PL, PT, RO, SE, SI, SK)",Niger,COCOA AND COCOA PREPARATIONS,EXPORT,VALUE_IN_EUROS,2012,186773
ESTAT:DS-045409(1.0),06/02/26 11:00:00,Annual,"European Union - 27 countries (AT, BE, BG, CY, CZ, DE, DK, EE, ES, FI, FR, GR, HR, HU, IE, IT, LT, LU, LV, MT, NL, PL, PT, RO, SE, SI, SK)",Niger,COCOA AND COCOA PREPARATIONS,EXPORT,VALUE_IN_EUROS,2013,240305
ESTAT:DS-045409(1.0),06/02/26 11:00:00,Annual,"European Union - 27 countries (AT, BE, BG, CY, CZ, DE, DK, EE, ES, FI, FR, GR, HR, HU, IE, IT, LT, LU, LV, MT, NL, PL, PT, RO, SE, SI, SK)",Niger,COCOA AND COCOA PREPARATIONS,EXPORT,VALUE_IN_EUROS,2014,284288
ESTAT:DS-045409(1.0),06/02/26 11:00:00,Annual,"European Union - 27 countries (AT, BE, BG, CY, CZ, DE, DK, EE, ES, FI, FR, GR, HR, HU, IE, IT, LT, LU, LV, MT, NL, PL, PT, RO, SE, SI, SK)",Niger,COCOA AND COCOA PREPARATIONS,EXPORT,VALUE_IN_EUROS,2015,214895
ESTAT:DS-045409(1.0),06/02/26 11:00:00,Annual,"European Union - 27 countries (AT, BE, BG, CY, CZ, DE, DK, EE, ES, FI, FR, GR, HR, HU, IE, IT, LT, LU, LV, MT, NL, PL, PT, RO, SE, SI, SK)",Niger,COCOA AND COCOA PREPARATIONS,EXPORT,VALUE_IN_EUROS,2016,144814
ESTAT:DS-045409(1.0),06/02/26 11:00:00,Annual,"European Union - 27 countries (AT, BE, BG, CY, CZ, DE, DK, EE, ES, FI, FR, GR, HR, HU, IE, IT, LT, LU, LV, MT, NL, PL, PT, RO, SE, SI, SK)",Niger,COCOA AND COCOA PREPARATIONS,EXPORT,VALUE_IN_EUROS,2017,248569
ESTAT:DS-045409(1.0),06/02/26 11:00:00,Annual,"European Union - 27 countries (AT, BE, BG, CY, CZ, DE, DK, EE, ES, FI, FR, GR, HR, HU, IE, IT, LT, LU, LV, MT, NL, PL, PT, RO, SE, SI, SK)",Niger,COCOA AND COCOA PREPARATIONS,EXPORT,VALUE_IN_EUROS,2018,116577
ESTAT:DS-045409(1.0),06/02/26 11:00:00,Annual,"European Union - 27 countries (AT, BE, BG, CY, CZ, DE, DK, EE, ES, FI, FR, GR, HR, HU, IE, IT, LT, LU, LV, MT, NL, PL, PT, RO, SE, SI, SK)",Niger,COCOA AND COCOA PREPARATIONS,EXPORT,VALUE_IN_EUROS,2019,147003
ESTAT:DS-045409(1.0),06/02/26 11:00:00,Annual,"European Union - 27 countries (AT, BE, BG, CY, CZ, DE, DK, EE, ES, FI, FR, GR, HR, HU, IE, IT, LT, LU, LV, MT, NL, PL, PT, RO, SE, SI, SK)",Niger,COCOA AND COCOA PREPARATIONS,EXPORT,VALUE_IN_EUROS,2020,306085
ESTAT:DS-045409(1.0),06/02/26 11:00:00,Annual,"European Union - 27 countries (AT, BE, BG, CY, CZ, DE, DK, EE, ES, FI, FR, GR, HR, HU, IE, IT, LT, LU, LV, MT, NL, PL, PT, RO, SE, SI, SK)",Niger,COCOA AND COCOA PREPARATIONS,EXPORT,VALUE_IN_EUROS,2021,220793
ESTAT:DS-045409(1.0),06/02/26 11:00:00,Annual,"European Union - 27 countries (AT, BE, BG, CY, CZ, DE, DK, EE, ES, FI, FR, GR, HR, HU, IE, IT, LT, LU, LV, MT, NL, PL, PT, RO, SE, SI, SK)",Niger,COCOA AND COCOA PREPARATIONS,EXPORT,VALUE_IN_EUROS,2022,387120
ESTAT:DS-045409(1.0),06/02/26 11:00:00,Annual,"European Union - 27 countries (AT, BE, BG, CY, CZ, DE, DK, EE, ES, FI, FR, GR, HR, HU, IE, IT, LT, LU, LV, MT, NL, PL, PT, RO, SE, SI, SK)",Niger,COCOA AND COCOA PREPARATIONS,EXPORT,VALUE_IN_EUROS,2023,326410
ESTAT:DS-045409(1.0),06/02/26 11:00:00,Annual,"European Union - 27 countries (AT, BE, BG, CY, CZ, DE, DK, EE, ES, FI, FR, GR, HR, HU, IE, IT, LT, LU, LV, MT, NL, PL, PT, RO, SE, SI, SK)",Niger,COCOA AND COCOA PREPARATIONS,EXPORT,VALUE_IN_EUROS,2024,384403
ESTAT:DS-045409(1.0),06/02/26 11:00:00,Annual,"European Union - 27 countries (AT, BE, BG, CY, CZ, DE, DK, EE, ES, FI, FR, GR, HR, HU, IE, IT, LT, LU, LV, MT, NL, PL, PT, RO, SE, SI, SK)",Nigeria,COCOA AND COCOA PREPARATIONS,EXPORT,VALUE_IN_EUROS,1999,583245
ESTAT:DS-045409(1.0),06/02/26 11:00:00,Annual,"European Union - 27 countries (AT, BE, BG, CY, CZ, DE, DK, EE, ES, FI, FR, GR, HR, HU, IE, IT, LT, LU, LV, MT, NL, PL, PT, RO, SE, SI, SK)",Nigeria,COCOA AND COCOA PREPARATIONS,EXPORT,VALUE_IN_EUROS,2000,1172381
ESTAT:DS-045409(1.0),06/02/26 11:00:00,Annual,"European Union - 27 countries (AT, BE, BG, CY, CZ, DE, DK, EE, ES, FI, FR, GR, HR, HU, IE, IT, LT, LU, LV, MT, NL, PL, PT, RO, SE, SI, SK)",Nigeria,COCOA AND COCOA PREPARATIONS,EXPORT,VALUE_IN_EUROS,2001,1285493
ESTAT:DS-045409(1.0),06/02/26 11:00:00,Annual,"European Union - 27 countries (AT, BE, BG, CY, CZ, DE, DK, EE, ES, FI, FR, GR, HR, HU, IE, IT, LT, LU, LV, MT, NL, PL, PT, RO, SE, SI, SK)",Nigeria,COCOA AND COCOA PREPARATIONS,EXPORT,VALUE_IN_EUROS,2002,1620960
ESTAT:DS-045409(1.0),06/02/26 11:00:00,Annual,"European Union - 27 countries (AT, BE, BG, CY, CZ, DE, DK, EE, ES, FI, FR, GR, HR, HU, IE, IT, LT, LU, LV, MT, NL, PL, PT, RO, SE, SI, SK)",Nigeria,COCOA AND COCOA PREPARATIONS,EXPORT,VALUE_IN_EUROS,2003,1720685
ESTAT:DS-045409(1.0),06/02/26 11:00:00,Annual,"European Union - 27 countries (AT, BE, BG, CY, CZ, DE, DK, EE, ES, FI, FR, GR, HR, HU, IE, IT, LT, LU, LV, MT, NL, PL, PT, RO, SE, SI, SK)",Nigeria,COCOA AND COCOA PREPARATIONS,EXPORT,VALUE_IN_EUROS,2004,99058
ESTAT:DS-045409(1.0),06/02/26 11:00:00,Annual,"European Union - 27 countries (AT, BE, BG, CY, CZ, DE, DK, EE, ES, FI, FR, GR, HR, HU, IE, IT, LT, LU, LV, MT, NL, PL, PT, RO, SE, SI, SK)",Nigeria,COCOA AND COCOA PREPARATIONS,EXPORT,VALUE_IN_EUROS,2005,205508
ESTAT:DS-045409(1.0),06/02/26 11:00:00,Annual,"European Union - 27 countries (AT, BE, BG, CY, CZ, DE, DK, EE, ES, FI, FR, GR, HR, HU, IE, IT, LT, LU, LV, MT, NL, PL, PT, RO, SE, SI, SK)",Nigeria,COCOA AND COCOA PREPARATIONS,EXPORT,VALUE_IN_EUROS,2006,364285
ESTAT:DS-045409(1.0),06/02/26 11:00:00,Annual,"European Union - 27 countries (AT, BE, BG, CY, CZ, DE, DK, EE, ES, FI, FR, GR, HR, HU, IE, IT, LT, LU, LV, MT, NL, PL, PT, RO, SE, SI, SK)",Nigeria,COCOA AND COCOA PREPARATIONS,EXPORT,VALUE_IN_EUROS,2007,630133
ESTAT:DS-045409(1.0),06/02/26 11:00:00,Annual,"European Union - 27 countries (AT, BE, BG, CY, CZ, DE, DK, EE, ES, FI, FR, GR, HR, HU, IE, IT, LT, LU, LV, MT, NL, PL, PT, RO, SE, SI, SK)",Nigeria,COCOA AND COCOA PREPARATIONS,EXPORT,VALUE_IN_EUROS,2008,1705989
ESTAT:DS-045409(1.0),06/02/26 11:00:00,Annual,"European Union - 27 countries (AT, BE, BG, CY, CZ, DE, DK, EE, ES, FI, FR, GR, HR, HU, IE, IT, LT, LU, LV, MT, NL, PL, PT, RO, SE, SI, SK)",Nigeria,COCOA AND COCOA PREPARATIONS,EXPORT,VALUE_IN_EUROS,2009,993444
ESTAT:DS-045409(1.0),06/02/26 11:00:00,Annual,"European Union - 27 countries (AT, BE, BG, CY, CZ, DE, DK, EE, ES, FI, FR, GR, HR, HU, IE, IT, LT, LU, LV, MT, NL, PL, PT, RO, SE, SI, SK)",Nigeria,COCOA AND COCOA PREPARATIONS,EXPORT,VALUE_IN_EUROS,2010,1101900
ESTAT:DS-045409(1.0),06/02/26 11:00:00,Annual,"European Union - 27 countries (AT, BE, BG, CY, CZ, DE, DK, EE, ES, FI, FR, GR, HR, HU, IE, IT, LT, LU, LV, MT, NL, PL, PT, RO, SE, SI, SK)",Nigeria,COCOA AND COCOA PREPARATIONS,EXPORT,VALUE_IN_EUROS,2011,1467919
ESTAT:DS-045409(1.0),06/02/26 11:00:00,Annual,"European Union - 27 countries (AT, BE, BG, CY, CZ, DE, DK, EE, ES, FI, FR, GR, HR, HU, IE, IT, LT, LU, LV, MT, NL, PL, PT, RO, SE, SI, SK)",Nigeria,COCOA AND COCOA PREPARATIONS,EXPORT,VALUE_IN_EUROS,2012,1534385
ESTAT:DS-045409(1.0),06/02/26 11:00:00,Annual,"European Union - 27 countries (AT, BE, BG, CY, CZ, DE, DK, EE, ES, FI, FR, GR, HR, HU, IE, IT, LT, LU, LV, MT, NL, PL, PT, RO, SE, SI, SK)",Nigeria,COCOA AND COCOA PREPARATIONS,EXPORT,VALUE_IN_EUROS,2013,2091118
ESTAT:DS-045409(1.0),06/02/26 11:00:00,Annual,"European Union - 27 countries (AT, BE, BG, CY, CZ, DE, DK, EE, ES, FI, FR, GR, HR, HU, IE, IT, LT, LU, LV, MT, NL, PL, PT, RO, SE, SI, SK)",Nigeria,COCOA AND COCOA PREPARATIONS,EXPORT,VALUE_IN_EUROS,2014,3520764
ESTAT:DS-045409(1.0),06/02/26 11:00:00,Annual,"European Union - 27 countries (AT, BE, BG, CY, CZ, DE, DK, EE, ES, FI, FR, GR, HR, HU, IE, IT, LT, LU, LV, MT, NL, PL, PT, RO, SE, SI, SK)",Nigeria,COCOA AND COCOA PREPARATIONS,EXPORT,VALUE_IN_EUROS,2015,3287044
ESTAT:DS-045409(1.0),06/02/26 11:00:00,Annual,"European Union - 27 countries (AT, BE, BG, CY, CZ, DE, DK, EE, ES, FI, FR, GR, HR, HU, IE, IT, LT, LU, LV, MT, NL, PL, PT, RO, SE, SI, SK)",Nigeria,COCOA AND COCOA PREPARATIONS,EXPORT,VALUE_IN_EUROS,2016,2300387
ESTAT:DS-045409(1.0),06/02/26 11:00:00,Annual,"European Union - 27 countries (AT, BE, BG, CY, CZ, DE, DK, EE, ES, FI, FR, GR, HR, HU, IE, IT, LT, LU, LV, MT, NL, PL, PT, RO, SE, SI, SK)",Nigeria,COCOA AND COCOA PREPARATIONS,EXPORT,VALUE_IN_EUROS,2017,2490230
ESTAT:DS-045409(1.0),06/02/26 11:00:00,Annual,"European Union - 27 countries (AT, BE, BG, CY, CZ, DE, DK, EE, ES, FI, FR, GR, HR, HU, IE, IT, LT, LU, LV, MT, NL, PL, PT, RO, SE, SI, SK)",Nigeria,COCOA AND COCOA PREPARATIONS,EXPORT,VALUE_IN_EUROS,2018,2124611
ESTAT:DS-045409(1.0),06/02/26 11:00:00,Annual,"European Union - 27 countries (AT, BE, BG, CY, CZ, DE, DK, EE, ES, FI, FR, GR, HR, HU, IE, IT, LT, LU, LV, MT, NL, PL, PT, RO, SE, SI, SK)",Nigeria,COCOA AND COCOA PREPARATIONS,EXPORT,VALUE_IN_EUROS,2019,3729701
ESTAT:DS-045409(1.0),06/02/26 11:00:00,Annual,"European Union - 27 countries (AT, BE, BG, CY, CZ, DE, DK, EE, ES, FI, FR, GR, HR, HU, IE, IT, LT, LU, LV, MT, NL, PL, PT, RO, SE, SI, SK)",Nigeria,COCOA AND COCOA PREPARATIONS,EXPORT,VALUE_IN_EUROS,2020,3615542
ESTAT:DS-045409(1.0),06/02/26 11:00:00,Annual,"European Union - 27 countries (AT, BE, BG, CY, CZ, DE, DK, EE, ES, FI, FR, GR, HR, HU, IE, IT, LT, LU, LV, MT, NL, PL, PT, RO, SE, SI, SK)",Nigeria,COCOA AND COCOA PREPARATIONS,EXPORT,VALUE_IN_EUROS,2021,5527530
ESTAT:DS-045409(1.0),06/02/26 11:00:00,Annual,"European Union - 27 countries (AT, BE, BG, CY, CZ, DE, DK, EE, ES, FI, FR, GR, HR, HU, IE, IT, LT, LU, LV, MT, NL, PL, PT, RO, SE, SI, SK)",Nigeria,COCOA AND COCOA PREPARATIONS,EXPORT,VALUE_IN_EUROS,2022,8798228
ESTAT:DS-045409(1.0),06/02/26 11:00:00,Annual,"European Union - 27 countries (AT, BE, BG, CY, CZ, DE, DK, EE, ES, FI, FR, GR, HR, HU, IE, IT, LT, LU, LV, MT, NL, PL, PT, RO, SE, SI, SK)",Nigeria,COCOA AND COCOA PREPARATIONS,EXPORT,VALUE_IN_EUROS,2023,7680294
ESTAT:DS-045409(1.0),06/02/26 11:00:00,Annual,"European Union - 27 countries (AT, BE, BG, CY, CZ, DE, DK, EE, ES, FI, FR, GR, HR, HU, IE, IT, LT, LU, LV, MT, NL, PL, PT, RO, SE, SI, SK)",Nigeria,COCOA AND COCOA PREPARATIONS,EXPORT,VALUE_IN_EUROS,2024,5669831
ESTAT:DS-045409(1.0),06/02/26 11:00:00,Annual,"European Union - 27 countries (AT, BE, BG, CY, CZ, DE, DK, EE, ES, FI, FR, GR, HR, HU, IE, IT, LT, LU, LV, MT, NL, PL, PT, RO, SE, SI, SK)",Rwanda,COCOA AND COCOA PREPARATIONS,EXPORT,VALUE_IN_EUROS,1999,6965
ESTAT:DS-045409(1.0),06/02/26 11:00:00,Annual,"European Union - 27 countries (AT, BE, BG, CY, CZ, DE, DK, EE, ES, FI, FR, GR, HR, HU, IE, IT, LT, LU, LV, MT, NL, PL, PT, RO, SE, SI, SK)",Rwanda,COCOA AND COCOA PREPARATIONS,EXPORT,VALUE_IN_EUROS,2000,4878
ESTAT:DS-045409(1.0),06/02/26 11:00:00,Annual,"European Union - 27 countries (AT, BE, BG, CY, CZ, DE, DK, EE, ES, FI, FR, GR, HR, HU, IE, IT, LT, LU, LV, MT, NL, PL, PT, RO, SE, SI, SK)",Rwanda,COCOA AND COCOA PREPARATIONS,EXPORT,VALUE_IN_EUROS,2001,12102
ESTAT:DS-045409(1.0),06/02/26 11:00:00,Annual,"European Union - 27 countries (AT, BE, BG, CY, CZ, DE, DK, EE, ES, FI, FR, GR, HR, HU, IE, IT, LT, LU, LV, MT, NL, PL, PT, RO, SE, SI, SK)",Rwanda,COCOA AND COCOA PREPARATIONS,EXPORT,VALUE_IN_EUROS,2002,8317
ESTAT:DS-045409(1.0),06/02/26 11:00:00,Annual,"European Union - 27 countries (AT, BE, BG, CY, CZ, DE, DK, EE, ES, FI, FR, GR, HR, HU, IE, IT, LT, LU, LV, MT, NL, PL, PT, RO, SE, SI, SK)",Rwanda,COCOA AND COCOA PREPARATIONS,EXPORT,VALUE_IN_EUROS,2003,805
ESTAT:DS-045409(1.0),06/02/26 11:00:00,Annual,"European Union - 27 countries (AT, BE, BG, CY, CZ, DE, DK, EE, ES, FI, FR, GR, HR, HU, IE, IT, LT, LU, LV, MT, NL, PL, PT, RO, SE, SI, SK)",Rwanda,COCOA AND COCOA PREPARATIONS,EXPORT,VALUE_IN_EUROS,2004,59708
ESTAT:DS-045409(1.0),06/02/26 11:00:00,Annual,"European Union - 27 countries (AT, BE, BG, CY, CZ, DE, DK, EE, ES, FI, FR, GR, HR, HU, IE, IT, LT, LU, LV, MT, NL, PL, PT, RO, SE, SI, SK)",Rwanda,COCOA AND COCOA PREPARATIONS,EXPORT,VALUE_IN_EUROS,2005,32130
ESTAT:DS-045409(1.0),06/02/26 11:00:00,Annual,"European Union - 27 countries (AT, BE, BG, CY, CZ, DE, DK, EE, ES, FI, FR, GR, HR, HU, IE, IT, LT, LU, LV, MT, NL, PL, PT, RO, SE, SI, SK)",Rwanda,COCOA AND COCOA PREPARATIONS,EXPORT,VALUE_IN_EUROS,2006,19696
ESTAT:DS-045409(1.0),06/02/26 11:00:00,Annual,"European Union - 27 countries (AT, BE, BG, CY, CZ, DE, DK, EE, ES, FI, FR, GR, HR, HU, IE, IT, LT, LU, LV, MT, NL, PL, PT, RO, SE, SI, SK)",Rwanda,COCOA AND COCOA PREPARATIONS,EXPORT,VALUE_IN_EUROS,2007,15651
ESTAT:DS-045409(1.0),06/02/26 11:00:00,Annual,"European Union - 27 countries (AT, BE, BG, CY, CZ, DE, DK, EE, ES, FI, FR, GR, HR, HU, IE, IT, LT, LU, LV, MT, NL, PL, PT, RO, SE, SI, SK)",Rwanda,COCOA AND COCOA PREPARATIONS,EXPORT,VALUE_IN_EUROS,2008,48324
ESTAT:DS-045409(1.0),06/02/26 11:00:00,Annual,"European Union - 27 countries (AT, BE, BG, CY, CZ, DE, DK, EE, ES, FI, FR, GR, HR, HU, IE, IT, LT, LU, LV, MT, NL, PL, PT, RO, SE, SI, SK)",Rwanda,COCOA AND COCOA PREPARATIONS,EXPORT,VALUE_IN_EUROS,2009,51172
ESTAT:DS-045409(1.0),06/02/26 11:00:00,Annual,"European Union - 27 countries (AT, BE, BG, CY, CZ, DE, DK, EE, ES, FI, FR, GR, HR, HU, IE, IT, LT, LU, LV, MT, NL, PL, PT, RO, SE, SI, SK)",Rwanda,COCOA AND COCOA PREPARATIONS,EXPORT,VALUE_IN_EUROS,2010,80791
ESTAT:DS-045409(1.0),06/02/26 11:00:00,Annual,"European Union - 27 countries (AT, BE, BG, CY, CZ, DE, DK, EE, ES, FI, FR, GR, HR, HU, IE, IT, LT, LU, LV, MT, NL, PL, PT, RO, SE, SI, SK)",Rwanda,COCOA AND COCOA PREPARATIONS,EXPORT,VALUE_IN_EUROS,2011,127616
ESTAT:DS-045409(1.0),06/02/26 11:00:00,Annual,"European Union - 27 countries (AT, BE, BG, CY, CZ, DE, DK, EE, ES, FI, FR, GR, HR, HU, IE, IT, LT, LU, LV, MT, NL, PL, PT, RO, SE, SI, SK)",Rwanda,COCOA AND COCOA PREPARATIONS,EXPORT,VALUE_IN_EUROS,2012,122385
ESTAT:DS-045409(1.0),06/02/26 11:00:00,Annual,"European Union - 27 countries (AT, BE, BG, CY, CZ, DE, DK, EE, ES, FI, FR, GR, HR, HU, IE, IT, LT, LU, LV, MT, NL, PL, PT, RO, SE, SI, SK)",Rwanda,COCOA AND COCOA PREPARATIONS,EXPORT,VALUE_IN_EUROS,2013,101729
ESTAT:DS-045409(1.0),06/02/26 11:00:00,Annual,"European Union - 27 countries (AT, BE, BG, CY, CZ, DE, DK, EE, ES, FI, FR, GR, HR, HU, IE, IT, LT, LU, LV, MT, NL, PL, PT, RO, SE, SI, SK)",Rwanda,COCOA AND COCOA PREPARATIONS,EXPORT,VALUE_IN_EUROS,2014,202567
ESTAT:DS-045409(1.0),06/02/26 11:00:00,Annual,"European Union - 27 countries (AT, BE, BG, CY, CZ, DE, DK, EE, ES, FI, FR, GR, HR, HU, IE, IT, LT, LU, LV, MT, NL, PL, PT, RO, SE, SI, SK)",Rwanda,COCOA AND COCOA PREPARATIONS,EXPORT,VALUE_IN_EUROS,2015,152355
ESTAT:DS-045409(1.0),06/02/26 11:00:00,Annual,"European Union - 27 countries (AT, BE, BG, CY, CZ, DE, DK, EE, ES, FI, FR, GR, HR, HU, IE, IT, LT, LU, LV, MT, NL, PL, PT, RO, SE, SI, SK)",Rwanda,COCOA AND COCOA PREPARATIONS,EXPORT,VALUE_IN_EUROS,2016,269363
ESTAT:DS-045409(1.0),06/02/26 11:00:00,Annual,"European Union - 27 countries (AT, BE, BG, CY, CZ, DE, DK, EE, ES, FI, FR, GR, HR, HU, IE, IT, LT, LU, LV, MT, NL, PL, PT, RO, SE, SI, SK)",Rwanda,COCOA AND COCOA PREPARATIONS,EXPORT,VALUE_IN_EUROS,2017,287301
ESTAT:DS-045409(1.0),06/02/26 11:00:00,Annual,"European Union - 27 countries (AT, BE, BG, CY, CZ, DE, DK, EE, ES, FI, FR, GR, HR, HU, IE, IT, LT, LU, LV, MT, NL, PL, PT, RO, SE, SI, SK)",Rwanda,COCOA AND COCOA PREPARATIONS,EXPORT,VALUE_IN_EUROS,2018,330751
ESTAT:DS-045409(1.0),06/02/26 11:00:00,Annual,"European Union - 27 countries (AT, BE, BG, CY, CZ, DE, DK, EE, ES, FI, FR, GR, HR, HU, IE, IT, LT, LU, LV, MT, NL, PL, PT, RO, SE, SI, SK)",Rwanda,COCOA AND COCOA PREPARATIONS,EXPORT,VALUE_IN_EUROS,2019,382863
ESTAT:DS-045409(1.0),06/02/26 11:00:00,Annual,"European Union - 27 countries (AT, BE, BG, CY, CZ, DE, DK, EE, ES, FI, FR, GR, HR, HU, IE, IT, LT, LU, LV, MT, NL, PL, PT, RO, SE, SI, SK)",Rwanda,COCOA AND COCOA PREPARATIONS,EXPORT,VALUE_IN_EUROS,2020,371821
ESTAT:DS-045409(1.0),06/02/26 11:00:00,Annual,"European Union - 27 countries (AT, BE, BG, CY, CZ, DE, DK, EE, ES, FI, FR, GR, HR, HU, IE, IT, LT, LU, LV, MT, NL, PL, PT, RO, SE, SI, SK)",Rwanda,COCOA AND COCOA PREPARATIONS,EXPORT,VALUE_IN_EUROS,2021,462144
ESTAT:DS-045409(1.0),06/02/26 11:00:00,Annual,"European Union - 27 countries (AT, BE, BG, CY, CZ, DE, DK, EE, ES, FI, FR, GR, HR, HU, IE, IT, LT, LU, LV, MT, NL, PL, PT, RO, SE, SI, SK)",Rwanda,COCOA AND COCOA PREPARATIONS,EXPORT,VALUE_IN_EUROS,2022,526009
ESTAT:DS-045409(1.0),06/02/26 11:00:00,Annual,"European Union - 27 countries (AT, BE, BG, CY, CZ, DE, DK, EE, ES, FI, FR, GR, HR, HU, IE, IT, LT, LU, LV, MT, NL, PL, PT, RO, SE, SI, SK)",Rwanda,COCOA AND COCOA PREPARATIONS,EXPORT,VALUE_IN_EUROS,2023,563944
ESTAT:DS-045409(1.0),06/02/26 11:00:00,Annual,"European Union - 27 countries (AT, BE, BG, CY, CZ, DE, DK, EE, ES, FI, FR, GR, HR, HU, IE, IT, LT, LU, LV, MT, NL, PL, PT, RO, SE, SI, SK)",Rwanda,COCOA AND COCOA PREPARATIONS,EXPORT,VALUE_IN_EUROS,2024,576440
ESTAT:DS-045409(1.0),06/02/26 11:00:00,Annual,"European Union - 27 countries (AT, BE, BG, CY, CZ, DE, DK, EE, ES, FI, FR, GR, HR, HU, IE, IT, LT, LU, LV, MT, NL, PL, PT, RO, SE, SI, SK)",Seychelles,COCOA AND COCOA PREPARATIONS,EXPORT,VALUE_IN_EUROS,1999,54783
ESTAT:DS-045409(1.0),06/02/26 11:00:00,Annual,"European Union - 27 countries (AT, BE, BG, CY, CZ, DE, DK, EE, ES, FI, FR, GR, HR, HU, IE, IT, LT, LU, LV, MT, NL, PL, PT, RO, SE, SI, SK)",Seychelles,COCOA AND COCOA PREPARATIONS,EXPORT,VALUE_IN_EUROS,2000,72996
ESTAT:DS-045409(1.0),06/02/26 11:00:00,Annual,"European Union - 27 countries (AT, BE, BG, CY, CZ, DE, DK, EE, ES, FI, FR, GR, HR, HU, IE, IT, LT, LU, LV, MT, NL, PL, PT, RO, SE, SI, SK)",Seychelles,COCOA AND COCOA PREPARATIONS,EXPORT,VALUE_IN_EUROS,2001,19815
ESTAT:DS-045409(1.0),06/02/26 11:00:00,Annual,"European Union - 27 countries (AT, BE, BG, CY, CZ, DE, DK, EE, ES, FI, FR, GR, HR, HU, IE, IT, LT, LU, LV, MT, NL, PL, PT, RO, SE, SI, SK)",Seychelles,COCOA AND COCOA PREPARATIONS,EXPORT,VALUE_IN_EUROS,2002,46021
ESTAT:DS-045409(1.0),06/02/26 11:00:00,Annual,"European Union - 27 countries (AT, BE, BG, CY, CZ, DE, DK, EE, ES, FI, FR, GR, HR, HU, IE, IT, LT, LU, LV, MT, NL, PL, PT, RO, SE, SI, SK)",Seychelles,COCOA AND COCOA PREPARATIONS,EXPORT,VALUE_IN_EUROS,2003,159416
ESTAT:DS-045409(1.0),06/02/26 11:00:00,Annual,"European Union - 27 countries (AT, BE, BG, CY, CZ, DE, DK, EE, ES, FI, FR, GR, HR, HU, IE, IT, LT, LU, LV, MT, NL, PL, PT, RO, SE, SI, SK)",Seychelles,COCOA AND COCOA PREPARATIONS,EXPORT,VALUE_IN_EUROS,2004,34363
ESTAT:DS-045409(1.0),06/02/26 11:00:00,Annual,"European Union - 27 countries (AT, BE, BG, CY, CZ, DE, DK, EE, ES, FI, FR, GR, HR, HU, IE, IT, LT, LU, LV, MT, NL, PL, PT, RO, SE, SI, SK)",Seychelles,COCOA AND COCOA PREPARATIONS,EXPORT,VALUE_IN_EUROS,2005,83664
ESTAT:DS-045409(1.0),06/02/26 11:00:00,Annual,"European Union - 27 countries (AT, BE, BG, CY, CZ, DE, DK, EE, ES, FI, FR, GR, HR, HU, IE, IT, LT, LU, LV, MT, NL, PL, PT, RO, SE, SI, SK)",Seychelles,COCOA AND COCOA PREPARATIONS,EXPORT,VALUE_IN_EUROS,2006,135865
ESTAT:DS-045409(1.0),06/02/26 11:00:00,Annual,"European Union - 27 countries (AT, BE, BG, CY, CZ, DE, DK, EE, ES, FI, FR, GR, HR, HU, IE, IT, LT, LU, LV, MT, NL, PL, PT, RO, SE, SI, SK)",Seychelles,COCOA AND COCOA PREPARATIONS,EXPORT,VALUE_IN_EUROS,2007,140260
ESTAT:DS-045409(1.0),06/02/26 11:00:00,Annual,"European Union - 27 countries (AT, BE, BG, CY, CZ, DE, DK, EE, ES, FI, FR, GR, HR, HU, IE, IT, LT, LU, LV, MT, NL, PL, PT, RO, SE, SI, SK)",Seychelles,COCOA AND COCOA PREPARATIONS,EXPORT,VALUE_IN_EUROS,2008,147793
ESTAT:DS-045409(1.0),06/02/26 11:00:00,Annual,"European Union - 27 countries (AT, BE, BG, CY, CZ, DE, DK, EE, ES, FI, FR, GR, HR, HU, IE, IT, LT, LU, LV, MT, NL, PL, PT, RO, SE, SI, SK)",Seychelles,COCOA AND COCOA PREPARATIONS,EXPORT,VALUE_IN_EUROS,2009,184343
ESTAT:DS-045409(1.0),06/02/26 11:00:00,Annual,"European Union - 27 countries (AT, BE, BG, CY, CZ, DE, DK, EE, ES, FI, FR, GR, HR, HU, IE, IT, LT, LU, LV, MT, NL, PL, PT, RO, SE, SI, SK)",Seychelles,COCOA AND COCOA PREPARATIONS,EXPORT,VALUE_IN_EUROS,2010,278167
ESTAT:DS-045409(1.0),06/02/26 11:00:00,Annual,"European Union - 27 countries (AT, BE, BG, CY, CZ, DE, DK, EE, ES, FI, FR, GR, HR, HU, IE, IT, LT, LU, LV, MT, NL, PL, PT, RO, SE, SI, SK)",Seychelles,COCOA AND COCOA PREPARATIONS,EXPORT,VALUE_IN_EUROS,2011,492410
ESTAT:DS-045409(1.0),06/02/26 11:00:00,Annual,"European Union - 27 countries (AT, BE, BG, CY, CZ, DE, DK, EE, ES, FI, FR, GR, HR, HU, IE, IT, LT, LU, LV, MT, NL, PL, PT, RO, SE, SI, SK)",Seychelles,COCOA AND COCOA PREPARATIONS,EXPORT,VALUE_IN_EUROS,2012,376171
ESTAT:DS-045409(1.0),06/02/26 11:00:00,Annual,"European Union - 27 countries (AT, BE, BG, CY, CZ, DE, DK, EE, ES, FI, FR, GR, HR, HU, IE, IT, LT, LU, LV, MT, NL, PL, PT, RO, SE, SI, SK)",Seychelles,COCOA AND COCOA PREPARATIONS,EXPORT,VALUE_IN_EUROS,2013,448186
ESTAT:DS-045409(1.0),06/02/26 11:00:00,Annual,"European Union - 27 countries (AT, BE, BG, CY, CZ, DE, DK, EE, ES, FI, FR, GR, HR, HU, IE, IT, LT, LU, LV, MT, NL, PL, PT, RO, SE, SI, SK)",Seychelles,COCOA AND COCOA PREPARATIONS,EXPORT,VALUE_IN_EUROS,2014,463537
ESTAT:DS-045409(1.0),06/02/26 11:00:00,Annual,"European Union - 27 countries (AT, BE, BG, CY, CZ, DE, DK, EE, ES, FI, FR, GR, HR, HU, IE, IT, LT, LU, LV, MT, NL, PL, PT, RO, SE, SI, SK)",Seychelles,COCOA AND COCOA PREPARATIONS,EXPORT,VALUE_IN_EUROS,2015,689827
ESTAT:DS-045409(1.0),06/02/26 11:00:00,Annual,"European Union - 27 countries (AT, BE, BG, CY, CZ, DE, DK, EE, ES, FI, FR, GR, HR, HU, IE, IT, LT, LU, LV, MT, NL, PL, PT, RO, SE, SI, SK)",Seychelles,COCOA AND COCOA PREPARATIONS,EXPORT,VALUE_IN_EUROS,2016,711631
ESTAT:DS-045409(1.0),06/02/26 11:00:00,Annual,"European Union - 27 countries (AT, BE, BG, CY, CZ, DE, DK, EE, ES, FI, FR, GR, HR, HU, IE, IT, LT, LU, LV, MT, NL, PL, PT, RO, SE, SI, SK)",Seychelles,COCOA AND COCOA PREPARATIONS,EXPORT,VALUE_IN_EUROS,2017,1005001
ESTAT:DS-045409(1.0),06/02/26 11:00:00,Annual,"European Union - 27 countries (AT, BE, BG, CY, CZ, DE, DK, EE, ES, FI, FR, GR, HR, HU, IE, IT, LT, LU, LV, MT, NL, PL, PT, RO, SE, SI, SK)",Seychelles,COCOA AND COCOA PREPARATIONS,EXPORT,VALUE_IN_EUROS,2018,947021
ESTAT:DS-045409(1.0),06/02/26 11:00:00,Annual,"European Union - 27 countries (AT, BE, BG, CY, CZ, DE, DK, EE, ES, FI, FR, GR, HR, HU, IE, IT, LT, LU, LV, MT, NL, PL, PT, RO, SE, SI, SK)",Seychelles,COCOA AND COCOA PREPARATIONS,EXPORT,VALUE_IN_EUROS,2019,947287
ESTAT:DS-045409(1.0),06/02/26 11:00:00,Annual,"European Union - 27 countries (AT, BE, BG, CY, CZ, DE, DK, EE, ES, FI, FR, GR, HR, HU, IE, IT, LT, LU, LV, MT, NL, PL, PT, RO, SE, SI, SK)",Seychelles,COCOA AND COCOA PREPARATIONS,EXPORT,VALUE_IN_EUROS,2020,624365
ESTAT:DS-045409(1.0),06/02/26 11:00:00,Annual,"European Union - 27 countries (AT, BE, BG, CY, CZ, DE, DK, EE, ES, FI, FR, GR, HR, HU, IE, IT, LT, LU, LV, MT, NL, PL, PT, RO, SE, SI, SK)",Seychelles,COCOA AND COCOA PREPARATIONS,EXPORT,VALUE_IN_EUROS,2021,636248
ESTAT:DS-045409(1.0),06/02/26 11:00:00,Annual,"European Union - 27 countries (AT, BE, BG, CY, CZ, DE, DK, EE, ES, FI, FR, GR, HR, HU, IE, IT, LT, LU, LV, MT, NL, PL, PT, RO, SE, SI, SK)",Seychelles,COCOA AND COCOA PREPARATIONS,EXPORT,VALUE_IN_EUROS,2022,991279
ESTAT:DS-045409(1.0),06/02/26 11:00:00,Annual,"European Union - 27 countries (AT, BE, BG, CY, CZ, DE, DK, EE, ES, FI, FR, GR, HR, HU, IE, IT, LT, LU, LV, MT, NL, PL, PT, RO, SE, SI, SK)",Seychelles,COCOA AND COCOA PREPARATIONS,EXPORT,VALUE_IN_EUROS,2023,1240198
ESTAT:DS-045409(1.0),06/02/26 11:00:00,Annual,"European Union - 27 countries (AT, BE, BG, CY, CZ, DE, DK, EE, ES, FI, FR, GR, HR, HU, IE, IT, LT, LU, LV, MT, NL, PL, PT, RO, SE, SI, SK)",Seychelles,COCOA AND COCOA PREPARATIONS,EXPORT,VALUE_IN_EUROS,2024,1539230
ESTAT:DS-045409(1.0),06/02/26 11:00:00,Annual,"European Union - 27 countries (AT, BE, BG, CY, CZ, DE, DK, EE, ES, FI, FR, GR, HR, HU, IE, IT, LT, LU, LV, MT, NL, PL, PT, RO, SE, SI, SK)",Sudan (incl. South Sudan 'SS' -> 2012),COCOA AND COCOA PREPARATIONS,EXPORT,VALUE_IN_EUROS,1999,25067
ESTAT:DS-045409(1.0),06/02/26 11:00:00,Annual,"European Union - 27 countries (AT, BE, BG, CY, CZ, DE, DK, EE, ES, FI, FR, GR, HR, HU, IE, IT, LT, LU, LV, MT, NL, PL, PT, RO, SE, SI, SK)",Sudan (incl. South Sudan 'SS' -> 2012),COCOA AND COCOA PREPARATIONS,EXPORT,VALUE_IN_EUROS,2000,58457
ESTAT:DS-045409(1.0),06/02/26 11:00:00,Annual,"European Union - 27 countries (AT, BE, BG, CY, CZ, DE, DK, EE, ES, FI, FR, GR, HR, HU, IE, IT, LT, LU, LV, MT, NL, PL, PT, RO, SE, SI, SK)",Sudan (incl. South Sudan 'SS' -> 2012),COCOA AND COCOA PREPARATIONS,EXPORT,VALUE_IN_EUROS,2001,43728
ESTAT:DS-045409(1.0),06/02/26 11:00:00,Annual,"European Union - 27 countries (AT, BE, BG, CY, CZ, DE, DK, EE, ES, FI, FR, GR, HR, HU, IE, IT, LT, LU, LV, MT, NL, PL, PT, RO, SE, SI, SK)",Sudan (incl. South Sudan 'SS' -> 2012),COCOA AND COCOA PREPARATIONS,EXPORT,VALUE_IN_EUROS,2002,151761
ESTAT:DS-045409(1.0),06/02/26 11:00:00,Annual,"European Union - 27 countries (AT, BE, BG, CY, CZ, DE, DK, EE, ES, FI, FR, GR, HR, HU, IE, IT, LT, LU, LV, MT, NL, PL, PT, RO, SE, SI, SK)",Sudan (incl. South Sudan 'SS' -> 2012),COCOA AND COCOA PREPARATIONS,EXPORT,VALUE_IN_EUROS,2003,258029
ESTAT:DS-045409(1.0),06/02/26 11:00:00,Annual,"European Union - 27 countries (AT, BE, BG, CY, CZ, DE, DK, EE, ES, FI, FR, GR, HR, HU, IE, IT, LT, LU, LV, MT, NL, PL, PT, RO, SE, SI, SK)",Sudan (incl. South Sudan 'SS' -> 2012),COCOA AND COCOA PREPARATIONS,EXPORT,VALUE_IN_EUROS,2004,606980
ESTAT:DS-045409(1.0),06/02/26 11:00:00,Annual,"European Union - 27 countries (AT, BE, BG, CY, CZ, DE, DK, EE, ES, FI, FR, GR, HR, HU, IE, IT, LT, LU, LV, MT, NL, PL, PT, RO, SE, SI, SK)",Sudan (incl. South Sudan 'SS' -> 2012),COCOA AND COCOA PREPARATIONS,EXPORT,VALUE_IN_EUROS,2005,360740
ESTAT:DS-045409(1.0),06/02/26 11:00:00,Annual,"European Union - 27 countries (AT, BE, BG, CY, CZ, DE, DK, EE, ES, FI, FR, GR, HR, HU, IE, IT, LT, LU, LV, MT, NL, PL, PT, RO, SE, SI, SK)",Sudan (incl. South Sudan 'SS' -> 2012),COCOA AND COCOA PREPARATIONS,EXPORT,VALUE_IN_EUROS,2006,405477
ESTAT:DS-045409(1.0),06/02/26 11:00:00,Annual,"European Union - 27 countries (AT, BE, BG, CY, CZ, DE, DK, EE, ES, FI, FR, GR, HR, HU, IE, IT, LT, LU, LV, MT, NL, PL, PT, RO, SE, SI, SK)",Sudan (incl. South Sudan 'SS' -> 2012),COCOA AND COCOA PREPARATIONS,EXPORT,VALUE_IN_EUROS,2007,770598
ESTAT:DS-045409(1.0),06/02/26 11:00:00,Annual,"European Union - 27 countries (AT, BE, BG, CY, CZ, DE, DK, EE, ES, FI, FR, GR, HR, HU, IE, IT, LT, LU, LV, MT, NL, PL, PT, RO, SE, SI, SK)",Sudan (incl. South Sudan 'SS' -> 2012),COCOA AND COCOA PREPARATIONS,EXPORT,VALUE_IN_EUROS,2008,816725
ESTAT:DS-045409(1.0),06/02/26 11:00:00,Annual,"European Union - 27 countries (AT, BE, BG, CY, CZ, DE, DK, EE, ES, FI, FR, GR, HR, HU, IE, IT, LT, LU, LV, MT, NL, PL, PT, RO, SE, SI, SK)",Sudan (incl. South Sudan 'SS' -> 2012),COCOA AND COCOA PREPARATIONS,EXPORT,VALUE_IN_EUROS,2009,547753
ESTAT:DS-045409(1.0),06/02/26 11:00:00,Annual,"European Union - 27 countries (AT, BE, BG, CY, CZ, DE, DK, EE, ES, FI, FR, GR, HR, HU, IE, IT, LT, LU, LV, MT, NL, PL, PT, RO, SE, SI, SK)",Sudan (incl. South Sudan 'SS' -> 2012),COCOA AND COCOA PREPARATIONS,EXPORT,VALUE_IN_EUROS,2010,626985
ESTAT:DS-045409(1.0),06/02/26 11:00:00,Annual,"European Union - 27 countries (AT, BE, BG, CY, CZ, DE, DK, EE, ES, FI, FR, GR, HR, HU, IE, IT, LT, LU, LV, MT, NL, PL, PT, RO, SE, SI, SK)",Sudan (incl. South Sudan 'SS' -> 2012),COCOA AND COCOA PREPARATIONS,EXPORT,VALUE_IN_EUROS,2011,402990
ESTAT:DS-045409(1.0),06/02/26 11:00:00,Annual,"European Union - 27 countries (AT, BE, BG, CY, CZ, DE, DK, EE, ES, FI, FR, GR, HR, HU, IE, IT, LT, LU, LV, MT, NL, PL, PT, RO, SE, SI, SK)",Sudan (incl. South Sudan 'SS' -> 2012),COCOA AND COCOA PREPARATIONS,EXPORT,VALUE_IN_EUROS,2012,507683
ESTAT:DS-045409(1.0),06/02/26 11:00:00,Annual,"European Union - 27 countries (AT, BE, BG, CY, CZ, DE, DK, EE, ES, FI, FR, GR, HR, HU, IE, IT, LT, LU, LV, MT, NL, PL, PT, RO, SE, SI, SK)",Sudan (incl. South Sudan 'SS' -> 2012),COCOA AND COCOA PREPARATIONS,EXPORT,VALUE_IN_EUROS,2013,812377
ESTAT:DS-045409(1.0),06/02/26 11:00:00,Annual,"European Union - 27 countries (AT, BE, BG, CY, CZ, DE, DK, EE, ES, FI, FR, GR, HR, HU, IE, IT, LT, LU, LV, MT, NL, PL, PT, RO, SE, SI, SK)",Sudan (incl. South Sudan 'SS' -> 2012),COCOA AND COCOA PREPARATIONS,EXPORT,VALUE_IN_EUROS,2014,846365
ESTAT:DS-045409(1.0),06/02/26 11:00:00,Annual,"European Union - 27 countries (AT, BE, BG, CY, CZ, DE, DK, EE, ES, FI, FR, GR, HR, HU, IE, IT, LT, LU, LV, MT, NL, PL, PT, RO, SE, SI, SK)",Sudan (incl. South Sudan 'SS' -> 2012),COCOA AND COCOA PREPARATIONS,EXPORT,VALUE_IN_EUROS,2015,1004627
ESTAT:DS-045409(1.0),06/02/26 11:00:00,Annual,"European Union - 27 countries (AT, BE, BG, CY, CZ, DE, DK, EE, ES, FI, FR, GR, HR, HU, IE, IT, LT, LU, LV, MT, NL, PL, PT, RO, SE, SI, SK)",Sudan (incl. South Sudan 'SS' -> 2012),COCOA AND COCOA PREPARATIONS,EXPORT,VALUE_IN_EUROS,2016,1474290
ESTAT:DS-045409(1.0),06/02/26 11:00:00,Annual,"European Union - 27 countries (AT, BE, BG, CY, CZ, DE, DK, EE, ES, FI, FR, GR, HR, HU, IE, IT, LT, LU, LV, MT, NL, PL, PT, RO, SE, SI, SK)",Sudan (incl. South Sudan 'SS' -> 2012),COCOA AND COCOA PREPARATIONS,EXPORT,VALUE_IN_EUROS,2017,1386408
ESTAT:DS-045409(1.0),06/02/26 11:00:00,Annual,"European Union - 27 countries (AT, BE, BG, CY, CZ, DE, DK, EE, ES, FI, FR, GR, HR, HU, IE, IT, LT, LU, LV, MT, NL, PL, PT, RO, SE, SI, SK)",Sudan (incl. South Sudan 'SS' -> 2012),COCOA AND COCOA PREPARATIONS,EXPORT,VALUE_IN_EUROS,2018,521162
ESTAT:DS-045409(1.0),06/02/26 11:00:00,Annual,"European Union - 27 countries (AT, BE, BG, CY, CZ, DE, DK, EE, ES, FI, FR, GR, HR, HU, IE, IT, LT, LU, LV, MT, NL, PL, PT, RO, SE, SI, SK)",Sudan (incl. South Sudan 'SS' -> 2012),COCOA AND COCOA PREPARATIONS,EXPORT,VALUE_IN_EUROS,2019,620496
ESTAT:DS-045409(1.0),06/02/26 11:00:00,Annual,"European Union - 27 countries (AT, BE, BG, CY, CZ, DE, DK, EE, ES, FI, FR, GR, HR, HU, IE, IT, LT, LU, LV, MT, NL, PL, PT, RO, SE, SI, SK)",Sudan (incl. South Sudan 'SS' -> 2012),COCOA AND COCOA PREPARATIONS,EXPORT,VALUE_IN_EUROS,2020,929324
ESTAT:DS-045409(1.0),06/02/26 11:00:00,Annual,"European Union - 27 countries (AT, BE, BG, CY, CZ, DE, DK, EE, ES, FI, FR, GR, HR, HU, IE, IT, LT, LU, LV, MT, NL, PL, PT, RO, SE, SI, SK)",Sudan (incl. South Sudan 'SS' -> 2012),COCOA AND COCOA PREPARATIONS,EXPORT,VALUE_IN_EUROS,2021,519371
ESTAT:DS-045409(1.0),06/02/26 11:00:00,Annual,"European Union - 27 countries (AT, BE, BG, CY, CZ, DE, DK, EE, ES, FI, FR, GR, HR, HU, IE, IT, LT, LU, LV, MT, NL, PL, PT, RO, SE, SI, SK)",Sudan (incl. South Sudan 'SS' -> 2012),COCOA AND COCOA PREPARATIONS,EXPORT,VALUE_IN_EUROS,2022,1048654
ESTAT:DS-045409(1.0),06/02/26 11:00:00,Annual,"European Union - 27 countries (AT, BE, BG, CY, CZ, DE, DK, EE, ES, FI, FR, GR, HR, HU, IE, IT, LT, LU, LV, MT, NL, PL, PT, RO, SE, SI, SK)",Sudan (incl. South Sudan 'SS' -> 2012),COCOA AND COCOA PREPARATIONS,EXPORT,VALUE_IN_EUROS,2023,402051
ESTAT:DS-045409(1.0),06/02/26 11:00:00,Annual,"European Union - 27 countries (AT, BE, BG, CY, CZ, DE, DK, EE, ES, FI, FR, GR, HR, HU, IE, IT, LT, LU, LV, MT, NL, PL, PT, RO, SE, SI, SK)",Sudan (incl. South Sudan 'SS' -> 2012),COCOA AND COCOA PREPARATIONS,EXPORT,VALUE_IN_EUROS,2024,119308
ESTAT:DS-045409(1.0),06/02/26 11:00:00,Annual,"European Union - 27 countries (AT, BE, BG, CY, CZ, DE, DK, EE, ES, FI, FR, GR, HR, HU, IE, IT, LT, LU, LV, MT, NL, PL, PT, RO, SE, SI, SK)",Sierra Leone,COCOA AND COCOA PREPARATIONS,EXPORT,VALUE_IN_EUROS,1999,146267
ESTAT:DS-045409(1.0),06/02/26 11:00:00,Annual,"European Union - 27 countries (AT, BE, BG, CY, CZ, DE, DK, EE, ES, FI, FR, GR, HR, HU, IE, IT, LT, LU, LV, MT, NL, PL, PT, RO, SE, SI, SK)",Sierra Leone,COCOA AND COCOA PREPARATIONS,EXPORT,VALUE_IN_EUROS,2000,303149
ESTAT:DS-045409(1.0),06/02/26 11:00:00,Annual,"European Union - 27 countries (AT, BE, BG, CY, CZ, DE, DK, EE, ES, FI, FR, GR, HR, HU, IE, IT, LT, LU, LV, MT, NL, PL, PT, RO, SE, SI, SK)",Sierra Leone,COCOA AND COCOA PREPARATIONS,EXPORT,VALUE_IN_EUROS,2001,621752
ESTAT:DS-045409(1.0),06/02/26 11:00:00,Annual,"European Union - 27 countries (AT, BE, BG, CY, CZ, DE, DK, EE, ES, FI, FR, GR, HR, HU, IE, IT, LT, LU, LV, MT, NL, PL, PT, RO, SE, SI, SK)",Sierra Leone,COCOA AND COCOA PREPARATIONS,EXPORT,VALUE_IN_EUROS,2002,843570
ESTAT:DS-045409(1.0),06/02/26 11:00:00,Annual,"European Union - 27 countries (AT, BE, BG, CY, CZ, DE, DK, EE, ES, FI, FR, GR, HR, HU, IE, IT, LT, LU, LV, MT, NL, PL, PT, RO, SE, SI, SK)",Sierra Leone,COCOA AND COCOA PREPARATIONS,EXPORT,VALUE_IN_EUROS,2003,549404
ESTAT:DS-045409(1.0),06/02/26 11:00:00,Annual,"European Union - 27 countries (AT, BE, BG, CY, CZ, DE, DK, EE, ES, FI, FR, GR, HR, HU, IE, IT, LT, LU, LV, MT, NL, PL, PT, RO, SE, SI, SK)",Sierra Leone,COCOA AND COCOA PREPARATIONS,EXPORT,VALUE_IN_EUROS,2004,388231
ESTAT:DS-045409(1.0),06/02/26 11:00:00,Annual,"European Union - 27 countries (AT, BE, BG, CY, CZ, DE, DK, EE, ES, FI, FR, GR, HR, HU, IE, IT, LT, LU, LV, MT, NL, PL, PT, RO, SE, SI, SK)",Sierra Leone,COCOA AND COCOA PREPARATIONS,EXPORT,VALUE_IN_EUROS,2005,211453
ESTAT:DS-045409(1.0),06/02/26 11:00:00,Annual,"European Union - 27 countries (AT, BE, BG, CY, CZ, DE, DK, EE, ES, FI, FR, GR, HR, HU, IE, IT, LT, LU, LV, MT, NL, PL, PT, RO, SE, SI, SK)",Sierra Leone,COCOA AND COCOA PREPARATIONS,EXPORT,VALUE_IN_EUROS,2006,158660
ESTAT:DS-045409(1.0),06/02/26 11:00:00,Annual,"European Union - 27 countries (AT, BE, BG, CY, CZ, DE, DK, EE, ES, FI, FR, GR, HR, HU, IE, IT, LT, LU, LV, MT, NL, PL, PT, RO, SE, SI, SK)",Sierra Leone,COCOA AND COCOA PREPARATIONS,EXPORT,VALUE_IN_EUROS,2007,264956
ESTAT:DS-045409(1.0),06/02/26 11:00:00,Annual,"European Union - 27 countries (AT, BE, BG, CY, CZ, DE, DK, EE, ES, FI, FR, GR, HR, HU, IE, IT, LT, LU, LV, MT, NL, PL, PT, RO, SE, SI, SK)",Sierra Leone,COCOA AND COCOA PREPARATIONS,EXPORT,VALUE_IN_EUROS,2008,141153
ESTAT:DS-045409(1.0),06/02/26 11:00:00,Annual,"European Union - 27 countries (AT, BE, BG, CY, CZ, DE, DK, EE, ES, FI, FR, GR, HR, HU, IE, IT, LT, LU, LV, MT, NL, PL, PT, RO, SE, SI, SK)",Sierra Leone,COCOA AND COCOA PREPARATIONS,EXPORT,VALUE_IN_EUROS,2009,294894
ESTAT:DS-045409(1.0),06/02/26 11:00:00,Annual,"European Union - 27 countries (AT, BE, BG, CY, CZ, DE, DK, EE, ES, FI, FR, GR, HR, HU, IE, IT, LT, LU, LV, MT, NL, PL, PT, RO, SE, SI, SK)",Sierra Leone,COCOA AND COCOA PREPARATIONS,EXPORT,VALUE_IN_EUROS,2010,234348
ESTAT:DS-045409(1.0),06/02/26 11:00:00,Annual,"European Union - 27 countries (AT, BE, BG, CY, CZ, DE, DK, EE, ES, FI, FR, GR, HR, HU, IE, IT, LT, LU, LV, MT, NL, PL, PT, RO, SE, SI, SK)",Sierra Leone,COCOA AND COCOA PREPARATIONS,EXPORT,VALUE_IN_EUROS,2011,88927
ESTAT:DS-045409(1.0),06/02/26 11:00:00,Annual,"European Union - 27 countries (AT, BE, BG, CY, CZ, DE, DK, EE, ES, FI, FR, GR, HR, HU, IE, IT, LT, LU, LV, MT, NL, PL, PT, RO, SE, SI, SK)",Sierra Leone,COCOA AND COCOA PREPARATIONS,EXPORT,VALUE_IN_EUROS,2012,148844
ESTAT:DS-045409(1.0),06/02/26 11:00:00,Annual,"European Union - 27 countries (AT, BE, BG, CY, CZ, DE, DK, EE, ES, FI, FR, GR, HR, HU, IE, IT, LT, LU, LV, MT, NL, PL, PT, RO, SE, SI, SK)",Sierra Leone,COCOA AND COCOA PREPARATIONS,EXPORT,VALUE_IN_EUROS,2013,403460
ESTAT:DS-045409(1.0),06/02/26 11:00:00,Annual,"European Union - 27 countries (AT, BE, BG, CY, CZ, DE, DK, EE, ES, FI, FR, GR, HR, HU, IE, IT, LT, LU, LV, MT, NL, PL, PT, RO, SE, SI, SK)",Sierra Leone,COCOA AND COCOA PREPARATIONS,EXPORT,VALUE_IN_EUROS,2014,418284
ESTAT:DS-045409(1.0),06/02/26 11:00:00,Annual,"European Union - 27 countries (AT, BE, BG, CY, CZ, DE, DK, EE, ES, FI, FR, GR, HR, HU, IE, IT, LT, LU, LV, MT, NL, PL, PT, RO, SE, SI, SK)",Sierra Leone,COCOA AND COCOA PREPARATIONS,EXPORT,VALUE_IN_EUROS,2015,285873
ESTAT:DS-045409(1.0),06/02/26 11:00:00,Annual,"European Union - 27 countries (AT, BE, BG, CY, CZ, DE, DK, EE, ES, FI, FR, GR, HR, HU, IE, IT, LT, LU, LV, MT, NL, PL, PT, RO, SE, SI, SK)",Sierra Leone,COCOA AND COCOA PREPARATIONS,EXPORT,VALUE_IN_EUROS,2016,107801
ESTAT:DS-045409(1.0),06/02/26 11:00:00,Annual,"European Union - 27 countries (AT, BE, BG, CY, CZ, DE, DK, EE, ES, FI, FR, GR, HR, HU, IE, IT, LT, LU, LV, MT, NL, PL, PT, RO, SE, SI, SK)",Sierra Leone,COCOA AND COCOA PREPARATIONS,EXPORT,VALUE_IN_EUROS,2017,1191679
ESTAT:DS-045409(1.0),06/02/26 11:00:00,Annual,"European Union - 27 countries (AT, BE, BG, CY, CZ, DE, DK, EE, ES, FI, FR, GR, HR, HU, IE, IT, LT, LU, LV, MT, NL, PL, PT, RO, SE, SI, SK)",Sierra Leone,COCOA AND COCOA PREPARATIONS,EXPORT,VALUE_IN_EUROS,2018,513518
ESTAT:DS-045409(1.0),06/02/26 11:00:00,Annual,"European Union - 27 countries (AT, BE, BG, CY, CZ, DE, DK, EE, ES, FI, FR, GR, HR, HU, IE, IT, LT, LU, LV, MT, NL, PL, PT, RO, SE, SI, SK)",Sierra Leone,COCOA AND COCOA PREPARATIONS,EXPORT,VALUE_IN_EUROS,2019,518432
ESTAT:DS-045409(1.0),06/02/26 11:00:00,Annual,"European Union - 27 countries (AT, BE, BG, CY, CZ, DE, DK, EE, ES, FI, FR, GR, HR, HU, IE, IT, LT, LU, LV, MT, NL, PL, PT, RO, SE, SI, SK)",Sierra Leone,COCOA AND COCOA PREPARATIONS,EXPORT,VALUE_IN_EUROS,2020,828229
ESTAT:DS-045409(1.0),06/02/26 11:00:00,Annual,"European Union - 27 countries (AT, BE, BG, CY, CZ, DE, DK, EE, ES, FI, FR, GR, HR, HU, IE, IT, LT, LU, LV, MT, NL, PL, PT, RO, SE, SI, SK)",Sierra Leone,COCOA AND COCOA PREPARATIONS,EXPORT,VALUE_IN_EUROS,2021,838193
ESTAT:DS-045409(1.0),06/02/26 11:00:00,Annual,"European Union - 27 countries (AT, BE, BG, CY, CZ, DE, DK, EE, ES, FI, FR, GR, HR, HU, IE, IT, LT, LU, LV, MT, NL, PL, PT, RO, SE, SI, SK)",Sierra Leone,COCOA AND COCOA PREPARATIONS,EXPORT,VALUE_IN_EUROS,2022,771333
ESTAT:DS-045409(1.0),06/02/26 11:00:00,Annual,"European Union - 27 countries (AT, BE, BG, CY, CZ, DE, DK, EE, ES, FI, FR, GR, HR, HU, IE, IT, LT, LU, LV, MT, NL, PL, PT, RO, SE, SI, SK)",Sierra Leone,COCOA AND COCOA PREPARATIONS,EXPORT,VALUE_IN_EUROS,2023,569588
ESTAT:DS-045409(1.0),06/02/26 11:00:00,Annual,"European Union - 27 countries (AT, BE, BG, CY, CZ, DE, DK, EE, ES, FI, FR, GR, HR, HU, IE, IT, LT, LU, LV, MT, NL, PL, PT, RO, SE, SI, SK)",Sierra Leone,COCOA AND COCOA PREPARATIONS,EXPORT,VALUE_IN_EUROS,2024,530979
ESTAT:DS-045409(1.0),06/02/26 11:00:00,Annual,"European Union - 27 countries (AT, BE, BG, CY, CZ, DE, DK, EE, ES, FI, FR, GR, HR, HU, IE, IT, LT, LU, LV, MT, NL, PL, PT, RO, SE, SI, SK)",Senegal,COCOA AND COCOA PREPARATIONS,EXPORT,VALUE_IN_EUROS,1999,453636
ESTAT:DS-045409(1.0),06/02/26 11:00:00,Annual,"European Union - 27 countries (AT, BE, BG, CY, CZ, DE, DK, EE, ES, FI, FR, GR, HR, HU, IE, IT, LT, LU, LV, MT, NL, PL, PT, RO, SE, SI, SK)",Senegal,COCOA AND COCOA PREPARATIONS,EXPORT,VALUE_IN_EUROS,2000,655600
ESTAT:DS-045409(1.0),06/02/26 11:00:00,Annual,"European Union - 27 countries (AT, BE, BG, CY, CZ, DE, DK, EE, ES, FI, FR, GR, HR, HU, IE, IT, LT, LU, LV, MT, NL, PL, PT, RO, SE, SI, SK)",Senegal,COCOA AND COCOA PREPARATIONS,EXPORT,VALUE_IN_EUROS,2001,729145
ESTAT:DS-045409(1.0),06/02/26 11:00:00,Annual,"European Union - 27 countries (AT, BE, BG, CY, CZ, DE, DK, EE, ES, FI, FR, GR, HR, HU, IE, IT, LT, LU, LV, MT, NL, PL, PT, RO, SE, SI, SK)",Senegal,COCOA AND COCOA PREPARATIONS,EXPORT,VALUE_IN_EUROS,2002,708712
ESTAT:DS-045409(1.0),06/02/26 11:00:00,Annual,"European Union - 27 countries (AT, BE, BG, CY, CZ, DE, DK, EE, ES, FI, FR, GR, HR, HU, IE, IT, LT, LU, LV, MT, NL, PL, PT, RO, SE, SI, SK)",Senegal,COCOA AND COCOA PREPARATIONS,EXPORT,VALUE_IN_EUROS,2003,828755
ESTAT:DS-045409(1.0),06/02/26 11:00:00,Annual,"European Union - 27 countries (AT, BE, BG, CY, CZ, DE, DK, EE, ES, FI, FR, GR, HR, HU, IE, IT, LT, LU, LV, MT, NL, PL, PT, RO, SE, SI, SK)",Senegal,COCOA AND COCOA PREPARATIONS,EXPORT,VALUE_IN_EUROS,2004,1086911
ESTAT:DS-045409(1.0),06/02/26 11:00:00,Annual,"European Union - 27 countries (AT, BE, BG, CY, CZ, DE, DK, EE, ES, FI, FR, GR, HR, HU, IE, IT, LT, LU, LV, MT, NL, PL, PT, RO, SE, SI, SK)",Senegal,COCOA AND COCOA PREPARATIONS,EXPORT,VALUE_IN_EUROS,2005,1025494
ESTAT:DS-045409(1.0),06/02/26 11:00:00,Annual,"European Union - 27 countries (AT, BE, BG, CY, CZ, DE, DK, EE, ES, FI, FR, GR, HR, HU, IE, IT, LT, LU, LV, MT, NL, PL, PT, RO, SE, SI, SK)",Senegal,COCOA AND COCOA PREPARATIONS,EXPORT,VALUE_IN_EUROS,2006,1761187
ESTAT:DS-045409(1.0),06/02/26 11:00:00,Annual,"European Union - 27 countries (AT, BE, BG, CY, CZ, DE, DK, EE, ES, FI, FR, GR, HR, HU, IE, IT, LT, LU, LV, MT, NL, PL, PT, RO, SE, SI, SK)",Senegal,COCOA AND COCOA PREPARATIONS,EXPORT,VALUE_IN_EUROS,2007,1242466
ESTAT:DS-045409(1.0),06/02/26 11:00:00,Annual,"European Union - 27 countries (AT, BE, BG, CY, CZ, DE, DK, EE, ES, FI, FR, GR, HR, HU, IE, IT, LT, LU, LV, MT, NL, PL, PT, RO, SE, SI, SK)",Senegal,COCOA AND COCOA PREPARATIONS,EXPORT,VALUE_IN_EUROS,2008,1975559
ESTAT:DS-045409(1.0),06/02/26 11:00:00,Annual,"European Union - 27 countries (AT, BE, BG, CY, CZ, DE, DK, EE, ES, FI, FR, GR, HR, HU, IE, IT, LT, LU, LV, MT, NL, PL, PT, RO, SE, SI, SK)",Senegal,COCOA AND COCOA PREPARATIONS,EXPORT,VALUE_IN_EUROS,2009,1638720
ESTAT:DS-045409(1.0),06/02/26 11:00:00,Annual,"European Union - 27 countries (AT, BE, BG, CY, CZ, DE, DK, EE, ES, FI, FR, GR, HR, HU, IE, IT, LT, LU, LV, MT, NL, PL, PT, RO, SE, SI, SK)",Senegal,COCOA AND COCOA PREPARATIONS,EXPORT,VALUE_IN_EUROS,2010,2239058
ESTAT:DS-045409(1.0),06/02/26 11:00:00,Annual,"European Union - 27 countries (AT, BE, BG, CY, CZ, DE, DK, EE, ES, FI, FR, GR, HR, HU, IE, IT, LT, LU, LV, MT, NL, PL, PT, RO, SE, SI, SK)",Senegal,COCOA AND COCOA PREPARATIONS,EXPORT,VALUE_IN_EUROS,2011,3078075
ESTAT:DS-045409(1.0),06/02/26 11:00:00,Annual,"European Union - 27 countries (AT, BE, BG, CY, CZ, DE, DK, EE, ES, FI, FR, GR, HR, HU, IE, IT, LT, LU, LV, MT, NL, PL, PT, RO, SE, SI, SK)",Senegal,COCOA AND COCOA PREPARATIONS,EXPORT,VALUE_IN_EUROS,2012,2864180
ESTAT:DS-045409(1.0),06/02/26 11:00:00,Annual,"European Union - 27 countries (AT, BE, BG, CY, CZ, DE, DK, EE, ES, FI, FR, GR, HR, HU, IE, IT, LT, LU, LV, MT, NL, PL, PT, RO, SE, SI, SK)",Senegal,COCOA AND COCOA PREPARATIONS,EXPORT,VALUE_IN_EUROS,2013,3710151
ESTAT:DS-045409(1.0),06/02/26 11:00:00,Annual,"European Union - 27 countries (AT, BE, BG, CY, CZ, DE, DK, EE, ES, FI, FR, GR, HR, HU, IE, IT, LT, LU, LV, MT, NL, PL, PT, RO, SE, SI, SK)",Senegal,COCOA AND COCOA PREPARATIONS,EXPORT,VALUE_IN_EUROS,2014,3198177
ESTAT:DS-045409(1.0),06/02/26 11:00:00,Annual,"European Union - 27 countries (AT, BE, BG, CY, CZ, DE, DK, EE, ES, FI, FR, GR, HR, HU, IE, IT, LT, LU, LV, MT, NL, PL, PT, RO, SE, SI, SK)",Senegal,COCOA AND COCOA PREPARATIONS,EXPORT,VALUE_IN_EUROS,2015,3475379
ESTAT:DS-045409(1.0),06/02/26 11:00:00,Annual,"European Union - 27 countries (AT, BE, BG, CY, CZ, DE, DK, EE, ES, FI, FR, GR, HR, HU, IE, IT, LT, LU, LV, MT, NL, PL, PT, RO, SE, SI, SK)",Senegal,COCOA AND COCOA PREPARATIONS,EXPORT,VALUE_IN_EUROS,2016,3840379
ESTAT:DS-045409(1.0),06/02/26 11:00:00,Annual,"European Union - 27 countries (AT, BE, BG, CY, CZ, DE, DK, EE, ES, FI, FR, GR, HR, HU, IE, IT, LT, LU, LV, MT, NL, PL, PT, RO, SE, SI, SK)",Senegal,COCOA AND COCOA PREPARATIONS,EXPORT,VALUE_IN_EUROS,2017,4406709
ESTAT:DS-045409(1.0),06/02/26 11:00:00,Annual,"European Union - 27 countries (AT, BE, BG, CY, CZ, DE, DK, EE, ES, FI, FR, GR, HR, HU, IE, IT, LT, LU, LV, MT, NL, PL, PT, RO, SE, SI, SK)",Senegal,COCOA AND COCOA PREPARATIONS,EXPORT,VALUE_IN_EUROS,2018,4875859
ESTAT:DS-045409(1.0),06/02/26 11:00:00,Annual,"European Union - 27 countries (AT, BE, BG, CY, CZ, DE, DK, EE, ES, FI, FR, GR, HR, HU, IE, IT, LT, LU, LV, MT, NL, PL, PT, RO, SE, SI, SK)",Senegal,COCOA AND COCOA PREPARATIONS,EXPORT,VALUE_IN_EUROS,2019,6766284
ESTAT:DS-045409(1.0),06/02/26 11:00:00,Annual,"European Union - 27 countries (AT, BE, BG, CY, CZ, DE, DK, EE, ES, FI, FR, GR, HR, HU, IE, IT, LT, LU, LV, MT, NL, PL, PT, RO, SE, SI, SK)",Senegal,COCOA AND COCOA PREPARATIONS,EXPORT,VALUE_IN_EUROS,2020,5767473
ESTAT:DS-045409(1.0),06/02/26 11:00:00,Annual,"European Union - 27 countries (AT, BE, BG, CY, CZ, DE, DK, EE, ES, FI, FR, GR, HR, HU, IE, IT, LT, LU, LV, MT, NL, PL, PT, RO, SE, SI, SK)",Senegal,COCOA AND COCOA PREPARATIONS,EXPORT,VALUE_IN_EUROS,2021,7946996
ESTAT:DS-045409(1.0),06/02/26 11:00:00,Annual,"European Union - 27 countries (AT, BE, BG, CY, CZ, DE, DK, EE, ES, FI, FR, GR, HR, HU, IE, IT, LT, LU, LV, MT, NL, PL, PT, RO, SE, SI, SK)",Senegal,COCOA AND COCOA PREPARATIONS,EXPORT,VALUE_IN_EUROS,2022,9271797
ESTAT:DS-045409(1.0),06/02/26 11:00:00,Annual,"European Union - 27 countries (AT, BE, BG, CY, CZ, DE, DK, EE, ES, FI, FR, GR, HR, HU, IE, IT, LT, LU, LV, MT, NL, PL, PT, RO, SE, SI, SK)",Senegal,COCOA AND COCOA PREPARATIONS,EXPORT,VALUE_IN_EUROS,2023,11284262
ESTAT:DS-045409(1.0),06/02/26 11:00:00,Annual,"European Union - 27 countries (AT, BE, BG, CY, CZ, DE, DK, EE, ES, FI, FR, GR, HR, HU, IE, IT, LT, LU, LV, MT, NL, PL, PT, RO, SE, SI, SK)",Senegal,COCOA AND COCOA PREPARATIONS,EXPORT,VALUE_IN_EUROS,2024,11351671
ESTAT:DS-045409(1.0),06/02/26 11:00:00,Annual,"European Union - 27 countries (AT, BE, BG, CY, CZ, DE, DK, EE, ES, FI, FR, GR, HR, HU, IE, IT, LT, LU, LV, MT, NL, PL, PT, RO, SE, SI, SK)",Somalia,COCOA AND COCOA PREPARATIONS,EXPORT,VALUE_IN_EUROS,2002,8064
ESTAT:DS-045409(1.0),06/02/26 11:00:00,Annual,"European Union - 27 countries (AT, BE, BG, CY, CZ, DE, DK, EE, ES, FI, FR, GR, HR, HU, IE, IT, LT, LU, LV, MT, NL, PL, PT, RO, SE, SI, SK)",Somalia,COCOA AND COCOA PREPARATIONS,EXPORT,VALUE_IN_EUROS,2005,5160
ESTAT:DS-045409(1.0),06/02/26 11:00:00,Annual,"European Union - 27 countries (AT, BE, BG, CY, CZ, DE, DK, EE, ES, FI, FR, GR, HR, HU, IE, IT, LT, LU, LV, MT, NL, PL, PT, RO, SE, SI, SK)",Somalia,COCOA AND COCOA PREPARATIONS,EXPORT,VALUE_IN_EUROS,2009,7738
ESTAT:DS-045409(1.0),06/02/26 11:00:00,Annual,"European Union - 27 countries (AT, BE, BG, CY, CZ, DE, DK, EE, ES, FI, FR, GR, HR, HU, IE, IT, LT, LU, LV, MT, NL, PL, PT, RO, SE, SI, SK)",Somalia,COCOA AND COCOA PREPARATIONS,EXPORT,VALUE_IN_EUROS,2010,2386
ESTAT:DS-045409(1.0),06/02/26 11:00:00,Annual,"European Union - 27 countries (AT, BE, BG, CY, CZ, DE, DK, EE, ES, FI, FR, GR, HR, HU, IE, IT, LT, LU, LV, MT, NL, PL, PT, RO, SE, SI, SK)",Somalia,COCOA AND COCOA PREPARATIONS,EXPORT,VALUE_IN_EUROS,2011,88
ESTAT:DS-045409(1.0),06/02/26 11:00:00,Annual,"European Union - 27 countries (AT, BE, BG, CY, CZ, DE, DK, EE, ES, FI, FR, GR, HR, HU, IE, IT, LT, LU, LV, MT, NL, PL, PT, RO, SE, SI, SK)",Somalia,COCOA AND COCOA PREPARATIONS,EXPORT,VALUE_IN_EUROS,2012,36259
ESTAT:DS-045409(1.0),06/02/26 11:00:00,Annual,"European Union - 27 countries (AT, BE, BG, CY, CZ, DE, DK, EE, ES, FI, FR, GR, HR, HU, IE, IT, LT, LU, LV, MT, NL, PL, PT, RO, SE, SI, SK)",Somalia,COCOA AND COCOA PREPARATIONS,EXPORT,VALUE_IN_EUROS,2014,52054
ESTAT:DS-045409(1.0),06/02/26 11:00:00,Annual,"European Union - 27 countries (AT, BE, BG, CY, CZ, DE, DK, EE, ES, FI, FR, GR, HR, HU, IE, IT, LT, LU, LV, MT, NL, PL, PT, RO, SE, SI, SK)",Somalia,COCOA AND COCOA PREPARATIONS,EXPORT,VALUE_IN_EUROS,2015,129780
ESTAT:DS-045409(1.0),06/02/26 11:00:00,Annual,"European Union - 27 countries (AT, BE, BG, CY, CZ, DE, DK, EE, ES, FI, FR, GR, HR, HU, IE, IT, LT, LU, LV, MT, NL, PL, PT, RO, SE, SI, SK)",Somalia,COCOA AND COCOA PREPARATIONS,EXPORT,VALUE_IN_EUROS,2016,212532
ESTAT:DS-045409(1.0),06/02/26 11:00:00,Annual,"European Union - 27 countries (AT, BE, BG, CY, CZ, DE, DK, EE, ES, FI, FR, GR, HR, HU, IE, IT, LT, LU, LV, MT, NL, PL, PT, RO, SE, SI, SK)",Somalia,COCOA AND COCOA PREPARATIONS,EXPORT,VALUE_IN_EUROS,2017,207471
ESTAT:DS-045409(1.0),06/02/26 11:00:00,Annual,"European Union - 27 countries (AT, BE, BG, CY, CZ, DE, DK, EE, ES, FI, FR, GR, HR, HU, IE, IT, LT, LU, LV, MT, NL, PL, PT, RO, SE, SI, SK)",Somalia,COCOA AND COCOA PREPARATIONS,EXPORT,VALUE_IN_EUROS,2018,163316
ESTAT:DS-045409(1.0),06/02/26 11:00:00,Annual,"European Union - 27 countries (AT, BE, BG, CY, CZ, DE, DK, EE, ES, FI, FR, GR, HR, HU, IE, IT, LT, LU, LV, MT, NL, PL, PT, RO, SE, SI, SK)",Somalia,COCOA AND COCOA PREPARATIONS,EXPORT,VALUE_IN_EUROS,2019,138309
ESTAT:DS-045409(1.0),06/02/26 11:00:00,Annual,"European Union - 27 countries (AT, BE, BG, CY, CZ, DE, DK, EE, ES, FI, FR, GR, HR, HU, IE, IT, LT, LU, LV, MT, NL, PL, PT, RO, SE, SI, SK)",Somalia,COCOA AND COCOA PREPARATIONS,EXPORT,VALUE_IN_EUROS,2020,95581
ESTAT:DS-045409(1.0),06/02/26 11:00:00,Annual,"European Union - 27 countries (AT, BE, BG, CY, CZ, DE, DK, EE, ES, FI, FR, GR, HR, HU, IE, IT, LT, LU, LV, MT, NL, PL, PT, RO, SE, SI, SK)",Somalia,COCOA AND COCOA PREPARATIONS,EXPORT,VALUE_IN_EUROS,2021,86658
ESTAT:DS-045409(1.0),06/02/26 11:00:00,Annual,"European Union - 27 countries (AT, BE, BG, CY, CZ, DE, DK, EE, ES, FI, FR, GR, HR, HU, IE, IT, LT, LU, LV, MT, NL, PL, PT, RO, SE, SI, SK)",Somalia,COCOA AND COCOA PREPARATIONS,EXPORT,VALUE_IN_EUROS,2022,118446
ESTAT:DS-045409(1.0),06/02/26 11:00:00,Annual,"European Union - 27 countries (AT, BE, BG, CY, CZ, DE, DK, EE, ES, FI, FR, GR, HR, HU, IE, IT, LT, LU, LV, MT, NL, PL, PT, RO, SE, SI, SK)",Somalia,COCOA AND COCOA PREPARATIONS,EXPORT,VALUE_IN_EUROS,2023,103997
ESTAT:DS-045409(1.0),06/02/26 11:00:00,Annual,"European Union - 27 countries (AT, BE, BG, CY, CZ, DE, DK, EE, ES, FI, FR, GR, HR, HU, IE, IT, LT, LU, LV, MT, NL, PL, PT, RO, SE, SI, SK)",Somalia,COCOA AND COCOA PREPARATIONS,EXPORT,VALUE_IN_EUROS,2024,152949
ESTAT:DS-045409(1.0),06/02/26 11:00:00,Annual,"European Union - 27 countries (AT, BE, BG, CY, CZ, DE, DK, EE, ES, FI, FR, GR, HR, HU, IE, IT, LT, LU, LV, MT, NL, PL, PT, RO, SE, SI, SK)",South Sudan,COCOA AND COCOA PREPARATIONS,EXPORT,VALUE_IN_EUROS,2013,78
ESTAT:DS-045409(1.0),06/02/26 11:00:00,Annual,"European Union - 27 countries (AT, BE, BG, CY, CZ, DE, DK, EE, ES, FI, FR, GR, HR, HU, IE, IT, LT, LU, LV, MT, NL, PL, PT, RO, SE, SI, SK)",South Sudan,COCOA AND COCOA PREPARATIONS,EXPORT,VALUE_IN_EUROS,2014,10217
ESTAT:DS-045409(1.0),06/02/26 11:00:00,Annual,"European Union - 27 countries (AT, BE, BG, CY, CZ, DE, DK, EE, ES, FI, FR, GR, HR, HU, IE, IT, LT, LU, LV, MT, NL, PL, PT, RO, SE, SI, SK)",South Sudan,COCOA AND COCOA PREPARATIONS,EXPORT,VALUE_IN_EUROS,2016,5814
ESTAT:DS-045409(1.0),06/02/26 11:00:00,Annual,"European Union - 27 countries (AT, BE, BG, CY, CZ, DE, DK, EE, ES, FI, FR, GR, HR, HU, IE, IT, LT, LU, LV, MT, NL, PL, PT, RO, SE, SI, SK)",South Sudan,COCOA AND COCOA PREPARATIONS,EXPORT,VALUE_IN_EUROS,2017,3711
ESTAT:DS-045409(1.0),06/02/26 11:00:00,Annual,"European Union - 27 countries (AT, BE, BG, CY, CZ, DE, DK, EE, ES, FI, FR, GR, HR, HU, IE, IT, LT, LU, LV, MT, NL, PL, PT, RO, SE, SI, SK)",South Sudan,COCOA AND COCOA PREPARATIONS,EXPORT,VALUE_IN_EUROS,2018,5935
ESTAT:DS-045409(1.0),06/02/26 11:00:00,Annual,"European Union - 27 countries (AT, BE, BG, CY, CZ, DE, DK, EE, ES, FI, FR, GR, HR, HU, IE, IT, LT, LU, LV, MT, NL, PL, PT, RO, SE, SI, SK)",South Sudan,COCOA AND COCOA PREPARATIONS,EXPORT,VALUE_IN_EUROS,2019,5288
ESTAT:DS-045409(1.0),06/02/26 11:00:00,Annual,"European Union - 27 countries (AT, BE, BG, CY, CZ, DE, DK, EE, ES, FI, FR, GR, HR, HU, IE, IT, LT, LU, LV, MT, NL, PL, PT, RO, SE, SI, SK)",South Sudan,COCOA AND COCOA PREPARATIONS,EXPORT,VALUE_IN_EUROS,2020,8596
ESTAT:DS-045409(1.0),06/02/26 11:00:00,Annual,"European Union - 27 countries (AT, BE, BG, CY, CZ, DE, DK, EE, ES, FI, FR, GR, HR, HU, IE, IT, LT, LU, LV, MT, NL, PL, PT, RO, SE, SI, SK)",South Sudan,COCOA AND COCOA PREPARATIONS,EXPORT,VALUE_IN_EUROS,2021,8031
ESTAT:DS-045409(1.0),06/02/26 11:00:00,Annual,"European Union - 27 countries (AT, BE, BG, CY, CZ, DE, DK, EE, ES, FI, FR, GR, HR, HU, IE, IT, LT, LU, LV, MT, NL, PL, PT, RO, SE, SI, SK)",South Sudan,COCOA AND COCOA PREPARATIONS,EXPORT,VALUE_IN_EUROS,2022,16396
ESTAT:DS-045409(1.0),06/02/26 11:00:00,Annual,"European Union - 27 countries (AT, BE, BG, CY, CZ, DE, DK, EE, ES, FI, FR, GR, HR, HU, IE, IT, LT, LU, LV, MT, NL, PL, PT, RO, SE, SI, SK)",South Sudan,COCOA AND COCOA PREPARATIONS,EXPORT,VALUE_IN_EUROS,2023,33011
ESTAT:DS-045409(1.0),06/02/26 11:00:00,Annual,"European Union - 27 countries (AT, BE, BG, CY, CZ, DE, DK, EE, ES, FI, FR, GR, HR, HU, IE, IT, LT, LU, LV, MT, NL, PL, PT, RO, SE, SI, SK)",South Sudan,COCOA AND COCOA PREPARATIONS,EXPORT,VALUE_IN_EUROS,2024,33080
ESTAT:DS-045409(1.0),06/02/26 11:00:00,Annual,"European Union - 27 countries (AT, BE, BG, CY, CZ, DE, DK, EE, ES, FI, FR, GR, HR, HU, IE, IT, LT, LU, LV, MT, NL, PL, PT, RO, SE, SI, SK)",Sao Tome and Principe,COCOA AND COCOA PREPARATIONS,EXPORT,VALUE_IN_EUROS,1999,34561
ESTAT:DS-045409(1.0),06/02/26 11:00:00,Annual,"European Union - 27 countries (AT, BE, BG, CY, CZ, DE, DK, EE, ES, FI, FR, GR, HR, HU, IE, IT, LT, LU, LV, MT, NL, PL, PT, RO, SE, SI, SK)",Sao Tome and Principe,COCOA AND COCOA PREPARATIONS,EXPORT,VALUE_IN_EUROS,2000,15824
ESTAT:DS-045409(1.0),06/02/26 11:00:00,Annual,"European Union - 27 countries (AT, BE, BG, CY, CZ, DE, DK, EE, ES, FI, FR, GR, HR, HU, IE, IT, LT, LU, LV, MT, NL, PL, PT, RO, SE, SI, SK)",Sao Tome and Principe,COCOA AND COCOA PREPARATIONS,EXPORT,VALUE_IN_EUROS,2001,61010
ESTAT:DS-045409(1.0),06/02/26 11:00:00,Annual,"European Union - 27 countries (AT, BE, BG, CY, CZ, DE, DK, EE, ES, FI, FR, GR, HR, HU, IE, IT, LT, LU, LV, MT, NL, PL, PT, RO, SE, SI, SK)",Sao Tome and Principe,COCOA AND COCOA PREPARATIONS,EXPORT,VALUE_IN_EUROS,2002,13667
ESTAT:DS-045409(1.0),06/02/26 11:00:00,Annual,"European Union - 27 countries (AT, BE, BG, CY, CZ, DE, DK, EE, ES, FI, FR, GR, HR, HU, IE, IT, LT, LU, LV, MT, NL, PL, PT, RO, SE, SI, SK)",Sao Tome and Principe,COCOA AND COCOA PREPARATIONS,EXPORT,VALUE_IN_EUROS,2003,14054
ESTAT:DS-045409(1.0),06/02/26 11:00:00,Annual,"European Union - 27 countries (AT, BE, BG, CY, CZ, DE, DK, EE, ES, FI, FR, GR, HR, HU, IE, IT, LT, LU, LV, MT, NL, PL, PT, RO, SE, SI, SK)",Sao Tome and Principe,COCOA AND COCOA PREPARATIONS,EXPORT,VALUE_IN_EUROS,2004,12288
ESTAT:DS-045409(1.0),06/02/26 11:00:00,Annual,"European Union - 27 countries (AT, BE, BG, CY, CZ, DE, DK, EE, ES, FI, FR, GR, HR, HU, IE, IT, LT, LU, LV, MT, NL, PL, PT, RO, SE, SI, SK)",Sao Tome and Principe,COCOA AND COCOA PREPARATIONS,EXPORT,VALUE_IN_EUROS,2005,17288
ESTAT:DS-045409(1.0),06/02/26 11:00:00,Annual,"European Union - 27 countries (AT, BE, BG, CY, CZ, DE, DK, EE, ES, FI, FR, GR, HR, HU, IE, IT, LT, LU, LV, MT, NL, PL, PT, RO, SE, SI, SK)",Sao Tome and Principe,COCOA AND COCOA PREPARATIONS,EXPORT,VALUE_IN_EUROS,2006,29325
ESTAT:DS-045409(1.0),06/02/26 11:00:00,Annual,"European Union - 27 countries (AT, BE, BG, CY, CZ, DE, DK, EE, ES, FI, FR, GR, HR, HU, IE, IT, LT, LU, LV, MT, NL, PL, PT, RO, SE, SI, SK)",Sao Tome and Principe,COCOA AND COCOA PREPARATIONS,EXPORT,VALUE_IN_EUROS,2007,15340
ESTAT:DS-045409(1.0),06/02/26 11:00:00,Annual,"European Union - 27 countries (AT, BE, BG, CY, CZ, DE, DK, EE, ES, FI, FR, GR, HR, HU, IE, IT, LT, LU, LV, MT, NL, PL, PT, RO, SE, SI, SK)",Sao Tome and Principe,COCOA AND COCOA PREPARATIONS,EXPORT,VALUE_IN_EUROS,2008,39390
ESTAT:DS-045409(1.0),06/02/26 11:00:00,Annual,"European Union - 27 countries (AT, BE, BG, CY, CZ, DE, DK, EE, ES, FI, FR, GR, HR, HU, IE, IT, LT, LU, LV, MT, NL, PL, PT, RO, SE, SI, SK)",Sao Tome and Principe,COCOA AND COCOA PREPARATIONS,EXPORT,VALUE_IN_EUROS,2009,31203
ESTAT:DS-045409(1.0),06/02/26 11:00:00,Annual,"European Union - 27 countries (AT, BE, BG, CY, CZ, DE, DK, EE, ES, FI, FR, GR, HR, HU, IE, IT, LT, LU, LV, MT, NL, PL, PT, RO, SE, SI, SK)",Sao Tome and Principe,COCOA AND COCOA PREPARATIONS,EXPORT,VALUE_IN_EUROS,2010,31811
ESTAT:DS-045409(1.0),06/02/26 11:00:00,Annual,"European Union - 27 countries (AT, BE, BG, CY, CZ, DE, DK, EE, ES, FI, FR, GR, HR, HU, IE, IT, LT, LU, LV, MT, NL, PL, PT, RO, SE, SI, SK)",Sao Tome and Principe,COCOA AND COCOA PREPARATIONS,EXPORT,VALUE_IN_EUROS,2011,34587
ESTAT:DS-045409(1.0),06/02/26 11:00:00,Annual,"European Union - 27 countries (AT, BE, BG, CY, CZ, DE, DK, EE, ES, FI, FR, GR, HR, HU, IE, IT, LT, LU, LV, MT, NL, PL, PT, RO, SE, SI, SK)",Sao Tome and Principe,COCOA AND COCOA PREPARATIONS,EXPORT,VALUE_IN_EUROS,2012,84997
ESTAT:DS-045409(1.0),06/02/26 11:00:00,Annual,"European Union - 27 countries (AT, BE, BG, CY, CZ, DE, DK, EE, ES, FI, FR, GR, HR, HU, IE, IT, LT, LU, LV, MT, NL, PL, PT, RO, SE, SI, SK)",Sao Tome and Principe,COCOA AND COCOA PREPARATIONS,EXPORT,VALUE_IN_EUROS,2013,101353
ESTAT:DS-045409(1.0),06/02/26 11:00:00,Annual,"European Union - 27 countries (AT, BE, BG, CY, CZ, DE, DK, EE, ES, FI, FR, GR, HR, HU, IE, IT, LT, LU, LV, MT, NL, PL, PT, RO, SE, SI, SK)",Sao Tome and Principe,COCOA AND COCOA PREPARATIONS,EXPORT,VALUE_IN_EUROS,2014,103055
ESTAT:DS-045409(1.0),06/02/26 11:00:00,Annual,"European Union - 27 countries (AT, BE, BG, CY, CZ, DE, DK, EE, ES, FI, FR, GR, HR, HU, IE, IT, LT, LU, LV, MT, NL, PL, PT, RO, SE, SI, SK)",Sao Tome and Principe,COCOA AND COCOA PREPARATIONS,EXPORT,VALUE_IN_EUROS,2015,102345
ESTAT:DS-045409(1.0),06/02/26 11:00:00,Annual,"European Union - 27 countries (AT, BE, BG, CY, CZ, DE, DK, EE, ES, FI, FR, GR, HR, HU, IE, IT, LT, LU, LV, MT, NL, PL, PT, RO, SE, SI, SK)",Sao Tome and Principe,COCOA AND COCOA PREPARATIONS,EXPORT,VALUE_IN_EUROS,2016,136553
ESTAT:DS-045409(1.0),06/02/26 11:00:00,Annual,"European Union - 27 countries (AT, BE, BG, CY, CZ, DE, DK, EE, ES, FI, FR, GR, HR, HU, IE, IT, LT, LU, LV, MT, NL, PL, PT, RO, SE, SI, SK)",Sao Tome and Principe,COCOA AND COCOA PREPARATIONS,EXPORT,VALUE_IN_EUROS,2017,129643
ESTAT:DS-045409(1.0),06/02/26 11:00:00,Annual,"European Union - 27 countries (AT, BE, BG, CY, CZ, DE, DK, EE, ES, FI, FR, GR, HR, HU, IE, IT, LT, LU, LV, MT, NL, PL, PT, RO, SE, SI, SK)",Sao Tome and Principe,COCOA AND COCOA PREPARATIONS,EXPORT,VALUE_IN_EUROS,2018,318381
ESTAT:DS-045409(1.0),06/02/26 11:00:00,Annual,"European Union - 27 countries (AT, BE, BG, CY, CZ, DE, DK, EE, ES, FI, FR, GR, HR, HU, IE, IT, LT, LU, LV, MT, NL, PL, PT, RO, SE, SI, SK)",Sao Tome and Principe,COCOA AND COCOA PREPARATIONS,EXPORT,VALUE_IN_EUROS,2019,224582
ESTAT:DS-045409(1.0),06/02/26 11:00:00,Annual,"European Union - 27 countries (AT, BE, BG, CY, CZ, DE, DK, EE, ES, FI, FR, GR, HR, HU, IE, IT, LT, LU, LV, MT, NL, PL, PT, RO, SE, SI, SK)",Sao Tome and Principe,COCOA AND COCOA PREPARATIONS,EXPORT,VALUE_IN_EUROS,2020,120872
ESTAT:DS-045409(1.0),06/02/26 11:00:00,Annual,"European Union - 27 countries (AT, BE, BG, CY, CZ, DE, DK, EE, ES, FI, FR, GR, HR, HU, IE, IT, LT, LU, LV, MT, NL, PL, PT, RO, SE, SI, SK)",Sao Tome and Principe,COCOA AND COCOA PREPARATIONS,EXPORT,VALUE_IN_EUROS,2021,129778
ESTAT:DS-045409(1.0),06/02/26 11:00:00,Annual,"European Union - 27 countries (AT, BE, BG, CY, CZ, DE, DK, EE, ES, FI, FR, GR, HR, HU, IE, IT, LT, LU, LV, MT, NL, PL, PT, RO, SE, SI, SK)",Sao Tome and Principe,COCOA AND COCOA PREPARATIONS,EXPORT,VALUE_IN_EUROS,2022,90372
ESTAT:DS-045409(1.0),06/02/26 11:00:00,Annual,"European Union - 27 countries (AT, BE, BG, CY, CZ, DE, DK, EE, ES, FI, FR, GR, HR, HU, IE, IT, LT, LU, LV, MT, NL, PL, PT, RO, SE, SI, SK)",Sao Tome and Principe,COCOA AND COCOA PREPARATIONS,EXPORT,VALUE_IN_EUROS,2023,138772
ESTAT:DS-045409(1.0),06/02/26 11:00:00,Annual,"European Union - 27 countries (AT, BE, BG, CY, CZ, DE, DK, EE, ES, FI, FR, GR, HR, HU, IE, IT, LT, LU, LV, MT, NL, PL, PT, RO, SE, SI, SK)",Sao Tome and Principe,COCOA AND COCOA PREPARATIONS,EXPORT,VALUE_IN_EUROS,2024,202206
ESTAT:DS-045409(1.0),06/02/26 11:00:00,Annual,"European Union - 27 countries (AT, BE, BG, CY, CZ, DE, DK, EE, ES, FI, FR, GR, HR, HU, IE, IT, LT, LU, LV, MT, NL, PL, PT, RO, SE, SI, SK)",Eswatini (Ngwane),COCOA AND COCOA PREPARATIONS,EXPORT,VALUE_IN_EUROS,2001,5876
ESTAT:DS-045409(1.0),06/02/26 11:00:00,Annual,"European Union - 27 countries (AT, BE, BG, CY, CZ, DE, DK, EE, ES, FI, FR, GR, HR, HU, IE, IT, LT, LU, LV, MT, NL, PL, PT, RO, SE, SI, SK)",Eswatini (Ngwane),COCOA AND COCOA PREPARATIONS,EXPORT,VALUE_IN_EUROS,2018,40
ESTAT:DS-045409(1.0),06/02/26 11:00:00,Annual,"European Union - 27 countries (AT, BE, BG, CY, CZ, DE, DK, EE, ES, FI, FR, GR, HR, HU, IE, IT, LT, LU, LV, MT, NL, PL, PT, RO, SE, SI, SK)",Eswatini (Ngwane),COCOA AND COCOA PREPARATIONS,EXPORT,VALUE_IN_EUROS,2022,15
ESTAT:DS-045409(1.0),06/02/26 11:00:00,Annual,"European Union - 27 countries (AT, BE, BG, CY, CZ, DE, DK, EE, ES, FI, FR, GR, HR, HU, IE, IT, LT, LU, LV, MT, NL, PL, PT, RO, SE, SI, SK)",Eswatini (Ngwane),COCOA AND COCOA PREPARATIONS,EXPORT,VALUE_IN_EUROS,2023,31
ESTAT:DS-045409(1.0),06/02/26 11:00:00,Annual,"European Union - 27 countries (AT, BE, BG, CY, CZ, DE, DK, EE, ES, FI, FR, GR, HR, HU, IE, IT, LT, LU, LV, MT, NL, PL, PT, RO, SE, SI, SK)",Eswatini (Ngwane),COCOA AND COCOA PREPARATIONS,EXPORT,VALUE_IN_EUROS,2024,3
ESTAT:DS-045409(1.0),06/02/26 11:00:00,Annual,"European Union - 27 countries (AT, BE, BG, CY, CZ, DE, DK, EE, ES, FI, FR, GR, HR, HU, IE, IT, LT, LU, LV, MT, NL, PL, PT, RO, SE, SI, SK)",Chad,COCOA AND COCOA PREPARATIONS,EXPORT,VALUE_IN_EUROS,1999,7522
ESTAT:DS-045409(1.0),06/02/26 11:00:00,Annual,"European Union - 27 countries (AT, BE, BG, CY, CZ, DE, DK, EE, ES, FI, FR, GR, HR, HU, IE, IT, LT, LU, LV, MT, NL, PL, PT, RO, SE, SI, SK)",Chad,COCOA AND COCOA PREPARATIONS,EXPORT,VALUE_IN_EUROS,2000,3409
ESTAT:DS-045409(1.0),06/02/26 11:00:00,Annual,"European Union - 27 countries (AT, BE, BG, CY, CZ, DE, DK, EE, ES, FI, FR, GR, HR, HU, IE, IT, LT, LU, LV, MT, NL, PL, PT, RO, SE, SI, SK)",Chad,COCOA AND COCOA PREPARATIONS,EXPORT,VALUE_IN_EUROS,2001,7706
ESTAT:DS-045409(1.0),06/02/26 11:00:00,Annual,"European Union - 27 countries (AT, BE, BG, CY, CZ, DE, DK, EE, ES, FI, FR, GR, HR, HU, IE, IT, LT, LU, LV, MT, NL, PL, PT, RO, SE, SI, SK)",Chad,COCOA AND COCOA PREPARATIONS,EXPORT,VALUE_IN_EUROS,2002,9146
ESTAT:DS-045409(1.0),06/02/26 11:00:00,Annual,"European Union - 27 countries (AT, BE, BG, CY, CZ, DE, DK, EE, ES, FI, FR, GR, HR, HU, IE, IT, LT, LU, LV, MT, NL, PL, PT, RO, SE, SI, SK)",Chad,COCOA AND COCOA PREPARATIONS,EXPORT,VALUE_IN_EUROS,2003,33797
ESTAT:DS-045409(1.0),06/02/26 11:00:00,Annual,"European Union - 27 countries (AT, BE, BG, CY, CZ, DE, DK, EE, ES, FI, FR, GR, HR, HU, IE, IT, LT, LU, LV, MT, NL, PL, PT, RO, SE, SI, SK)",Chad,COCOA AND COCOA PREPARATIONS,EXPORT,VALUE_IN_EUROS,2004,14574
ESTAT:DS-045409(1.0),06/02/26 11:00:00,Annual,"European Union - 27 countries (AT, BE, BG, CY, CZ, DE, DK, EE, ES, FI, FR, GR, HR, HU, IE, IT, LT, LU, LV, MT, NL, PL, PT, RO, SE, SI, SK)",Chad,COCOA AND COCOA PREPARATIONS,EXPORT,VALUE_IN_EUROS,2005,738
ESTAT:DS-045409(1.0),06/02/26 11:00:00,Annual,"European Union - 27 countries (AT, BE, BG, CY, CZ, DE, DK, EE, ES, FI, FR, GR, HR, HU, IE, IT, LT, LU, LV, MT, NL, PL, PT, RO, SE, SI, SK)",Chad,COCOA AND COCOA PREPARATIONS,EXPORT,VALUE_IN_EUROS,2006,3451
ESTAT:DS-045409(1.0),06/02/26 11:00:00,Annual,"European Union - 27 countries (AT, BE, BG, CY, CZ, DE, DK, EE, ES, FI, FR, GR, HR, HU, IE, IT, LT, LU, LV, MT, NL, PL, PT, RO, SE, SI, SK)",Chad,COCOA AND COCOA PREPARATIONS,EXPORT,VALUE_IN_EUROS,2007,69416
ESTAT:DS-045409(1.0),06/02/26 11:00:00,Annual,"European Union - 27 countries (AT, BE, BG, CY, CZ, DE, DK, EE, ES, FI, FR, GR, HR, HU, IE, IT, LT, LU, LV, MT, NL, PL, PT, RO, SE, SI, SK)",Chad,COCOA AND COCOA PREPARATIONS,EXPORT,VALUE_IN_EUROS,2008,97745
ESTAT:DS-045409(1.0),06/02/26 11:00:00,Annual,"European Union - 27 countries (AT, BE, BG, CY, CZ, DE, DK, EE, ES, FI, FR, GR, HR, HU, IE, IT, LT, LU, LV, MT, NL, PL, PT, RO, SE, SI, SK)",Chad,COCOA AND COCOA PREPARATIONS,EXPORT,VALUE_IN_EUROS,2009,145230
ESTAT:DS-045409(1.0),06/02/26 11:00:00,Annual,"European Union - 27 countries (AT, BE, BG, CY, CZ, DE, DK, EE, ES, FI, FR, GR, HR, HU, IE, IT, LT, LU, LV, MT, NL, PL, PT, RO, SE, SI, SK)",Chad,COCOA AND COCOA PREPARATIONS,EXPORT,VALUE_IN_EUROS,2010,157456
ESTAT:DS-045409(1.0),06/02/26 11:00:00,Annual,"European Union - 27 countries (AT, BE, BG, CY, CZ, DE, DK, EE, ES, FI, FR, GR, HR, HU, IE, IT, LT, LU, LV, MT, NL, PL, PT, RO, SE, SI, SK)",Chad,COCOA AND COCOA PREPARATIONS,EXPORT,VALUE_IN_EUROS,2011,98658
ESTAT:DS-045409(1.0),06/02/26 11:00:00,Annual,"European Union - 27 countries (AT, BE, BG, CY, CZ, DE, DK, EE, ES, FI, FR, GR, HR, HU, IE, IT, LT, LU, LV, MT, NL, PL, PT, RO, SE, SI, SK)",Chad,COCOA AND COCOA PREPARATIONS,EXPORT,VALUE_IN_EUROS,2012,364863
ESTAT:DS-045409(1.0),06/02/26 11:00:00,Annual,"European Union - 27 countries (AT, BE, BG, CY, CZ, DE, DK, EE, ES, FI, FR, GR, HR, HU, IE, IT, LT, LU, LV, MT, NL, PL, PT, RO, SE, SI, SK)",Chad,COCOA AND COCOA PREPARATIONS,EXPORT,VALUE_IN_EUROS,2013,230830
ESTAT:DS-045409(1.0),06/02/26 11:00:00,Annual,"European Union - 27 countries (AT, BE, BG, CY, CZ, DE, DK, EE, ES, FI, FR, GR, HR, HU, IE, IT, LT, LU, LV, MT, NL, PL, PT, RO, SE, SI, SK)",Chad,COCOA AND COCOA PREPARATIONS,EXPORT,VALUE_IN_EUROS,2014,58665
ESTAT:DS-045409(1.0),06/02/26 11:00:00,Annual,"European Union - 27 countries (AT, BE, BG, CY, CZ, DE, DK, EE, ES, FI, FR, GR, HR, HU, IE, IT, LT, LU, LV, MT, NL, PL, PT, RO, SE, SI, SK)",Chad,COCOA AND COCOA PREPARATIONS,EXPORT,VALUE_IN_EUROS,2015,56908
ESTAT:DS-045409(1.0),06/02/26 11:00:00,Annual,"European Union - 27 countries (AT, BE, BG, CY, CZ, DE, DK, EE, ES, FI, FR, GR, HR, HU, IE, IT, LT, LU, LV, MT, NL, PL, PT, RO, SE, SI, SK)",Chad,COCOA AND COCOA PREPARATIONS,EXPORT,VALUE_IN_EUROS,2016,94704
ESTAT:DS-045409(1.0),06/02/26 11:00:00,Annual,"European Union - 27 countries (AT, BE, BG, CY, CZ, DE, DK, EE, ES, FI, FR, GR, HR, HU, IE, IT, LT, LU, LV, MT, NL, PL, PT, RO, SE, SI, SK)",Chad,COCOA AND COCOA PREPARATIONS,EXPORT,VALUE_IN_EUROS,2017,203483
ESTAT:DS-045409(1.0),06/02/26 11:00:00,Annual,"European Union - 27 countries (AT, BE, BG, CY, CZ, DE, DK, EE, ES, FI, FR, GR, HR, HU, IE, IT, LT, LU, LV, MT, NL, PL, PT, RO, SE, SI, SK)",Chad,COCOA AND COCOA PREPARATIONS,EXPORT,VALUE_IN_EUROS,2018,223070
ESTAT:DS-045409(1.0),06/02/26 11:00:00,Annual,"European Union - 27 countries (AT, BE, BG, CY, CZ, DE, DK, EE, ES, FI, FR, GR, HR, HU, IE, IT, LT, LU, LV, MT, NL, PL, PT, RO, SE, SI, SK)",Chad,COCOA AND COCOA PREPARATIONS,EXPORT,VALUE_IN_EUROS,2019,160745
ESTAT:DS-045409(1.0),06/02/26 11:00:00,Annual,"European Union - 27 countries (AT, BE, BG, CY, CZ, DE, DK, EE, ES, FI, FR, GR, HR, HU, IE, IT, LT, LU, LV, MT, NL, PL, PT, RO, SE, SI, SK)",Chad,COCOA AND COCOA PREPARATIONS,EXPORT,VALUE_IN_EUROS,2020,193008
ESTAT:DS-045409(1.0),06/02/26 11:00:00,Annual,"European Union - 27 countries (AT, BE, BG, CY, CZ, DE, DK, EE, ES, FI, FR, GR, HR, HU, IE, IT, LT, LU, LV, MT, NL, PL, PT, RO, SE, SI, SK)",Chad,COCOA AND COCOA PREPARATIONS,EXPORT,VALUE_IN_EUROS,2021,254466
ESTAT:DS-045409(1.0),06/02/26 11:00:00,Annual,"European Union - 27 countries (AT, BE, BG, CY, CZ, DE, DK, EE, ES, FI, FR, GR, HR, HU, IE, IT, LT, LU, LV, MT, NL, PL, PT, RO, SE, SI, SK)",Chad,COCOA AND COCOA PREPARATIONS,EXPORT,VALUE_IN_EUROS,2022,249478
ESTAT:DS-045409(1.0),06/02/26 11:00:00,Annual,"European Union - 27 countries (AT, BE, BG, CY, CZ, DE, DK, EE, ES, FI, FR, GR, HR, HU, IE, IT, LT, LU, LV, MT, NL, PL, PT, RO, SE, SI, SK)",Chad,COCOA AND COCOA PREPARATIONS,EXPORT,VALUE_IN_EUROS,2023,230012
ESTAT:DS-045409(1.0),06/02/26 11:00:00,Annual,"European Union - 27 countries (AT, BE, BG, CY, CZ, DE, DK, EE, ES, FI, FR, GR, HR, HU, IE, IT, LT, LU, LV, MT, NL, PL, PT, RO, SE, SI, SK)",Chad,COCOA AND COCOA PREPARATIONS,EXPORT,VALUE_IN_EUROS,2024,322021
ESTAT:DS-045409(1.0),06/02/26 11:00:00,Annual,"European Union - 27 countries (AT, BE, BG, CY, CZ, DE, DK, EE, ES, FI, FR, GR, HR, HU, IE, IT, LT, LU, LV, MT, NL, PL, PT, RO, SE, SI, SK)",Togo,COCOA AND COCOA PREPARATIONS,EXPORT,VALUE_IN_EUROS,1999,47368
ESTAT:DS-045409(1.0),06/02/26 11:00:00,Annual,"European Union - 27 countries (AT, BE, BG, CY, CZ, DE, DK, EE, ES, FI, FR, GR, HR, HU, IE, IT, LT, LU, LV, MT, NL, PL, PT, RO, SE, SI, SK)",Togo,COCOA AND COCOA PREPARATIONS,EXPORT,VALUE_IN_EUROS,2000,39759
ESTAT:DS-045409(1.0),06/02/26 11:00:00,Annual,"European Union - 27 countries (AT, BE, BG, CY, CZ, DE, DK, EE, ES, FI, FR, GR, HR, HU, IE, IT, LT, LU, LV, MT, NL, PL, PT, RO, SE, SI, SK)",Togo,COCOA AND COCOA PREPARATIONS,EXPORT,VALUE_IN_EUROS,2001,31542
ESTAT:DS-045409(1.0),06/02/26 11:00:00,Annual,"European Union - 27 countries (AT, BE, BG, CY, CZ, DE, DK, EE, ES, FI, FR, GR, HR, HU, IE, IT, LT, LU, LV, MT, NL, PL, PT, RO, SE, SI, SK)",Togo,COCOA AND COCOA PREPARATIONS,EXPORT,VALUE_IN_EUROS,2002,22119
ESTAT:DS-045409(1.0),06/02/26 11:00:00,Annual,"European Union - 27 countries (AT, BE, BG, CY, CZ, DE, DK, EE, ES, FI, FR, GR, HR, HU, IE, IT, LT, LU, LV, MT, NL, PL, PT, RO, SE, SI, SK)",Togo,COCOA AND COCOA PREPARATIONS,EXPORT,VALUE_IN_EUROS,2003,105195
ESTAT:DS-045409(1.0),06/02/26 11:00:00,Annual,"European Union - 27 countries (AT, BE, BG, CY, CZ, DE, DK, EE, ES, FI, FR, GR, HR, HU, IE, IT, LT, LU, LV, MT, NL, PL, PT, RO, SE, SI, SK)",Togo,COCOA AND COCOA PREPARATIONS,EXPORT,VALUE_IN_EUROS,2004,85424
ESTAT:DS-045409(1.0),06/02/26 11:00:00,Annual,"European Union - 27 countries (AT, BE, BG, CY, CZ, DE, DK, EE, ES, FI, FR, GR, HR, HU, IE, IT, LT, LU, LV, MT, NL, PL, PT, RO, SE, SI, SK)",Togo,COCOA AND COCOA PREPARATIONS,EXPORT,VALUE_IN_EUROS,2005,84359
ESTAT:DS-045409(1.0),06/02/26 11:00:00,Annual,"European Union - 27 countries (AT, BE, BG, CY, CZ, DE, DK, EE, ES, FI, FR, GR, HR, HU, IE, IT, LT, LU, LV, MT, NL, PL, PT, RO, SE, SI, SK)",Togo,COCOA AND COCOA PREPARATIONS,EXPORT,VALUE_IN_EUROS,2006,170719
ESTAT:DS-045409(1.0),06/02/26 11:00:00,Annual,"European Union - 27 countries (AT, BE, BG, CY, CZ, DE, DK, EE, ES, FI, FR, GR, HR, HU, IE, IT, LT, LU, LV, MT, NL, PL, PT, RO, SE, SI, SK)",Togo,COCOA AND COCOA PREPARATIONS,EXPORT,VALUE_IN_EUROS,2007,130832
ESTAT:DS-045409(1.0),06/02/26 11:00:00,Annual,"European Union - 27 countries (AT, BE, BG, CY, CZ, DE, DK, EE, ES, FI, FR, GR, HR, HU, IE, IT, LT, LU, LV, MT, NL, PL, PT, RO, SE, SI, SK)",Togo,COCOA AND COCOA PREPARATIONS,EXPORT,VALUE_IN_EUROS,2008,176517
ESTAT:DS-045409(1.0),06/02/26 11:00:00,Annual,"European Union - 27 countries (AT, BE, BG, CY, CZ, DE, DK, EE, ES, FI, FR, GR, HR, HU, IE, IT, LT, LU, LV, MT, NL, PL, PT, RO, SE, SI, SK)",Togo,COCOA AND COCOA PREPARATIONS,EXPORT,VALUE_IN_EUROS,2009,383306
ESTAT:DS-045409(1.0),06/02/26 11:00:00,Annual,"European Union - 27 countries (AT, BE, BG, CY, CZ, DE, DK, EE, ES, FI, FR, GR, HR, HU, IE, IT, LT, LU, LV, MT, NL, PL, PT, RO, SE, SI, SK)",Togo,COCOA AND COCOA PREPARATIONS,EXPORT,VALUE_IN_EUROS,2010,435229
ESTAT:DS-045409(1.0),06/02/26 11:00:00,Annual,"European Union - 27 countries (AT, BE, BG, CY, CZ, DE, DK, EE, ES, FI, FR, GR, HR, HU, IE, IT, LT, LU, LV, MT, NL, PL, PT, RO, SE, SI, SK)",Togo,COCOA AND COCOA PREPARATIONS,EXPORT,VALUE_IN_EUROS,2011,220249
ESTAT:DS-045409(1.0),06/02/26 11:00:00,Annual,"European Union - 27 countries (AT, BE, BG, CY, CZ, DE, DK, EE, ES, FI, FR, GR, HR, HU, IE, IT, LT, LU, LV, MT, NL, PL, PT, RO, SE, SI, SK)",Togo,COCOA AND COCOA PREPARATIONS,EXPORT,VALUE_IN_EUROS,2012,255360
ESTAT:DS-045409(1.0),06/02/26 11:00:00,Annual,"European Union - 27 countries (AT, BE, BG, CY, CZ, DE, DK, EE, ES, FI, FR, GR, HR, HU, IE, IT, LT, LU, LV, MT, NL, PL, PT, RO, SE, SI, SK)",Togo,COCOA AND COCOA PREPARATIONS,EXPORT,VALUE_IN_EUROS,2013,294440
ESTAT:DS-045409(1.0),06/02/26 11:00:00,Annual,"European Union - 27 countries (AT, BE, BG, CY, CZ, DE, DK, EE, ES, FI, FR, GR, HR, HU, IE, IT, LT, LU, LV, MT, NL, PL, PT, RO, SE, SI, SK)",Togo,COCOA AND COCOA PREPARATIONS,EXPORT,VALUE_IN_EUROS,2014,272783
ESTAT:DS-045409(1.0),06/02/26 11:00:00,Annual,"European Union - 27 countries (AT, BE, BG, CY, CZ, DE, DK, EE, ES, FI, FR, GR, HR, HU, IE, IT, LT, LU, LV, MT, NL, PL, PT, RO, SE, SI, SK)",Togo,COCOA AND COCOA PREPARATIONS,EXPORT,VALUE_IN_EUROS,2015,402189
ESTAT:DS-045409(1.0),06/02/26 11:00:00,Annual,"European Union - 27 countries (AT, BE, BG, CY, CZ, DE, DK, EE, ES, FI, FR, GR, HR, HU, IE, IT, LT, LU, LV, MT, NL, PL, PT, RO, SE, SI, SK)",Togo,COCOA AND COCOA PREPARATIONS,EXPORT,VALUE_IN_EUROS,2016,456138
ESTAT:DS-045409(1.0),06/02/26 11:00:00,Annual,"European Union - 27 countries (AT, BE, BG, CY, CZ, DE, DK, EE, ES, FI, FR, GR, HR, HU, IE, IT, LT, LU, LV, MT, NL, PL, PT, RO, SE, SI, SK)",Togo,COCOA AND COCOA PREPARATIONS,EXPORT,VALUE_IN_EUROS,2017,466670
ESTAT:DS-045409(1.0),06/02/26 11:00:00,Annual,"European Union - 27 countries (AT, BE, BG, CY, CZ, DE, DK, EE, ES, FI, FR, GR, HR, HU, IE, IT, LT, LU, LV, MT, NL, PL, PT, RO, SE, SI, SK)",Togo,COCOA AND COCOA PREPARATIONS,EXPORT,VALUE_IN_EUROS,2018,404074
ESTAT:DS-045409(1.0),06/02/26 11:00:00,Annual,"European Union - 27 countries (AT, BE, BG, CY, CZ, DE, DK, EE, ES, FI, FR, GR, HR, HU, IE, IT, LT, LU, LV, MT, NL, PL, PT, RO, SE, SI, SK)",Togo,COCOA AND COCOA PREPARATIONS,EXPORT,VALUE_IN_EUROS,2019,393367
ESTAT:DS-045409(1.0),06/02/26 11:00:00,Annual,"European Union - 27 countries (AT, BE, BG, CY, CZ, DE, DK, EE, ES, FI, FR, GR, HR, HU, IE, IT, LT, LU, LV, MT, NL, PL, PT, RO, SE, SI, SK)",Togo,COCOA AND COCOA PREPARATIONS,EXPORT,VALUE_IN_EUROS,2020,442052
ESTAT:DS-045409(1.0),06/02/26 11:00:00,Annual,"European Union - 27 countries (AT, BE, BG, CY, CZ, DE, DK, EE, ES, FI, FR, GR, HR, HU, IE, IT, LT, LU, LV, MT, NL, PL, PT, RO, SE, SI, SK)",Togo,COCOA AND COCOA PREPARATIONS,EXPORT,VALUE_IN_EUROS,2021,550124
ESTAT:DS-045409(1.0),06/02/26 11:00:00,Annual,"European Union - 27 countries (AT, BE, BG, CY, CZ, DE, DK, EE, ES, FI, FR, GR, HR, HU, IE, IT, LT, LU, LV, MT, NL, PL, PT, RO, SE, SI, SK)",Togo,COCOA AND COCOA PREPARATIONS,EXPORT,VALUE_IN_EUROS,2022,634853
ESTAT:DS-045409(1.0),06/02/26 11:00:00,Annual,"European Union - 27 countries (AT, BE, BG, CY, CZ, DE, DK, EE, ES, FI, FR, GR, HR, HU, IE, IT, LT, LU, LV, MT, NL, PL, PT, RO, SE, SI, SK)",Togo,COCOA AND COCOA PREPARATIONS,EXPORT,VALUE_IN_EUROS,2023,884242
ESTAT:DS-045409(1.0),06/02/26 11:00:00,Annual,"European Union - 27 countries (AT, BE, BG, CY, CZ, DE, DK, EE, ES, FI, FR, GR, HR, HU, IE, IT, LT, LU, LV, MT, NL, PL, PT, RO, SE, SI, SK)",Togo,COCOA AND COCOA PREPARATIONS,EXPORT,VALUE_IN_EUROS,2024,1040513
ESTAT:DS-045409(1.0),06/02/26 11:00:00,Annual,"European Union - 27 countries (AT, BE, BG, CY, CZ, DE, DK, EE, ES, FI, FR, GR, HR, HU, IE, IT, LT, LU, LV, MT, NL, PL, PT, RO, SE, SI, SK)",Tunisia,COCOA AND COCOA PREPARATIONS,EXPORT,VALUE_IN_EUROS,1999,2044417
ESTAT:DS-045409(1.0),06/02/26 11:00:00,Annual,"European Union - 27 countries (AT, BE, BG, CY, CZ, DE, DK, EE, ES, FI, FR, GR, HR, HU, IE, IT, LT, LU, LV, MT, NL, PL, PT, RO, SE, SI, SK)",Tunisia,COCOA AND COCOA PREPARATIONS,EXPORT,VALUE_IN_EUROS,2000,3504069
ESTAT:DS-045409(1.0),06/02/26 11:00:00,Annual,"European Union - 27 countries (AT, BE, BG, CY, CZ, DE, DK, EE, ES, FI, FR, GR, HR, HU, IE, IT, LT, LU, LV, MT, NL, PL, PT, RO, SE, SI, SK)",Tunisia,COCOA AND COCOA PREPARATIONS,EXPORT,VALUE_IN_EUROS,2001,4332857
ESTAT:DS-045409(1.0),06/02/26 11:00:00,Annual,"European Union - 27 countries (AT, BE, BG, CY, CZ, DE, DK, EE, ES, FI, FR, GR, HR, HU, IE, IT, LT, LU, LV, MT, NL, PL, PT, RO, SE, SI, SK)",Tunisia,COCOA AND COCOA PREPARATIONS,EXPORT,VALUE_IN_EUROS,2002,4247970
ESTAT:DS-045409(1.0),06/02/26 11:00:00,Annual,"European Union - 27 countries (AT, BE, BG, CY, CZ, DE, DK, EE, ES, FI, FR, GR, HR, HU, IE, IT, LT, LU, LV, MT, NL, PL, PT, RO, SE, SI, SK)",Tunisia,COCOA AND COCOA PREPARATIONS,EXPORT,VALUE_IN_EUROS,2003,6213587
ESTAT:DS-045409(1.0),06/02/26 11:00:00,Annual,"European Union - 27 countries (AT, BE, BG, CY, CZ, DE, DK, EE, ES, FI, FR, GR, HR, HU, IE, IT, LT, LU, LV, MT, NL, PL, PT, RO, SE, SI, SK)",Tunisia,COCOA AND COCOA PREPARATIONS,EXPORT,VALUE_IN_EUROS,2004,5624055
ESTAT:DS-045409(1.0),06/02/26 11:00:00,Annual,"European Union - 27 countries (AT, BE, BG, CY, CZ, DE, DK, EE, ES, FI, FR, GR, HR, HU, IE, IT, LT, LU, LV, MT, NL, PL, PT, RO, SE, SI, SK)",Tunisia,COCOA AND COCOA PREPARATIONS,EXPORT,VALUE_IN_EUROS,2005,5216743
ESTAT:DS-045409(1.0),06/02/26 11:00:00,Annual,"European Union - 27 countries (AT, BE, BG, CY, CZ, DE, DK, EE, ES, FI, FR, GR, HR, HU, IE, IT, LT, LU, LV, MT, NL, PL, PT, RO, SE, SI, SK)",Tunisia,COCOA AND COCOA PREPARATIONS,EXPORT,VALUE_IN_EUROS,2006,3615459
ESTAT:DS-045409(1.0),06/02/26 11:00:00,Annual,"European Union - 27 countries (AT, BE, BG, CY, CZ, DE, DK, EE, ES, FI, FR, GR, HR, HU, IE, IT, LT, LU, LV, MT, NL, PL, PT, RO, SE, SI, SK)",Tunisia,COCOA AND COCOA PREPARATIONS,EXPORT,VALUE_IN_EUROS,2007,3286310
ESTAT:DS-045409(1.0),06/02/26 11:00:00,Annual,"European Union - 27 countries (AT, BE, BG, CY, CZ, DE, DK, EE, ES, FI, FR, GR, HR, HU, IE, IT, LT, LU, LV, MT, NL, PL, PT, RO, SE, SI, SK)",Tunisia,COCOA AND COCOA PREPARATIONS,EXPORT,VALUE_IN_EUROS,2008,3597957
ESTAT:DS-045409(1.0),06/02/26 11:00:00,Annual,"European Union - 27 countries (AT, BE, BG, CY, CZ, DE, DK, EE, ES, FI, FR, GR, HR, HU, IE, IT, LT, LU, LV, MT, NL, PL, PT, RO, SE, SI, SK)",Tunisia,COCOA AND COCOA PREPARATIONS,EXPORT,VALUE_IN_EUROS,2009,4659814
ESTAT:DS-045409(1.0),06/02/26 11:00:00,Annual,"European Union - 27 countries (AT, BE, BG, CY, CZ, DE, DK, EE, ES, FI, FR, GR, HR, HU, IE, IT, LT, LU, LV, MT, NL, PL, PT, RO, SE, SI, SK)",Tunisia,COCOA AND COCOA PREPARATIONS,EXPORT,VALUE_IN_EUROS,2010,5056758
ESTAT:DS-045409(1.0),06/02/26 11:00:00,Annual,"European Union - 27 countries (AT, BE, BG, CY, CZ, DE, DK, EE, ES, FI, FR, GR, HR, HU, IE, IT, LT, LU, LV, MT, NL, PL, PT, RO, SE, SI, SK)",Tunisia,COCOA AND COCOA PREPARATIONS,EXPORT,VALUE_IN_EUROS,2011,8226186
ESTAT:DS-045409(1.0),06/02/26 11:00:00,Annual,"European Union - 27 countries (AT, BE, BG, CY, CZ, DE, DK, EE, ES, FI, FR, GR, HR, HU, IE, IT, LT, LU, LV, MT, NL, PL, PT, RO, SE, SI, SK)",Tunisia,COCOA AND COCOA PREPARATIONS,EXPORT,VALUE_IN_EUROS,2012,8923226
ESTAT:DS-045409(1.0),06/02/26 11:00:00,Annual,"European Union - 27 countries (AT, BE, BG, CY, CZ, DE, DK, EE, ES, FI, FR, GR, HR, HU, IE, IT, LT, LU, LV, MT, NL, PL, PT, RO, SE, SI, SK)",Tunisia,COCOA AND COCOA PREPARATIONS,EXPORT,VALUE_IN_EUROS,2013,8886027
ESTAT:DS-045409(1.0),06/02/26 11:00:00,Annual,"European Union - 27 countries (AT, BE, BG, CY, CZ, DE, DK, EE, ES, FI, FR, GR, HR, HU, IE, IT, LT, LU, LV, MT, NL, PL, PT, RO, SE, SI, SK)",Tunisia,COCOA AND COCOA PREPARATIONS,EXPORT,VALUE_IN_EUROS,2014,7659611
ESTAT:DS-045409(1.0),06/02/26 11:00:00,Annual,"European Union - 27 countries (AT, BE, BG, CY, CZ, DE, DK, EE, ES, FI, FR, GR, HR, HU, IE, IT, LT, LU, LV, MT, NL, PL, PT, RO, SE, SI, SK)",Tunisia,COCOA AND COCOA PREPARATIONS,EXPORT,VALUE_IN_EUROS,2015,12441515
ESTAT:DS-045409(1.0),06/02/26 11:00:00,Annual,"European Union - 27 countries (AT, BE, BG, CY, CZ, DE, DK, EE, ES, FI, FR, GR, HR, HU, IE, IT, LT, LU, LV, MT, NL, PL, PT, RO, SE, SI, SK)",Tunisia,COCOA AND COCOA PREPARATIONS,EXPORT,VALUE_IN_EUROS,2016,12931344
ESTAT:DS-045409(1.0),06/02/26 11:00:00,Annual,"European Union - 27 countries (AT, BE, BG, CY, CZ, DE, DK, EE, ES, FI, FR, GR, HR, HU, IE, IT, LT, LU, LV, MT, NL, PL, PT, RO, SE, SI, SK)",Tunisia,COCOA AND COCOA PREPARATIONS,EXPORT,VALUE_IN_EUROS,2017,10594851
ESTAT:DS-045409(1.0),06/02/26 11:00:00,Annual,"European Union - 27 countries (AT, BE, BG, CY, CZ, DE, DK, EE, ES, FI, FR, GR, HR, HU, IE, IT, LT, LU, LV, MT, NL, PL, PT, RO, SE, SI, SK)",Tunisia,COCOA AND COCOA PREPARATIONS,EXPORT,VALUE_IN_EUROS,2018,9827398
ESTAT:DS-045409(1.0),06/02/26 11:00:00,Annual,"European Union - 27 countries (AT, BE, BG, CY, CZ, DE, DK, EE, ES, FI, FR, GR, HR, HU, IE, IT, LT, LU, LV, MT, NL, PL, PT, RO, SE, SI, SK)",Tunisia,COCOA AND COCOA PREPARATIONS,EXPORT,VALUE_IN_EUROS,2019,10601537
ESTAT:DS-045409(1.0),06/02/26 11:00:00,Annual,"European Union - 27 countries (AT, BE, BG, CY, CZ, DE, DK, EE, ES, FI, FR, GR, HR, HU, IE, IT, LT, LU, LV, MT, NL, PL, PT, RO, SE, SI, SK)",Tunisia,COCOA AND COCOA PREPARATIONS,EXPORT,VALUE_IN_EUROS,2020,8832230
ESTAT:DS-045409(1.0),06/02/26 11:00:00,Annual,"European Union - 27 countries (AT, BE, BG, CY, CZ, DE, DK, EE, ES, FI, FR, GR, HR, HU, IE, IT, LT, LU, LV, MT, NL, PL, PT, RO, SE, SI, SK)",Tunisia,COCOA AND COCOA PREPARATIONS,EXPORT,VALUE_IN_EUROS,2021,10490410
ESTAT:DS-045409(1.0),06/02/26 11:00:00,Annual,"European Union - 27 countries (AT, BE, BG, CY, CZ, DE, DK, EE, ES, FI, FR, GR, HR, HU, IE, IT, LT, LU, LV, MT, NL, PL, PT, RO, SE, SI, SK)",Tunisia,COCOA AND COCOA PREPARATIONS,EXPORT,VALUE_IN_EUROS,2022,14304158
ESTAT:DS-045409(1.0),06/02/26 11:00:00,Annual,"European Union - 27 countries (AT, BE, BG, CY, CZ, DE, DK, EE, ES, FI, FR, GR, HR, HU, IE, IT, LT, LU, LV, MT, NL, PL, PT, RO, SE, SI, SK)",Tunisia,COCOA AND COCOA PREPARATIONS,EXPORT,VALUE_IN_EUROS,2023,18066254
ESTAT:DS-045409(1.0),06/02/26 11:00:00,Annual,"European Union - 27 countries (AT, BE, BG, CY, CZ, DE, DK, EE, ES, FI, FR, GR, HR, HU, IE, IT, LT, LU, LV, MT, NL, PL, PT, RO, SE, SI, SK)",Tunisia,COCOA AND COCOA PREPARATIONS,EXPORT,VALUE_IN_EUROS,2024,18421902
ESTAT:DS-045409(1.0),06/02/26 11:00:00,Annual,"European Union - 27 countries (AT, BE, BG, CY, CZ, DE, DK, EE, ES, FI, FR, GR, HR, HU, IE, IT, LT, LU, LV, MT, NL, PL, PT, RO, SE, SI, SK)","Tanzania, United Republic of",COCOA AND COCOA PREPARATIONS,EXPORT,VALUE_IN_EUROS,1999,60237
ESTAT:DS-045409(1.0),06/02/26 11:00:00,Annual,"European Union - 27 countries (AT, BE, BG, CY, CZ, DE, DK, EE, ES, FI, FR, GR, HR, HU, IE, IT, LT, LU, LV, MT, NL, PL, PT, RO, SE, SI, SK)","Tanzania, United Republic of",COCOA AND COCOA PREPARATIONS,EXPORT,VALUE_IN_EUROS,2000,18785
ESTAT:DS-045409(1.0),06/02/26 11:00:00,Annual,"European Union - 27 countries (AT, BE, BG, CY, CZ, DE, DK, EE, ES, FI, FR, GR, HR, HU, IE, IT, LT, LU, LV, MT, NL, PL, PT, RO, SE, SI, SK)","Tanzania, United Republic of",COCOA AND COCOA PREPARATIONS,EXPORT,VALUE_IN_EUROS,2001,20564
ESTAT:DS-045409(1.0),06/02/26 11:00:00,Annual,"European Union - 27 countries (AT, BE, BG, CY, CZ, DE, DK, EE, ES, FI, FR, GR, HR, HU, IE, IT, LT, LU, LV, MT, NL, PL, PT, RO, SE, SI, SK)","Tanzania, United Republic of",COCOA AND COCOA PREPARATIONS,EXPORT,VALUE_IN_EUROS,2002,3583
ESTAT:DS-045409(1.0),06/02/26 11:00:00,Annual,"European Union - 27 countries (AT, BE, BG, CY, CZ, DE, DK, EE, ES, FI, FR, GR, HR, HU, IE, IT, LT, LU, LV, MT, NL, PL, PT, RO, SE, SI, SK)","Tanzania, United Republic of",COCOA AND COCOA PREPARATIONS,EXPORT,VALUE_IN_EUROS,2003,83168
ESTAT:DS-045409(1.0),06/02/26 11:00:00,Annual,"European Union - 27 countries (AT, BE, BG, CY, CZ, DE, DK, EE, ES, FI, FR, GR, HR, HU, IE, IT, LT, LU, LV, MT, NL, PL, PT, RO, SE, SI, SK)","Tanzania, United Republic of",COCOA AND COCOA PREPARATIONS,EXPORT,VALUE_IN_EUROS,2004,190013
ESTAT:DS-045409(1.0),06/02/26 11:00:00,Annual,"European Union - 27 countries (AT, BE, BG, CY, CZ, DE, DK, EE, ES, FI, FR, GR, HR, HU, IE, IT, LT, LU, LV, MT, NL, PL, PT, RO, SE, SI, SK)","Tanzania, United Republic of",COCOA AND COCOA PREPARATIONS,EXPORT,VALUE_IN_EUROS,2005,168033
ESTAT:DS-045409(1.0),06/02/26 11:00:00,Annual,"European Union - 27 countries (AT, BE, BG, CY, CZ, DE, DK, EE, ES, FI, FR, GR, HR, HU, IE, IT, LT, LU, LV, MT, NL, PL, PT, RO, SE, SI, SK)","Tanzania, United Republic of",COCOA AND COCOA PREPARATIONS,EXPORT,VALUE_IN_EUROS,2006,219648
ESTAT:DS-045409(1.0),06/02/26 11:00:00,Annual,"European Union - 27 countries (AT, BE, BG, CY, CZ, DE, DK, EE, ES, FI, FR, GR, HR, HU, IE, IT, LT, LU, LV, MT, NL, PL, PT, RO, SE, SI, SK)","Tanzania, United Republic of",COCOA AND COCOA PREPARATIONS,EXPORT,VALUE_IN_EUROS,2007,187079
ESTAT:DS-045409(1.0),06/02/26 11:00:00,Annual,"European Union - 27 countries (AT, BE, BG, CY, CZ, DE, DK, EE, ES, FI, FR, GR, HR, HU, IE, IT, LT, LU, LV, MT, NL, PL, PT, RO, SE, SI, SK)","Tanzania, United Republic of",COCOA AND COCOA PREPARATIONS,EXPORT,VALUE_IN_EUROS,2008,323094
ESTAT:DS-045409(1.0),06/02/26 11:00:00,Annual,"European Union - 27 countries (AT, BE, BG, CY, CZ, DE, DK, EE, ES, FI, FR, GR, HR, HU, IE, IT, LT, LU, LV, MT, NL, PL, PT, RO, SE, SI, SK)","Tanzania, United Republic of",COCOA AND COCOA PREPARATIONS,EXPORT,VALUE_IN_EUROS,2009,262826
ESTAT:DS-045409(1.0),06/02/26 11:00:00,Annual,"European Union - 27 countries (AT, BE, BG, CY, CZ, DE, DK, EE, ES, FI, FR, GR, HR, HU, IE, IT, LT, LU, LV, MT, NL, PL, PT, RO, SE, SI, SK)","Tanzania, United Republic of",COCOA AND COCOA PREPARATIONS,EXPORT,VALUE_IN_EUROS,2010,406747
ESTAT:DS-045409(1.0),06/02/26 11:00:00,Annual,"European Union - 27 countries (AT, BE, BG, CY, CZ, DE, DK, EE, ES, FI, FR, GR, HR, HU, IE, IT, LT, LU, LV, MT, NL, PL, PT, RO, SE, SI, SK)","Tanzania, United Republic of",COCOA AND COCOA PREPARATIONS,EXPORT,VALUE_IN_EUROS,2011,302940
ESTAT:DS-045409(1.0),06/02/26 11:00:00,Annual,"European Union - 27 countries (AT, BE, BG, CY, CZ, DE, DK, EE, ES, FI, FR, GR, HR, HU, IE, IT, LT, LU, LV, MT, NL, PL, PT, RO, SE, SI, SK)","Tanzania, United Republic of",COCOA AND COCOA PREPARATIONS,EXPORT,VALUE_IN_EUROS,2012,438184
ESTAT:DS-045409(1.0),06/02/26 11:00:00,Annual,"European Union - 27 countries (AT, BE, BG, CY, CZ, DE, DK, EE, ES, FI, FR, GR, HR, HU, IE, IT, LT, LU, LV, MT, NL, PL, PT, RO, SE, SI, SK)","Tanzania, United Republic of",COCOA AND COCOA PREPARATIONS,EXPORT,VALUE_IN_EUROS,2013,357416
ESTAT:DS-045409(1.0),06/02/26 11:00:00,Annual,"European Union - 27 countries (AT, BE, BG, CY, CZ, DE, DK, EE, ES, FI, FR, GR, HR, HU, IE, IT, LT, LU, LV, MT, NL, PL, PT, RO, SE, SI, SK)","Tanzania, United Republic of",COCOA AND COCOA PREPARATIONS,EXPORT,VALUE_IN_EUROS,2014,337948
ESTAT:DS-045409(1.0),06/02/26 11:00:00,Annual,"European Union - 27 countries (AT, BE, BG, CY, CZ, DE, DK, EE, ES, FI, FR, GR, HR, HU, IE, IT, LT, LU, LV, MT, NL, PL, PT, RO, SE, SI, SK)","Tanzania, United Republic of",COCOA AND COCOA PREPARATIONS,EXPORT,VALUE_IN_EUROS,2015,345015
ESTAT:DS-045409(1.0),06/02/26 11:00:00,Annual,"European Union - 27 countries (AT, BE, BG, CY, CZ, DE, DK, EE, ES, FI, FR, GR, HR, HU, IE, IT, LT, LU, LV, MT, NL, PL, PT, RO, SE, SI, SK)","Tanzania, United Republic of",COCOA AND COCOA PREPARATIONS,EXPORT,VALUE_IN_EUROS,2016,171343
ESTAT:DS-045409(1.0),06/02/26 11:00:00,Annual,"European Union - 27 countries (AT, BE, BG, CY, CZ, DE, DK, EE, ES, FI, FR, GR, HR, HU, IE, IT, LT, LU, LV, MT, NL, PL, PT, RO, SE, SI, SK)","Tanzania, United Republic of",COCOA AND COCOA PREPARATIONS,EXPORT,VALUE_IN_EUROS,2017,236626
ESTAT:DS-045409(1.0),06/02/26 11:00:00,Annual,"European Union - 27 countries (AT, BE, BG, CY, CZ, DE, DK, EE, ES, FI, FR, GR, HR, HU, IE, IT, LT, LU, LV, MT, NL, PL, PT, RO, SE, SI, SK)","Tanzania, United Republic of",COCOA AND COCOA PREPARATIONS,EXPORT,VALUE_IN_EUROS,2018,180651
ESTAT:DS-045409(1.0),06/02/26 11:00:00,Annual,"European Union - 27 countries (AT, BE, BG, CY, CZ, DE, DK, EE, ES, FI, FR, GR, HR, HU, IE, IT, LT, LU, LV, MT, NL, PL, PT, RO, SE, SI, SK)","Tanzania, United Republic of",COCOA AND COCOA PREPARATIONS,EXPORT,VALUE_IN_EUROS,2019,135329
ESTAT:DS-045409(1.0),06/02/26 11:00:00,Annual,"European Union - 27 countries (AT, BE, BG, CY, CZ, DE, DK, EE, ES, FI, FR, GR, HR, HU, IE, IT, LT, LU, LV, MT, NL, PL, PT, RO, SE, SI, SK)","Tanzania, United Republic of",COCOA AND COCOA PREPARATIONS,EXPORT,VALUE_IN_EUROS,2020,81960
ESTAT:DS-045409(1.0),06/02/26 11:00:00,Annual,"European Union - 27 countries (AT, BE, BG, CY, CZ, DE, DK, EE, ES, FI, FR, GR, HR, HU, IE, IT, LT, LU, LV, MT, NL, PL, PT, RO, SE, SI, SK)","Tanzania, United Republic of",COCOA AND COCOA PREPARATIONS,EXPORT,VALUE_IN_EUROS,2021,193945
ESTAT:DS-045409(1.0),06/02/26 11:00:00,Annual,"European Union - 27 countries (AT, BE, BG, CY, CZ, DE, DK, EE, ES, FI, FR, GR, HR, HU, IE, IT, LT, LU, LV, MT, NL, PL, PT, RO, SE, SI, SK)","Tanzania, United Republic of",COCOA AND COCOA PREPARATIONS,EXPORT,VALUE_IN_EUROS,2022,633643
ESTAT:DS-045409(1.0),06/02/26 11:00:00,Annual,"European Union - 27 countries (AT, BE, BG, CY, CZ, DE, DK, EE, ES, FI, FR, GR, HR, HU, IE, IT, LT, LU, LV, MT, NL, PL, PT, RO, SE, SI, SK)","Tanzania, United Republic of",COCOA AND COCOA PREPARATIONS,EXPORT,VALUE_IN_EUROS,2023,685390
ESTAT:DS-045409(1.0),06/02/26 11:00:00,Annual,"European Union - 27 countries (AT, BE, BG, CY, CZ, DE, DK, EE, ES, FI, FR, GR, HR, HU, IE, IT, LT, LU, LV, MT, NL, PL, PT, RO, SE, SI, SK)","Tanzania, United Republic of",COCOA AND COCOA PREPARATIONS,EXPORT,VALUE_IN_EUROS,2024,274576
ESTAT:DS-045409(1.0),06/02/26 11:00:00,Annual,"European Union - 27 countries (AT, BE, BG, CY, CZ, DE, DK, EE, ES, FI, FR, GR, HR, HU, IE, IT, LT, LU, LV, MT, NL, PL, PT, RO, SE, SI, SK)",Uganda,COCOA AND COCOA PREPARATIONS,EXPORT,VALUE_IN_EUROS,1999,104710
ESTAT:DS-045409(1.0),06/02/26 11:00:00,Annual,"European Union - 27 countries (AT, BE, BG, CY, CZ, DE, DK, EE, ES, FI, FR, GR, HR, HU, IE, IT, LT, LU, LV, MT, NL, PL, PT, RO, SE, SI, SK)",Uganda,COCOA AND COCOA PREPARATIONS,EXPORT,VALUE_IN_EUROS,2000,86755
ESTAT:DS-045409(1.0),06/02/26 11:00:00,Annual,"European Union - 27 countries (AT, BE, BG, CY, CZ, DE, DK, EE, ES, FI, FR, GR, HR, HU, IE, IT, LT, LU, LV, MT, NL, PL, PT, RO, SE, SI, SK)",Uganda,COCOA AND COCOA PREPARATIONS,EXPORT,VALUE_IN_EUROS,2001,64454
ESTAT:DS-045409(1.0),06/02/26 11:00:00,Annual,"European Union - 27 countries (AT, BE, BG, CY, CZ, DE, DK, EE, ES, FI, FR, GR, HR, HU, IE, IT, LT, LU, LV, MT, NL, PL, PT, RO, SE, SI, SK)",Uganda,COCOA AND COCOA PREPARATIONS,EXPORT,VALUE_IN_EUROS,2002,62501
ESTAT:DS-045409(1.0),06/02/26 11:00:00,Annual,"European Union - 27 countries (AT, BE, BG, CY, CZ, DE, DK, EE, ES, FI, FR, GR, HR, HU, IE, IT, LT, LU, LV, MT, NL, PL, PT, RO, SE, SI, SK)",Uganda,COCOA AND COCOA PREPARATIONS,EXPORT,VALUE_IN_EUROS,2003,43297
ESTAT:DS-045409(1.0),06/02/26 11:00:00,Annual,"European Union - 27 countries (AT, BE, BG, CY, CZ, DE, DK, EE, ES, FI, FR, GR, HR, HU, IE, IT, LT, LU, LV, MT, NL, PL, PT, RO, SE, SI, SK)",Uganda,COCOA AND COCOA PREPARATIONS,EXPORT,VALUE_IN_EUROS,2004,49722
ESTAT:DS-045409(1.0),06/02/26 11:00:00,Annual,"European Union - 27 countries (AT, BE, BG, CY, CZ, DE, DK, EE, ES, FI, FR, GR, HR, HU, IE, IT, LT, LU, LV, MT, NL, PL, PT, RO, SE, SI, SK)",Uganda,COCOA AND COCOA PREPARATIONS,EXPORT,VALUE_IN_EUROS,2005,82406
ESTAT:DS-045409(1.0),06/02/26 11:00:00,Annual,"European Union - 27 countries (AT, BE, BG, CY, CZ, DE, DK, EE, ES, FI, FR, GR, HR, HU, IE, IT, LT, LU, LV, MT, NL, PL, PT, RO, SE, SI, SK)",Uganda,COCOA AND COCOA PREPARATIONS,EXPORT,VALUE_IN_EUROS,2006,84716
ESTAT:DS-045409(1.0),06/02/26 11:00:00,Annual,"European Union - 27 countries (AT, BE, BG, CY, CZ, DE, DK, EE, ES, FI, FR, GR, HR, HU, IE, IT, LT, LU, LV, MT, NL, PL, PT, RO, SE, SI, SK)",Uganda,COCOA AND COCOA PREPARATIONS,EXPORT,VALUE_IN_EUROS,2007,63221
ESTAT:DS-045409(1.0),06/02/26 11:00:00,Annual,"European Union - 27 countries (AT, BE, BG, CY, CZ, DE, DK, EE, ES, FI, FR, GR, HR, HU, IE, IT, LT, LU, LV, MT, NL, PL, PT, RO, SE, SI, SK)",Uganda,COCOA AND COCOA PREPARATIONS,EXPORT,VALUE_IN_EUROS,2008,102494
ESTAT:DS-045409(1.0),06/02/26 11:00:00,Annual,"European Union - 27 countries (AT, BE, BG, CY, CZ, DE, DK, EE, ES, FI, FR, GR, HR, HU, IE, IT, LT, LU, LV, MT, NL, PL, PT, RO, SE, SI, SK)",Uganda,COCOA AND COCOA PREPARATIONS,EXPORT,VALUE_IN_EUROS,2009,105377
ESTAT:DS-045409(1.0),06/02/26 11:00:00,Annual,"European Union - 27 countries (AT, BE, BG, CY, CZ, DE, DK, EE, ES, FI, FR, GR, HR, HU, IE, IT, LT, LU, LV, MT, NL, PL, PT, RO, SE, SI, SK)",Uganda,COCOA AND COCOA PREPARATIONS,EXPORT,VALUE_IN_EUROS,2010,246664
ESTAT:DS-045409(1.0),06/02/26 11:00:00,Annual,"European Union - 27 countries (AT, BE, BG, CY, CZ, DE, DK, EE, ES, FI, FR, GR, HR, HU, IE, IT, LT, LU, LV, MT, NL, PL, PT, RO, SE, SI, SK)",Uganda,COCOA AND COCOA PREPARATIONS,EXPORT,VALUE_IN_EUROS,2011,176113
ESTAT:DS-045409(1.0),06/02/26 11:00:00,Annual,"European Union - 27 countries (AT, BE, BG, CY, CZ, DE, DK, EE, ES, FI, FR, GR, HR, HU, IE, IT, LT, LU, LV, MT, NL, PL, PT, RO, SE, SI, SK)",Uganda,COCOA AND COCOA PREPARATIONS,EXPORT,VALUE_IN_EUROS,2012,261447
ESTAT:DS-045409(1.0),06/02/26 11:00:00,Annual,"European Union - 27 countries (AT, BE, BG, CY, CZ, DE, DK, EE, ES, FI, FR, GR, HR, HU, IE, IT, LT, LU, LV, MT, NL, PL, PT, RO, SE, SI, SK)",Uganda,COCOA AND COCOA PREPARATIONS,EXPORT,VALUE_IN_EUROS,2013,287085
ESTAT:DS-045409(1.0),06/02/26 11:00:00,Annual,"European Union - 27 countries (AT, BE, BG, CY, CZ, DE, DK, EE, ES, FI, FR, GR, HR, HU, IE, IT, LT, LU, LV, MT, NL, PL, PT, RO, SE, SI, SK)",Uganda,COCOA AND COCOA PREPARATIONS,EXPORT,VALUE_IN_EUROS,2014,346409
ESTAT:DS-045409(1.0),06/02/26 11:00:00,Annual,"European Union - 27 countries (AT, BE, BG, CY, CZ, DE, DK, EE, ES, FI, FR, GR, HR, HU, IE, IT, LT, LU, LV, MT, NL, PL, PT, RO, SE, SI, SK)",Uganda,COCOA AND COCOA PREPARATIONS,EXPORT,VALUE_IN_EUROS,2015,378949
ESTAT:DS-045409(1.0),06/02/26 11:00:00,Annual,"European Union - 27 countries (AT, BE, BG, CY, CZ, DE, DK, EE, ES, FI, FR, GR, HR, HU, IE, IT, LT, LU, LV, MT, NL, PL, PT, RO, SE, SI, SK)",Uganda,COCOA AND COCOA PREPARATIONS,EXPORT,VALUE_IN_EUROS,2016,334328
ESTAT:DS-045409(1.0),06/02/26 11:00:00,Annual,"European Union - 27 countries (AT, BE, BG, CY, CZ, DE, DK, EE, ES, FI, FR, GR, HR, HU, IE, IT, LT, LU, LV, MT, NL, PL, PT, RO, SE, SI, SK)",Uganda,COCOA AND COCOA PREPARATIONS,EXPORT,VALUE_IN_EUROS,2017,279347
ESTAT:DS-045409(1.0),06/02/26 11:00:00,Annual,"European Union - 27 countries (AT, BE, BG, CY, CZ, DE, DK, EE, ES, FI, FR, GR, HR, HU, IE, IT, LT, LU, LV, MT, NL, PL, PT, RO, SE, SI, SK)",Uganda,COCOA AND COCOA PREPARATIONS,EXPORT,VALUE_IN_EUROS,2018,495037
ESTAT:DS-045409(1.0),06/02/26 11:00:00,Annual,"European Union - 27 countries (AT, BE, BG, CY, CZ, DE, DK, EE, ES, FI, FR, GR, HR, HU, IE, IT, LT, LU, LV, MT, NL, PL, PT, RO, SE, SI, SK)",Uganda,COCOA AND COCOA PREPARATIONS,EXPORT,VALUE_IN_EUROS,2019,608655
ESTAT:DS-045409(1.0),06/02/26 11:00:00,Annual,"European Union - 27 countries (AT, BE, BG, CY, CZ, DE, DK, EE, ES, FI, FR, GR, HR, HU, IE, IT, LT, LU, LV, MT, NL, PL, PT, RO, SE, SI, SK)",Uganda,COCOA AND COCOA PREPARATIONS,EXPORT,VALUE_IN_EUROS,2020,305229
ESTAT:DS-045409(1.0),06/02/26 11:00:00,Annual,"European Union - 27 countries (AT, BE, BG, CY, CZ, DE, DK, EE, ES, FI, FR, GR, HR, HU, IE, IT, LT, LU, LV, MT, NL, PL, PT, RO, SE, SI, SK)",Uganda,COCOA AND COCOA PREPARATIONS,EXPORT,VALUE_IN_EUROS,2021,415169
ESTAT:DS-045409(1.0),06/02/26 11:00:00,Annual,"European Union - 27 countries (AT, BE, BG, CY, CZ, DE, DK, EE, ES, FI, FR, GR, HR, HU, IE, IT, LT, LU, LV, MT, NL, PL, PT, RO, SE, SI, SK)",Uganda,COCOA AND COCOA PREPARATIONS,EXPORT,VALUE_IN_EUROS,2022,476463
ESTAT:DS-045409(1.0),06/02/26 11:00:00,Annual,"European Union - 27 countries (AT, BE, BG, CY, CZ, DE, DK, EE, ES, FI, FR, GR, HR, HU, IE, IT, LT, LU, LV, MT, NL, PL, PT, RO, SE, SI, SK)",Uganda,COCOA AND COCOA PREPARATIONS,EXPORT,VALUE_IN_EUROS,2023,879499
ESTAT:DS-045409(1.0),06/02/26 11:00:00,Annual,"European Union - 27 countries (AT, BE, BG, CY, CZ, DE, DK, EE, ES, FI, FR, GR, HR, HU, IE, IT, LT, LU, LV, MT, NL, PL, PT, RO, SE, SI, SK)",Uganda,COCOA AND COCOA PREPARATIONS,EXPORT,VALUE_IN_EUROS,2024,783403
ESTAT:DS-045409(1.0),06/02/26 11:00:00,Annual,"European Union - 27 countries (AT, BE, BG, CY, CZ, DE, DK, EE, ES, FI, FR, GR, HR, HU, IE, IT, LT, LU, LV, MT, NL, PL, PT, RO, SE, SI, SK)",South Africa (incl. Namibia 'NA' -> 1989),COCOA AND COCOA PREPARATIONS,EXPORT,VALUE_IN_EUROS,1999,4314380
ESTAT:DS-045409(1.0),06/02/26 11:00:00,Annual,"European Union - 27 countries (AT, BE, BG, CY, CZ, DE, DK, EE, ES, FI, FR, GR, HR, HU, IE, IT, LT, LU, LV, MT, NL, PL, PT, RO, SE, SI, SK)",South Africa (incl. Namibia 'NA' -> 1989),COCOA AND COCOA PREPARATIONS,EXPORT,VALUE_IN_EUROS,2000,5290534
ESTAT:DS-045409(1.0),06/02/26 11:00:00,Annual,"European Union - 27 countries (AT, BE, BG, CY, CZ, DE, DK, EE, ES, FI, FR, GR, HR, HU, IE, IT, LT, LU, LV, MT, NL, PL, PT, RO, SE, SI, SK)",South Africa (incl. Namibia 'NA' -> 1989),COCOA AND COCOA PREPARATIONS,EXPORT,VALUE_IN_EUROS,2001,6182440
ESTAT:DS-045409(1.0),06/02/26 11:00:00,Annual,"European Union - 27 countries (AT, BE, BG, CY, CZ, DE, DK, EE, ES, FI, FR, GR, HR, HU, IE, IT, LT, LU, LV, MT, NL, PL, PT, RO, SE, SI, SK)",South Africa (incl. Namibia 'NA' -> 1989),COCOA AND COCOA PREPARATIONS,EXPORT,VALUE_IN_EUROS,2002,5318759
ESTAT:DS-045409(1.0),06/02/26 11:00:00,Annual,"European Union - 27 countries (AT, BE, BG, CY, CZ, DE, DK, EE, ES, FI, FR, GR, HR, HU, IE, IT, LT, LU, LV, MT, NL, PL, PT, RO, SE, SI, SK)",South Africa (incl. Namibia 'NA' -> 1989),COCOA AND COCOA PREPARATIONS,EXPORT,VALUE_IN_EUROS,2003,6005328
ESTAT:DS-045409(1.0),06/02/26 11:00:00,Annual,"European Union - 27 countries (AT, BE, BG, CY, CZ, DE, DK, EE, ES, FI, FR, GR, HR, HU, IE, IT, LT, LU, LV, MT, NL, PL, PT, RO, SE, SI, SK)",South Africa (incl. Namibia 'NA' -> 1989),COCOA AND COCOA PREPARATIONS,EXPORT,VALUE_IN_EUROS,2004,8130396
ESTAT:DS-045409(1.0),06/02/26 11:00:00,Annual,"European Union - 27 countries (AT, BE, BG, CY, CZ, DE, DK, EE, ES, FI, FR, GR, HR, HU, IE, IT, LT, LU, LV, MT, NL, PL, PT, RO, SE, SI, SK)",South Africa (incl. Namibia 'NA' -> 1989),COCOA AND COCOA PREPARATIONS,EXPORT,VALUE_IN_EUROS,2005,11608327
ESTAT:DS-045409(1.0),06/02/26 11:00:00,Annual,"European Union - 27 countries (AT, BE, BG, CY, CZ, DE, DK, EE, ES, FI, FR, GR, HR, HU, IE, IT, LT, LU, LV, MT, NL, PL, PT, RO, SE, SI, SK)",South Africa (incl. Namibia 'NA' -> 1989),COCOA AND COCOA PREPARATIONS,EXPORT,VALUE_IN_EUROS,2006,13620977
ESTAT:DS-045409(1.0),06/02/26 11:00:00,Annual,"European Union - 27 countries (AT, BE, BG, CY, CZ, DE, DK, EE, ES, FI, FR, GR, HR, HU, IE, IT, LT, LU, LV, MT, NL, PL, PT, RO, SE, SI, SK)",South Africa (incl. Namibia 'NA' -> 1989),COCOA AND COCOA PREPARATIONS,EXPORT,VALUE_IN_EUROS,2007,17457759
ESTAT:DS-045409(1.0),06/02/26 11:00:00,Annual,"European Union - 27 countries (AT, BE, BG, CY, CZ, DE, DK, EE, ES, FI, FR, GR, HR, HU, IE, IT, LT, LU, LV, MT, NL, PL, PT, RO, SE, SI, SK)",South Africa (incl. Namibia 'NA' -> 1989),COCOA AND COCOA PREPARATIONS,EXPORT,VALUE_IN_EUROS,2008,17682110
ESTAT:DS-045409(1.0),06/02/26 11:00:00,Annual,"European Union - 27 countries (AT, BE, BG, CY, CZ, DE, DK, EE, ES, FI, FR, GR, HR, HU, IE, IT, LT, LU, LV, MT, NL, PL, PT, RO, SE, SI, SK)",South Africa (incl. Namibia 'NA' -> 1989),COCOA AND COCOA PREPARATIONS,EXPORT,VALUE_IN_EUROS,2009,19534876
ESTAT:DS-045409(1.0),06/02/26 11:00:00,Annual,"European Union - 27 countries (AT, BE, BG, CY, CZ, DE, DK, EE, ES, FI, FR, GR, HR, HU, IE, IT, LT, LU, LV, MT, NL, PL, PT, RO, SE, SI, SK)",South Africa (incl. Namibia 'NA' -> 1989),COCOA AND COCOA PREPARATIONS,EXPORT,VALUE_IN_EUROS,2010,22809783
ESTAT:DS-045409(1.0),06/02/26 11:00:00,Annual,"European Union - 27 countries (AT, BE, BG, CY, CZ, DE, DK, EE, ES, FI, FR, GR, HR, HU, IE, IT, LT, LU, LV, MT, NL, PL, PT, RO, SE, SI, SK)",South Africa (incl. Namibia 'NA' -> 1989),COCOA AND COCOA PREPARATIONS,EXPORT,VALUE_IN_EUROS,2011,36545249
ESTAT:DS-045409(1.0),06/02/26 11:00:00,Annual,"European Union - 27 countries (AT, BE, BG, CY, CZ, DE, DK, EE, ES, FI, FR, GR, HR, HU, IE, IT, LT, LU, LV, MT, NL, PL, PT, RO, SE, SI, SK)",South Africa (incl. Namibia 'NA' -> 1989),COCOA AND COCOA PREPARATIONS,EXPORT,VALUE_IN_EUROS,2012,43500281
ESTAT:DS-045409(1.0),06/02/26 11:00:00,Annual,"European Union - 27 countries (AT, BE, BG, CY, CZ, DE, DK, EE, ES, FI, FR, GR, HR, HU, IE, IT, LT, LU, LV, MT, NL, PL, PT, RO, SE, SI, SK)",South Africa (incl. Namibia 'NA' -> 1989),COCOA AND COCOA PREPARATIONS,EXPORT,VALUE_IN_EUROS,2013,45558855
ESTAT:DS-045409(1.0),06/02/26 11:00:00,Annual,"European Union - 27 countries (AT, BE, BG, CY, CZ, DE, DK, EE, ES, FI, FR, GR, HR, HU, IE, IT, LT, LU, LV, MT, NL, PL, PT, RO, SE, SI, SK)",South Africa (incl. Namibia 'NA' -> 1989),COCOA AND COCOA PREPARATIONS,EXPORT,VALUE_IN_EUROS,2014,55069529
ESTAT:DS-045409(1.0),06/02/26 11:00:00,Annual,"European Union - 27 countries (AT, BE, BG, CY, CZ, DE, DK, EE, ES, FI, FR, GR, HR, HU, IE, IT, LT, LU, LV, MT, NL, PL, PT, RO, SE, SI, SK)",South Africa (incl. Namibia 'NA' -> 1989),COCOA AND COCOA PREPARATIONS,EXPORT,VALUE_IN_EUROS,2015,69974987
ESTAT:DS-045409(1.0),06/02/26 11:00:00,Annual,"European Union - 27 countries (AT, BE, BG, CY, CZ, DE, DK, EE, ES, FI, FR, GR, HR, HU, IE, IT, LT, LU, LV, MT, NL, PL, PT, RO, SE, SI, SK)",South Africa (incl. Namibia 'NA' -> 1989),COCOA AND COCOA PREPARATIONS,EXPORT,VALUE_IN_EUROS,2016,64195158
ESTAT:DS-045409(1.0),06/02/26 11:00:00,Annual,"European Union - 27 countries (AT, BE, BG, CY, CZ, DE, DK, EE, ES, FI, FR, GR, HR, HU, IE, IT, LT, LU, LV, MT, NL, PL, PT, RO, SE, SI, SK)",South Africa (incl. Namibia 'NA' -> 1989),COCOA AND COCOA PREPARATIONS,EXPORT,VALUE_IN_EUROS,2017,76174644
ESTAT:DS-045409(1.0),06/02/26 11:00:00,Annual,"European Union - 27 countries (AT, BE, BG, CY, CZ, DE, DK, EE, ES, FI, FR, GR, HR, HU, IE, IT, LT, LU, LV, MT, NL, PL, PT, RO, SE, SI, SK)",South Africa (incl. Namibia 'NA' -> 1989),COCOA AND COCOA PREPARATIONS,EXPORT,VALUE_IN_EUROS,2018,72171897
ESTAT:DS-045409(1.0),06/02/26 11:00:00,Annual,"European Union - 27 countries (AT, BE, BG, CY, CZ, DE, DK, EE, ES, FI, FR, GR, HR, HU, IE, IT, LT, LU, LV, MT, NL, PL, PT, RO, SE, SI, SK)",South Africa (incl. Namibia 'NA' -> 1989),COCOA AND COCOA PREPARATIONS,EXPORT,VALUE_IN_EUROS,2019,76678257
ESTAT:DS-045409(1.0),06/02/26 11:00:00,Annual,"European Union - 27 countries (AT, BE, BG, CY, CZ, DE, DK, EE, ES, FI, FR, GR, HR, HU, IE, IT, LT, LU, LV, MT, NL, PL, PT, RO, SE, SI, SK)",South Africa (incl. Namibia 'NA' -> 1989),COCOA AND COCOA PREPARATIONS,EXPORT,VALUE_IN_EUROS,2020,78074250
ESTAT:DS-045409(1.0),06/02/26 11:00:00,Annual,"European Union - 27 countries (AT, BE, BG, CY, CZ, DE, DK, EE, ES, FI, FR, GR, HR, HU, IE, IT, LT, LU, LV, MT, NL, PL, PT, RO, SE, SI, SK)",South Africa (incl. Namibia 'NA' -> 1989),COCOA AND COCOA PREPARATIONS,EXPORT,VALUE_IN_EUROS,2021,83846447
ESTAT:DS-045409(1.0),06/02/26 11:00:00,Annual,"European Union - 27 countries (AT, BE, BG, CY, CZ, DE, DK, EE, ES, FI, FR, GR, HR, HU, IE, IT, LT, LU, LV, MT, NL, PL, PT, RO, SE, SI, SK)",South Africa (incl. Namibia 'NA' -> 1989),COCOA AND COCOA PREPARATIONS,EXPORT,VALUE_IN_EUROS,2022,84543092
ESTAT:DS-045409(1.0),06/02/26 11:00:00,Annual,"European Union - 27 countries (AT, BE, BG, CY, CZ, DE, DK, EE, ES, FI, FR, GR, HR, HU, IE, IT, LT, LU, LV, MT, NL, PL, PT, RO, SE, SI, SK)",South Africa (incl. Namibia 'NA' -> 1989),COCOA AND COCOA PREPARATIONS,EXPORT,VALUE_IN_EUROS,2023,89470746
ESTAT:DS-045409(1.0),06/02/26 11:00:00,Annual,"European Union - 27 countries (AT, BE, BG, CY, CZ, DE, DK, EE, ES, FI, FR, GR, HR, HU, IE, IT, LT, LU, LV, MT, NL, PL, PT, RO, SE, SI, SK)",South Africa (incl. Namibia 'NA' -> 1989),COCOA AND COCOA PREPARATIONS,EXPORT,VALUE_IN_EUROS,2024,101627727
ESTAT:DS-045409(1.0),06/02/26 11:00:00,Annual,"European Union - 27 countries (AT, BE, BG, CY, CZ, DE, DK, EE, ES, FI, FR, GR, HR, HU, IE, IT, LT, LU, LV, MT, NL, PL, PT, RO, SE, SI, SK)",Zambia,COCOA AND COCOA PREPARATIONS,EXPORT,VALUE_IN_EUROS,1999,17304
ESTAT:DS-045409(1.0),06/02/26 11:00:00,Annual,"European Union - 27 countries (AT, BE, BG, CY, CZ, DE, DK, EE, ES, FI, FR, GR, HR, HU, IE, IT, LT, LU, LV, MT, NL, PL, PT, RO, SE, SI, SK)",Zambia,COCOA AND COCOA PREPARATIONS,EXPORT,VALUE_IN_EUROS,2000,7119
ESTAT:DS-045409(1.0),06/02/26 11:00:00,Annual,"European Union - 27 countries (AT, BE, BG, CY, CZ, DE, DK, EE, ES, FI, FR, GR, HR, HU, IE, IT, LT, LU, LV, MT, NL, PL, PT, RO, SE, SI, SK)",Zambia,COCOA AND COCOA PREPARATIONS,EXPORT,VALUE_IN_EUROS,2001,20020
ESTAT:DS-045409(1.0),06/02/26 11:00:00,Annual,"European Union - 27 countries (AT, BE, BG, CY, CZ, DE, DK, EE, ES, FI, FR, GR, HR, HU, IE, IT, LT, LU, LV, MT, NL, PL, PT, RO, SE, SI, SK)",Zambia,COCOA AND COCOA PREPARATIONS,EXPORT,VALUE_IN_EUROS,2002,27787
ESTAT:DS-045409(1.0),06/02/26 11:00:00,Annual,"European Union - 27 countries (AT, BE, BG, CY, CZ, DE, DK, EE, ES, FI, FR, GR, HR, HU, IE, IT, LT, LU, LV, MT, NL, PL, PT, RO, SE, SI, SK)",Zambia,COCOA AND COCOA PREPARATIONS,EXPORT,VALUE_IN_EUROS,2003,23243
ESTAT:DS-045409(1.0),06/02/26 11:00:00,Annual,"European Union - 27 countries (AT, BE, BG, CY, CZ, DE, DK, EE, ES, FI, FR, GR, HR, HU, IE, IT, LT, LU, LV, MT, NL, PL, PT, RO, SE, SI, SK)",Zambia,COCOA AND COCOA PREPARATIONS,EXPORT,VALUE_IN_EUROS,2004,121329
ESTAT:DS-045409(1.0),06/02/26 11:00:00,Annual,"European Union - 27 countries (AT, BE, BG, CY, CZ, DE, DK, EE, ES, FI, FR, GR, HR, HU, IE, IT, LT, LU, LV, MT, NL, PL, PT, RO, SE, SI, SK)",Zambia,COCOA AND COCOA PREPARATIONS,EXPORT,VALUE_IN_EUROS,2005,96481
ESTAT:DS-045409(1.0),06/02/26 11:00:00,Annual,"European Union - 27 countries (AT, BE, BG, CY, CZ, DE, DK, EE, ES, FI, FR, GR, HR, HU, IE, IT, LT, LU, LV, MT, NL, PL, PT, RO, SE, SI, SK)",Zambia,COCOA AND COCOA PREPARATIONS,EXPORT,VALUE_IN_EUROS,2006,190193
ESTAT:DS-045409(1.0),06/02/26 11:00:00,Annual,"European Union - 27 countries (AT, BE, BG, CY, CZ, DE, DK, EE, ES, FI, FR, GR, HR, HU, IE, IT, LT, LU, LV, MT, NL, PL, PT, RO, SE, SI, SK)",Zambia,COCOA AND COCOA PREPARATIONS,EXPORT,VALUE_IN_EUROS,2007,136525
ESTAT:DS-045409(1.0),06/02/26 11:00:00,Annual,"European Union - 27 countries (AT, BE, BG, CY, CZ, DE, DK, EE, ES, FI, FR, GR, HR, HU, IE, IT, LT, LU, LV, MT, NL, PL, PT, RO, SE, SI, SK)",Zambia,COCOA AND COCOA PREPARATIONS,EXPORT,VALUE_IN_EUROS,2008,184468
ESTAT:DS-045409(1.0),06/02/26 11:00:00,Annual,"European Union - 27 countries (AT, BE, BG, CY, CZ, DE, DK, EE, ES, FI, FR, GR, HR, HU, IE, IT, LT, LU, LV, MT, NL, PL, PT, RO, SE, SI, SK)",Zambia,COCOA AND COCOA PREPARATIONS,EXPORT,VALUE_IN_EUROS,2009,231828
ESTAT:DS-045409(1.0),06/02/26 11:00:00,Annual,"European Union - 27 countries (AT, BE, BG, CY, CZ, DE, DK, EE, ES, FI, FR, GR, HR, HU, IE, IT, LT, LU, LV, MT, NL, PL, PT, RO, SE, SI, SK)",Zambia,COCOA AND COCOA PREPARATIONS,EXPORT,VALUE_IN_EUROS,2010,296623
ESTAT:DS-045409(1.0),06/02/26 11:00:00,Annual,"European Union - 27 countries (AT, BE, BG, CY, CZ, DE, DK, EE, ES, FI, FR, GR, HR, HU, IE, IT, LT, LU, LV, MT, NL, PL, PT, RO, SE, SI, SK)",Zambia,COCOA AND COCOA PREPARATIONS,EXPORT,VALUE_IN_EUROS,2011,74611
ESTAT:DS-045409(1.0),06/02/26 11:00:00,Annual,"European Union - 27 countries (AT, BE, BG, CY, CZ, DE, DK, EE, ES, FI, FR, GR, HR, HU, IE, IT, LT, LU, LV, MT, NL, PL, PT, RO, SE, SI, SK)",Zambia,COCOA AND COCOA PREPARATIONS,EXPORT,VALUE_IN_EUROS,2012,17691
ESTAT:DS-045409(1.0),06/02/26 11:00:00,Annual,"European Union - 27 countries (AT, BE, BG, CY, CZ, DE, DK, EE, ES, FI, FR, GR, HR, HU, IE, IT, LT, LU, LV, MT, NL, PL, PT, RO, SE, SI, SK)",Zambia,COCOA AND COCOA PREPARATIONS,EXPORT,VALUE_IN_EUROS,2013,31535
ESTAT:DS-045409(1.0),06/02/26 11:00:00,Annual,"European Union - 27 countries (AT, BE, BG, CY, CZ, DE, DK, EE, ES, FI, FR, GR, HR, HU, IE, IT, LT, LU, LV, MT, NL, PL, PT, RO, SE, SI, SK)",Zambia,COCOA AND COCOA PREPARATIONS,EXPORT,VALUE_IN_EUROS,2014,159314
ESTAT:DS-045409(1.0),06/02/26 11:00:00,Annual,"European Union - 27 countries (AT, BE, BG, CY, CZ, DE, DK, EE, ES, FI, FR, GR, HR, HU, IE, IT, LT, LU, LV, MT, NL, PL, PT, RO, SE, SI, SK)",Zambia,COCOA AND COCOA PREPARATIONS,EXPORT,VALUE_IN_EUROS,2015,93395
ESTAT:DS-045409(1.0),06/02/26 11:00:00,Annual,"European Union - 27 countries (AT, BE, BG, CY, CZ, DE, DK, EE, ES, FI, FR, GR, HR, HU, IE, IT, LT, LU, LV, MT, NL, PL, PT, RO, SE, SI, SK)",Zambia,COCOA AND COCOA PREPARATIONS,EXPORT,VALUE_IN_EUROS,2016,63519
ESTAT:DS-045409(1.0),06/02/26 11:00:00,Annual,"European Union - 27 countries (AT, BE, BG, CY, CZ, DE, DK, EE, ES, FI, FR, GR, HR, HU, IE, IT, LT, LU, LV, MT, NL, PL, PT, RO, SE, SI, SK)",Zambia,COCOA AND COCOA PREPARATIONS,EXPORT,VALUE_IN_EUROS,2017,276720
ESTAT:DS-045409(1.0),06/02/26 11:00:00,Annual,"European Union - 27 countries (AT, BE, BG, CY, CZ, DE, DK, EE, ES, FI, FR, GR, HR, HU, IE, IT, LT, LU, LV, MT, NL, PL, PT, RO, SE, SI, SK)",Zambia,COCOA AND COCOA PREPARATIONS,EXPORT,VALUE_IN_EUROS,2018,565848
ESTAT:DS-045409(1.0),06/02/26 11:00:00,Annual,"European Union - 27 countries (AT, BE, BG, CY, CZ, DE, DK, EE, ES, FI, FR, GR, HR, HU, IE, IT, LT, LU, LV, MT, NL, PL, PT, RO, SE, SI, SK)",Zambia,COCOA AND COCOA PREPARATIONS,EXPORT,VALUE_IN_EUROS,2019,214123
ESTAT:DS-045409(1.0),06/02/26 11:00:00,Annual,"European Union - 27 countries (AT, BE, BG, CY, CZ, DE, DK, EE, ES, FI, FR, GR, HR, HU, IE, IT, LT, LU, LV, MT, NL, PL, PT, RO, SE, SI, SK)",Zambia,COCOA AND COCOA PREPARATIONS,EXPORT,VALUE_IN_EUROS,2020,328446
ESTAT:DS-045409(1.0),06/02/26 11:00:00,Annual,"European Union - 27 countries (AT, BE, BG, CY, CZ, DE, DK, EE, ES, FI, FR, GR, HR, HU, IE, IT, LT, LU, LV, MT, NL, PL, PT, RO, SE, SI, SK)",Zambia,COCOA AND COCOA PREPARATIONS,EXPORT,VALUE_IN_EUROS,2021,29558
ESTAT:DS-045409(1.0),06/02/26 11:00:00,Annual,"European Union - 27 countries (AT, BE, BG, CY, CZ, DE, DK, EE, ES, FI, FR, GR, HR, HU, IE, IT, LT, LU, LV, MT, NL, PL, PT, RO, SE, SI, SK)",Zambia,COCOA AND COCOA PREPARATIONS,EXPORT,VALUE_IN_EUROS,2022,245815
ESTAT:DS-045409(1.0),06/02/26 11:00:00,Annual,"European Union - 27 countries (AT, BE, BG, CY, CZ, DE, DK, EE, ES, FI, FR, GR, HR, HU, IE, IT, LT, LU, LV, MT, NL, PL, PT, RO, SE, SI, SK)",Zambia,COCOA AND COCOA PREPARATIONS,EXPORT,VALUE_IN_EUROS,2023,746349
ESTAT:DS-045409(1.0),06/02/26 11:00:00,Annual,"European Union - 27 countries (AT, BE, BG, CY, CZ, DE, DK, EE, ES, FI, FR, GR, HR, HU, IE, IT, LT, LU, LV, MT, NL, PL, PT, RO, SE, SI, SK)",Zambia,COCOA AND COCOA PREPARATIONS,EXPORT,VALUE_IN_EUROS,2024,198122
ESTAT:DS-045409(1.0),06/02/26 11:00:00,Annual,"European Union - 27 countries (AT, BE, BG, CY, CZ, DE, DK, EE, ES, FI, FR, GR, HR, HU, IE, IT, LT, LU, LV, MT, NL, PL, PT, RO, SE, SI, SK)",Zimbabwe,COCOA AND COCOA PREPARATIONS,EXPORT,VALUE_IN_EUROS,1999,557368
ESTAT:DS-045409(1.0),06/02/26 11:00:00,Annual,"European Union - 27 countries (AT, BE, BG, CY, CZ, DE, DK, EE, ES, FI, FR, GR, HR, HU, IE, IT, LT, LU, LV, MT, NL, PL, PT, RO, SE, SI, SK)",Zimbabwe,COCOA AND COCOA PREPARATIONS,EXPORT,VALUE_IN_EUROS,2000,216039
ESTAT:DS-045409(1.0),06/02/26 11:00:00,Annual,"European Union - 27 countries (AT, BE, BG, CY, CZ, DE, DK, EE, ES, FI, FR, GR, HR, HU, IE, IT, LT, LU, LV, MT, NL, PL, PT, RO, SE, SI, SK)",Zimbabwe,COCOA AND COCOA PREPARATIONS,EXPORT,VALUE_IN_EUROS,2001,133799
ESTAT:DS-045409(1.0),06/02/26 11:00:00,Annual,"European Union - 27 countries (AT, BE, BG, CY, CZ, DE, DK, EE, ES, FI, FR, GR, HR, HU, IE, IT, LT, LU, LV, MT, NL, PL, PT, RO, SE, SI, SK)",Zimbabwe,COCOA AND COCOA PREPARATIONS,EXPORT,VALUE_IN_EUROS,2002,371799
ESTAT:DS-045409(1.0),06/02/26 11:00:00,Annual,"European Union - 27 countries (AT, BE, BG, CY, CZ, DE, DK, EE, ES, FI, FR, GR, HR, HU, IE, IT, LT, LU, LV, MT, NL, PL, PT, RO, SE, SI, SK)",Zimbabwe,COCOA AND COCOA PREPARATIONS,EXPORT,VALUE_IN_EUROS,2003,230908
ESTAT:DS-045409(1.0),06/02/26 11:00:00,Annual,"European Union - 27 countries (AT, BE, BG, CY, CZ, DE, DK, EE, ES, FI, FR, GR, HR, HU, IE, IT, LT, LU, LV, MT, NL, PL, PT, RO, SE, SI, SK)",Zimbabwe,COCOA AND COCOA PREPARATIONS,EXPORT,VALUE_IN_EUROS,2004,193991
ESTAT:DS-045409(1.0),06/02/26 11:00:00,Annual,"European Union - 27 countries (AT, BE, BG, CY, CZ, DE, DK, EE, ES, FI, FR, GR, HR, HU, IE, IT, LT, LU, LV, MT, NL, PL, PT, RO, SE, SI, SK)",Zimbabwe,COCOA AND COCOA PREPARATIONS,EXPORT,VALUE_IN_EUROS,2005,116492
ESTAT:DS-045409(1.0),06/02/26 11:00:00,Annual,"European Union - 27 countries (AT, BE, BG, CY, CZ, DE, DK, EE, ES, FI, FR, GR, HR, HU, IE, IT, LT, LU, LV, MT, NL, PL, PT, RO, SE, SI, SK)",Zimbabwe,COCOA AND COCOA PREPARATIONS,EXPORT,VALUE_IN_EUROS,2006,53579
ESTAT:DS-045409(1.0),06/02/26 11:00:00,Annual,"European Union - 27 countries (AT, BE, BG, CY, CZ, DE, DK, EE, ES, FI, FR, GR, HR, HU, IE, IT, LT, LU, LV, MT, NL, PL, PT, RO, SE, SI, SK)",Zimbabwe,COCOA AND COCOA PREPARATIONS,EXPORT,VALUE_IN_EUROS,2007,12629
ESTAT:DS-045409(1.0),06/02/26 11:00:00,Annual,"European Union - 27 countries (AT, BE, BG, CY, CZ, DE, DK, EE, ES, FI, FR, GR, HR, HU, IE, IT, LT, LU, LV, MT, NL, PL, PT, RO, SE, SI, SK)",Zimbabwe,COCOA AND COCOA PREPARATIONS,EXPORT,VALUE_IN_EUROS,2008,24253
ESTAT:DS-045409(1.0),06/02/26 11:00:00,Annual,"European Union - 27 countries (AT, BE, BG, CY, CZ, DE, DK, EE, ES, FI, FR, GR, HR, HU, IE, IT, LT, LU, LV, MT, NL, PL, PT, RO, SE, SI, SK)",Zimbabwe,COCOA AND COCOA PREPARATIONS,EXPORT,VALUE_IN_EUROS,2009,32437
ESTAT:DS-045409(1.0),06/02/26 11:00:00,Annual,"European Union - 27 countries (AT, BE, BG, CY, CZ, DE, DK, EE, ES, FI, FR, GR, HR, HU, IE, IT, LT, LU, LV, MT, NL, PL, PT, RO, SE, SI, SK)",Zimbabwe,COCOA AND COCOA PREPARATIONS,EXPORT,VALUE_IN_EUROS,2010,177323
ESTAT:DS-045409(1.0),06/02/26 11:00:00,Annual,"European Union - 27 countries (AT, BE, BG, CY, CZ, DE, DK, EE, ES, FI, FR, GR, HR, HU, IE, IT, LT, LU, LV, MT, NL, PL, PT, RO, SE, SI, SK)",Zimbabwe,COCOA AND COCOA PREPARATIONS,EXPORT,VALUE_IN_EUROS,2011,318174
ESTAT:DS-045409(1.0),06/02/26 11:00:00,Annual,"European Union - 27 countries (AT, BE, BG, CY, CZ, DE, DK, EE, ES, FI, FR, GR, HR, HU, IE, IT, LT, LU, LV, MT, NL, PL, PT, RO, SE, SI, SK)",Zimbabwe,COCOA AND COCOA PREPARATIONS,EXPORT,VALUE_IN_EUROS,2012,419563
ESTAT:DS-045409(1.0),06/02/26 11:00:00,Annual,"European Union - 27 countries (AT, BE, BG, CY, CZ, DE, DK, EE, ES, FI, FR, GR, HR, HU, IE, IT, LT, LU, LV, MT, NL, PL, PT, RO, SE, SI, SK)",Zimbabwe,COCOA AND COCOA PREPARATIONS,EXPORT,VALUE_IN_EUROS,2013,317252
ESTAT:DS-045409(1.0),06/02/26 11:00:00,Annual,"European Union - 27 countries (AT, BE, BG, CY, CZ, DE, DK, EE, ES, FI, FR, GR, HR, HU, IE, IT, LT, LU, LV, MT, NL, PL, PT, RO, SE, SI, SK)",Zimbabwe,COCOA AND COCOA PREPARATIONS,EXPORT,VALUE_IN_EUROS,2014,331954
ESTAT:DS-045409(1.0),06/02/26 11:00:00,Annual,"European Union - 27 countries (AT, BE, BG, CY, CZ, DE, DK, EE, ES, FI, FR, GR, HR, HU, IE, IT, LT, LU, LV, MT, NL, PL, PT, RO, SE, SI, SK)",Zimbabwe,COCOA AND COCOA PREPARATIONS,EXPORT,VALUE_IN_EUROS,2015,445223
ESTAT:DS-045409(1.0),06/02/26 11:00:00,Annual,"European Union - 27 countries (AT, BE, BG, CY, CZ, DE, DK, EE, ES, FI, FR, GR, HR, HU, IE, IT, LT, LU, LV, MT, NL, PL, PT, RO, SE, SI, SK)",Zimbabwe,COCOA AND COCOA PREPARATIONS,EXPORT,VALUE_IN_EUROS,2016,299417
ESTAT:DS-045409(1.0),06/02/26 11:00:00,Annual,"European Union - 27 countries (AT, BE, BG, CY, CZ, DE, DK, EE, ES, FI, FR, GR, HR, HU, IE, IT, LT, LU, LV, MT, NL, PL, PT, RO, SE, SI, SK)",Zimbabwe,COCOA AND COCOA PREPARATIONS,EXPORT,VALUE_IN_EUROS,2017,165204
ESTAT:DS-045409(1.0),06/02/26 11:00:00,Annual,"European Union - 27 countries (AT, BE, BG, CY, CZ, DE, DK, EE, ES, FI, FR, GR, HR, HU, IE, IT, LT, LU, LV, MT, NL, PL, PT, RO, SE, SI, SK)",Zimbabwe,COCOA AND COCOA PREPARATIONS,EXPORT,VALUE_IN_EUROS,2018,98659
ESTAT:DS-045409(1.0),06/02/26 11:00:00,Annual,"European Union - 27 countries (AT, BE, BG, CY, CZ, DE, DK, EE, ES, FI, FR, GR, HR, HU, IE, IT, LT, LU, LV, MT, NL, PL, PT, RO, SE, SI, SK)",Zimbabwe,COCOA AND COCOA PREPARATIONS,EXPORT,VALUE_IN_EUROS,2019,34315
ESTAT:DS-045409(1.0),06/02/26 11:00:00,Annual,"European Union - 27 countries (AT, BE, BG, CY, CZ, DE, DK, EE, ES, FI, FR, GR, HR, HU, IE, IT, LT, LU, LV, MT, NL, PL, PT, RO, SE, SI, SK)",Zimbabwe,COCOA AND COCOA PREPARATIONS,EXPORT,VALUE_IN_EUROS,2020,93404
ESTAT:DS-045409(1.0),06/02/26 11:00:00,Annual,"European Union - 27 countries (AT, BE, BG, CY, CZ, DE, DK, EE, ES, FI, FR, GR, HR, HU, IE, IT, LT, LU, LV, MT, NL, PL, PT, RO, SE, SI, SK)",Zimbabwe,COCOA AND COCOA PREPARATIONS,EXPORT,VALUE_IN_EUROS,2021,79875
ESTAT:DS-045409(1.0),06/02/26 11:00:00,Annual,"European Union - 27 countries (AT, BE, BG, CY, CZ, DE, DK, EE, ES, FI, FR, GR, HR, HU, IE, IT, LT, LU, LV, MT, NL, PL, PT, RO, SE, SI, SK)",Zimbabwe,COCOA AND COCOA PREPARATIONS,EXPORT,VALUE_IN_EUROS,2022,174993
ESTAT:DS-045409(1.0),06/02/26 11:00:00,Annual,"European Union - 27 countries (AT, BE, BG, CY, CZ, DE, DK, EE, ES, FI, FR, GR, HR, HU, IE, IT, LT, LU, LV, MT, NL, PL, PT, RO, SE, SI, SK)",Zimbabwe,COCOA AND COCOA PREPARATIONS,EXPORT,VALUE_IN_EUROS,2023,131370
ESTAT:DS-045409(1.0),06/02/26 11:00:00,Annual,"European Union - 27 countries (AT, BE, BG, CY, CZ, DE, DK, EE, ES, FI, FR, GR, HR, HU, IE, IT, LT, LU, LV, MT, NL, PL, PT, RO, SE, SI, SK)",Zimbabwe,COCOA AND COCOA PREPARATIONS,EXPORT,VALUE_IN_EUROS,2024,276827
