DATAFLOW,LAST UPDATE,freq,reporter,partner,product,flow,indicators,TIME_PERIOD,OBS_VALUE
ESTAT:DS-045409(1.0),06/02/26 11:00:00,Annual,"European Union - 27 countries (AT, BE, BG, CY, CZ, DE, DK, EE, ES, FI, FR, GR, HR, HU, IE, IT, LT, LU, LV, MT, NL, PL, PT, RO, SE, SI, SK)",Angola,"WOOL, FINE OR COARSE ANIMAL HAIR; HORSEHAIR YARN AND WOVEN FABRIC",EXPORT,VALUE_IN_EUROS,1999,47975
ESTAT:DS-045409(1.0),06/02/26 11:00:00,Annual,"European Union - 27 countries (AT, BE, BG, CY, CZ, DE, DK, EE, ES, FI, FR, GR, HR, HU, IE, IT, LT, LU, LV, MT, NL, PL, PT, RO, SE, SI, SK)",Angola,"WOOL, FINE OR COARSE ANIMAL HAIR; HORSEHAIR YARN AND WOVEN FABRIC",EXPORT,VALUE_IN_EUROS,2000,17596
ESTAT:DS-045409(1.0),06/02/26 11:00:00,Annual,"European Union - 27 countries (AT, BE, BG, CY, CZ, DE, DK, EE, ES, FI, FR, GR, HR, HU, IE, IT, LT, LU, LV, MT, NL, PL, PT, RO, SE, SI, SK)",Angola,"WOOL, FINE OR COARSE ANIMAL HAIR; HORSEHAIR YARN AND WOVEN FABRIC",EXPORT,VALUE_IN_EUROS,2001,20182
ESTAT:DS-045409(1.0),06/02/26 11:00:00,Annual,"European Union - 27 countries (AT, BE, BG, CY, CZ, DE, DK, EE, ES, FI, FR, GR, HR, HU, IE, IT, LT, LU, LV, MT, NL, PL, PT, RO, SE, SI, SK)",Angola,"WOOL, FINE OR COARSE ANIMAL HAIR; HORSEHAIR YARN AND WOVEN FABRIC",EXPORT,VALUE_IN_EUROS,2002,11770
ESTAT:DS-045409(1.0),06/02/26 11:00:00,Annual,"European Union - 27 countries (AT, BE, BG, CY, CZ, DE, DK, EE, ES, FI, FR, GR, HR, HU, IE, IT, LT, LU, LV, MT, NL, PL, PT, RO, SE, SI, SK)",Angola,"WOOL, FINE OR COARSE ANIMAL HAIR; HORSEHAIR YARN AND WOVEN FABRIC",EXPORT,VALUE_IN_EUROS,2003,4135
ESTAT:DS-045409(1.0),06/02/26 11:00:00,Annual,"European Union - 27 countries (AT, BE, BG, CY, CZ, DE, DK, EE, ES, FI, FR, GR, HR, HU, IE, IT, LT, LU, LV, MT, NL, PL, PT, RO, SE, SI, SK)",Angola,"WOOL, FINE OR COARSE ANIMAL HAIR; HORSEHAIR YARN AND WOVEN FABRIC",EXPORT,VALUE_IN_EUROS,2004,46594
ESTAT:DS-045409(1.0),06/02/26 11:00:00,Annual,"European Union - 27 countries (AT, BE, BG, CY, CZ, DE, DK, EE, ES, FI, FR, GR, HR, HU, IE, IT, LT, LU, LV, MT, NL, PL, PT, RO, SE, SI, SK)",Angola,"WOOL, FINE OR COARSE ANIMAL HAIR; HORSEHAIR YARN AND WOVEN FABRIC",EXPORT,VALUE_IN_EUROS,2005,35328
ESTAT:DS-045409(1.0),06/02/26 11:00:00,Annual,"European Union - 27 countries (AT, BE, BG, CY, CZ, DE, DK, EE, ES, FI, FR, GR, HR, HU, IE, IT, LT, LU, LV, MT, NL, PL, PT, RO, SE, SI, SK)",Angola,"WOOL, FINE OR COARSE ANIMAL HAIR; HORSEHAIR YARN AND WOVEN FABRIC",EXPORT,VALUE_IN_EUROS,2006,30365
ESTAT:DS-045409(1.0),06/02/26 11:00:00,Annual,"European Union - 27 countries (AT, BE, BG, CY, CZ, DE, DK, EE, ES, FI, FR, GR, HR, HU, IE, IT, LT, LU, LV, MT, NL, PL, PT, RO, SE, SI, SK)",Angola,"WOOL, FINE OR COARSE ANIMAL HAIR; HORSEHAIR YARN AND WOVEN FABRIC",EXPORT,VALUE_IN_EUROS,2007,18668
ESTAT:DS-045409(1.0),06/02/26 11:00:00,Annual,"European Union - 27 countries (AT, BE, BG, CY, CZ, DE, DK, EE, ES, FI, FR, GR, HR, HU, IE, IT, LT, LU, LV, MT, NL, PL, PT, RO, SE, SI, SK)",Angola,"WOOL, FINE OR COARSE ANIMAL HAIR; HORSEHAIR YARN AND WOVEN FABRIC",EXPORT,VALUE_IN_EUROS,2008,8575
ESTAT:DS-045409(1.0),06/02/26 11:00:00,Annual,"European Union - 27 countries (AT, BE, BG, CY, CZ, DE, DK, EE, ES, FI, FR, GR, HR, HU, IE, IT, LT, LU, LV, MT, NL, PL, PT, RO, SE, SI, SK)",Angola,"WOOL, FINE OR COARSE ANIMAL HAIR; HORSEHAIR YARN AND WOVEN FABRIC",EXPORT,VALUE_IN_EUROS,2009,3072
ESTAT:DS-045409(1.0),06/02/26 11:00:00,Annual,"European Union - 27 countries (AT, BE, BG, CY, CZ, DE, DK, EE, ES, FI, FR, GR, HR, HU, IE, IT, LT, LU, LV, MT, NL, PL, PT, RO, SE, SI, SK)",Angola,"WOOL, FINE OR COARSE ANIMAL HAIR; HORSEHAIR YARN AND WOVEN FABRIC",EXPORT,VALUE_IN_EUROS,2010,7970
ESTAT:DS-045409(1.0),06/02/26 11:00:00,Annual,"European Union - 27 countries (AT, BE, BG, CY, CZ, DE, DK, EE, ES, FI, FR, GR, HR, HU, IE, IT, LT, LU, LV, MT, NL, PL, PT, RO, SE, SI, SK)",Angola,"WOOL, FINE OR COARSE ANIMAL HAIR; HORSEHAIR YARN AND WOVEN FABRIC",EXPORT,VALUE_IN_EUROS,2011,7659
ESTAT:DS-045409(1.0),06/02/26 11:00:00,Annual,"European Union - 27 countries (AT, BE, BG, CY, CZ, DE, DK, EE, ES, FI, FR, GR, HR, HU, IE, IT, LT, LU, LV, MT, NL, PL, PT, RO, SE, SI, SK)",Angola,"WOOL, FINE OR COARSE ANIMAL HAIR; HORSEHAIR YARN AND WOVEN FABRIC",EXPORT,VALUE_IN_EUROS,2012,7006
ESTAT:DS-045409(1.0),06/02/26 11:00:00,Annual,"European Union - 27 countries (AT, BE, BG, CY, CZ, DE, DK, EE, ES, FI, FR, GR, HR, HU, IE, IT, LT, LU, LV, MT, NL, PL, PT, RO, SE, SI, SK)",Angola,"WOOL, FINE OR COARSE ANIMAL HAIR; HORSEHAIR YARN AND WOVEN FABRIC",EXPORT,VALUE_IN_EUROS,2013,4120
ESTAT:DS-045409(1.0),06/02/26 11:00:00,Annual,"European Union - 27 countries (AT, BE, BG, CY, CZ, DE, DK, EE, ES, FI, FR, GR, HR, HU, IE, IT, LT, LU, LV, MT, NL, PL, PT, RO, SE, SI, SK)",Angola,"WOOL, FINE OR COARSE ANIMAL HAIR; HORSEHAIR YARN AND WOVEN FABRIC",EXPORT,VALUE_IN_EUROS,2014,3568
ESTAT:DS-045409(1.0),06/02/26 11:00:00,Annual,"European Union - 27 countries (AT, BE, BG, CY, CZ, DE, DK, EE, ES, FI, FR, GR, HR, HU, IE, IT, LT, LU, LV, MT, NL, PL, PT, RO, SE, SI, SK)",Angola,"WOOL, FINE OR COARSE ANIMAL HAIR; HORSEHAIR YARN AND WOVEN FABRIC",EXPORT,VALUE_IN_EUROS,2015,3369
ESTAT:DS-045409(1.0),06/02/26 11:00:00,Annual,"European Union - 27 countries (AT, BE, BG, CY, CZ, DE, DK, EE, ES, FI, FR, GR, HR, HU, IE, IT, LT, LU, LV, MT, NL, PL, PT, RO, SE, SI, SK)",Angola,"WOOL, FINE OR COARSE ANIMAL HAIR; HORSEHAIR YARN AND WOVEN FABRIC",EXPORT,VALUE_IN_EUROS,2016,7355
ESTAT:DS-045409(1.0),06/02/26 11:00:00,Annual,"European Union - 27 countries (AT, BE, BG, CY, CZ, DE, DK, EE, ES, FI, FR, GR, HR, HU, IE, IT, LT, LU, LV, MT, NL, PL, PT, RO, SE, SI, SK)",Angola,"WOOL, FINE OR COARSE ANIMAL HAIR; HORSEHAIR YARN AND WOVEN FABRIC",EXPORT,VALUE_IN_EUROS,2017,36476
ESTAT:DS-045409(1.0),06/02/26 11:00:00,Annual,"European Union - 27 countries (AT, BE, BG, CY, CZ, DE, DK, EE, ES, FI, FR, GR, HR, HU, IE, IT, LT, LU, LV, MT, NL, PL, PT, RO, SE, SI, SK)",Angola,"WOOL, FINE OR COARSE ANIMAL HAIR; HORSEHAIR YARN AND WOVEN FABRIC",EXPORT,VALUE_IN_EUROS,2018,1673
ESTAT:DS-045409(1.0),06/02/26 11:00:00,Annual,"European Union - 27 countries (AT, BE, BG, CY, CZ, DE, DK, EE, ES, FI, FR, GR, HR, HU, IE, IT, LT, LU, LV, MT, NL, PL, PT, RO, SE, SI, SK)",Angola,"WOOL, FINE OR COARSE ANIMAL HAIR; HORSEHAIR YARN AND WOVEN FABRIC",EXPORT,VALUE_IN_EUROS,2019,85559
ESTAT:DS-045409(1.0),06/02/26 11:00:00,Annual,"European Union - 27 countries (AT, BE, BG, CY, CZ, DE, DK, EE, ES, FI, FR, GR, HR, HU, IE, IT, LT, LU, LV, MT, NL, PL, PT, RO, SE, SI, SK)",Angola,"WOOL, FINE OR COARSE ANIMAL HAIR; HORSEHAIR YARN AND WOVEN FABRIC",EXPORT,VALUE_IN_EUROS,2020,12131
ESTAT:DS-045409(1.0),06/02/26 11:00:00,Annual,"European Union - 27 countries (AT, BE, BG, CY, CZ, DE, DK, EE, ES, FI, FR, GR, HR, HU, IE, IT, LT, LU, LV, MT, NL, PL, PT, RO, SE, SI, SK)",Angola,"WOOL, FINE OR COARSE ANIMAL HAIR; HORSEHAIR YARN AND WOVEN FABRIC",EXPORT,VALUE_IN_EUROS,2021,16614
ESTAT:DS-045409(1.0),06/02/26 11:00:00,Annual,"European Union - 27 countries (AT, BE, BG, CY, CZ, DE, DK, EE, ES, FI, FR, GR, HR, HU, IE, IT, LT, LU, LV, MT, NL, PL, PT, RO, SE, SI, SK)",Angola,"WOOL, FINE OR COARSE ANIMAL HAIR; HORSEHAIR YARN AND WOVEN FABRIC",EXPORT,VALUE_IN_EUROS,2022,7008
ESTAT:DS-045409(1.0),06/02/26 11:00:00,Annual,"European Union - 27 countries (AT, BE, BG, CY, CZ, DE, DK, EE, ES, FI, FR, GR, HR, HU, IE, IT, LT, LU, LV, MT, NL, PL, PT, RO, SE, SI, SK)",Angola,"WOOL, FINE OR COARSE ANIMAL HAIR; HORSEHAIR YARN AND WOVEN FABRIC",EXPORT,VALUE_IN_EUROS,2023,31725
ESTAT:DS-045409(1.0),06/02/26 11:00:00,Annual,"European Union - 27 countries (AT, BE, BG, CY, CZ, DE, DK, EE, ES, FI, FR, GR, HR, HU, IE, IT, LT, LU, LV, MT, NL, PL, PT, RO, SE, SI, SK)",Angola,"WOOL, FINE OR COARSE ANIMAL HAIR; HORSEHAIR YARN AND WOVEN FABRIC",EXPORT,VALUE_IN_EUROS,2024,28616
ESTAT:DS-045409(1.0),06/02/26 11:00:00,Annual,"European Union - 27 countries (AT, BE, BG, CY, CZ, DE, DK, EE, ES, FI, FR, GR, HR, HU, IE, IT, LT, LU, LV, MT, NL, PL, PT, RO, SE, SI, SK)",Burkina Faso,"WOOL, FINE OR COARSE ANIMAL HAIR; HORSEHAIR YARN AND WOVEN FABRIC",EXPORT,VALUE_IN_EUROS,1999,15763
ESTAT:DS-045409(1.0),06/02/26 11:00:00,Annual,"European Union - 27 countries (AT, BE, BG, CY, CZ, DE, DK, EE, ES, FI, FR, GR, HR, HU, IE, IT, LT, LU, LV, MT, NL, PL, PT, RO, SE, SI, SK)",Burkina Faso,"WOOL, FINE OR COARSE ANIMAL HAIR; HORSEHAIR YARN AND WOVEN FABRIC",EXPORT,VALUE_IN_EUROS,2001,43241
ESTAT:DS-045409(1.0),06/02/26 11:00:00,Annual,"European Union - 27 countries (AT, BE, BG, CY, CZ, DE, DK, EE, ES, FI, FR, GR, HR, HU, IE, IT, LT, LU, LV, MT, NL, PL, PT, RO, SE, SI, SK)",Burkina Faso,"WOOL, FINE OR COARSE ANIMAL HAIR; HORSEHAIR YARN AND WOVEN FABRIC",EXPORT,VALUE_IN_EUROS,2002,8469
ESTAT:DS-045409(1.0),06/02/26 11:00:00,Annual,"European Union - 27 countries (AT, BE, BG, CY, CZ, DE, DK, EE, ES, FI, FR, GR, HR, HU, IE, IT, LT, LU, LV, MT, NL, PL, PT, RO, SE, SI, SK)",Burkina Faso,"WOOL, FINE OR COARSE ANIMAL HAIR; HORSEHAIR YARN AND WOVEN FABRIC",EXPORT,VALUE_IN_EUROS,2003,22316
ESTAT:DS-045409(1.0),06/02/26 11:00:00,Annual,"European Union - 27 countries (AT, BE, BG, CY, CZ, DE, DK, EE, ES, FI, FR, GR, HR, HU, IE, IT, LT, LU, LV, MT, NL, PL, PT, RO, SE, SI, SK)",Burkina Faso,"WOOL, FINE OR COARSE ANIMAL HAIR; HORSEHAIR YARN AND WOVEN FABRIC",EXPORT,VALUE_IN_EUROS,2004,11899
ESTAT:DS-045409(1.0),06/02/26 11:00:00,Annual,"European Union - 27 countries (AT, BE, BG, CY, CZ, DE, DK, EE, ES, FI, FR, GR, HR, HU, IE, IT, LT, LU, LV, MT, NL, PL, PT, RO, SE, SI, SK)",Burkina Faso,"WOOL, FINE OR COARSE ANIMAL HAIR; HORSEHAIR YARN AND WOVEN FABRIC",EXPORT,VALUE_IN_EUROS,2005,20255
ESTAT:DS-045409(1.0),06/02/26 11:00:00,Annual,"European Union - 27 countries (AT, BE, BG, CY, CZ, DE, DK, EE, ES, FI, FR, GR, HR, HU, IE, IT, LT, LU, LV, MT, NL, PL, PT, RO, SE, SI, SK)",Burkina Faso,"WOOL, FINE OR COARSE ANIMAL HAIR; HORSEHAIR YARN AND WOVEN FABRIC",EXPORT,VALUE_IN_EUROS,2006,2419
ESTAT:DS-045409(1.0),06/02/26 11:00:00,Annual,"European Union - 27 countries (AT, BE, BG, CY, CZ, DE, DK, EE, ES, FI, FR, GR, HR, HU, IE, IT, LT, LU, LV, MT, NL, PL, PT, RO, SE, SI, SK)",Burkina Faso,"WOOL, FINE OR COARSE ANIMAL HAIR; HORSEHAIR YARN AND WOVEN FABRIC",EXPORT,VALUE_IN_EUROS,2007,8080
ESTAT:DS-045409(1.0),06/02/26 11:00:00,Annual,"European Union - 27 countries (AT, BE, BG, CY, CZ, DE, DK, EE, ES, FI, FR, GR, HR, HU, IE, IT, LT, LU, LV, MT, NL, PL, PT, RO, SE, SI, SK)",Burkina Faso,"WOOL, FINE OR COARSE ANIMAL HAIR; HORSEHAIR YARN AND WOVEN FABRIC",EXPORT,VALUE_IN_EUROS,2008,1507
ESTAT:DS-045409(1.0),06/02/26 11:00:00,Annual,"European Union - 27 countries (AT, BE, BG, CY, CZ, DE, DK, EE, ES, FI, FR, GR, HR, HU, IE, IT, LT, LU, LV, MT, NL, PL, PT, RO, SE, SI, SK)",Burkina Faso,"WOOL, FINE OR COARSE ANIMAL HAIR; HORSEHAIR YARN AND WOVEN FABRIC",EXPORT,VALUE_IN_EUROS,2009,29348
ESTAT:DS-045409(1.0),06/02/26 11:00:00,Annual,"European Union - 27 countries (AT, BE, BG, CY, CZ, DE, DK, EE, ES, FI, FR, GR, HR, HU, IE, IT, LT, LU, LV, MT, NL, PL, PT, RO, SE, SI, SK)",Burkina Faso,"WOOL, FINE OR COARSE ANIMAL HAIR; HORSEHAIR YARN AND WOVEN FABRIC",EXPORT,VALUE_IN_EUROS,2011,520
ESTAT:DS-045409(1.0),06/02/26 11:00:00,Annual,"European Union - 27 countries (AT, BE, BG, CY, CZ, DE, DK, EE, ES, FI, FR, GR, HR, HU, IE, IT, LT, LU, LV, MT, NL, PL, PT, RO, SE, SI, SK)",Burkina Faso,"WOOL, FINE OR COARSE ANIMAL HAIR; HORSEHAIR YARN AND WOVEN FABRIC",EXPORT,VALUE_IN_EUROS,2012,17861
ESTAT:DS-045409(1.0),06/02/26 11:00:00,Annual,"European Union - 27 countries (AT, BE, BG, CY, CZ, DE, DK, EE, ES, FI, FR, GR, HR, HU, IE, IT, LT, LU, LV, MT, NL, PL, PT, RO, SE, SI, SK)",Burkina Faso,"WOOL, FINE OR COARSE ANIMAL HAIR; HORSEHAIR YARN AND WOVEN FABRIC",EXPORT,VALUE_IN_EUROS,2015,7
ESTAT:DS-045409(1.0),06/02/26 11:00:00,Annual,"European Union - 27 countries (AT, BE, BG, CY, CZ, DE, DK, EE, ES, FI, FR, GR, HR, HU, IE, IT, LT, LU, LV, MT, NL, PL, PT, RO, SE, SI, SK)",Burkina Faso,"WOOL, FINE OR COARSE ANIMAL HAIR; HORSEHAIR YARN AND WOVEN FABRIC",EXPORT,VALUE_IN_EUROS,2016,650
ESTAT:DS-045409(1.0),06/02/26 11:00:00,Annual,"European Union - 27 countries (AT, BE, BG, CY, CZ, DE, DK, EE, ES, FI, FR, GR, HR, HU, IE, IT, LT, LU, LV, MT, NL, PL, PT, RO, SE, SI, SK)",Burkina Faso,"WOOL, FINE OR COARSE ANIMAL HAIR; HORSEHAIR YARN AND WOVEN FABRIC",EXPORT,VALUE_IN_EUROS,2017,786
ESTAT:DS-045409(1.0),06/02/26 11:00:00,Annual,"European Union - 27 countries (AT, BE, BG, CY, CZ, DE, DK, EE, ES, FI, FR, GR, HR, HU, IE, IT, LT, LU, LV, MT, NL, PL, PT, RO, SE, SI, SK)",Burkina Faso,"WOOL, FINE OR COARSE ANIMAL HAIR; HORSEHAIR YARN AND WOVEN FABRIC",EXPORT,VALUE_IN_EUROS,2018,16156
ESTAT:DS-045409(1.0),06/02/26 11:00:00,Annual,"European Union - 27 countries (AT, BE, BG, CY, CZ, DE, DK, EE, ES, FI, FR, GR, HR, HU, IE, IT, LT, LU, LV, MT, NL, PL, PT, RO, SE, SI, SK)",Burkina Faso,"WOOL, FINE OR COARSE ANIMAL HAIR; HORSEHAIR YARN AND WOVEN FABRIC",EXPORT,VALUE_IN_EUROS,2019,764
ESTAT:DS-045409(1.0),06/02/26 11:00:00,Annual,"European Union - 27 countries (AT, BE, BG, CY, CZ, DE, DK, EE, ES, FI, FR, GR, HR, HU, IE, IT, LT, LU, LV, MT, NL, PL, PT, RO, SE, SI, SK)",Burkina Faso,"WOOL, FINE OR COARSE ANIMAL HAIR; HORSEHAIR YARN AND WOVEN FABRIC",EXPORT,VALUE_IN_EUROS,2020,16
ESTAT:DS-045409(1.0),06/02/26 11:00:00,Annual,"European Union - 27 countries (AT, BE, BG, CY, CZ, DE, DK, EE, ES, FI, FR, GR, HR, HU, IE, IT, LT, LU, LV, MT, NL, PL, PT, RO, SE, SI, SK)",Burkina Faso,"WOOL, FINE OR COARSE ANIMAL HAIR; HORSEHAIR YARN AND WOVEN FABRIC",EXPORT,VALUE_IN_EUROS,2021,9177
ESTAT:DS-045409(1.0),06/02/26 11:00:00,Annual,"European Union - 27 countries (AT, BE, BG, CY, CZ, DE, DK, EE, ES, FI, FR, GR, HR, HU, IE, IT, LT, LU, LV, MT, NL, PL, PT, RO, SE, SI, SK)",Burkina Faso,"WOOL, FINE OR COARSE ANIMAL HAIR; HORSEHAIR YARN AND WOVEN FABRIC",EXPORT,VALUE_IN_EUROS,2024,21682
ESTAT:DS-045409(1.0),06/02/26 11:00:00,Annual,"European Union - 27 countries (AT, BE, BG, CY, CZ, DE, DK, EE, ES, FI, FR, GR, HR, HU, IE, IT, LT, LU, LV, MT, NL, PL, PT, RO, SE, SI, SK)",Burundi,"WOOL, FINE OR COARSE ANIMAL HAIR; HORSEHAIR YARN AND WOVEN FABRIC",EXPORT,VALUE_IN_EUROS,2000,22927
ESTAT:DS-045409(1.0),06/02/26 11:00:00,Annual,"European Union - 27 countries (AT, BE, BG, CY, CZ, DE, DK, EE, ES, FI, FR, GR, HR, HU, IE, IT, LT, LU, LV, MT, NL, PL, PT, RO, SE, SI, SK)",Burundi,"WOOL, FINE OR COARSE ANIMAL HAIR; HORSEHAIR YARN AND WOVEN FABRIC",EXPORT,VALUE_IN_EUROS,2001,9091
ESTAT:DS-045409(1.0),06/02/26 11:00:00,Annual,"European Union - 27 countries (AT, BE, BG, CY, CZ, DE, DK, EE, ES, FI, FR, GR, HR, HU, IE, IT, LT, LU, LV, MT, NL, PL, PT, RO, SE, SI, SK)",Burundi,"WOOL, FINE OR COARSE ANIMAL HAIR; HORSEHAIR YARN AND WOVEN FABRIC",EXPORT,VALUE_IN_EUROS,2002,11447
ESTAT:DS-045409(1.0),06/02/26 11:00:00,Annual,"European Union - 27 countries (AT, BE, BG, CY, CZ, DE, DK, EE, ES, FI, FR, GR, HR, HU, IE, IT, LT, LU, LV, MT, NL, PL, PT, RO, SE, SI, SK)",Burundi,"WOOL, FINE OR COARSE ANIMAL HAIR; HORSEHAIR YARN AND WOVEN FABRIC",EXPORT,VALUE_IN_EUROS,2003,24200
ESTAT:DS-045409(1.0),06/02/26 11:00:00,Annual,"European Union - 27 countries (AT, BE, BG, CY, CZ, DE, DK, EE, ES, FI, FR, GR, HR, HU, IE, IT, LT, LU, LV, MT, NL, PL, PT, RO, SE, SI, SK)",Burundi,"WOOL, FINE OR COARSE ANIMAL HAIR; HORSEHAIR YARN AND WOVEN FABRIC",EXPORT,VALUE_IN_EUROS,2004,11962
ESTAT:DS-045409(1.0),06/02/26 11:00:00,Annual,"European Union - 27 countries (AT, BE, BG, CY, CZ, DE, DK, EE, ES, FI, FR, GR, HR, HU, IE, IT, LT, LU, LV, MT, NL, PL, PT, RO, SE, SI, SK)",Burundi,"WOOL, FINE OR COARSE ANIMAL HAIR; HORSEHAIR YARN AND WOVEN FABRIC",EXPORT,VALUE_IN_EUROS,2005,12657
ESTAT:DS-045409(1.0),06/02/26 11:00:00,Annual,"European Union - 27 countries (AT, BE, BG, CY, CZ, DE, DK, EE, ES, FI, FR, GR, HR, HU, IE, IT, LT, LU, LV, MT, NL, PL, PT, RO, SE, SI, SK)",Burundi,"WOOL, FINE OR COARSE ANIMAL HAIR; HORSEHAIR YARN AND WOVEN FABRIC",EXPORT,VALUE_IN_EUROS,2006,380741
ESTAT:DS-045409(1.0),06/02/26 11:00:00,Annual,"European Union - 27 countries (AT, BE, BG, CY, CZ, DE, DK, EE, ES, FI, FR, GR, HR, HU, IE, IT, LT, LU, LV, MT, NL, PL, PT, RO, SE, SI, SK)",Burundi,"WOOL, FINE OR COARSE ANIMAL HAIR; HORSEHAIR YARN AND WOVEN FABRIC",EXPORT,VALUE_IN_EUROS,2007,89111
ESTAT:DS-045409(1.0),06/02/26 11:00:00,Annual,"European Union - 27 countries (AT, BE, BG, CY, CZ, DE, DK, EE, ES, FI, FR, GR, HR, HU, IE, IT, LT, LU, LV, MT, NL, PL, PT, RO, SE, SI, SK)",Burundi,"WOOL, FINE OR COARSE ANIMAL HAIR; HORSEHAIR YARN AND WOVEN FABRIC",EXPORT,VALUE_IN_EUROS,2008,30944
ESTAT:DS-045409(1.0),06/02/26 11:00:00,Annual,"European Union - 27 countries (AT, BE, BG, CY, CZ, DE, DK, EE, ES, FI, FR, GR, HR, HU, IE, IT, LT, LU, LV, MT, NL, PL, PT, RO, SE, SI, SK)",Burundi,"WOOL, FINE OR COARSE ANIMAL HAIR; HORSEHAIR YARN AND WOVEN FABRIC",EXPORT,VALUE_IN_EUROS,2009,2672
ESTAT:DS-045409(1.0),06/02/26 11:00:00,Annual,"European Union - 27 countries (AT, BE, BG, CY, CZ, DE, DK, EE, ES, FI, FR, GR, HR, HU, IE, IT, LT, LU, LV, MT, NL, PL, PT, RO, SE, SI, SK)",Burundi,"WOOL, FINE OR COARSE ANIMAL HAIR; HORSEHAIR YARN AND WOVEN FABRIC",EXPORT,VALUE_IN_EUROS,2020,551
ESTAT:DS-045409(1.0),06/02/26 11:00:00,Annual,"European Union - 27 countries (AT, BE, BG, CY, CZ, DE, DK, EE, ES, FI, FR, GR, HR, HU, IE, IT, LT, LU, LV, MT, NL, PL, PT, RO, SE, SI, SK)",Burundi,"WOOL, FINE OR COARSE ANIMAL HAIR; HORSEHAIR YARN AND WOVEN FABRIC",EXPORT,VALUE_IN_EUROS,2022,33626
ESTAT:DS-045409(1.0),06/02/26 11:00:00,Annual,"European Union - 27 countries (AT, BE, BG, CY, CZ, DE, DK, EE, ES, FI, FR, GR, HR, HU, IE, IT, LT, LU, LV, MT, NL, PL, PT, RO, SE, SI, SK)",Burundi,"WOOL, FINE OR COARSE ANIMAL HAIR; HORSEHAIR YARN AND WOVEN FABRIC",EXPORT,VALUE_IN_EUROS,2023,15908
ESTAT:DS-045409(1.0),06/02/26 11:00:00,Annual,"European Union - 27 countries (AT, BE, BG, CY, CZ, DE, DK, EE, ES, FI, FR, GR, HR, HU, IE, IT, LT, LU, LV, MT, NL, PL, PT, RO, SE, SI, SK)",Burundi,"WOOL, FINE OR COARSE ANIMAL HAIR; HORSEHAIR YARN AND WOVEN FABRIC",EXPORT,VALUE_IN_EUROS,2024,68605
ESTAT:DS-045409(1.0),06/02/26 11:00:00,Annual,"European Union - 27 countries (AT, BE, BG, CY, CZ, DE, DK, EE, ES, FI, FR, GR, HR, HU, IE, IT, LT, LU, LV, MT, NL, PL, PT, RO, SE, SI, SK)",Benin,"WOOL, FINE OR COARSE ANIMAL HAIR; HORSEHAIR YARN AND WOVEN FABRIC",EXPORT,VALUE_IN_EUROS,1999,264958
ESTAT:DS-045409(1.0),06/02/26 11:00:00,Annual,"European Union - 27 countries (AT, BE, BG, CY, CZ, DE, DK, EE, ES, FI, FR, GR, HR, HU, IE, IT, LT, LU, LV, MT, NL, PL, PT, RO, SE, SI, SK)",Benin,"WOOL, FINE OR COARSE ANIMAL HAIR; HORSEHAIR YARN AND WOVEN FABRIC",EXPORT,VALUE_IN_EUROS,2000,117644
ESTAT:DS-045409(1.0),06/02/26 11:00:00,Annual,"European Union - 27 countries (AT, BE, BG, CY, CZ, DE, DK, EE, ES, FI, FR, GR, HR, HU, IE, IT, LT, LU, LV, MT, NL, PL, PT, RO, SE, SI, SK)",Benin,"WOOL, FINE OR COARSE ANIMAL HAIR; HORSEHAIR YARN AND WOVEN FABRIC",EXPORT,VALUE_IN_EUROS,2001,110546
ESTAT:DS-045409(1.0),06/02/26 11:00:00,Annual,"European Union - 27 countries (AT, BE, BG, CY, CZ, DE, DK, EE, ES, FI, FR, GR, HR, HU, IE, IT, LT, LU, LV, MT, NL, PL, PT, RO, SE, SI, SK)",Benin,"WOOL, FINE OR COARSE ANIMAL HAIR; HORSEHAIR YARN AND WOVEN FABRIC",EXPORT,VALUE_IN_EUROS,2002,29869
ESTAT:DS-045409(1.0),06/02/26 11:00:00,Annual,"European Union - 27 countries (AT, BE, BG, CY, CZ, DE, DK, EE, ES, FI, FR, GR, HR, HU, IE, IT, LT, LU, LV, MT, NL, PL, PT, RO, SE, SI, SK)",Benin,"WOOL, FINE OR COARSE ANIMAL HAIR; HORSEHAIR YARN AND WOVEN FABRIC",EXPORT,VALUE_IN_EUROS,2003,54279
ESTAT:DS-045409(1.0),06/02/26 11:00:00,Annual,"European Union - 27 countries (AT, BE, BG, CY, CZ, DE, DK, EE, ES, FI, FR, GR, HR, HU, IE, IT, LT, LU, LV, MT, NL, PL, PT, RO, SE, SI, SK)",Benin,"WOOL, FINE OR COARSE ANIMAL HAIR; HORSEHAIR YARN AND WOVEN FABRIC",EXPORT,VALUE_IN_EUROS,2004,37462
ESTAT:DS-045409(1.0),06/02/26 11:00:00,Annual,"European Union - 27 countries (AT, BE, BG, CY, CZ, DE, DK, EE, ES, FI, FR, GR, HR, HU, IE, IT, LT, LU, LV, MT, NL, PL, PT, RO, SE, SI, SK)",Benin,"WOOL, FINE OR COARSE ANIMAL HAIR; HORSEHAIR YARN AND WOVEN FABRIC",EXPORT,VALUE_IN_EUROS,2005,105335
ESTAT:DS-045409(1.0),06/02/26 11:00:00,Annual,"European Union - 27 countries (AT, BE, BG, CY, CZ, DE, DK, EE, ES, FI, FR, GR, HR, HU, IE, IT, LT, LU, LV, MT, NL, PL, PT, RO, SE, SI, SK)",Benin,"WOOL, FINE OR COARSE ANIMAL HAIR; HORSEHAIR YARN AND WOVEN FABRIC",EXPORT,VALUE_IN_EUROS,2006,84179
ESTAT:DS-045409(1.0),06/02/26 11:00:00,Annual,"European Union - 27 countries (AT, BE, BG, CY, CZ, DE, DK, EE, ES, FI, FR, GR, HR, HU, IE, IT, LT, LU, LV, MT, NL, PL, PT, RO, SE, SI, SK)",Benin,"WOOL, FINE OR COARSE ANIMAL HAIR; HORSEHAIR YARN AND WOVEN FABRIC",EXPORT,VALUE_IN_EUROS,2007,54675
ESTAT:DS-045409(1.0),06/02/26 11:00:00,Annual,"European Union - 27 countries (AT, BE, BG, CY, CZ, DE, DK, EE, ES, FI, FR, GR, HR, HU, IE, IT, LT, LU, LV, MT, NL, PL, PT, RO, SE, SI, SK)",Benin,"WOOL, FINE OR COARSE ANIMAL HAIR; HORSEHAIR YARN AND WOVEN FABRIC",EXPORT,VALUE_IN_EUROS,2008,19859
ESTAT:DS-045409(1.0),06/02/26 11:00:00,Annual,"European Union - 27 countries (AT, BE, BG, CY, CZ, DE, DK, EE, ES, FI, FR, GR, HR, HU, IE, IT, LT, LU, LV, MT, NL, PL, PT, RO, SE, SI, SK)",Benin,"WOOL, FINE OR COARSE ANIMAL HAIR; HORSEHAIR YARN AND WOVEN FABRIC",EXPORT,VALUE_IN_EUROS,2009,16089
ESTAT:DS-045409(1.0),06/02/26 11:00:00,Annual,"European Union - 27 countries (AT, BE, BG, CY, CZ, DE, DK, EE, ES, FI, FR, GR, HR, HU, IE, IT, LT, LU, LV, MT, NL, PL, PT, RO, SE, SI, SK)",Benin,"WOOL, FINE OR COARSE ANIMAL HAIR; HORSEHAIR YARN AND WOVEN FABRIC",EXPORT,VALUE_IN_EUROS,2010,4483
ESTAT:DS-045409(1.0),06/02/26 11:00:00,Annual,"European Union - 27 countries (AT, BE, BG, CY, CZ, DE, DK, EE, ES, FI, FR, GR, HR, HU, IE, IT, LT, LU, LV, MT, NL, PL, PT, RO, SE, SI, SK)",Benin,"WOOL, FINE OR COARSE ANIMAL HAIR; HORSEHAIR YARN AND WOVEN FABRIC",EXPORT,VALUE_IN_EUROS,2011,19198
ESTAT:DS-045409(1.0),06/02/26 11:00:00,Annual,"European Union - 27 countries (AT, BE, BG, CY, CZ, DE, DK, EE, ES, FI, FR, GR, HR, HU, IE, IT, LT, LU, LV, MT, NL, PL, PT, RO, SE, SI, SK)",Benin,"WOOL, FINE OR COARSE ANIMAL HAIR; HORSEHAIR YARN AND WOVEN FABRIC",EXPORT,VALUE_IN_EUROS,2012,26619
ESTAT:DS-045409(1.0),06/02/26 11:00:00,Annual,"European Union - 27 countries (AT, BE, BG, CY, CZ, DE, DK, EE, ES, FI, FR, GR, HR, HU, IE, IT, LT, LU, LV, MT, NL, PL, PT, RO, SE, SI, SK)",Benin,"WOOL, FINE OR COARSE ANIMAL HAIR; HORSEHAIR YARN AND WOVEN FABRIC",EXPORT,VALUE_IN_EUROS,2013,60657
ESTAT:DS-045409(1.0),06/02/26 11:00:00,Annual,"European Union - 27 countries (AT, BE, BG, CY, CZ, DE, DK, EE, ES, FI, FR, GR, HR, HU, IE, IT, LT, LU, LV, MT, NL, PL, PT, RO, SE, SI, SK)",Benin,"WOOL, FINE OR COARSE ANIMAL HAIR; HORSEHAIR YARN AND WOVEN FABRIC",EXPORT,VALUE_IN_EUROS,2014,16542
ESTAT:DS-045409(1.0),06/02/26 11:00:00,Annual,"European Union - 27 countries (AT, BE, BG, CY, CZ, DE, DK, EE, ES, FI, FR, GR, HR, HU, IE, IT, LT, LU, LV, MT, NL, PL, PT, RO, SE, SI, SK)",Benin,"WOOL, FINE OR COARSE ANIMAL HAIR; HORSEHAIR YARN AND WOVEN FABRIC",EXPORT,VALUE_IN_EUROS,2015,21060
ESTAT:DS-045409(1.0),06/02/26 11:00:00,Annual,"European Union - 27 countries (AT, BE, BG, CY, CZ, DE, DK, EE, ES, FI, FR, GR, HR, HU, IE, IT, LT, LU, LV, MT, NL, PL, PT, RO, SE, SI, SK)",Benin,"WOOL, FINE OR COARSE ANIMAL HAIR; HORSEHAIR YARN AND WOVEN FABRIC",EXPORT,VALUE_IN_EUROS,2016,1457
ESTAT:DS-045409(1.0),06/02/26 11:00:00,Annual,"European Union - 27 countries (AT, BE, BG, CY, CZ, DE, DK, EE, ES, FI, FR, GR, HR, HU, IE, IT, LT, LU, LV, MT, NL, PL, PT, RO, SE, SI, SK)",Benin,"WOOL, FINE OR COARSE ANIMAL HAIR; HORSEHAIR YARN AND WOVEN FABRIC",EXPORT,VALUE_IN_EUROS,2017,22038
ESTAT:DS-045409(1.0),06/02/26 11:00:00,Annual,"European Union - 27 countries (AT, BE, BG, CY, CZ, DE, DK, EE, ES, FI, FR, GR, HR, HU, IE, IT, LT, LU, LV, MT, NL, PL, PT, RO, SE, SI, SK)",Benin,"WOOL, FINE OR COARSE ANIMAL HAIR; HORSEHAIR YARN AND WOVEN FABRIC",EXPORT,VALUE_IN_EUROS,2018,12265
ESTAT:DS-045409(1.0),06/02/26 11:00:00,Annual,"European Union - 27 countries (AT, BE, BG, CY, CZ, DE, DK, EE, ES, FI, FR, GR, HR, HU, IE, IT, LT, LU, LV, MT, NL, PL, PT, RO, SE, SI, SK)",Benin,"WOOL, FINE OR COARSE ANIMAL HAIR; HORSEHAIR YARN AND WOVEN FABRIC",EXPORT,VALUE_IN_EUROS,2019,16745
ESTAT:DS-045409(1.0),06/02/26 11:00:00,Annual,"European Union - 27 countries (AT, BE, BG, CY, CZ, DE, DK, EE, ES, FI, FR, GR, HR, HU, IE, IT, LT, LU, LV, MT, NL, PL, PT, RO, SE, SI, SK)",Benin,"WOOL, FINE OR COARSE ANIMAL HAIR; HORSEHAIR YARN AND WOVEN FABRIC",EXPORT,VALUE_IN_EUROS,2020,8902
ESTAT:DS-045409(1.0),06/02/26 11:00:00,Annual,"European Union - 27 countries (AT, BE, BG, CY, CZ, DE, DK, EE, ES, FI, FR, GR, HR, HU, IE, IT, LT, LU, LV, MT, NL, PL, PT, RO, SE, SI, SK)",Benin,"WOOL, FINE OR COARSE ANIMAL HAIR; HORSEHAIR YARN AND WOVEN FABRIC",EXPORT,VALUE_IN_EUROS,2021,23945
ESTAT:DS-045409(1.0),06/02/26 11:00:00,Annual,"European Union - 27 countries (AT, BE, BG, CY, CZ, DE, DK, EE, ES, FI, FR, GR, HR, HU, IE, IT, LT, LU, LV, MT, NL, PL, PT, RO, SE, SI, SK)",Benin,"WOOL, FINE OR COARSE ANIMAL HAIR; HORSEHAIR YARN AND WOVEN FABRIC",EXPORT,VALUE_IN_EUROS,2022,5843
ESTAT:DS-045409(1.0),06/02/26 11:00:00,Annual,"European Union - 27 countries (AT, BE, BG, CY, CZ, DE, DK, EE, ES, FI, FR, GR, HR, HU, IE, IT, LT, LU, LV, MT, NL, PL, PT, RO, SE, SI, SK)",Benin,"WOOL, FINE OR COARSE ANIMAL HAIR; HORSEHAIR YARN AND WOVEN FABRIC",EXPORT,VALUE_IN_EUROS,2023,7025
ESTAT:DS-045409(1.0),06/02/26 11:00:00,Annual,"European Union - 27 countries (AT, BE, BG, CY, CZ, DE, DK, EE, ES, FI, FR, GR, HR, HU, IE, IT, LT, LU, LV, MT, NL, PL, PT, RO, SE, SI, SK)",Benin,"WOOL, FINE OR COARSE ANIMAL HAIR; HORSEHAIR YARN AND WOVEN FABRIC",EXPORT,VALUE_IN_EUROS,2024,15779
ESTAT:DS-045409(1.0),06/02/26 11:00:00,Annual,"European Union - 27 countries (AT, BE, BG, CY, CZ, DE, DK, EE, ES, FI, FR, GR, HR, HU, IE, IT, LT, LU, LV, MT, NL, PL, PT, RO, SE, SI, SK)",Botswana,"WOOL, FINE OR COARSE ANIMAL HAIR; HORSEHAIR YARN AND WOVEN FABRIC",EXPORT,VALUE_IN_EUROS,1999,1160
ESTAT:DS-045409(1.0),06/02/26 11:00:00,Annual,"European Union - 27 countries (AT, BE, BG, CY, CZ, DE, DK, EE, ES, FI, FR, GR, HR, HU, IE, IT, LT, LU, LV, MT, NL, PL, PT, RO, SE, SI, SK)",Botswana,"WOOL, FINE OR COARSE ANIMAL HAIR; HORSEHAIR YARN AND WOVEN FABRIC",EXPORT,VALUE_IN_EUROS,2005,137000
ESTAT:DS-045409(1.0),06/02/26 11:00:00,Annual,"European Union - 27 countries (AT, BE, BG, CY, CZ, DE, DK, EE, ES, FI, FR, GR, HR, HU, IE, IT, LT, LU, LV, MT, NL, PL, PT, RO, SE, SI, SK)",Botswana,"WOOL, FINE OR COARSE ANIMAL HAIR; HORSEHAIR YARN AND WOVEN FABRIC",EXPORT,VALUE_IN_EUROS,2012,39782
ESTAT:DS-045409(1.0),06/02/26 11:00:00,Annual,"European Union - 27 countries (AT, BE, BG, CY, CZ, DE, DK, EE, ES, FI, FR, GR, HR, HU, IE, IT, LT, LU, LV, MT, NL, PL, PT, RO, SE, SI, SK)","Congo, Democratic Republic of","WOOL, FINE OR COARSE ANIMAL HAIR; HORSEHAIR YARN AND WOVEN FABRIC",EXPORT,VALUE_IN_EUROS,1999,2882
ESTAT:DS-045409(1.0),06/02/26 11:00:00,Annual,"European Union - 27 countries (AT, BE, BG, CY, CZ, DE, DK, EE, ES, FI, FR, GR, HR, HU, IE, IT, LT, LU, LV, MT, NL, PL, PT, RO, SE, SI, SK)","Congo, Democratic Republic of","WOOL, FINE OR COARSE ANIMAL HAIR; HORSEHAIR YARN AND WOVEN FABRIC",EXPORT,VALUE_IN_EUROS,2000,2365
ESTAT:DS-045409(1.0),06/02/26 11:00:00,Annual,"European Union - 27 countries (AT, BE, BG, CY, CZ, DE, DK, EE, ES, FI, FR, GR, HR, HU, IE, IT, LT, LU, LV, MT, NL, PL, PT, RO, SE, SI, SK)","Congo, Democratic Republic of","WOOL, FINE OR COARSE ANIMAL HAIR; HORSEHAIR YARN AND WOVEN FABRIC",EXPORT,VALUE_IN_EUROS,2001,1951
ESTAT:DS-045409(1.0),06/02/26 11:00:00,Annual,"European Union - 27 countries (AT, BE, BG, CY, CZ, DE, DK, EE, ES, FI, FR, GR, HR, HU, IE, IT, LT, LU, LV, MT, NL, PL, PT, RO, SE, SI, SK)","Congo, Democratic Republic of","WOOL, FINE OR COARSE ANIMAL HAIR; HORSEHAIR YARN AND WOVEN FABRIC",EXPORT,VALUE_IN_EUROS,2002,27040
ESTAT:DS-045409(1.0),06/02/26 11:00:00,Annual,"European Union - 27 countries (AT, BE, BG, CY, CZ, DE, DK, EE, ES, FI, FR, GR, HR, HU, IE, IT, LT, LU, LV, MT, NL, PL, PT, RO, SE, SI, SK)","Congo, Democratic Republic of","WOOL, FINE OR COARSE ANIMAL HAIR; HORSEHAIR YARN AND WOVEN FABRIC",EXPORT,VALUE_IN_EUROS,2003,5879
ESTAT:DS-045409(1.0),06/02/26 11:00:00,Annual,"European Union - 27 countries (AT, BE, BG, CY, CZ, DE, DK, EE, ES, FI, FR, GR, HR, HU, IE, IT, LT, LU, LV, MT, NL, PL, PT, RO, SE, SI, SK)","Congo, Democratic Republic of","WOOL, FINE OR COARSE ANIMAL HAIR; HORSEHAIR YARN AND WOVEN FABRIC",EXPORT,VALUE_IN_EUROS,2005,36528
ESTAT:DS-045409(1.0),06/02/26 11:00:00,Annual,"European Union - 27 countries (AT, BE, BG, CY, CZ, DE, DK, EE, ES, FI, FR, GR, HR, HU, IE, IT, LT, LU, LV, MT, NL, PL, PT, RO, SE, SI, SK)","Congo, Democratic Republic of","WOOL, FINE OR COARSE ANIMAL HAIR; HORSEHAIR YARN AND WOVEN FABRIC",EXPORT,VALUE_IN_EUROS,2006,959
ESTAT:DS-045409(1.0),06/02/26 11:00:00,Annual,"European Union - 27 countries (AT, BE, BG, CY, CZ, DE, DK, EE, ES, FI, FR, GR, HR, HU, IE, IT, LT, LU, LV, MT, NL, PL, PT, RO, SE, SI, SK)","Congo, Democratic Republic of","WOOL, FINE OR COARSE ANIMAL HAIR; HORSEHAIR YARN AND WOVEN FABRIC",EXPORT,VALUE_IN_EUROS,2007,8062
ESTAT:DS-045409(1.0),06/02/26 11:00:00,Annual,"European Union - 27 countries (AT, BE, BG, CY, CZ, DE, DK, EE, ES, FI, FR, GR, HR, HU, IE, IT, LT, LU, LV, MT, NL, PL, PT, RO, SE, SI, SK)","Congo, Democratic Republic of","WOOL, FINE OR COARSE ANIMAL HAIR; HORSEHAIR YARN AND WOVEN FABRIC",EXPORT,VALUE_IN_EUROS,2008,3469
ESTAT:DS-045409(1.0),06/02/26 11:00:00,Annual,"European Union - 27 countries (AT, BE, BG, CY, CZ, DE, DK, EE, ES, FI, FR, GR, HR, HU, IE, IT, LT, LU, LV, MT, NL, PL, PT, RO, SE, SI, SK)","Congo, Democratic Republic of","WOOL, FINE OR COARSE ANIMAL HAIR; HORSEHAIR YARN AND WOVEN FABRIC",EXPORT,VALUE_IN_EUROS,2009,4351
ESTAT:DS-045409(1.0),06/02/26 11:00:00,Annual,"European Union - 27 countries (AT, BE, BG, CY, CZ, DE, DK, EE, ES, FI, FR, GR, HR, HU, IE, IT, LT, LU, LV, MT, NL, PL, PT, RO, SE, SI, SK)","Congo, Democratic Republic of","WOOL, FINE OR COARSE ANIMAL HAIR; HORSEHAIR YARN AND WOVEN FABRIC",EXPORT,VALUE_IN_EUROS,2011,1461
ESTAT:DS-045409(1.0),06/02/26 11:00:00,Annual,"European Union - 27 countries (AT, BE, BG, CY, CZ, DE, DK, EE, ES, FI, FR, GR, HR, HU, IE, IT, LT, LU, LV, MT, NL, PL, PT, RO, SE, SI, SK)","Congo, Democratic Republic of","WOOL, FINE OR COARSE ANIMAL HAIR; HORSEHAIR YARN AND WOVEN FABRIC",EXPORT,VALUE_IN_EUROS,2012,21256
ESTAT:DS-045409(1.0),06/02/26 11:00:00,Annual,"European Union - 27 countries (AT, BE, BG, CY, CZ, DE, DK, EE, ES, FI, FR, GR, HR, HU, IE, IT, LT, LU, LV, MT, NL, PL, PT, RO, SE, SI, SK)","Congo, Democratic Republic of","WOOL, FINE OR COARSE ANIMAL HAIR; HORSEHAIR YARN AND WOVEN FABRIC",EXPORT,VALUE_IN_EUROS,2013,90420
ESTAT:DS-045409(1.0),06/02/26 11:00:00,Annual,"European Union - 27 countries (AT, BE, BG, CY, CZ, DE, DK, EE, ES, FI, FR, GR, HR, HU, IE, IT, LT, LU, LV, MT, NL, PL, PT, RO, SE, SI, SK)","Congo, Democratic Republic of","WOOL, FINE OR COARSE ANIMAL HAIR; HORSEHAIR YARN AND WOVEN FABRIC",EXPORT,VALUE_IN_EUROS,2014,38192
ESTAT:DS-045409(1.0),06/02/26 11:00:00,Annual,"European Union - 27 countries (AT, BE, BG, CY, CZ, DE, DK, EE, ES, FI, FR, GR, HR, HU, IE, IT, LT, LU, LV, MT, NL, PL, PT, RO, SE, SI, SK)","Congo, Democratic Republic of","WOOL, FINE OR COARSE ANIMAL HAIR; HORSEHAIR YARN AND WOVEN FABRIC",EXPORT,VALUE_IN_EUROS,2015,45141
ESTAT:DS-045409(1.0),06/02/26 11:00:00,Annual,"European Union - 27 countries (AT, BE, BG, CY, CZ, DE, DK, EE, ES, FI, FR, GR, HR, HU, IE, IT, LT, LU, LV, MT, NL, PL, PT, RO, SE, SI, SK)","Congo, Democratic Republic of","WOOL, FINE OR COARSE ANIMAL HAIR; HORSEHAIR YARN AND WOVEN FABRIC",EXPORT,VALUE_IN_EUROS,2016,31425
ESTAT:DS-045409(1.0),06/02/26 11:00:00,Annual,"European Union - 27 countries (AT, BE, BG, CY, CZ, DE, DK, EE, ES, FI, FR, GR, HR, HU, IE, IT, LT, LU, LV, MT, NL, PL, PT, RO, SE, SI, SK)","Congo, Democratic Republic of","WOOL, FINE OR COARSE ANIMAL HAIR; HORSEHAIR YARN AND WOVEN FABRIC",EXPORT,VALUE_IN_EUROS,2017,39050
ESTAT:DS-045409(1.0),06/02/26 11:00:00,Annual,"European Union - 27 countries (AT, BE, BG, CY, CZ, DE, DK, EE, ES, FI, FR, GR, HR, HU, IE, IT, LT, LU, LV, MT, NL, PL, PT, RO, SE, SI, SK)","Congo, Democratic Republic of","WOOL, FINE OR COARSE ANIMAL HAIR; HORSEHAIR YARN AND WOVEN FABRIC",EXPORT,VALUE_IN_EUROS,2018,17206
ESTAT:DS-045409(1.0),06/02/26 11:00:00,Annual,"European Union - 27 countries (AT, BE, BG, CY, CZ, DE, DK, EE, ES, FI, FR, GR, HR, HU, IE, IT, LT, LU, LV, MT, NL, PL, PT, RO, SE, SI, SK)","Congo, Democratic Republic of","WOOL, FINE OR COARSE ANIMAL HAIR; HORSEHAIR YARN AND WOVEN FABRIC",EXPORT,VALUE_IN_EUROS,2019,170
ESTAT:DS-045409(1.0),06/02/26 11:00:00,Annual,"European Union - 27 countries (AT, BE, BG, CY, CZ, DE, DK, EE, ES, FI, FR, GR, HR, HU, IE, IT, LT, LU, LV, MT, NL, PL, PT, RO, SE, SI, SK)","Congo, Democratic Republic of","WOOL, FINE OR COARSE ANIMAL HAIR; HORSEHAIR YARN AND WOVEN FABRIC",EXPORT,VALUE_IN_EUROS,2020,4131
ESTAT:DS-045409(1.0),06/02/26 11:00:00,Annual,"European Union - 27 countries (AT, BE, BG, CY, CZ, DE, DK, EE, ES, FI, FR, GR, HR, HU, IE, IT, LT, LU, LV, MT, NL, PL, PT, RO, SE, SI, SK)","Congo, Democratic Republic of","WOOL, FINE OR COARSE ANIMAL HAIR; HORSEHAIR YARN AND WOVEN FABRIC",EXPORT,VALUE_IN_EUROS,2021,786
ESTAT:DS-045409(1.0),06/02/26 11:00:00,Annual,"European Union - 27 countries (AT, BE, BG, CY, CZ, DE, DK, EE, ES, FI, FR, GR, HR, HU, IE, IT, LT, LU, LV, MT, NL, PL, PT, RO, SE, SI, SK)","Congo, Democratic Republic of","WOOL, FINE OR COARSE ANIMAL HAIR; HORSEHAIR YARN AND WOVEN FABRIC",EXPORT,VALUE_IN_EUROS,2022,9474
ESTAT:DS-045409(1.0),06/02/26 11:00:00,Annual,"European Union - 27 countries (AT, BE, BG, CY, CZ, DE, DK, EE, ES, FI, FR, GR, HR, HU, IE, IT, LT, LU, LV, MT, NL, PL, PT, RO, SE, SI, SK)","Congo, Democratic Republic of","WOOL, FINE OR COARSE ANIMAL HAIR; HORSEHAIR YARN AND WOVEN FABRIC",EXPORT,VALUE_IN_EUROS,2023,20386
ESTAT:DS-045409(1.0),06/02/26 11:00:00,Annual,"European Union - 27 countries (AT, BE, BG, CY, CZ, DE, DK, EE, ES, FI, FR, GR, HR, HU, IE, IT, LT, LU, LV, MT, NL, PL, PT, RO, SE, SI, SK)","Congo, Democratic Republic of","WOOL, FINE OR COARSE ANIMAL HAIR; HORSEHAIR YARN AND WOVEN FABRIC",EXPORT,VALUE_IN_EUROS,2024,38459
ESTAT:DS-045409(1.0),06/02/26 11:00:00,Annual,"European Union - 27 countries (AT, BE, BG, CY, CZ, DE, DK, EE, ES, FI, FR, GR, HR, HU, IE, IT, LT, LU, LV, MT, NL, PL, PT, RO, SE, SI, SK)",Central African Republic,"WOOL, FINE OR COARSE ANIMAL HAIR; HORSEHAIR YARN AND WOVEN FABRIC",EXPORT,VALUE_IN_EUROS,2000,19513
ESTAT:DS-045409(1.0),06/02/26 11:00:00,Annual,"European Union - 27 countries (AT, BE, BG, CY, CZ, DE, DK, EE, ES, FI, FR, GR, HR, HU, IE, IT, LT, LU, LV, MT, NL, PL, PT, RO, SE, SI, SK)",Central African Republic,"WOOL, FINE OR COARSE ANIMAL HAIR; HORSEHAIR YARN AND WOVEN FABRIC",EXPORT,VALUE_IN_EUROS,2001,2885
ESTAT:DS-045409(1.0),06/02/26 11:00:00,Annual,"European Union - 27 countries (AT, BE, BG, CY, CZ, DE, DK, EE, ES, FI, FR, GR, HR, HU, IE, IT, LT, LU, LV, MT, NL, PL, PT, RO, SE, SI, SK)",Central African Republic,"WOOL, FINE OR COARSE ANIMAL HAIR; HORSEHAIR YARN AND WOVEN FABRIC",EXPORT,VALUE_IN_EUROS,2003,21557
ESTAT:DS-045409(1.0),06/02/26 11:00:00,Annual,"European Union - 27 countries (AT, BE, BG, CY, CZ, DE, DK, EE, ES, FI, FR, GR, HR, HU, IE, IT, LT, LU, LV, MT, NL, PL, PT, RO, SE, SI, SK)",Central African Republic,"WOOL, FINE OR COARSE ANIMAL HAIR; HORSEHAIR YARN AND WOVEN FABRIC",EXPORT,VALUE_IN_EUROS,2005,3719
ESTAT:DS-045409(1.0),06/02/26 11:00:00,Annual,"European Union - 27 countries (AT, BE, BG, CY, CZ, DE, DK, EE, ES, FI, FR, GR, HR, HU, IE, IT, LT, LU, LV, MT, NL, PL, PT, RO, SE, SI, SK)",Central African Republic,"WOOL, FINE OR COARSE ANIMAL HAIR; HORSEHAIR YARN AND WOVEN FABRIC",EXPORT,VALUE_IN_EUROS,2015,7006
ESTAT:DS-045409(1.0),06/02/26 11:00:00,Annual,"European Union - 27 countries (AT, BE, BG, CY, CZ, DE, DK, EE, ES, FI, FR, GR, HR, HU, IE, IT, LT, LU, LV, MT, NL, PL, PT, RO, SE, SI, SK)",Congo,"WOOL, FINE OR COARSE ANIMAL HAIR; HORSEHAIR YARN AND WOVEN FABRIC",EXPORT,VALUE_IN_EUROS,1999,55590
ESTAT:DS-045409(1.0),06/02/26 11:00:00,Annual,"European Union - 27 countries (AT, BE, BG, CY, CZ, DE, DK, EE, ES, FI, FR, GR, HR, HU, IE, IT, LT, LU, LV, MT, NL, PL, PT, RO, SE, SI, SK)",Congo,"WOOL, FINE OR COARSE ANIMAL HAIR; HORSEHAIR YARN AND WOVEN FABRIC",EXPORT,VALUE_IN_EUROS,2000,127154
ESTAT:DS-045409(1.0),06/02/26 11:00:00,Annual,"European Union - 27 countries (AT, BE, BG, CY, CZ, DE, DK, EE, ES, FI, FR, GR, HR, HU, IE, IT, LT, LU, LV, MT, NL, PL, PT, RO, SE, SI, SK)",Congo,"WOOL, FINE OR COARSE ANIMAL HAIR; HORSEHAIR YARN AND WOVEN FABRIC",EXPORT,VALUE_IN_EUROS,2001,90653
ESTAT:DS-045409(1.0),06/02/26 11:00:00,Annual,"European Union - 27 countries (AT, BE, BG, CY, CZ, DE, DK, EE, ES, FI, FR, GR, HR, HU, IE, IT, LT, LU, LV, MT, NL, PL, PT, RO, SE, SI, SK)",Congo,"WOOL, FINE OR COARSE ANIMAL HAIR; HORSEHAIR YARN AND WOVEN FABRIC",EXPORT,VALUE_IN_EUROS,2002,160757
ESTAT:DS-045409(1.0),06/02/26 11:00:00,Annual,"European Union - 27 countries (AT, BE, BG, CY, CZ, DE, DK, EE, ES, FI, FR, GR, HR, HU, IE, IT, LT, LU, LV, MT, NL, PL, PT, RO, SE, SI, SK)",Congo,"WOOL, FINE OR COARSE ANIMAL HAIR; HORSEHAIR YARN AND WOVEN FABRIC",EXPORT,VALUE_IN_EUROS,2003,114028
ESTAT:DS-045409(1.0),06/02/26 11:00:00,Annual,"European Union - 27 countries (AT, BE, BG, CY, CZ, DE, DK, EE, ES, FI, FR, GR, HR, HU, IE, IT, LT, LU, LV, MT, NL, PL, PT, RO, SE, SI, SK)",Congo,"WOOL, FINE OR COARSE ANIMAL HAIR; HORSEHAIR YARN AND WOVEN FABRIC",EXPORT,VALUE_IN_EUROS,2004,132314
ESTAT:DS-045409(1.0),06/02/26 11:00:00,Annual,"European Union - 27 countries (AT, BE, BG, CY, CZ, DE, DK, EE, ES, FI, FR, GR, HR, HU, IE, IT, LT, LU, LV, MT, NL, PL, PT, RO, SE, SI, SK)",Congo,"WOOL, FINE OR COARSE ANIMAL HAIR; HORSEHAIR YARN AND WOVEN FABRIC",EXPORT,VALUE_IN_EUROS,2005,7984
ESTAT:DS-045409(1.0),06/02/26 11:00:00,Annual,"European Union - 27 countries (AT, BE, BG, CY, CZ, DE, DK, EE, ES, FI, FR, GR, HR, HU, IE, IT, LT, LU, LV, MT, NL, PL, PT, RO, SE, SI, SK)",Congo,"WOOL, FINE OR COARSE ANIMAL HAIR; HORSEHAIR YARN AND WOVEN FABRIC",EXPORT,VALUE_IN_EUROS,2006,14957
ESTAT:DS-045409(1.0),06/02/26 11:00:00,Annual,"European Union - 27 countries (AT, BE, BG, CY, CZ, DE, DK, EE, ES, FI, FR, GR, HR, HU, IE, IT, LT, LU, LV, MT, NL, PL, PT, RO, SE, SI, SK)",Congo,"WOOL, FINE OR COARSE ANIMAL HAIR; HORSEHAIR YARN AND WOVEN FABRIC",EXPORT,VALUE_IN_EUROS,2007,2308
ESTAT:DS-045409(1.0),06/02/26 11:00:00,Annual,"European Union - 27 countries (AT, BE, BG, CY, CZ, DE, DK, EE, ES, FI, FR, GR, HR, HU, IE, IT, LT, LU, LV, MT, NL, PL, PT, RO, SE, SI, SK)",Congo,"WOOL, FINE OR COARSE ANIMAL HAIR; HORSEHAIR YARN AND WOVEN FABRIC",EXPORT,VALUE_IN_EUROS,2008,2099
ESTAT:DS-045409(1.0),06/02/26 11:00:00,Annual,"European Union - 27 countries (AT, BE, BG, CY, CZ, DE, DK, EE, ES, FI, FR, GR, HR, HU, IE, IT, LT, LU, LV, MT, NL, PL, PT, RO, SE, SI, SK)",Congo,"WOOL, FINE OR COARSE ANIMAL HAIR; HORSEHAIR YARN AND WOVEN FABRIC",EXPORT,VALUE_IN_EUROS,2009,27204
ESTAT:DS-045409(1.0),06/02/26 11:00:00,Annual,"European Union - 27 countries (AT, BE, BG, CY, CZ, DE, DK, EE, ES, FI, FR, GR, HR, HU, IE, IT, LT, LU, LV, MT, NL, PL, PT, RO, SE, SI, SK)",Congo,"WOOL, FINE OR COARSE ANIMAL HAIR; HORSEHAIR YARN AND WOVEN FABRIC",EXPORT,VALUE_IN_EUROS,2010,3838
ESTAT:DS-045409(1.0),06/02/26 11:00:00,Annual,"European Union - 27 countries (AT, BE, BG, CY, CZ, DE, DK, EE, ES, FI, FR, GR, HR, HU, IE, IT, LT, LU, LV, MT, NL, PL, PT, RO, SE, SI, SK)",Congo,"WOOL, FINE OR COARSE ANIMAL HAIR; HORSEHAIR YARN AND WOVEN FABRIC",EXPORT,VALUE_IN_EUROS,2011,177
ESTAT:DS-045409(1.0),06/02/26 11:00:00,Annual,"European Union - 27 countries (AT, BE, BG, CY, CZ, DE, DK, EE, ES, FI, FR, GR, HR, HU, IE, IT, LT, LU, LV, MT, NL, PL, PT, RO, SE, SI, SK)",Congo,"WOOL, FINE OR COARSE ANIMAL HAIR; HORSEHAIR YARN AND WOVEN FABRIC",EXPORT,VALUE_IN_EUROS,2012,1586
ESTAT:DS-045409(1.0),06/02/26 11:00:00,Annual,"European Union - 27 countries (AT, BE, BG, CY, CZ, DE, DK, EE, ES, FI, FR, GR, HR, HU, IE, IT, LT, LU, LV, MT, NL, PL, PT, RO, SE, SI, SK)",Congo,"WOOL, FINE OR COARSE ANIMAL HAIR; HORSEHAIR YARN AND WOVEN FABRIC",EXPORT,VALUE_IN_EUROS,2013,4097
ESTAT:DS-045409(1.0),06/02/26 11:00:00,Annual,"European Union - 27 countries (AT, BE, BG, CY, CZ, DE, DK, EE, ES, FI, FR, GR, HR, HU, IE, IT, LT, LU, LV, MT, NL, PL, PT, RO, SE, SI, SK)",Congo,"WOOL, FINE OR COARSE ANIMAL HAIR; HORSEHAIR YARN AND WOVEN FABRIC",EXPORT,VALUE_IN_EUROS,2014,4421
ESTAT:DS-045409(1.0),06/02/26 11:00:00,Annual,"European Union - 27 countries (AT, BE, BG, CY, CZ, DE, DK, EE, ES, FI, FR, GR, HR, HU, IE, IT, LT, LU, LV, MT, NL, PL, PT, RO, SE, SI, SK)",Congo,"WOOL, FINE OR COARSE ANIMAL HAIR; HORSEHAIR YARN AND WOVEN FABRIC",EXPORT,VALUE_IN_EUROS,2015,10339
ESTAT:DS-045409(1.0),06/02/26 11:00:00,Annual,"European Union - 27 countries (AT, BE, BG, CY, CZ, DE, DK, EE, ES, FI, FR, GR, HR, HU, IE, IT, LT, LU, LV, MT, NL, PL, PT, RO, SE, SI, SK)",Congo,"WOOL, FINE OR COARSE ANIMAL HAIR; HORSEHAIR YARN AND WOVEN FABRIC",EXPORT,VALUE_IN_EUROS,2016,6214
ESTAT:DS-045409(1.0),06/02/26 11:00:00,Annual,"European Union - 27 countries (AT, BE, BG, CY, CZ, DE, DK, EE, ES, FI, FR, GR, HR, HU, IE, IT, LT, LU, LV, MT, NL, PL, PT, RO, SE, SI, SK)",Congo,"WOOL, FINE OR COARSE ANIMAL HAIR; HORSEHAIR YARN AND WOVEN FABRIC",EXPORT,VALUE_IN_EUROS,2017,1481
ESTAT:DS-045409(1.0),06/02/26 11:00:00,Annual,"European Union - 27 countries (AT, BE, BG, CY, CZ, DE, DK, EE, ES, FI, FR, GR, HR, HU, IE, IT, LT, LU, LV, MT, NL, PL, PT, RO, SE, SI, SK)",Congo,"WOOL, FINE OR COARSE ANIMAL HAIR; HORSEHAIR YARN AND WOVEN FABRIC",EXPORT,VALUE_IN_EUROS,2018,1967
ESTAT:DS-045409(1.0),06/02/26 11:00:00,Annual,"European Union - 27 countries (AT, BE, BG, CY, CZ, DE, DK, EE, ES, FI, FR, GR, HR, HU, IE, IT, LT, LU, LV, MT, NL, PL, PT, RO, SE, SI, SK)",Congo,"WOOL, FINE OR COARSE ANIMAL HAIR; HORSEHAIR YARN AND WOVEN FABRIC",EXPORT,VALUE_IN_EUROS,2019,4182
ESTAT:DS-045409(1.0),06/02/26 11:00:00,Annual,"European Union - 27 countries (AT, BE, BG, CY, CZ, DE, DK, EE, ES, FI, FR, GR, HR, HU, IE, IT, LT, LU, LV, MT, NL, PL, PT, RO, SE, SI, SK)",Congo,"WOOL, FINE OR COARSE ANIMAL HAIR; HORSEHAIR YARN AND WOVEN FABRIC",EXPORT,VALUE_IN_EUROS,2021,6200
ESTAT:DS-045409(1.0),06/02/26 11:00:00,Annual,"European Union - 27 countries (AT, BE, BG, CY, CZ, DE, DK, EE, ES, FI, FR, GR, HR, HU, IE, IT, LT, LU, LV, MT, NL, PL, PT, RO, SE, SI, SK)",Congo,"WOOL, FINE OR COARSE ANIMAL HAIR; HORSEHAIR YARN AND WOVEN FABRIC",EXPORT,VALUE_IN_EUROS,2022,13185
ESTAT:DS-045409(1.0),06/02/26 11:00:00,Annual,"European Union - 27 countries (AT, BE, BG, CY, CZ, DE, DK, EE, ES, FI, FR, GR, HR, HU, IE, IT, LT, LU, LV, MT, NL, PL, PT, RO, SE, SI, SK)",Congo,"WOOL, FINE OR COARSE ANIMAL HAIR; HORSEHAIR YARN AND WOVEN FABRIC",EXPORT,VALUE_IN_EUROS,2023,32236
ESTAT:DS-045409(1.0),06/02/26 11:00:00,Annual,"European Union - 27 countries (AT, BE, BG, CY, CZ, DE, DK, EE, ES, FI, FR, GR, HR, HU, IE, IT, LT, LU, LV, MT, NL, PL, PT, RO, SE, SI, SK)",Congo,"WOOL, FINE OR COARSE ANIMAL HAIR; HORSEHAIR YARN AND WOVEN FABRIC",EXPORT,VALUE_IN_EUROS,2024,23988
ESTAT:DS-045409(1.0),06/02/26 11:00:00,Annual,"European Union - 27 countries (AT, BE, BG, CY, CZ, DE, DK, EE, ES, FI, FR, GR, HR, HU, IE, IT, LT, LU, LV, MT, NL, PL, PT, RO, SE, SI, SK)",Côte d’Ivoire (Ivory Coast),"WOOL, FINE OR COARSE ANIMAL HAIR; HORSEHAIR YARN AND WOVEN FABRIC",EXPORT,VALUE_IN_EUROS,1999,41806
ESTAT:DS-045409(1.0),06/02/26 11:00:00,Annual,"European Union - 27 countries (AT, BE, BG, CY, CZ, DE, DK, EE, ES, FI, FR, GR, HR, HU, IE, IT, LT, LU, LV, MT, NL, PL, PT, RO, SE, SI, SK)",Côte d’Ivoire (Ivory Coast),"WOOL, FINE OR COARSE ANIMAL HAIR; HORSEHAIR YARN AND WOVEN FABRIC",EXPORT,VALUE_IN_EUROS,2000,93679
ESTAT:DS-045409(1.0),06/02/26 11:00:00,Annual,"European Union - 27 countries (AT, BE, BG, CY, CZ, DE, DK, EE, ES, FI, FR, GR, HR, HU, IE, IT, LT, LU, LV, MT, NL, PL, PT, RO, SE, SI, SK)",Côte d’Ivoire (Ivory Coast),"WOOL, FINE OR COARSE ANIMAL HAIR; HORSEHAIR YARN AND WOVEN FABRIC",EXPORT,VALUE_IN_EUROS,2001,151227
ESTAT:DS-045409(1.0),06/02/26 11:00:00,Annual,"European Union - 27 countries (AT, BE, BG, CY, CZ, DE, DK, EE, ES, FI, FR, GR, HR, HU, IE, IT, LT, LU, LV, MT, NL, PL, PT, RO, SE, SI, SK)",Côte d’Ivoire (Ivory Coast),"WOOL, FINE OR COARSE ANIMAL HAIR; HORSEHAIR YARN AND WOVEN FABRIC",EXPORT,VALUE_IN_EUROS,2002,68516
ESTAT:DS-045409(1.0),06/02/26 11:00:00,Annual,"European Union - 27 countries (AT, BE, BG, CY, CZ, DE, DK, EE, ES, FI, FR, GR, HR, HU, IE, IT, LT, LU, LV, MT, NL, PL, PT, RO, SE, SI, SK)",Côte d’Ivoire (Ivory Coast),"WOOL, FINE OR COARSE ANIMAL HAIR; HORSEHAIR YARN AND WOVEN FABRIC",EXPORT,VALUE_IN_EUROS,2003,112445
ESTAT:DS-045409(1.0),06/02/26 11:00:00,Annual,"European Union - 27 countries (AT, BE, BG, CY, CZ, DE, DK, EE, ES, FI, FR, GR, HR, HU, IE, IT, LT, LU, LV, MT, NL, PL, PT, RO, SE, SI, SK)",Côte d’Ivoire (Ivory Coast),"WOOL, FINE OR COARSE ANIMAL HAIR; HORSEHAIR YARN AND WOVEN FABRIC",EXPORT,VALUE_IN_EUROS,2004,90183
ESTAT:DS-045409(1.0),06/02/26 11:00:00,Annual,"European Union - 27 countries (AT, BE, BG, CY, CZ, DE, DK, EE, ES, FI, FR, GR, HR, HU, IE, IT, LT, LU, LV, MT, NL, PL, PT, RO, SE, SI, SK)",Côte d’Ivoire (Ivory Coast),"WOOL, FINE OR COARSE ANIMAL HAIR; HORSEHAIR YARN AND WOVEN FABRIC",EXPORT,VALUE_IN_EUROS,2005,46480
ESTAT:DS-045409(1.0),06/02/26 11:00:00,Annual,"European Union - 27 countries (AT, BE, BG, CY, CZ, DE, DK, EE, ES, FI, FR, GR, HR, HU, IE, IT, LT, LU, LV, MT, NL, PL, PT, RO, SE, SI, SK)",Côte d’Ivoire (Ivory Coast),"WOOL, FINE OR COARSE ANIMAL HAIR; HORSEHAIR YARN AND WOVEN FABRIC",EXPORT,VALUE_IN_EUROS,2006,47288
ESTAT:DS-045409(1.0),06/02/26 11:00:00,Annual,"European Union - 27 countries (AT, BE, BG, CY, CZ, DE, DK, EE, ES, FI, FR, GR, HR, HU, IE, IT, LT, LU, LV, MT, NL, PL, PT, RO, SE, SI, SK)",Côte d’Ivoire (Ivory Coast),"WOOL, FINE OR COARSE ANIMAL HAIR; HORSEHAIR YARN AND WOVEN FABRIC",EXPORT,VALUE_IN_EUROS,2007,104117
ESTAT:DS-045409(1.0),06/02/26 11:00:00,Annual,"European Union - 27 countries (AT, BE, BG, CY, CZ, DE, DK, EE, ES, FI, FR, GR, HR, HU, IE, IT, LT, LU, LV, MT, NL, PL, PT, RO, SE, SI, SK)",Côte d’Ivoire (Ivory Coast),"WOOL, FINE OR COARSE ANIMAL HAIR; HORSEHAIR YARN AND WOVEN FABRIC",EXPORT,VALUE_IN_EUROS,2008,82271
ESTAT:DS-045409(1.0),06/02/26 11:00:00,Annual,"European Union - 27 countries (AT, BE, BG, CY, CZ, DE, DK, EE, ES, FI, FR, GR, HR, HU, IE, IT, LT, LU, LV, MT, NL, PL, PT, RO, SE, SI, SK)",Côte d’Ivoire (Ivory Coast),"WOOL, FINE OR COARSE ANIMAL HAIR; HORSEHAIR YARN AND WOVEN FABRIC",EXPORT,VALUE_IN_EUROS,2009,102158
ESTAT:DS-045409(1.0),06/02/26 11:00:00,Annual,"European Union - 27 countries (AT, BE, BG, CY, CZ, DE, DK, EE, ES, FI, FR, GR, HR, HU, IE, IT, LT, LU, LV, MT, NL, PL, PT, RO, SE, SI, SK)",Côte d’Ivoire (Ivory Coast),"WOOL, FINE OR COARSE ANIMAL HAIR; HORSEHAIR YARN AND WOVEN FABRIC",EXPORT,VALUE_IN_EUROS,2010,48751
ESTAT:DS-045409(1.0),06/02/26 11:00:00,Annual,"European Union - 27 countries (AT, BE, BG, CY, CZ, DE, DK, EE, ES, FI, FR, GR, HR, HU, IE, IT, LT, LU, LV, MT, NL, PL, PT, RO, SE, SI, SK)",Côte d’Ivoire (Ivory Coast),"WOOL, FINE OR COARSE ANIMAL HAIR; HORSEHAIR YARN AND WOVEN FABRIC",EXPORT,VALUE_IN_EUROS,2011,112370
ESTAT:DS-045409(1.0),06/02/26 11:00:00,Annual,"European Union - 27 countries (AT, BE, BG, CY, CZ, DE, DK, EE, ES, FI, FR, GR, HR, HU, IE, IT, LT, LU, LV, MT, NL, PL, PT, RO, SE, SI, SK)",Côte d’Ivoire (Ivory Coast),"WOOL, FINE OR COARSE ANIMAL HAIR; HORSEHAIR YARN AND WOVEN FABRIC",EXPORT,VALUE_IN_EUROS,2012,26931
ESTAT:DS-045409(1.0),06/02/26 11:00:00,Annual,"European Union - 27 countries (AT, BE, BG, CY, CZ, DE, DK, EE, ES, FI, FR, GR, HR, HU, IE, IT, LT, LU, LV, MT, NL, PL, PT, RO, SE, SI, SK)",Côte d’Ivoire (Ivory Coast),"WOOL, FINE OR COARSE ANIMAL HAIR; HORSEHAIR YARN AND WOVEN FABRIC",EXPORT,VALUE_IN_EUROS,2013,14402
ESTAT:DS-045409(1.0),06/02/26 11:00:00,Annual,"European Union - 27 countries (AT, BE, BG, CY, CZ, DE, DK, EE, ES, FI, FR, GR, HR, HU, IE, IT, LT, LU, LV, MT, NL, PL, PT, RO, SE, SI, SK)",Côte d’Ivoire (Ivory Coast),"WOOL, FINE OR COARSE ANIMAL HAIR; HORSEHAIR YARN AND WOVEN FABRIC",EXPORT,VALUE_IN_EUROS,2014,83180
ESTAT:DS-045409(1.0),06/02/26 11:00:00,Annual,"European Union - 27 countries (AT, BE, BG, CY, CZ, DE, DK, EE, ES, FI, FR, GR, HR, HU, IE, IT, LT, LU, LV, MT, NL, PL, PT, RO, SE, SI, SK)",Côte d’Ivoire (Ivory Coast),"WOOL, FINE OR COARSE ANIMAL HAIR; HORSEHAIR YARN AND WOVEN FABRIC",EXPORT,VALUE_IN_EUROS,2015,36821
ESTAT:DS-045409(1.0),06/02/26 11:00:00,Annual,"European Union - 27 countries (AT, BE, BG, CY, CZ, DE, DK, EE, ES, FI, FR, GR, HR, HU, IE, IT, LT, LU, LV, MT, NL, PL, PT, RO, SE, SI, SK)",Côte d’Ivoire (Ivory Coast),"WOOL, FINE OR COARSE ANIMAL HAIR; HORSEHAIR YARN AND WOVEN FABRIC",EXPORT,VALUE_IN_EUROS,2016,160909
ESTAT:DS-045409(1.0),06/02/26 11:00:00,Annual,"European Union - 27 countries (AT, BE, BG, CY, CZ, DE, DK, EE, ES, FI, FR, GR, HR, HU, IE, IT, LT, LU, LV, MT, NL, PL, PT, RO, SE, SI, SK)",Côte d’Ivoire (Ivory Coast),"WOOL, FINE OR COARSE ANIMAL HAIR; HORSEHAIR YARN AND WOVEN FABRIC",EXPORT,VALUE_IN_EUROS,2017,126689
ESTAT:DS-045409(1.0),06/02/26 11:00:00,Annual,"European Union - 27 countries (AT, BE, BG, CY, CZ, DE, DK, EE, ES, FI, FR, GR, HR, HU, IE, IT, LT, LU, LV, MT, NL, PL, PT, RO, SE, SI, SK)",Côte d’Ivoire (Ivory Coast),"WOOL, FINE OR COARSE ANIMAL HAIR; HORSEHAIR YARN AND WOVEN FABRIC",EXPORT,VALUE_IN_EUROS,2018,95390
ESTAT:DS-045409(1.0),06/02/26 11:00:00,Annual,"European Union - 27 countries (AT, BE, BG, CY, CZ, DE, DK, EE, ES, FI, FR, GR, HR, HU, IE, IT, LT, LU, LV, MT, NL, PL, PT, RO, SE, SI, SK)",Côte d’Ivoire (Ivory Coast),"WOOL, FINE OR COARSE ANIMAL HAIR; HORSEHAIR YARN AND WOVEN FABRIC",EXPORT,VALUE_IN_EUROS,2019,72030
ESTAT:DS-045409(1.0),06/02/26 11:00:00,Annual,"European Union - 27 countries (AT, BE, BG, CY, CZ, DE, DK, EE, ES, FI, FR, GR, HR, HU, IE, IT, LT, LU, LV, MT, NL, PL, PT, RO, SE, SI, SK)",Côte d’Ivoire (Ivory Coast),"WOOL, FINE OR COARSE ANIMAL HAIR; HORSEHAIR YARN AND WOVEN FABRIC",EXPORT,VALUE_IN_EUROS,2020,17047
ESTAT:DS-045409(1.0),06/02/26 11:00:00,Annual,"European Union - 27 countries (AT, BE, BG, CY, CZ, DE, DK, EE, ES, FI, FR, GR, HR, HU, IE, IT, LT, LU, LV, MT, NL, PL, PT, RO, SE, SI, SK)",Côte d’Ivoire (Ivory Coast),"WOOL, FINE OR COARSE ANIMAL HAIR; HORSEHAIR YARN AND WOVEN FABRIC",EXPORT,VALUE_IN_EUROS,2021,124412
ESTAT:DS-045409(1.0),06/02/26 11:00:00,Annual,"European Union - 27 countries (AT, BE, BG, CY, CZ, DE, DK, EE, ES, FI, FR, GR, HR, HU, IE, IT, LT, LU, LV, MT, NL, PL, PT, RO, SE, SI, SK)",Côte d’Ivoire (Ivory Coast),"WOOL, FINE OR COARSE ANIMAL HAIR; HORSEHAIR YARN AND WOVEN FABRIC",EXPORT,VALUE_IN_EUROS,2022,20153
ESTAT:DS-045409(1.0),06/02/26 11:00:00,Annual,"European Union - 27 countries (AT, BE, BG, CY, CZ, DE, DK, EE, ES, FI, FR, GR, HR, HU, IE, IT, LT, LU, LV, MT, NL, PL, PT, RO, SE, SI, SK)",Côte d’Ivoire (Ivory Coast),"WOOL, FINE OR COARSE ANIMAL HAIR; HORSEHAIR YARN AND WOVEN FABRIC",EXPORT,VALUE_IN_EUROS,2023,122865
ESTAT:DS-045409(1.0),06/02/26 11:00:00,Annual,"European Union - 27 countries (AT, BE, BG, CY, CZ, DE, DK, EE, ES, FI, FR, GR, HR, HU, IE, IT, LT, LU, LV, MT, NL, PL, PT, RO, SE, SI, SK)",Côte d’Ivoire (Ivory Coast),"WOOL, FINE OR COARSE ANIMAL HAIR; HORSEHAIR YARN AND WOVEN FABRIC",EXPORT,VALUE_IN_EUROS,2024,5134
ESTAT:DS-045409(1.0),06/02/26 11:00:00,Annual,"European Union - 27 countries (AT, BE, BG, CY, CZ, DE, DK, EE, ES, FI, FR, GR, HR, HU, IE, IT, LT, LU, LV, MT, NL, PL, PT, RO, SE, SI, SK)",Cameroon,"WOOL, FINE OR COARSE ANIMAL HAIR; HORSEHAIR YARN AND WOVEN FABRIC",EXPORT,VALUE_IN_EUROS,1999,242651
ESTAT:DS-045409(1.0),06/02/26 11:00:00,Annual,"European Union - 27 countries (AT, BE, BG, CY, CZ, DE, DK, EE, ES, FI, FR, GR, HR, HU, IE, IT, LT, LU, LV, MT, NL, PL, PT, RO, SE, SI, SK)",Cameroon,"WOOL, FINE OR COARSE ANIMAL HAIR; HORSEHAIR YARN AND WOVEN FABRIC",EXPORT,VALUE_IN_EUROS,2000,331209
ESTAT:DS-045409(1.0),06/02/26 11:00:00,Annual,"European Union - 27 countries (AT, BE, BG, CY, CZ, DE, DK, EE, ES, FI, FR, GR, HR, HU, IE, IT, LT, LU, LV, MT, NL, PL, PT, RO, SE, SI, SK)",Cameroon,"WOOL, FINE OR COARSE ANIMAL HAIR; HORSEHAIR YARN AND WOVEN FABRIC",EXPORT,VALUE_IN_EUROS,2001,328687
ESTAT:DS-045409(1.0),06/02/26 11:00:00,Annual,"European Union - 27 countries (AT, BE, BG, CY, CZ, DE, DK, EE, ES, FI, FR, GR, HR, HU, IE, IT, LT, LU, LV, MT, NL, PL, PT, RO, SE, SI, SK)",Cameroon,"WOOL, FINE OR COARSE ANIMAL HAIR; HORSEHAIR YARN AND WOVEN FABRIC",EXPORT,VALUE_IN_EUROS,2002,148574
ESTAT:DS-045409(1.0),06/02/26 11:00:00,Annual,"European Union - 27 countries (AT, BE, BG, CY, CZ, DE, DK, EE, ES, FI, FR, GR, HR, HU, IE, IT, LT, LU, LV, MT, NL, PL, PT, RO, SE, SI, SK)",Cameroon,"WOOL, FINE OR COARSE ANIMAL HAIR; HORSEHAIR YARN AND WOVEN FABRIC",EXPORT,VALUE_IN_EUROS,2003,39036
ESTAT:DS-045409(1.0),06/02/26 11:00:00,Annual,"European Union - 27 countries (AT, BE, BG, CY, CZ, DE, DK, EE, ES, FI, FR, GR, HR, HU, IE, IT, LT, LU, LV, MT, NL, PL, PT, RO, SE, SI, SK)",Cameroon,"WOOL, FINE OR COARSE ANIMAL HAIR; HORSEHAIR YARN AND WOVEN FABRIC",EXPORT,VALUE_IN_EUROS,2004,32681
ESTAT:DS-045409(1.0),06/02/26 11:00:00,Annual,"European Union - 27 countries (AT, BE, BG, CY, CZ, DE, DK, EE, ES, FI, FR, GR, HR, HU, IE, IT, LT, LU, LV, MT, NL, PL, PT, RO, SE, SI, SK)",Cameroon,"WOOL, FINE OR COARSE ANIMAL HAIR; HORSEHAIR YARN AND WOVEN FABRIC",EXPORT,VALUE_IN_EUROS,2005,8628
ESTAT:DS-045409(1.0),06/02/26 11:00:00,Annual,"European Union - 27 countries (AT, BE, BG, CY, CZ, DE, DK, EE, ES, FI, FR, GR, HR, HU, IE, IT, LT, LU, LV, MT, NL, PL, PT, RO, SE, SI, SK)",Cameroon,"WOOL, FINE OR COARSE ANIMAL HAIR; HORSEHAIR YARN AND WOVEN FABRIC",EXPORT,VALUE_IN_EUROS,2006,2349
ESTAT:DS-045409(1.0),06/02/26 11:00:00,Annual,"European Union - 27 countries (AT, BE, BG, CY, CZ, DE, DK, EE, ES, FI, FR, GR, HR, HU, IE, IT, LT, LU, LV, MT, NL, PL, PT, RO, SE, SI, SK)",Cameroon,"WOOL, FINE OR COARSE ANIMAL HAIR; HORSEHAIR YARN AND WOVEN FABRIC",EXPORT,VALUE_IN_EUROS,2007,4103
ESTAT:DS-045409(1.0),06/02/26 11:00:00,Annual,"European Union - 27 countries (AT, BE, BG, CY, CZ, DE, DK, EE, ES, FI, FR, GR, HR, HU, IE, IT, LT, LU, LV, MT, NL, PL, PT, RO, SE, SI, SK)",Cameroon,"WOOL, FINE OR COARSE ANIMAL HAIR; HORSEHAIR YARN AND WOVEN FABRIC",EXPORT,VALUE_IN_EUROS,2010,1076
ESTAT:DS-045409(1.0),06/02/26 11:00:00,Annual,"European Union - 27 countries (AT, BE, BG, CY, CZ, DE, DK, EE, ES, FI, FR, GR, HR, HU, IE, IT, LT, LU, LV, MT, NL, PL, PT, RO, SE, SI, SK)",Cameroon,"WOOL, FINE OR COARSE ANIMAL HAIR; HORSEHAIR YARN AND WOVEN FABRIC",EXPORT,VALUE_IN_EUROS,2012,47371
ESTAT:DS-045409(1.0),06/02/26 11:00:00,Annual,"European Union - 27 countries (AT, BE, BG, CY, CZ, DE, DK, EE, ES, FI, FR, GR, HR, HU, IE, IT, LT, LU, LV, MT, NL, PL, PT, RO, SE, SI, SK)",Cameroon,"WOOL, FINE OR COARSE ANIMAL HAIR; HORSEHAIR YARN AND WOVEN FABRIC",EXPORT,VALUE_IN_EUROS,2014,108011
ESTAT:DS-045409(1.0),06/02/26 11:00:00,Annual,"European Union - 27 countries (AT, BE, BG, CY, CZ, DE, DK, EE, ES, FI, FR, GR, HR, HU, IE, IT, LT, LU, LV, MT, NL, PL, PT, RO, SE, SI, SK)",Cameroon,"WOOL, FINE OR COARSE ANIMAL HAIR; HORSEHAIR YARN AND WOVEN FABRIC",EXPORT,VALUE_IN_EUROS,2015,443683
ESTAT:DS-045409(1.0),06/02/26 11:00:00,Annual,"European Union - 27 countries (AT, BE, BG, CY, CZ, DE, DK, EE, ES, FI, FR, GR, HR, HU, IE, IT, LT, LU, LV, MT, NL, PL, PT, RO, SE, SI, SK)",Cameroon,"WOOL, FINE OR COARSE ANIMAL HAIR; HORSEHAIR YARN AND WOVEN FABRIC",EXPORT,VALUE_IN_EUROS,2016,241529
ESTAT:DS-045409(1.0),06/02/26 11:00:00,Annual,"European Union - 27 countries (AT, BE, BG, CY, CZ, DE, DK, EE, ES, FI, FR, GR, HR, HU, IE, IT, LT, LU, LV, MT, NL, PL, PT, RO, SE, SI, SK)",Cameroon,"WOOL, FINE OR COARSE ANIMAL HAIR; HORSEHAIR YARN AND WOVEN FABRIC",EXPORT,VALUE_IN_EUROS,2017,463942
ESTAT:DS-045409(1.0),06/02/26 11:00:00,Annual,"European Union - 27 countries (AT, BE, BG, CY, CZ, DE, DK, EE, ES, FI, FR, GR, HR, HU, IE, IT, LT, LU, LV, MT, NL, PL, PT, RO, SE, SI, SK)",Cameroon,"WOOL, FINE OR COARSE ANIMAL HAIR; HORSEHAIR YARN AND WOVEN FABRIC",EXPORT,VALUE_IN_EUROS,2018,538352
ESTAT:DS-045409(1.0),06/02/26 11:00:00,Annual,"European Union - 27 countries (AT, BE, BG, CY, CZ, DE, DK, EE, ES, FI, FR, GR, HR, HU, IE, IT, LT, LU, LV, MT, NL, PL, PT, RO, SE, SI, SK)",Cameroon,"WOOL, FINE OR COARSE ANIMAL HAIR; HORSEHAIR YARN AND WOVEN FABRIC",EXPORT,VALUE_IN_EUROS,2019,411473
ESTAT:DS-045409(1.0),06/02/26 11:00:00,Annual,"European Union - 27 countries (AT, BE, BG, CY, CZ, DE, DK, EE, ES, FI, FR, GR, HR, HU, IE, IT, LT, LU, LV, MT, NL, PL, PT, RO, SE, SI, SK)",Cameroon,"WOOL, FINE OR COARSE ANIMAL HAIR; HORSEHAIR YARN AND WOVEN FABRIC",EXPORT,VALUE_IN_EUROS,2020,435926
ESTAT:DS-045409(1.0),06/02/26 11:00:00,Annual,"European Union - 27 countries (AT, BE, BG, CY, CZ, DE, DK, EE, ES, FI, FR, GR, HR, HU, IE, IT, LT, LU, LV, MT, NL, PL, PT, RO, SE, SI, SK)",Cameroon,"WOOL, FINE OR COARSE ANIMAL HAIR; HORSEHAIR YARN AND WOVEN FABRIC",EXPORT,VALUE_IN_EUROS,2021,67722
ESTAT:DS-045409(1.0),06/02/26 11:00:00,Annual,"European Union - 27 countries (AT, BE, BG, CY, CZ, DE, DK, EE, ES, FI, FR, GR, HR, HU, IE, IT, LT, LU, LV, MT, NL, PL, PT, RO, SE, SI, SK)",Cameroon,"WOOL, FINE OR COARSE ANIMAL HAIR; HORSEHAIR YARN AND WOVEN FABRIC",EXPORT,VALUE_IN_EUROS,2023,215005
ESTAT:DS-045409(1.0),06/02/26 11:00:00,Annual,"European Union - 27 countries (AT, BE, BG, CY, CZ, DE, DK, EE, ES, FI, FR, GR, HR, HU, IE, IT, LT, LU, LV, MT, NL, PL, PT, RO, SE, SI, SK)",Cameroon,"WOOL, FINE OR COARSE ANIMAL HAIR; HORSEHAIR YARN AND WOVEN FABRIC",EXPORT,VALUE_IN_EUROS,2024,64059
ESTAT:DS-045409(1.0),06/02/26 11:00:00,Annual,"European Union - 27 countries (AT, BE, BG, CY, CZ, DE, DK, EE, ES, FI, FR, GR, HR, HU, IE, IT, LT, LU, LV, MT, NL, PL, PT, RO, SE, SI, SK)",Cabo Verde,"WOOL, FINE OR COARSE ANIMAL HAIR; HORSEHAIR YARN AND WOVEN FABRIC",EXPORT,VALUE_IN_EUROS,1999,7281
ESTAT:DS-045409(1.0),06/02/26 11:00:00,Annual,"European Union - 27 countries (AT, BE, BG, CY, CZ, DE, DK, EE, ES, FI, FR, GR, HR, HU, IE, IT, LT, LU, LV, MT, NL, PL, PT, RO, SE, SI, SK)",Cabo Verde,"WOOL, FINE OR COARSE ANIMAL HAIR; HORSEHAIR YARN AND WOVEN FABRIC",EXPORT,VALUE_IN_EUROS,2000,146658
ESTAT:DS-045409(1.0),06/02/26 11:00:00,Annual,"European Union - 27 countries (AT, BE, BG, CY, CZ, DE, DK, EE, ES, FI, FR, GR, HR, HU, IE, IT, LT, LU, LV, MT, NL, PL, PT, RO, SE, SI, SK)",Cabo Verde,"WOOL, FINE OR COARSE ANIMAL HAIR; HORSEHAIR YARN AND WOVEN FABRIC",EXPORT,VALUE_IN_EUROS,2001,4043
ESTAT:DS-045409(1.0),06/02/26 11:00:00,Annual,"European Union - 27 countries (AT, BE, BG, CY, CZ, DE, DK, EE, ES, FI, FR, GR, HR, HU, IE, IT, LT, LU, LV, MT, NL, PL, PT, RO, SE, SI, SK)",Cabo Verde,"WOOL, FINE OR COARSE ANIMAL HAIR; HORSEHAIR YARN AND WOVEN FABRIC",EXPORT,VALUE_IN_EUROS,2002,17333
ESTAT:DS-045409(1.0),06/02/26 11:00:00,Annual,"European Union - 27 countries (AT, BE, BG, CY, CZ, DE, DK, EE, ES, FI, FR, GR, HR, HU, IE, IT, LT, LU, LV, MT, NL, PL, PT, RO, SE, SI, SK)",Cabo Verde,"WOOL, FINE OR COARSE ANIMAL HAIR; HORSEHAIR YARN AND WOVEN FABRIC",EXPORT,VALUE_IN_EUROS,2003,93481
ESTAT:DS-045409(1.0),06/02/26 11:00:00,Annual,"European Union - 27 countries (AT, BE, BG, CY, CZ, DE, DK, EE, ES, FI, FR, GR, HR, HU, IE, IT, LT, LU, LV, MT, NL, PL, PT, RO, SE, SI, SK)",Cabo Verde,"WOOL, FINE OR COARSE ANIMAL HAIR; HORSEHAIR YARN AND WOVEN FABRIC",EXPORT,VALUE_IN_EUROS,2004,684
ESTAT:DS-045409(1.0),06/02/26 11:00:00,Annual,"European Union - 27 countries (AT, BE, BG, CY, CZ, DE, DK, EE, ES, FI, FR, GR, HR, HU, IE, IT, LT, LU, LV, MT, NL, PL, PT, RO, SE, SI, SK)",Cabo Verde,"WOOL, FINE OR COARSE ANIMAL HAIR; HORSEHAIR YARN AND WOVEN FABRIC",EXPORT,VALUE_IN_EUROS,2005,1638
ESTAT:DS-045409(1.0),06/02/26 11:00:00,Annual,"European Union - 27 countries (AT, BE, BG, CY, CZ, DE, DK, EE, ES, FI, FR, GR, HR, HU, IE, IT, LT, LU, LV, MT, NL, PL, PT, RO, SE, SI, SK)",Cabo Verde,"WOOL, FINE OR COARSE ANIMAL HAIR; HORSEHAIR YARN AND WOVEN FABRIC",EXPORT,VALUE_IN_EUROS,2006,5350
ESTAT:DS-045409(1.0),06/02/26 11:00:00,Annual,"European Union - 27 countries (AT, BE, BG, CY, CZ, DE, DK, EE, ES, FI, FR, GR, HR, HU, IE, IT, LT, LU, LV, MT, NL, PL, PT, RO, SE, SI, SK)",Cabo Verde,"WOOL, FINE OR COARSE ANIMAL HAIR; HORSEHAIR YARN AND WOVEN FABRIC",EXPORT,VALUE_IN_EUROS,2007,2590
ESTAT:DS-045409(1.0),06/02/26 11:00:00,Annual,"European Union - 27 countries (AT, BE, BG, CY, CZ, DE, DK, EE, ES, FI, FR, GR, HR, HU, IE, IT, LT, LU, LV, MT, NL, PL, PT, RO, SE, SI, SK)",Cabo Verde,"WOOL, FINE OR COARSE ANIMAL HAIR; HORSEHAIR YARN AND WOVEN FABRIC",EXPORT,VALUE_IN_EUROS,2008,549
ESTAT:DS-045409(1.0),06/02/26 11:00:00,Annual,"European Union - 27 countries (AT, BE, BG, CY, CZ, DE, DK, EE, ES, FI, FR, GR, HR, HU, IE, IT, LT, LU, LV, MT, NL, PL, PT, RO, SE, SI, SK)",Cabo Verde,"WOOL, FINE OR COARSE ANIMAL HAIR; HORSEHAIR YARN AND WOVEN FABRIC",EXPORT,VALUE_IN_EUROS,2010,109375
ESTAT:DS-045409(1.0),06/02/26 11:00:00,Annual,"European Union - 27 countries (AT, BE, BG, CY, CZ, DE, DK, EE, ES, FI, FR, GR, HR, HU, IE, IT, LT, LU, LV, MT, NL, PL, PT, RO, SE, SI, SK)",Cabo Verde,"WOOL, FINE OR COARSE ANIMAL HAIR; HORSEHAIR YARN AND WOVEN FABRIC",EXPORT,VALUE_IN_EUROS,2011,1000
ESTAT:DS-045409(1.0),06/02/26 11:00:00,Annual,"European Union - 27 countries (AT, BE, BG, CY, CZ, DE, DK, EE, ES, FI, FR, GR, HR, HU, IE, IT, LT, LU, LV, MT, NL, PL, PT, RO, SE, SI, SK)",Cabo Verde,"WOOL, FINE OR COARSE ANIMAL HAIR; HORSEHAIR YARN AND WOVEN FABRIC",EXPORT,VALUE_IN_EUROS,2012,4556
ESTAT:DS-045409(1.0),06/02/26 11:00:00,Annual,"European Union - 27 countries (AT, BE, BG, CY, CZ, DE, DK, EE, ES, FI, FR, GR, HR, HU, IE, IT, LT, LU, LV, MT, NL, PL, PT, RO, SE, SI, SK)",Cabo Verde,"WOOL, FINE OR COARSE ANIMAL HAIR; HORSEHAIR YARN AND WOVEN FABRIC",EXPORT,VALUE_IN_EUROS,2013,15618
ESTAT:DS-045409(1.0),06/02/26 11:00:00,Annual,"European Union - 27 countries (AT, BE, BG, CY, CZ, DE, DK, EE, ES, FI, FR, GR, HR, HU, IE, IT, LT, LU, LV, MT, NL, PL, PT, RO, SE, SI, SK)",Cabo Verde,"WOOL, FINE OR COARSE ANIMAL HAIR; HORSEHAIR YARN AND WOVEN FABRIC",EXPORT,VALUE_IN_EUROS,2014,8785
ESTAT:DS-045409(1.0),06/02/26 11:00:00,Annual,"European Union - 27 countries (AT, BE, BG, CY, CZ, DE, DK, EE, ES, FI, FR, GR, HR, HU, IE, IT, LT, LU, LV, MT, NL, PL, PT, RO, SE, SI, SK)",Cabo Verde,"WOOL, FINE OR COARSE ANIMAL HAIR; HORSEHAIR YARN AND WOVEN FABRIC",EXPORT,VALUE_IN_EUROS,2017,108
ESTAT:DS-045409(1.0),06/02/26 11:00:00,Annual,"European Union - 27 countries (AT, BE, BG, CY, CZ, DE, DK, EE, ES, FI, FR, GR, HR, HU, IE, IT, LT, LU, LV, MT, NL, PL, PT, RO, SE, SI, SK)",Cabo Verde,"WOOL, FINE OR COARSE ANIMAL HAIR; HORSEHAIR YARN AND WOVEN FABRIC",EXPORT,VALUE_IN_EUROS,2019,2872
ESTAT:DS-045409(1.0),06/02/26 11:00:00,Annual,"European Union - 27 countries (AT, BE, BG, CY, CZ, DE, DK, EE, ES, FI, FR, GR, HR, HU, IE, IT, LT, LU, LV, MT, NL, PL, PT, RO, SE, SI, SK)",Cabo Verde,"WOOL, FINE OR COARSE ANIMAL HAIR; HORSEHAIR YARN AND WOVEN FABRIC",EXPORT,VALUE_IN_EUROS,2020,24830
ESTAT:DS-045409(1.0),06/02/26 11:00:00,Annual,"European Union - 27 countries (AT, BE, BG, CY, CZ, DE, DK, EE, ES, FI, FR, GR, HR, HU, IE, IT, LT, LU, LV, MT, NL, PL, PT, RO, SE, SI, SK)",Cabo Verde,"WOOL, FINE OR COARSE ANIMAL HAIR; HORSEHAIR YARN AND WOVEN FABRIC",EXPORT,VALUE_IN_EUROS,2021,135503
ESTAT:DS-045409(1.0),06/02/26 11:00:00,Annual,"European Union - 27 countries (AT, BE, BG, CY, CZ, DE, DK, EE, ES, FI, FR, GR, HR, HU, IE, IT, LT, LU, LV, MT, NL, PL, PT, RO, SE, SI, SK)",Cabo Verde,"WOOL, FINE OR COARSE ANIMAL HAIR; HORSEHAIR YARN AND WOVEN FABRIC",EXPORT,VALUE_IN_EUROS,2022,485690
ESTAT:DS-045409(1.0),06/02/26 11:00:00,Annual,"European Union - 27 countries (AT, BE, BG, CY, CZ, DE, DK, EE, ES, FI, FR, GR, HR, HU, IE, IT, LT, LU, LV, MT, NL, PL, PT, RO, SE, SI, SK)",Cabo Verde,"WOOL, FINE OR COARSE ANIMAL HAIR; HORSEHAIR YARN AND WOVEN FABRIC",EXPORT,VALUE_IN_EUROS,2023,765112
ESTAT:DS-045409(1.0),06/02/26 11:00:00,Annual,"European Union - 27 countries (AT, BE, BG, CY, CZ, DE, DK, EE, ES, FI, FR, GR, HR, HU, IE, IT, LT, LU, LV, MT, NL, PL, PT, RO, SE, SI, SK)",Cabo Verde,"WOOL, FINE OR COARSE ANIMAL HAIR; HORSEHAIR YARN AND WOVEN FABRIC",EXPORT,VALUE_IN_EUROS,2024,552147
ESTAT:DS-045409(1.0),06/02/26 11:00:00,Annual,"European Union - 27 countries (AT, BE, BG, CY, CZ, DE, DK, EE, ES, FI, FR, GR, HR, HU, IE, IT, LT, LU, LV, MT, NL, PL, PT, RO, SE, SI, SK)",Djibouti,"WOOL, FINE OR COARSE ANIMAL HAIR; HORSEHAIR YARN AND WOVEN FABRIC",EXPORT,VALUE_IN_EUROS,2006,897
ESTAT:DS-045409(1.0),06/02/26 11:00:00,Annual,"European Union - 27 countries (AT, BE, BG, CY, CZ, DE, DK, EE, ES, FI, FR, GR, HR, HU, IE, IT, LT, LU, LV, MT, NL, PL, PT, RO, SE, SI, SK)",Djibouti,"WOOL, FINE OR COARSE ANIMAL HAIR; HORSEHAIR YARN AND WOVEN FABRIC",EXPORT,VALUE_IN_EUROS,2019,4995
ESTAT:DS-045409(1.0),06/02/26 11:00:00,Annual,"European Union - 27 countries (AT, BE, BG, CY, CZ, DE, DK, EE, ES, FI, FR, GR, HR, HU, IE, IT, LT, LU, LV, MT, NL, PL, PT, RO, SE, SI, SK)",Algeria,"WOOL, FINE OR COARSE ANIMAL HAIR; HORSEHAIR YARN AND WOVEN FABRIC",EXPORT,VALUE_IN_EUROS,1999,2117402
ESTAT:DS-045409(1.0),06/02/26 11:00:00,Annual,"European Union - 27 countries (AT, BE, BG, CY, CZ, DE, DK, EE, ES, FI, FR, GR, HR, HU, IE, IT, LT, LU, LV, MT, NL, PL, PT, RO, SE, SI, SK)",Algeria,"WOOL, FINE OR COARSE ANIMAL HAIR; HORSEHAIR YARN AND WOVEN FABRIC",EXPORT,VALUE_IN_EUROS,2000,1331466
ESTAT:DS-045409(1.0),06/02/26 11:00:00,Annual,"European Union - 27 countries (AT, BE, BG, CY, CZ, DE, DK, EE, ES, FI, FR, GR, HR, HU, IE, IT, LT, LU, LV, MT, NL, PL, PT, RO, SE, SI, SK)",Algeria,"WOOL, FINE OR COARSE ANIMAL HAIR; HORSEHAIR YARN AND WOVEN FABRIC",EXPORT,VALUE_IN_EUROS,2001,1195291
ESTAT:DS-045409(1.0),06/02/26 11:00:00,Annual,"European Union - 27 countries (AT, BE, BG, CY, CZ, DE, DK, EE, ES, FI, FR, GR, HR, HU, IE, IT, LT, LU, LV, MT, NL, PL, PT, RO, SE, SI, SK)",Algeria,"WOOL, FINE OR COARSE ANIMAL HAIR; HORSEHAIR YARN AND WOVEN FABRIC",EXPORT,VALUE_IN_EUROS,2002,3036944
ESTAT:DS-045409(1.0),06/02/26 11:00:00,Annual,"European Union - 27 countries (AT, BE, BG, CY, CZ, DE, DK, EE, ES, FI, FR, GR, HR, HU, IE, IT, LT, LU, LV, MT, NL, PL, PT, RO, SE, SI, SK)",Algeria,"WOOL, FINE OR COARSE ANIMAL HAIR; HORSEHAIR YARN AND WOVEN FABRIC",EXPORT,VALUE_IN_EUROS,2003,2403187
ESTAT:DS-045409(1.0),06/02/26 11:00:00,Annual,"European Union - 27 countries (AT, BE, BG, CY, CZ, DE, DK, EE, ES, FI, FR, GR, HR, HU, IE, IT, LT, LU, LV, MT, NL, PL, PT, RO, SE, SI, SK)",Algeria,"WOOL, FINE OR COARSE ANIMAL HAIR; HORSEHAIR YARN AND WOVEN FABRIC",EXPORT,VALUE_IN_EUROS,2004,2487684
ESTAT:DS-045409(1.0),06/02/26 11:00:00,Annual,"European Union - 27 countries (AT, BE, BG, CY, CZ, DE, DK, EE, ES, FI, FR, GR, HR, HU, IE, IT, LT, LU, LV, MT, NL, PL, PT, RO, SE, SI, SK)",Algeria,"WOOL, FINE OR COARSE ANIMAL HAIR; HORSEHAIR YARN AND WOVEN FABRIC",EXPORT,VALUE_IN_EUROS,2005,3472667
ESTAT:DS-045409(1.0),06/02/26 11:00:00,Annual,"European Union - 27 countries (AT, BE, BG, CY, CZ, DE, DK, EE, ES, FI, FR, GR, HR, HU, IE, IT, LT, LU, LV, MT, NL, PL, PT, RO, SE, SI, SK)",Algeria,"WOOL, FINE OR COARSE ANIMAL HAIR; HORSEHAIR YARN AND WOVEN FABRIC",EXPORT,VALUE_IN_EUROS,2006,756679
ESTAT:DS-045409(1.0),06/02/26 11:00:00,Annual,"European Union - 27 countries (AT, BE, BG, CY, CZ, DE, DK, EE, ES, FI, FR, GR, HR, HU, IE, IT, LT, LU, LV, MT, NL, PL, PT, RO, SE, SI, SK)",Algeria,"WOOL, FINE OR COARSE ANIMAL HAIR; HORSEHAIR YARN AND WOVEN FABRIC",EXPORT,VALUE_IN_EUROS,2007,1678317
ESTAT:DS-045409(1.0),06/02/26 11:00:00,Annual,"European Union - 27 countries (AT, BE, BG, CY, CZ, DE, DK, EE, ES, FI, FR, GR, HR, HU, IE, IT, LT, LU, LV, MT, NL, PL, PT, RO, SE, SI, SK)",Algeria,"WOOL, FINE OR COARSE ANIMAL HAIR; HORSEHAIR YARN AND WOVEN FABRIC",EXPORT,VALUE_IN_EUROS,2008,2311907
ESTAT:DS-045409(1.0),06/02/26 11:00:00,Annual,"European Union - 27 countries (AT, BE, BG, CY, CZ, DE, DK, EE, ES, FI, FR, GR, HR, HU, IE, IT, LT, LU, LV, MT, NL, PL, PT, RO, SE, SI, SK)",Algeria,"WOOL, FINE OR COARSE ANIMAL HAIR; HORSEHAIR YARN AND WOVEN FABRIC",EXPORT,VALUE_IN_EUROS,2009,661598
ESTAT:DS-045409(1.0),06/02/26 11:00:00,Annual,"European Union - 27 countries (AT, BE, BG, CY, CZ, DE, DK, EE, ES, FI, FR, GR, HR, HU, IE, IT, LT, LU, LV, MT, NL, PL, PT, RO, SE, SI, SK)",Algeria,"WOOL, FINE OR COARSE ANIMAL HAIR; HORSEHAIR YARN AND WOVEN FABRIC",EXPORT,VALUE_IN_EUROS,2010,1277636
ESTAT:DS-045409(1.0),06/02/26 11:00:00,Annual,"European Union - 27 countries (AT, BE, BG, CY, CZ, DE, DK, EE, ES, FI, FR, GR, HR, HU, IE, IT, LT, LU, LV, MT, NL, PL, PT, RO, SE, SI, SK)",Algeria,"WOOL, FINE OR COARSE ANIMAL HAIR; HORSEHAIR YARN AND WOVEN FABRIC",EXPORT,VALUE_IN_EUROS,2011,650523
ESTAT:DS-045409(1.0),06/02/26 11:00:00,Annual,"European Union - 27 countries (AT, BE, BG, CY, CZ, DE, DK, EE, ES, FI, FR, GR, HR, HU, IE, IT, LT, LU, LV, MT, NL, PL, PT, RO, SE, SI, SK)",Algeria,"WOOL, FINE OR COARSE ANIMAL HAIR; HORSEHAIR YARN AND WOVEN FABRIC",EXPORT,VALUE_IN_EUROS,2012,202467
ESTAT:DS-045409(1.0),06/02/26 11:00:00,Annual,"European Union - 27 countries (AT, BE, BG, CY, CZ, DE, DK, EE, ES, FI, FR, GR, HR, HU, IE, IT, LT, LU, LV, MT, NL, PL, PT, RO, SE, SI, SK)",Algeria,"WOOL, FINE OR COARSE ANIMAL HAIR; HORSEHAIR YARN AND WOVEN FABRIC",EXPORT,VALUE_IN_EUROS,2013,2249695
ESTAT:DS-045409(1.0),06/02/26 11:00:00,Annual,"European Union - 27 countries (AT, BE, BG, CY, CZ, DE, DK, EE, ES, FI, FR, GR, HR, HU, IE, IT, LT, LU, LV, MT, NL, PL, PT, RO, SE, SI, SK)",Algeria,"WOOL, FINE OR COARSE ANIMAL HAIR; HORSEHAIR YARN AND WOVEN FABRIC",EXPORT,VALUE_IN_EUROS,2014,262796
ESTAT:DS-045409(1.0),06/02/26 11:00:00,Annual,"European Union - 27 countries (AT, BE, BG, CY, CZ, DE, DK, EE, ES, FI, FR, GR, HR, HU, IE, IT, LT, LU, LV, MT, NL, PL, PT, RO, SE, SI, SK)",Algeria,"WOOL, FINE OR COARSE ANIMAL HAIR; HORSEHAIR YARN AND WOVEN FABRIC",EXPORT,VALUE_IN_EUROS,2015,761222
ESTAT:DS-045409(1.0),06/02/26 11:00:00,Annual,"European Union - 27 countries (AT, BE, BG, CY, CZ, DE, DK, EE, ES, FI, FR, GR, HR, HU, IE, IT, LT, LU, LV, MT, NL, PL, PT, RO, SE, SI, SK)",Algeria,"WOOL, FINE OR COARSE ANIMAL HAIR; HORSEHAIR YARN AND WOVEN FABRIC",EXPORT,VALUE_IN_EUROS,2016,219208
ESTAT:DS-045409(1.0),06/02/26 11:00:00,Annual,"European Union - 27 countries (AT, BE, BG, CY, CZ, DE, DK, EE, ES, FI, FR, GR, HR, HU, IE, IT, LT, LU, LV, MT, NL, PL, PT, RO, SE, SI, SK)",Algeria,"WOOL, FINE OR COARSE ANIMAL HAIR; HORSEHAIR YARN AND WOVEN FABRIC",EXPORT,VALUE_IN_EUROS,2017,26433
ESTAT:DS-045409(1.0),06/02/26 11:00:00,Annual,"European Union - 27 countries (AT, BE, BG, CY, CZ, DE, DK, EE, ES, FI, FR, GR, HR, HU, IE, IT, LT, LU, LV, MT, NL, PL, PT, RO, SE, SI, SK)",Algeria,"WOOL, FINE OR COARSE ANIMAL HAIR; HORSEHAIR YARN AND WOVEN FABRIC",EXPORT,VALUE_IN_EUROS,2018,46230
ESTAT:DS-045409(1.0),06/02/26 11:00:00,Annual,"European Union - 27 countries (AT, BE, BG, CY, CZ, DE, DK, EE, ES, FI, FR, GR, HR, HU, IE, IT, LT, LU, LV, MT, NL, PL, PT, RO, SE, SI, SK)",Algeria,"WOOL, FINE OR COARSE ANIMAL HAIR; HORSEHAIR YARN AND WOVEN FABRIC",EXPORT,VALUE_IN_EUROS,2019,21990
ESTAT:DS-045409(1.0),06/02/26 11:00:00,Annual,"European Union - 27 countries (AT, BE, BG, CY, CZ, DE, DK, EE, ES, FI, FR, GR, HR, HU, IE, IT, LT, LU, LV, MT, NL, PL, PT, RO, SE, SI, SK)",Algeria,"WOOL, FINE OR COARSE ANIMAL HAIR; HORSEHAIR YARN AND WOVEN FABRIC",EXPORT,VALUE_IN_EUROS,2020,68334
ESTAT:DS-045409(1.0),06/02/26 11:00:00,Annual,"European Union - 27 countries (AT, BE, BG, CY, CZ, DE, DK, EE, ES, FI, FR, GR, HR, HU, IE, IT, LT, LU, LV, MT, NL, PL, PT, RO, SE, SI, SK)",Algeria,"WOOL, FINE OR COARSE ANIMAL HAIR; HORSEHAIR YARN AND WOVEN FABRIC",EXPORT,VALUE_IN_EUROS,2021,20345
ESTAT:DS-045409(1.0),06/02/26 11:00:00,Annual,"European Union - 27 countries (AT, BE, BG, CY, CZ, DE, DK, EE, ES, FI, FR, GR, HR, HU, IE, IT, LT, LU, LV, MT, NL, PL, PT, RO, SE, SI, SK)",Algeria,"WOOL, FINE OR COARSE ANIMAL HAIR; HORSEHAIR YARN AND WOVEN FABRIC",EXPORT,VALUE_IN_EUROS,2022,54073
ESTAT:DS-045409(1.0),06/02/26 11:00:00,Annual,"European Union - 27 countries (AT, BE, BG, CY, CZ, DE, DK, EE, ES, FI, FR, GR, HR, HU, IE, IT, LT, LU, LV, MT, NL, PL, PT, RO, SE, SI, SK)",Algeria,"WOOL, FINE OR COARSE ANIMAL HAIR; HORSEHAIR YARN AND WOVEN FABRIC",EXPORT,VALUE_IN_EUROS,2023,86162
ESTAT:DS-045409(1.0),06/02/26 11:00:00,Annual,"European Union - 27 countries (AT, BE, BG, CY, CZ, DE, DK, EE, ES, FI, FR, GR, HR, HU, IE, IT, LT, LU, LV, MT, NL, PL, PT, RO, SE, SI, SK)",Algeria,"WOOL, FINE OR COARSE ANIMAL HAIR; HORSEHAIR YARN AND WOVEN FABRIC",EXPORT,VALUE_IN_EUROS,2024,127686
ESTAT:DS-045409(1.0),06/02/26 11:00:00,Annual,"European Union - 27 countries (AT, BE, BG, CY, CZ, DE, DK, EE, ES, FI, FR, GR, HR, HU, IE, IT, LT, LU, LV, MT, NL, PL, PT, RO, SE, SI, SK)",Egypt,"WOOL, FINE OR COARSE ANIMAL HAIR; HORSEHAIR YARN AND WOVEN FABRIC",EXPORT,VALUE_IN_EUROS,1999,3974323
ESTAT:DS-045409(1.0),06/02/26 11:00:00,Annual,"European Union - 27 countries (AT, BE, BG, CY, CZ, DE, DK, EE, ES, FI, FR, GR, HR, HU, IE, IT, LT, LU, LV, MT, NL, PL, PT, RO, SE, SI, SK)",Egypt,"WOOL, FINE OR COARSE ANIMAL HAIR; HORSEHAIR YARN AND WOVEN FABRIC",EXPORT,VALUE_IN_EUROS,2000,4756854
ESTAT:DS-045409(1.0),06/02/26 11:00:00,Annual,"European Union - 27 countries (AT, BE, BG, CY, CZ, DE, DK, EE, ES, FI, FR, GR, HR, HU, IE, IT, LT, LU, LV, MT, NL, PL, PT, RO, SE, SI, SK)",Egypt,"WOOL, FINE OR COARSE ANIMAL HAIR; HORSEHAIR YARN AND WOVEN FABRIC",EXPORT,VALUE_IN_EUROS,2001,5124534
ESTAT:DS-045409(1.0),06/02/26 11:00:00,Annual,"European Union - 27 countries (AT, BE, BG, CY, CZ, DE, DK, EE, ES, FI, FR, GR, HR, HU, IE, IT, LT, LU, LV, MT, NL, PL, PT, RO, SE, SI, SK)",Egypt,"WOOL, FINE OR COARSE ANIMAL HAIR; HORSEHAIR YARN AND WOVEN FABRIC",EXPORT,VALUE_IN_EUROS,2002,10613676
ESTAT:DS-045409(1.0),06/02/26 11:00:00,Annual,"European Union - 27 countries (AT, BE, BG, CY, CZ, DE, DK, EE, ES, FI, FR, GR, HR, HU, IE, IT, LT, LU, LV, MT, NL, PL, PT, RO, SE, SI, SK)",Egypt,"WOOL, FINE OR COARSE ANIMAL HAIR; HORSEHAIR YARN AND WOVEN FABRIC",EXPORT,VALUE_IN_EUROS,2003,9461388
ESTAT:DS-045409(1.0),06/02/26 11:00:00,Annual,"European Union - 27 countries (AT, BE, BG, CY, CZ, DE, DK, EE, ES, FI, FR, GR, HR, HU, IE, IT, LT, LU, LV, MT, NL, PL, PT, RO, SE, SI, SK)",Egypt,"WOOL, FINE OR COARSE ANIMAL HAIR; HORSEHAIR YARN AND WOVEN FABRIC",EXPORT,VALUE_IN_EUROS,2004,11010004
ESTAT:DS-045409(1.0),06/02/26 11:00:00,Annual,"European Union - 27 countries (AT, BE, BG, CY, CZ, DE, DK, EE, ES, FI, FR, GR, HR, HU, IE, IT, LT, LU, LV, MT, NL, PL, PT, RO, SE, SI, SK)",Egypt,"WOOL, FINE OR COARSE ANIMAL HAIR; HORSEHAIR YARN AND WOVEN FABRIC",EXPORT,VALUE_IN_EUROS,2005,12567369
ESTAT:DS-045409(1.0),06/02/26 11:00:00,Annual,"European Union - 27 countries (AT, BE, BG, CY, CZ, DE, DK, EE, ES, FI, FR, GR, HR, HU, IE, IT, LT, LU, LV, MT, NL, PL, PT, RO, SE, SI, SK)",Egypt,"WOOL, FINE OR COARSE ANIMAL HAIR; HORSEHAIR YARN AND WOVEN FABRIC",EXPORT,VALUE_IN_EUROS,2006,14967331
ESTAT:DS-045409(1.0),06/02/26 11:00:00,Annual,"European Union - 27 countries (AT, BE, BG, CY, CZ, DE, DK, EE, ES, FI, FR, GR, HR, HU, IE, IT, LT, LU, LV, MT, NL, PL, PT, RO, SE, SI, SK)",Egypt,"WOOL, FINE OR COARSE ANIMAL HAIR; HORSEHAIR YARN AND WOVEN FABRIC",EXPORT,VALUE_IN_EUROS,2007,14531521
ESTAT:DS-045409(1.0),06/02/26 11:00:00,Annual,"European Union - 27 countries (AT, BE, BG, CY, CZ, DE, DK, EE, ES, FI, FR, GR, HR, HU, IE, IT, LT, LU, LV, MT, NL, PL, PT, RO, SE, SI, SK)",Egypt,"WOOL, FINE OR COARSE ANIMAL HAIR; HORSEHAIR YARN AND WOVEN FABRIC",EXPORT,VALUE_IN_EUROS,2008,16644662
ESTAT:DS-045409(1.0),06/02/26 11:00:00,Annual,"European Union - 27 countries (AT, BE, BG, CY, CZ, DE, DK, EE, ES, FI, FR, GR, HR, HU, IE, IT, LT, LU, LV, MT, NL, PL, PT, RO, SE, SI, SK)",Egypt,"WOOL, FINE OR COARSE ANIMAL HAIR; HORSEHAIR YARN AND WOVEN FABRIC",EXPORT,VALUE_IN_EUROS,2009,14679246
ESTAT:DS-045409(1.0),06/02/26 11:00:00,Annual,"European Union - 27 countries (AT, BE, BG, CY, CZ, DE, DK, EE, ES, FI, FR, GR, HR, HU, IE, IT, LT, LU, LV, MT, NL, PL, PT, RO, SE, SI, SK)",Egypt,"WOOL, FINE OR COARSE ANIMAL HAIR; HORSEHAIR YARN AND WOVEN FABRIC",EXPORT,VALUE_IN_EUROS,2010,13412422
ESTAT:DS-045409(1.0),06/02/26 11:00:00,Annual,"European Union - 27 countries (AT, BE, BG, CY, CZ, DE, DK, EE, ES, FI, FR, GR, HR, HU, IE, IT, LT, LU, LV, MT, NL, PL, PT, RO, SE, SI, SK)",Egypt,"WOOL, FINE OR COARSE ANIMAL HAIR; HORSEHAIR YARN AND WOVEN FABRIC",EXPORT,VALUE_IN_EUROS,2011,19981831
ESTAT:DS-045409(1.0),06/02/26 11:00:00,Annual,"European Union - 27 countries (AT, BE, BG, CY, CZ, DE, DK, EE, ES, FI, FR, GR, HR, HU, IE, IT, LT, LU, LV, MT, NL, PL, PT, RO, SE, SI, SK)",Egypt,"WOOL, FINE OR COARSE ANIMAL HAIR; HORSEHAIR YARN AND WOVEN FABRIC",EXPORT,VALUE_IN_EUROS,2012,19072696
ESTAT:DS-045409(1.0),06/02/26 11:00:00,Annual,"European Union - 27 countries (AT, BE, BG, CY, CZ, DE, DK, EE, ES, FI, FR, GR, HR, HU, IE, IT, LT, LU, LV, MT, NL, PL, PT, RO, SE, SI, SK)",Egypt,"WOOL, FINE OR COARSE ANIMAL HAIR; HORSEHAIR YARN AND WOVEN FABRIC",EXPORT,VALUE_IN_EUROS,2013,12441869
ESTAT:DS-045409(1.0),06/02/26 11:00:00,Annual,"European Union - 27 countries (AT, BE, BG, CY, CZ, DE, DK, EE, ES, FI, FR, GR, HR, HU, IE, IT, LT, LU, LV, MT, NL, PL, PT, RO, SE, SI, SK)",Egypt,"WOOL, FINE OR COARSE ANIMAL HAIR; HORSEHAIR YARN AND WOVEN FABRIC",EXPORT,VALUE_IN_EUROS,2014,16177495
ESTAT:DS-045409(1.0),06/02/26 11:00:00,Annual,"European Union - 27 countries (AT, BE, BG, CY, CZ, DE, DK, EE, ES, FI, FR, GR, HR, HU, IE, IT, LT, LU, LV, MT, NL, PL, PT, RO, SE, SI, SK)",Egypt,"WOOL, FINE OR COARSE ANIMAL HAIR; HORSEHAIR YARN AND WOVEN FABRIC",EXPORT,VALUE_IN_EUROS,2015,17605859
ESTAT:DS-045409(1.0),06/02/26 11:00:00,Annual,"European Union - 27 countries (AT, BE, BG, CY, CZ, DE, DK, EE, ES, FI, FR, GR, HR, HU, IE, IT, LT, LU, LV, MT, NL, PL, PT, RO, SE, SI, SK)",Egypt,"WOOL, FINE OR COARSE ANIMAL HAIR; HORSEHAIR YARN AND WOVEN FABRIC",EXPORT,VALUE_IN_EUROS,2016,17969688
ESTAT:DS-045409(1.0),06/02/26 11:00:00,Annual,"European Union - 27 countries (AT, BE, BG, CY, CZ, DE, DK, EE, ES, FI, FR, GR, HR, HU, IE, IT, LT, LU, LV, MT, NL, PL, PT, RO, SE, SI, SK)",Egypt,"WOOL, FINE OR COARSE ANIMAL HAIR; HORSEHAIR YARN AND WOVEN FABRIC",EXPORT,VALUE_IN_EUROS,2017,16118716
ESTAT:DS-045409(1.0),06/02/26 11:00:00,Annual,"European Union - 27 countries (AT, BE, BG, CY, CZ, DE, DK, EE, ES, FI, FR, GR, HR, HU, IE, IT, LT, LU, LV, MT, NL, PL, PT, RO, SE, SI, SK)",Egypt,"WOOL, FINE OR COARSE ANIMAL HAIR; HORSEHAIR YARN AND WOVEN FABRIC",EXPORT,VALUE_IN_EUROS,2018,19382284
ESTAT:DS-045409(1.0),06/02/26 11:00:00,Annual,"European Union - 27 countries (AT, BE, BG, CY, CZ, DE, DK, EE, ES, FI, FR, GR, HR, HU, IE, IT, LT, LU, LV, MT, NL, PL, PT, RO, SE, SI, SK)",Egypt,"WOOL, FINE OR COARSE ANIMAL HAIR; HORSEHAIR YARN AND WOVEN FABRIC",EXPORT,VALUE_IN_EUROS,2019,22019436
ESTAT:DS-045409(1.0),06/02/26 11:00:00,Annual,"European Union - 27 countries (AT, BE, BG, CY, CZ, DE, DK, EE, ES, FI, FR, GR, HR, HU, IE, IT, LT, LU, LV, MT, NL, PL, PT, RO, SE, SI, SK)",Egypt,"WOOL, FINE OR COARSE ANIMAL HAIR; HORSEHAIR YARN AND WOVEN FABRIC",EXPORT,VALUE_IN_EUROS,2020,10523411
ESTAT:DS-045409(1.0),06/02/26 11:00:00,Annual,"European Union - 27 countries (AT, BE, BG, CY, CZ, DE, DK, EE, ES, FI, FR, GR, HR, HU, IE, IT, LT, LU, LV, MT, NL, PL, PT, RO, SE, SI, SK)",Egypt,"WOOL, FINE OR COARSE ANIMAL HAIR; HORSEHAIR YARN AND WOVEN FABRIC",EXPORT,VALUE_IN_EUROS,2021,16135357
ESTAT:DS-045409(1.0),06/02/26 11:00:00,Annual,"European Union - 27 countries (AT, BE, BG, CY, CZ, DE, DK, EE, ES, FI, FR, GR, HR, HU, IE, IT, LT, LU, LV, MT, NL, PL, PT, RO, SE, SI, SK)",Egypt,"WOOL, FINE OR COARSE ANIMAL HAIR; HORSEHAIR YARN AND WOVEN FABRIC",EXPORT,VALUE_IN_EUROS,2022,20310804
ESTAT:DS-045409(1.0),06/02/26 11:00:00,Annual,"European Union - 27 countries (AT, BE, BG, CY, CZ, DE, DK, EE, ES, FI, FR, GR, HR, HU, IE, IT, LT, LU, LV, MT, NL, PL, PT, RO, SE, SI, SK)",Egypt,"WOOL, FINE OR COARSE ANIMAL HAIR; HORSEHAIR YARN AND WOVEN FABRIC",EXPORT,VALUE_IN_EUROS,2023,22712191
ESTAT:DS-045409(1.0),06/02/26 11:00:00,Annual,"European Union - 27 countries (AT, BE, BG, CY, CZ, DE, DK, EE, ES, FI, FR, GR, HR, HU, IE, IT, LT, LU, LV, MT, NL, PL, PT, RO, SE, SI, SK)",Egypt,"WOOL, FINE OR COARSE ANIMAL HAIR; HORSEHAIR YARN AND WOVEN FABRIC",EXPORT,VALUE_IN_EUROS,2024,15836897
ESTAT:DS-045409(1.0),06/02/26 11:00:00,Annual,"European Union - 27 countries (AT, BE, BG, CY, CZ, DE, DK, EE, ES, FI, FR, GR, HR, HU, IE, IT, LT, LU, LV, MT, NL, PL, PT, RO, SE, SI, SK)",Eritrea,"WOOL, FINE OR COARSE ANIMAL HAIR; HORSEHAIR YARN AND WOVEN FABRIC",EXPORT,VALUE_IN_EUROS,2001,3840
ESTAT:DS-045409(1.0),06/02/26 11:00:00,Annual,"European Union - 27 countries (AT, BE, BG, CY, CZ, DE, DK, EE, ES, FI, FR, GR, HR, HU, IE, IT, LT, LU, LV, MT, NL, PL, PT, RO, SE, SI, SK)",Eritrea,"WOOL, FINE OR COARSE ANIMAL HAIR; HORSEHAIR YARN AND WOVEN FABRIC",EXPORT,VALUE_IN_EUROS,2002,14683
ESTAT:DS-045409(1.0),06/02/26 11:00:00,Annual,"European Union - 27 countries (AT, BE, BG, CY, CZ, DE, DK, EE, ES, FI, FR, GR, HR, HU, IE, IT, LT, LU, LV, MT, NL, PL, PT, RO, SE, SI, SK)",Eritrea,"WOOL, FINE OR COARSE ANIMAL HAIR; HORSEHAIR YARN AND WOVEN FABRIC",EXPORT,VALUE_IN_EUROS,2003,17426
ESTAT:DS-045409(1.0),06/02/26 11:00:00,Annual,"European Union - 27 countries (AT, BE, BG, CY, CZ, DE, DK, EE, ES, FI, FR, GR, HR, HU, IE, IT, LT, LU, LV, MT, NL, PL, PT, RO, SE, SI, SK)",Eritrea,"WOOL, FINE OR COARSE ANIMAL HAIR; HORSEHAIR YARN AND WOVEN FABRIC",EXPORT,VALUE_IN_EUROS,2004,33800
ESTAT:DS-045409(1.0),06/02/26 11:00:00,Annual,"European Union - 27 countries (AT, BE, BG, CY, CZ, DE, DK, EE, ES, FI, FR, GR, HR, HU, IE, IT, LT, LU, LV, MT, NL, PL, PT, RO, SE, SI, SK)",Eritrea,"WOOL, FINE OR COARSE ANIMAL HAIR; HORSEHAIR YARN AND WOVEN FABRIC",EXPORT,VALUE_IN_EUROS,2006,15514
ESTAT:DS-045409(1.0),06/02/26 11:00:00,Annual,"European Union - 27 countries (AT, BE, BG, CY, CZ, DE, DK, EE, ES, FI, FR, GR, HR, HU, IE, IT, LT, LU, LV, MT, NL, PL, PT, RO, SE, SI, SK)",Eritrea,"WOOL, FINE OR COARSE ANIMAL HAIR; HORSEHAIR YARN AND WOVEN FABRIC",EXPORT,VALUE_IN_EUROS,2007,3761
ESTAT:DS-045409(1.0),06/02/26 11:00:00,Annual,"European Union - 27 countries (AT, BE, BG, CY, CZ, DE, DK, EE, ES, FI, FR, GR, HR, HU, IE, IT, LT, LU, LV, MT, NL, PL, PT, RO, SE, SI, SK)",Eritrea,"WOOL, FINE OR COARSE ANIMAL HAIR; HORSEHAIR YARN AND WOVEN FABRIC",EXPORT,VALUE_IN_EUROS,2008,47139
ESTAT:DS-045409(1.0),06/02/26 11:00:00,Annual,"European Union - 27 countries (AT, BE, BG, CY, CZ, DE, DK, EE, ES, FI, FR, GR, HR, HU, IE, IT, LT, LU, LV, MT, NL, PL, PT, RO, SE, SI, SK)",Eritrea,"WOOL, FINE OR COARSE ANIMAL HAIR; HORSEHAIR YARN AND WOVEN FABRIC",EXPORT,VALUE_IN_EUROS,2010,8102
ESTAT:DS-045409(1.0),06/02/26 11:00:00,Annual,"European Union - 27 countries (AT, BE, BG, CY, CZ, DE, DK, EE, ES, FI, FR, GR, HR, HU, IE, IT, LT, LU, LV, MT, NL, PL, PT, RO, SE, SI, SK)",Ethiopia (incl. Eritrea 'ER' -> 1993),"WOOL, FINE OR COARSE ANIMAL HAIR; HORSEHAIR YARN AND WOVEN FABRIC",EXPORT,VALUE_IN_EUROS,1999,5318
ESTAT:DS-045409(1.0),06/02/26 11:00:00,Annual,"European Union - 27 countries (AT, BE, BG, CY, CZ, DE, DK, EE, ES, FI, FR, GR, HR, HU, IE, IT, LT, LU, LV, MT, NL, PL, PT, RO, SE, SI, SK)",Ethiopia (incl. Eritrea 'ER' -> 1993),"WOOL, FINE OR COARSE ANIMAL HAIR; HORSEHAIR YARN AND WOVEN FABRIC",EXPORT,VALUE_IN_EUROS,2000,11155
ESTAT:DS-045409(1.0),06/02/26 11:00:00,Annual,"European Union - 27 countries (AT, BE, BG, CY, CZ, DE, DK, EE, ES, FI, FR, GR, HR, HU, IE, IT, LT, LU, LV, MT, NL, PL, PT, RO, SE, SI, SK)",Ethiopia (incl. Eritrea 'ER' -> 1993),"WOOL, FINE OR COARSE ANIMAL HAIR; HORSEHAIR YARN AND WOVEN FABRIC",EXPORT,VALUE_IN_EUROS,2001,82760
ESTAT:DS-045409(1.0),06/02/26 11:00:00,Annual,"European Union - 27 countries (AT, BE, BG, CY, CZ, DE, DK, EE, ES, FI, FR, GR, HR, HU, IE, IT, LT, LU, LV, MT, NL, PL, PT, RO, SE, SI, SK)",Ethiopia (incl. Eritrea 'ER' -> 1993),"WOOL, FINE OR COARSE ANIMAL HAIR; HORSEHAIR YARN AND WOVEN FABRIC",EXPORT,VALUE_IN_EUROS,2002,98928
ESTAT:DS-045409(1.0),06/02/26 11:00:00,Annual,"European Union - 27 countries (AT, BE, BG, CY, CZ, DE, DK, EE, ES, FI, FR, GR, HR, HU, IE, IT, LT, LU, LV, MT, NL, PL, PT, RO, SE, SI, SK)",Ethiopia (incl. Eritrea 'ER' -> 1993),"WOOL, FINE OR COARSE ANIMAL HAIR; HORSEHAIR YARN AND WOVEN FABRIC",EXPORT,VALUE_IN_EUROS,2003,20404
ESTAT:DS-045409(1.0),06/02/26 11:00:00,Annual,"European Union - 27 countries (AT, BE, BG, CY, CZ, DE, DK, EE, ES, FI, FR, GR, HR, HU, IE, IT, LT, LU, LV, MT, NL, PL, PT, RO, SE, SI, SK)",Ethiopia (incl. Eritrea 'ER' -> 1993),"WOOL, FINE OR COARSE ANIMAL HAIR; HORSEHAIR YARN AND WOVEN FABRIC",EXPORT,VALUE_IN_EUROS,2004,21463
ESTAT:DS-045409(1.0),06/02/26 11:00:00,Annual,"European Union - 27 countries (AT, BE, BG, CY, CZ, DE, DK, EE, ES, FI, FR, GR, HR, HU, IE, IT, LT, LU, LV, MT, NL, PL, PT, RO, SE, SI, SK)",Ethiopia (incl. Eritrea 'ER' -> 1993),"WOOL, FINE OR COARSE ANIMAL HAIR; HORSEHAIR YARN AND WOVEN FABRIC",EXPORT,VALUE_IN_EUROS,2005,39088
ESTAT:DS-045409(1.0),06/02/26 11:00:00,Annual,"European Union - 27 countries (AT, BE, BG, CY, CZ, DE, DK, EE, ES, FI, FR, GR, HR, HU, IE, IT, LT, LU, LV, MT, NL, PL, PT, RO, SE, SI, SK)",Ethiopia (incl. Eritrea 'ER' -> 1993),"WOOL, FINE OR COARSE ANIMAL HAIR; HORSEHAIR YARN AND WOVEN FABRIC",EXPORT,VALUE_IN_EUROS,2006,68234
ESTAT:DS-045409(1.0),06/02/26 11:00:00,Annual,"European Union - 27 countries (AT, BE, BG, CY, CZ, DE, DK, EE, ES, FI, FR, GR, HR, HU, IE, IT, LT, LU, LV, MT, NL, PL, PT, RO, SE, SI, SK)",Ethiopia (incl. Eritrea 'ER' -> 1993),"WOOL, FINE OR COARSE ANIMAL HAIR; HORSEHAIR YARN AND WOVEN FABRIC",EXPORT,VALUE_IN_EUROS,2007,150251
ESTAT:DS-045409(1.0),06/02/26 11:00:00,Annual,"European Union - 27 countries (AT, BE, BG, CY, CZ, DE, DK, EE, ES, FI, FR, GR, HR, HU, IE, IT, LT, LU, LV, MT, NL, PL, PT, RO, SE, SI, SK)",Ethiopia (incl. Eritrea 'ER' -> 1993),"WOOL, FINE OR COARSE ANIMAL HAIR; HORSEHAIR YARN AND WOVEN FABRIC",EXPORT,VALUE_IN_EUROS,2008,48918
ESTAT:DS-045409(1.0),06/02/26 11:00:00,Annual,"European Union - 27 countries (AT, BE, BG, CY, CZ, DE, DK, EE, ES, FI, FR, GR, HR, HU, IE, IT, LT, LU, LV, MT, NL, PL, PT, RO, SE, SI, SK)",Ethiopia (incl. Eritrea 'ER' -> 1993),"WOOL, FINE OR COARSE ANIMAL HAIR; HORSEHAIR YARN AND WOVEN FABRIC",EXPORT,VALUE_IN_EUROS,2009,38100
ESTAT:DS-045409(1.0),06/02/26 11:00:00,Annual,"European Union - 27 countries (AT, BE, BG, CY, CZ, DE, DK, EE, ES, FI, FR, GR, HR, HU, IE, IT, LT, LU, LV, MT, NL, PL, PT, RO, SE, SI, SK)",Ethiopia (incl. Eritrea 'ER' -> 1993),"WOOL, FINE OR COARSE ANIMAL HAIR; HORSEHAIR YARN AND WOVEN FABRIC",EXPORT,VALUE_IN_EUROS,2010,15892
ESTAT:DS-045409(1.0),06/02/26 11:00:00,Annual,"European Union - 27 countries (AT, BE, BG, CY, CZ, DE, DK, EE, ES, FI, FR, GR, HR, HU, IE, IT, LT, LU, LV, MT, NL, PL, PT, RO, SE, SI, SK)",Ethiopia (incl. Eritrea 'ER' -> 1993),"WOOL, FINE OR COARSE ANIMAL HAIR; HORSEHAIR YARN AND WOVEN FABRIC",EXPORT,VALUE_IN_EUROS,2011,79885
ESTAT:DS-045409(1.0),06/02/26 11:00:00,Annual,"European Union - 27 countries (AT, BE, BG, CY, CZ, DE, DK, EE, ES, FI, FR, GR, HR, HU, IE, IT, LT, LU, LV, MT, NL, PL, PT, RO, SE, SI, SK)",Ethiopia (incl. Eritrea 'ER' -> 1993),"WOOL, FINE OR COARSE ANIMAL HAIR; HORSEHAIR YARN AND WOVEN FABRIC",EXPORT,VALUE_IN_EUROS,2012,20865
ESTAT:DS-045409(1.0),06/02/26 11:00:00,Annual,"European Union - 27 countries (AT, BE, BG, CY, CZ, DE, DK, EE, ES, FI, FR, GR, HR, HU, IE, IT, LT, LU, LV, MT, NL, PL, PT, RO, SE, SI, SK)",Ethiopia (incl. Eritrea 'ER' -> 1993),"WOOL, FINE OR COARSE ANIMAL HAIR; HORSEHAIR YARN AND WOVEN FABRIC",EXPORT,VALUE_IN_EUROS,2013,14191
ESTAT:DS-045409(1.0),06/02/26 11:00:00,Annual,"European Union - 27 countries (AT, BE, BG, CY, CZ, DE, DK, EE, ES, FI, FR, GR, HR, HU, IE, IT, LT, LU, LV, MT, NL, PL, PT, RO, SE, SI, SK)",Ethiopia (incl. Eritrea 'ER' -> 1993),"WOOL, FINE OR COARSE ANIMAL HAIR; HORSEHAIR YARN AND WOVEN FABRIC",EXPORT,VALUE_IN_EUROS,2014,36158
ESTAT:DS-045409(1.0),06/02/26 11:00:00,Annual,"European Union - 27 countries (AT, BE, BG, CY, CZ, DE, DK, EE, ES, FI, FR, GR, HR, HU, IE, IT, LT, LU, LV, MT, NL, PL, PT, RO, SE, SI, SK)",Ethiopia (incl. Eritrea 'ER' -> 1993),"WOOL, FINE OR COARSE ANIMAL HAIR; HORSEHAIR YARN AND WOVEN FABRIC",EXPORT,VALUE_IN_EUROS,2015,5650
ESTAT:DS-045409(1.0),06/02/26 11:00:00,Annual,"European Union - 27 countries (AT, BE, BG, CY, CZ, DE, DK, EE, ES, FI, FR, GR, HR, HU, IE, IT, LT, LU, LV, MT, NL, PL, PT, RO, SE, SI, SK)",Ethiopia (incl. Eritrea 'ER' -> 1993),"WOOL, FINE OR COARSE ANIMAL HAIR; HORSEHAIR YARN AND WOVEN FABRIC",EXPORT,VALUE_IN_EUROS,2016,64101
ESTAT:DS-045409(1.0),06/02/26 11:00:00,Annual,"European Union - 27 countries (AT, BE, BG, CY, CZ, DE, DK, EE, ES, FI, FR, GR, HR, HU, IE, IT, LT, LU, LV, MT, NL, PL, PT, RO, SE, SI, SK)",Ethiopia (incl. Eritrea 'ER' -> 1993),"WOOL, FINE OR COARSE ANIMAL HAIR; HORSEHAIR YARN AND WOVEN FABRIC",EXPORT,VALUE_IN_EUROS,2017,61084
ESTAT:DS-045409(1.0),06/02/26 11:00:00,Annual,"European Union - 27 countries (AT, BE, BG, CY, CZ, DE, DK, EE, ES, FI, FR, GR, HR, HU, IE, IT, LT, LU, LV, MT, NL, PL, PT, RO, SE, SI, SK)",Ethiopia (incl. Eritrea 'ER' -> 1993),"WOOL, FINE OR COARSE ANIMAL HAIR; HORSEHAIR YARN AND WOVEN FABRIC",EXPORT,VALUE_IN_EUROS,2018,187965
ESTAT:DS-045409(1.0),06/02/26 11:00:00,Annual,"European Union - 27 countries (AT, BE, BG, CY, CZ, DE, DK, EE, ES, FI, FR, GR, HR, HU, IE, IT, LT, LU, LV, MT, NL, PL, PT, RO, SE, SI, SK)",Ethiopia (incl. Eritrea 'ER' -> 1993),"WOOL, FINE OR COARSE ANIMAL HAIR; HORSEHAIR YARN AND WOVEN FABRIC",EXPORT,VALUE_IN_EUROS,2019,319958
ESTAT:DS-045409(1.0),06/02/26 11:00:00,Annual,"European Union - 27 countries (AT, BE, BG, CY, CZ, DE, DK, EE, ES, FI, FR, GR, HR, HU, IE, IT, LT, LU, LV, MT, NL, PL, PT, RO, SE, SI, SK)",Ethiopia (incl. Eritrea 'ER' -> 1993),"WOOL, FINE OR COARSE ANIMAL HAIR; HORSEHAIR YARN AND WOVEN FABRIC",EXPORT,VALUE_IN_EUROS,2020,489174
ESTAT:DS-045409(1.0),06/02/26 11:00:00,Annual,"European Union - 27 countries (AT, BE, BG, CY, CZ, DE, DK, EE, ES, FI, FR, GR, HR, HU, IE, IT, LT, LU, LV, MT, NL, PL, PT, RO, SE, SI, SK)",Ethiopia (incl. Eritrea 'ER' -> 1993),"WOOL, FINE OR COARSE ANIMAL HAIR; HORSEHAIR YARN AND WOVEN FABRIC",EXPORT,VALUE_IN_EUROS,2021,1220746
ESTAT:DS-045409(1.0),06/02/26 11:00:00,Annual,"European Union - 27 countries (AT, BE, BG, CY, CZ, DE, DK, EE, ES, FI, FR, GR, HR, HU, IE, IT, LT, LU, LV, MT, NL, PL, PT, RO, SE, SI, SK)",Ethiopia (incl. Eritrea 'ER' -> 1993),"WOOL, FINE OR COARSE ANIMAL HAIR; HORSEHAIR YARN AND WOVEN FABRIC",EXPORT,VALUE_IN_EUROS,2022,2715147
ESTAT:DS-045409(1.0),06/02/26 11:00:00,Annual,"European Union - 27 countries (AT, BE, BG, CY, CZ, DE, DK, EE, ES, FI, FR, GR, HR, HU, IE, IT, LT, LU, LV, MT, NL, PL, PT, RO, SE, SI, SK)",Ethiopia (incl. Eritrea 'ER' -> 1993),"WOOL, FINE OR COARSE ANIMAL HAIR; HORSEHAIR YARN AND WOVEN FABRIC",EXPORT,VALUE_IN_EUROS,2023,1668906
ESTAT:DS-045409(1.0),06/02/26 11:00:00,Annual,"European Union - 27 countries (AT, BE, BG, CY, CZ, DE, DK, EE, ES, FI, FR, GR, HR, HU, IE, IT, LT, LU, LV, MT, NL, PL, PT, RO, SE, SI, SK)",Ethiopia (incl. Eritrea 'ER' -> 1993),"WOOL, FINE OR COARSE ANIMAL HAIR; HORSEHAIR YARN AND WOVEN FABRIC",EXPORT,VALUE_IN_EUROS,2024,783396
ESTAT:DS-045409(1.0),06/02/26 11:00:00,Annual,"European Union - 27 countries (AT, BE, BG, CY, CZ, DE, DK, EE, ES, FI, FR, GR, HR, HU, IE, IT, LT, LU, LV, MT, NL, PL, PT, RO, SE, SI, SK)",Gabon,"WOOL, FINE OR COARSE ANIMAL HAIR; HORSEHAIR YARN AND WOVEN FABRIC",EXPORT,VALUE_IN_EUROS,1999,116854
ESTAT:DS-045409(1.0),06/02/26 11:00:00,Annual,"European Union - 27 countries (AT, BE, BG, CY, CZ, DE, DK, EE, ES, FI, FR, GR, HR, HU, IE, IT, LT, LU, LV, MT, NL, PL, PT, RO, SE, SI, SK)",Gabon,"WOOL, FINE OR COARSE ANIMAL HAIR; HORSEHAIR YARN AND WOVEN FABRIC",EXPORT,VALUE_IN_EUROS,2000,45446
ESTAT:DS-045409(1.0),06/02/26 11:00:00,Annual,"European Union - 27 countries (AT, BE, BG, CY, CZ, DE, DK, EE, ES, FI, FR, GR, HR, HU, IE, IT, LT, LU, LV, MT, NL, PL, PT, RO, SE, SI, SK)",Gabon,"WOOL, FINE OR COARSE ANIMAL HAIR; HORSEHAIR YARN AND WOVEN FABRIC",EXPORT,VALUE_IN_EUROS,2001,39198
ESTAT:DS-045409(1.0),06/02/26 11:00:00,Annual,"European Union - 27 countries (AT, BE, BG, CY, CZ, DE, DK, EE, ES, FI, FR, GR, HR, HU, IE, IT, LT, LU, LV, MT, NL, PL, PT, RO, SE, SI, SK)",Gabon,"WOOL, FINE OR COARSE ANIMAL HAIR; HORSEHAIR YARN AND WOVEN FABRIC",EXPORT,VALUE_IN_EUROS,2002,52196
ESTAT:DS-045409(1.0),06/02/26 11:00:00,Annual,"European Union - 27 countries (AT, BE, BG, CY, CZ, DE, DK, EE, ES, FI, FR, GR, HR, HU, IE, IT, LT, LU, LV, MT, NL, PL, PT, RO, SE, SI, SK)",Gabon,"WOOL, FINE OR COARSE ANIMAL HAIR; HORSEHAIR YARN AND WOVEN FABRIC",EXPORT,VALUE_IN_EUROS,2003,82305
ESTAT:DS-045409(1.0),06/02/26 11:00:00,Annual,"European Union - 27 countries (AT, BE, BG, CY, CZ, DE, DK, EE, ES, FI, FR, GR, HR, HU, IE, IT, LT, LU, LV, MT, NL, PL, PT, RO, SE, SI, SK)",Gabon,"WOOL, FINE OR COARSE ANIMAL HAIR; HORSEHAIR YARN AND WOVEN FABRIC",EXPORT,VALUE_IN_EUROS,2004,222085
ESTAT:DS-045409(1.0),06/02/26 11:00:00,Annual,"European Union - 27 countries (AT, BE, BG, CY, CZ, DE, DK, EE, ES, FI, FR, GR, HR, HU, IE, IT, LT, LU, LV, MT, NL, PL, PT, RO, SE, SI, SK)",Gabon,"WOOL, FINE OR COARSE ANIMAL HAIR; HORSEHAIR YARN AND WOVEN FABRIC",EXPORT,VALUE_IN_EUROS,2005,117364
ESTAT:DS-045409(1.0),06/02/26 11:00:00,Annual,"European Union - 27 countries (AT, BE, BG, CY, CZ, DE, DK, EE, ES, FI, FR, GR, HR, HU, IE, IT, LT, LU, LV, MT, NL, PL, PT, RO, SE, SI, SK)",Gabon,"WOOL, FINE OR COARSE ANIMAL HAIR; HORSEHAIR YARN AND WOVEN FABRIC",EXPORT,VALUE_IN_EUROS,2006,14425
ESTAT:DS-045409(1.0),06/02/26 11:00:00,Annual,"European Union - 27 countries (AT, BE, BG, CY, CZ, DE, DK, EE, ES, FI, FR, GR, HR, HU, IE, IT, LT, LU, LV, MT, NL, PL, PT, RO, SE, SI, SK)",Gabon,"WOOL, FINE OR COARSE ANIMAL HAIR; HORSEHAIR YARN AND WOVEN FABRIC",EXPORT,VALUE_IN_EUROS,2007,2712
ESTAT:DS-045409(1.0),06/02/26 11:00:00,Annual,"European Union - 27 countries (AT, BE, BG, CY, CZ, DE, DK, EE, ES, FI, FR, GR, HR, HU, IE, IT, LT, LU, LV, MT, NL, PL, PT, RO, SE, SI, SK)",Gabon,"WOOL, FINE OR COARSE ANIMAL HAIR; HORSEHAIR YARN AND WOVEN FABRIC",EXPORT,VALUE_IN_EUROS,2008,8078
ESTAT:DS-045409(1.0),06/02/26 11:00:00,Annual,"European Union - 27 countries (AT, BE, BG, CY, CZ, DE, DK, EE, ES, FI, FR, GR, HR, HU, IE, IT, LT, LU, LV, MT, NL, PL, PT, RO, SE, SI, SK)",Gabon,"WOOL, FINE OR COARSE ANIMAL HAIR; HORSEHAIR YARN AND WOVEN FABRIC",EXPORT,VALUE_IN_EUROS,2009,5750
ESTAT:DS-045409(1.0),06/02/26 11:00:00,Annual,"European Union - 27 countries (AT, BE, BG, CY, CZ, DE, DK, EE, ES, FI, FR, GR, HR, HU, IE, IT, LT, LU, LV, MT, NL, PL, PT, RO, SE, SI, SK)",Gabon,"WOOL, FINE OR COARSE ANIMAL HAIR; HORSEHAIR YARN AND WOVEN FABRIC",EXPORT,VALUE_IN_EUROS,2010,58403
ESTAT:DS-045409(1.0),06/02/26 11:00:00,Annual,"European Union - 27 countries (AT, BE, BG, CY, CZ, DE, DK, EE, ES, FI, FR, GR, HR, HU, IE, IT, LT, LU, LV, MT, NL, PL, PT, RO, SE, SI, SK)",Gabon,"WOOL, FINE OR COARSE ANIMAL HAIR; HORSEHAIR YARN AND WOVEN FABRIC",EXPORT,VALUE_IN_EUROS,2011,13227
ESTAT:DS-045409(1.0),06/02/26 11:00:00,Annual,"European Union - 27 countries (AT, BE, BG, CY, CZ, DE, DK, EE, ES, FI, FR, GR, HR, HU, IE, IT, LT, LU, LV, MT, NL, PL, PT, RO, SE, SI, SK)",Gabon,"WOOL, FINE OR COARSE ANIMAL HAIR; HORSEHAIR YARN AND WOVEN FABRIC",EXPORT,VALUE_IN_EUROS,2013,3638
ESTAT:DS-045409(1.0),06/02/26 11:00:00,Annual,"European Union - 27 countries (AT, BE, BG, CY, CZ, DE, DK, EE, ES, FI, FR, GR, HR, HU, IE, IT, LT, LU, LV, MT, NL, PL, PT, RO, SE, SI, SK)",Gabon,"WOOL, FINE OR COARSE ANIMAL HAIR; HORSEHAIR YARN AND WOVEN FABRIC",EXPORT,VALUE_IN_EUROS,2014,526
ESTAT:DS-045409(1.0),06/02/26 11:00:00,Annual,"European Union - 27 countries (AT, BE, BG, CY, CZ, DE, DK, EE, ES, FI, FR, GR, HR, HU, IE, IT, LT, LU, LV, MT, NL, PL, PT, RO, SE, SI, SK)",Gabon,"WOOL, FINE OR COARSE ANIMAL HAIR; HORSEHAIR YARN AND WOVEN FABRIC",EXPORT,VALUE_IN_EUROS,2015,3630
ESTAT:DS-045409(1.0),06/02/26 11:00:00,Annual,"European Union - 27 countries (AT, BE, BG, CY, CZ, DE, DK, EE, ES, FI, FR, GR, HR, HU, IE, IT, LT, LU, LV, MT, NL, PL, PT, RO, SE, SI, SK)",Gabon,"WOOL, FINE OR COARSE ANIMAL HAIR; HORSEHAIR YARN AND WOVEN FABRIC",EXPORT,VALUE_IN_EUROS,2016,5155
ESTAT:DS-045409(1.0),06/02/26 11:00:00,Annual,"European Union - 27 countries (AT, BE, BG, CY, CZ, DE, DK, EE, ES, FI, FR, GR, HR, HU, IE, IT, LT, LU, LV, MT, NL, PL, PT, RO, SE, SI, SK)",Gabon,"WOOL, FINE OR COARSE ANIMAL HAIR; HORSEHAIR YARN AND WOVEN FABRIC",EXPORT,VALUE_IN_EUROS,2017,316
ESTAT:DS-045409(1.0),06/02/26 11:00:00,Annual,"European Union - 27 countries (AT, BE, BG, CY, CZ, DE, DK, EE, ES, FI, FR, GR, HR, HU, IE, IT, LT, LU, LV, MT, NL, PL, PT, RO, SE, SI, SK)",Gabon,"WOOL, FINE OR COARSE ANIMAL HAIR; HORSEHAIR YARN AND WOVEN FABRIC",EXPORT,VALUE_IN_EUROS,2018,12995
ESTAT:DS-045409(1.0),06/02/26 11:00:00,Annual,"European Union - 27 countries (AT, BE, BG, CY, CZ, DE, DK, EE, ES, FI, FR, GR, HR, HU, IE, IT, LT, LU, LV, MT, NL, PL, PT, RO, SE, SI, SK)",Gabon,"WOOL, FINE OR COARSE ANIMAL HAIR; HORSEHAIR YARN AND WOVEN FABRIC",EXPORT,VALUE_IN_EUROS,2019,7729
ESTAT:DS-045409(1.0),06/02/26 11:00:00,Annual,"European Union - 27 countries (AT, BE, BG, CY, CZ, DE, DK, EE, ES, FI, FR, GR, HR, HU, IE, IT, LT, LU, LV, MT, NL, PL, PT, RO, SE, SI, SK)",Gabon,"WOOL, FINE OR COARSE ANIMAL HAIR; HORSEHAIR YARN AND WOVEN FABRIC",EXPORT,VALUE_IN_EUROS,2020,23333
ESTAT:DS-045409(1.0),06/02/26 11:00:00,Annual,"European Union - 27 countries (AT, BE, BG, CY, CZ, DE, DK, EE, ES, FI, FR, GR, HR, HU, IE, IT, LT, LU, LV, MT, NL, PL, PT, RO, SE, SI, SK)",Gabon,"WOOL, FINE OR COARSE ANIMAL HAIR; HORSEHAIR YARN AND WOVEN FABRIC",EXPORT,VALUE_IN_EUROS,2022,11300
ESTAT:DS-045409(1.0),06/02/26 11:00:00,Annual,"European Union - 27 countries (AT, BE, BG, CY, CZ, DE, DK, EE, ES, FI, FR, GR, HR, HU, IE, IT, LT, LU, LV, MT, NL, PL, PT, RO, SE, SI, SK)",Gabon,"WOOL, FINE OR COARSE ANIMAL HAIR; HORSEHAIR YARN AND WOVEN FABRIC",EXPORT,VALUE_IN_EUROS,2023,20466
ESTAT:DS-045409(1.0),06/02/26 11:00:00,Annual,"European Union - 27 countries (AT, BE, BG, CY, CZ, DE, DK, EE, ES, FI, FR, GR, HR, HU, IE, IT, LT, LU, LV, MT, NL, PL, PT, RO, SE, SI, SK)",Gabon,"WOOL, FINE OR COARSE ANIMAL HAIR; HORSEHAIR YARN AND WOVEN FABRIC",EXPORT,VALUE_IN_EUROS,2024,325
ESTAT:DS-045409(1.0),06/02/26 11:00:00,Annual,"European Union - 27 countries (AT, BE, BG, CY, CZ, DE, DK, EE, ES, FI, FR, GR, HR, HU, IE, IT, LT, LU, LV, MT, NL, PL, PT, RO, SE, SI, SK)",Ghana,"WOOL, FINE OR COARSE ANIMAL HAIR; HORSEHAIR YARN AND WOVEN FABRIC",EXPORT,VALUE_IN_EUROS,1999,218037
ESTAT:DS-045409(1.0),06/02/26 11:00:00,Annual,"European Union - 27 countries (AT, BE, BG, CY, CZ, DE, DK, EE, ES, FI, FR, GR, HR, HU, IE, IT, LT, LU, LV, MT, NL, PL, PT, RO, SE, SI, SK)",Ghana,"WOOL, FINE OR COARSE ANIMAL HAIR; HORSEHAIR YARN AND WOVEN FABRIC",EXPORT,VALUE_IN_EUROS,2000,66130
ESTAT:DS-045409(1.0),06/02/26 11:00:00,Annual,"European Union - 27 countries (AT, BE, BG, CY, CZ, DE, DK, EE, ES, FI, FR, GR, HR, HU, IE, IT, LT, LU, LV, MT, NL, PL, PT, RO, SE, SI, SK)",Ghana,"WOOL, FINE OR COARSE ANIMAL HAIR; HORSEHAIR YARN AND WOVEN FABRIC",EXPORT,VALUE_IN_EUROS,2001,65872
ESTAT:DS-045409(1.0),06/02/26 11:00:00,Annual,"European Union - 27 countries (AT, BE, BG, CY, CZ, DE, DK, EE, ES, FI, FR, GR, HR, HU, IE, IT, LT, LU, LV, MT, NL, PL, PT, RO, SE, SI, SK)",Ghana,"WOOL, FINE OR COARSE ANIMAL HAIR; HORSEHAIR YARN AND WOVEN FABRIC",EXPORT,VALUE_IN_EUROS,2002,50787
ESTAT:DS-045409(1.0),06/02/26 11:00:00,Annual,"European Union - 27 countries (AT, BE, BG, CY, CZ, DE, DK, EE, ES, FI, FR, GR, HR, HU, IE, IT, LT, LU, LV, MT, NL, PL, PT, RO, SE, SI, SK)",Ghana,"WOOL, FINE OR COARSE ANIMAL HAIR; HORSEHAIR YARN AND WOVEN FABRIC",EXPORT,VALUE_IN_EUROS,2003,40421
ESTAT:DS-045409(1.0),06/02/26 11:00:00,Annual,"European Union - 27 countries (AT, BE, BG, CY, CZ, DE, DK, EE, ES, FI, FR, GR, HR, HU, IE, IT, LT, LU, LV, MT, NL, PL, PT, RO, SE, SI, SK)",Ghana,"WOOL, FINE OR COARSE ANIMAL HAIR; HORSEHAIR YARN AND WOVEN FABRIC",EXPORT,VALUE_IN_EUROS,2004,63982
ESTAT:DS-045409(1.0),06/02/26 11:00:00,Annual,"European Union - 27 countries (AT, BE, BG, CY, CZ, DE, DK, EE, ES, FI, FR, GR, HR, HU, IE, IT, LT, LU, LV, MT, NL, PL, PT, RO, SE, SI, SK)",Ghana,"WOOL, FINE OR COARSE ANIMAL HAIR; HORSEHAIR YARN AND WOVEN FABRIC",EXPORT,VALUE_IN_EUROS,2005,76857
ESTAT:DS-045409(1.0),06/02/26 11:00:00,Annual,"European Union - 27 countries (AT, BE, BG, CY, CZ, DE, DK, EE, ES, FI, FR, GR, HR, HU, IE, IT, LT, LU, LV, MT, NL, PL, PT, RO, SE, SI, SK)",Ghana,"WOOL, FINE OR COARSE ANIMAL HAIR; HORSEHAIR YARN AND WOVEN FABRIC",EXPORT,VALUE_IN_EUROS,2006,33386
ESTAT:DS-045409(1.0),06/02/26 11:00:00,Annual,"European Union - 27 countries (AT, BE, BG, CY, CZ, DE, DK, EE, ES, FI, FR, GR, HR, HU, IE, IT, LT, LU, LV, MT, NL, PL, PT, RO, SE, SI, SK)",Ghana,"WOOL, FINE OR COARSE ANIMAL HAIR; HORSEHAIR YARN AND WOVEN FABRIC",EXPORT,VALUE_IN_EUROS,2007,14672
ESTAT:DS-045409(1.0),06/02/26 11:00:00,Annual,"European Union - 27 countries (AT, BE, BG, CY, CZ, DE, DK, EE, ES, FI, FR, GR, HR, HU, IE, IT, LT, LU, LV, MT, NL, PL, PT, RO, SE, SI, SK)",Ghana,"WOOL, FINE OR COARSE ANIMAL HAIR; HORSEHAIR YARN AND WOVEN FABRIC",EXPORT,VALUE_IN_EUROS,2008,4065
ESTAT:DS-045409(1.0),06/02/26 11:00:00,Annual,"European Union - 27 countries (AT, BE, BG, CY, CZ, DE, DK, EE, ES, FI, FR, GR, HR, HU, IE, IT, LT, LU, LV, MT, NL, PL, PT, RO, SE, SI, SK)",Ghana,"WOOL, FINE OR COARSE ANIMAL HAIR; HORSEHAIR YARN AND WOVEN FABRIC",EXPORT,VALUE_IN_EUROS,2009,11249
ESTAT:DS-045409(1.0),06/02/26 11:00:00,Annual,"European Union - 27 countries (AT, BE, BG, CY, CZ, DE, DK, EE, ES, FI, FR, GR, HR, HU, IE, IT, LT, LU, LV, MT, NL, PL, PT, RO, SE, SI, SK)",Ghana,"WOOL, FINE OR COARSE ANIMAL HAIR; HORSEHAIR YARN AND WOVEN FABRIC",EXPORT,VALUE_IN_EUROS,2010,12951
ESTAT:DS-045409(1.0),06/02/26 11:00:00,Annual,"European Union - 27 countries (AT, BE, BG, CY, CZ, DE, DK, EE, ES, FI, FR, GR, HR, HU, IE, IT, LT, LU, LV, MT, NL, PL, PT, RO, SE, SI, SK)",Ghana,"WOOL, FINE OR COARSE ANIMAL HAIR; HORSEHAIR YARN AND WOVEN FABRIC",EXPORT,VALUE_IN_EUROS,2011,46646
ESTAT:DS-045409(1.0),06/02/26 11:00:00,Annual,"European Union - 27 countries (AT, BE, BG, CY, CZ, DE, DK, EE, ES, FI, FR, GR, HR, HU, IE, IT, LT, LU, LV, MT, NL, PL, PT, RO, SE, SI, SK)",Ghana,"WOOL, FINE OR COARSE ANIMAL HAIR; HORSEHAIR YARN AND WOVEN FABRIC",EXPORT,VALUE_IN_EUROS,2012,12182
ESTAT:DS-045409(1.0),06/02/26 11:00:00,Annual,"European Union - 27 countries (AT, BE, BG, CY, CZ, DE, DK, EE, ES, FI, FR, GR, HR, HU, IE, IT, LT, LU, LV, MT, NL, PL, PT, RO, SE, SI, SK)",Ghana,"WOOL, FINE OR COARSE ANIMAL HAIR; HORSEHAIR YARN AND WOVEN FABRIC",EXPORT,VALUE_IN_EUROS,2013,22
ESTAT:DS-045409(1.0),06/02/26 11:00:00,Annual,"European Union - 27 countries (AT, BE, BG, CY, CZ, DE, DK, EE, ES, FI, FR, GR, HR, HU, IE, IT, LT, LU, LV, MT, NL, PL, PT, RO, SE, SI, SK)",Ghana,"WOOL, FINE OR COARSE ANIMAL HAIR; HORSEHAIR YARN AND WOVEN FABRIC",EXPORT,VALUE_IN_EUROS,2014,3960
ESTAT:DS-045409(1.0),06/02/26 11:00:00,Annual,"European Union - 27 countries (AT, BE, BG, CY, CZ, DE, DK, EE, ES, FI, FR, GR, HR, HU, IE, IT, LT, LU, LV, MT, NL, PL, PT, RO, SE, SI, SK)",Ghana,"WOOL, FINE OR COARSE ANIMAL HAIR; HORSEHAIR YARN AND WOVEN FABRIC",EXPORT,VALUE_IN_EUROS,2015,9757
ESTAT:DS-045409(1.0),06/02/26 11:00:00,Annual,"European Union - 27 countries (AT, BE, BG, CY, CZ, DE, DK, EE, ES, FI, FR, GR, HR, HU, IE, IT, LT, LU, LV, MT, NL, PL, PT, RO, SE, SI, SK)",Ghana,"WOOL, FINE OR COARSE ANIMAL HAIR; HORSEHAIR YARN AND WOVEN FABRIC",EXPORT,VALUE_IN_EUROS,2016,2169
ESTAT:DS-045409(1.0),06/02/26 11:00:00,Annual,"European Union - 27 countries (AT, BE, BG, CY, CZ, DE, DK, EE, ES, FI, FR, GR, HR, HU, IE, IT, LT, LU, LV, MT, NL, PL, PT, RO, SE, SI, SK)",Ghana,"WOOL, FINE OR COARSE ANIMAL HAIR; HORSEHAIR YARN AND WOVEN FABRIC",EXPORT,VALUE_IN_EUROS,2017,2330
ESTAT:DS-045409(1.0),06/02/26 11:00:00,Annual,"European Union - 27 countries (AT, BE, BG, CY, CZ, DE, DK, EE, ES, FI, FR, GR, HR, HU, IE, IT, LT, LU, LV, MT, NL, PL, PT, RO, SE, SI, SK)",Ghana,"WOOL, FINE OR COARSE ANIMAL HAIR; HORSEHAIR YARN AND WOVEN FABRIC",EXPORT,VALUE_IN_EUROS,2018,2908
ESTAT:DS-045409(1.0),06/02/26 11:00:00,Annual,"European Union - 27 countries (AT, BE, BG, CY, CZ, DE, DK, EE, ES, FI, FR, GR, HR, HU, IE, IT, LT, LU, LV, MT, NL, PL, PT, RO, SE, SI, SK)",Ghana,"WOOL, FINE OR COARSE ANIMAL HAIR; HORSEHAIR YARN AND WOVEN FABRIC",EXPORT,VALUE_IN_EUROS,2019,7113
ESTAT:DS-045409(1.0),06/02/26 11:00:00,Annual,"European Union - 27 countries (AT, BE, BG, CY, CZ, DE, DK, EE, ES, FI, FR, GR, HR, HU, IE, IT, LT, LU, LV, MT, NL, PL, PT, RO, SE, SI, SK)",Ghana,"WOOL, FINE OR COARSE ANIMAL HAIR; HORSEHAIR YARN AND WOVEN FABRIC",EXPORT,VALUE_IN_EUROS,2020,907
ESTAT:DS-045409(1.0),06/02/26 11:00:00,Annual,"European Union - 27 countries (AT, BE, BG, CY, CZ, DE, DK, EE, ES, FI, FR, GR, HR, HU, IE, IT, LT, LU, LV, MT, NL, PL, PT, RO, SE, SI, SK)",Ghana,"WOOL, FINE OR COARSE ANIMAL HAIR; HORSEHAIR YARN AND WOVEN FABRIC",EXPORT,VALUE_IN_EUROS,2021,40962
ESTAT:DS-045409(1.0),06/02/26 11:00:00,Annual,"European Union - 27 countries (AT, BE, BG, CY, CZ, DE, DK, EE, ES, FI, FR, GR, HR, HU, IE, IT, LT, LU, LV, MT, NL, PL, PT, RO, SE, SI, SK)",Ghana,"WOOL, FINE OR COARSE ANIMAL HAIR; HORSEHAIR YARN AND WOVEN FABRIC",EXPORT,VALUE_IN_EUROS,2022,7722
ESTAT:DS-045409(1.0),06/02/26 11:00:00,Annual,"European Union - 27 countries (AT, BE, BG, CY, CZ, DE, DK, EE, ES, FI, FR, GR, HR, HU, IE, IT, LT, LU, LV, MT, NL, PL, PT, RO, SE, SI, SK)",Ghana,"WOOL, FINE OR COARSE ANIMAL HAIR; HORSEHAIR YARN AND WOVEN FABRIC",EXPORT,VALUE_IN_EUROS,2023,13334
ESTAT:DS-045409(1.0),06/02/26 11:00:00,Annual,"European Union - 27 countries (AT, BE, BG, CY, CZ, DE, DK, EE, ES, FI, FR, GR, HR, HU, IE, IT, LT, LU, LV, MT, NL, PL, PT, RO, SE, SI, SK)",Gambia,"WOOL, FINE OR COARSE ANIMAL HAIR; HORSEHAIR YARN AND WOVEN FABRIC",EXPORT,VALUE_IN_EUROS,1999,39206
ESTAT:DS-045409(1.0),06/02/26 11:00:00,Annual,"European Union - 27 countries (AT, BE, BG, CY, CZ, DE, DK, EE, ES, FI, FR, GR, HR, HU, IE, IT, LT, LU, LV, MT, NL, PL, PT, RO, SE, SI, SK)",Gambia,"WOOL, FINE OR COARSE ANIMAL HAIR; HORSEHAIR YARN AND WOVEN FABRIC",EXPORT,VALUE_IN_EUROS,2000,3165
ESTAT:DS-045409(1.0),06/02/26 11:00:00,Annual,"European Union - 27 countries (AT, BE, BG, CY, CZ, DE, DK, EE, ES, FI, FR, GR, HR, HU, IE, IT, LT, LU, LV, MT, NL, PL, PT, RO, SE, SI, SK)",Gambia,"WOOL, FINE OR COARSE ANIMAL HAIR; HORSEHAIR YARN AND WOVEN FABRIC",EXPORT,VALUE_IN_EUROS,2001,41154
ESTAT:DS-045409(1.0),06/02/26 11:00:00,Annual,"European Union - 27 countries (AT, BE, BG, CY, CZ, DE, DK, EE, ES, FI, FR, GR, HR, HU, IE, IT, LT, LU, LV, MT, NL, PL, PT, RO, SE, SI, SK)",Gambia,"WOOL, FINE OR COARSE ANIMAL HAIR; HORSEHAIR YARN AND WOVEN FABRIC",EXPORT,VALUE_IN_EUROS,2003,718
ESTAT:DS-045409(1.0),06/02/26 11:00:00,Annual,"European Union - 27 countries (AT, BE, BG, CY, CZ, DE, DK, EE, ES, FI, FR, GR, HR, HU, IE, IT, LT, LU, LV, MT, NL, PL, PT, RO, SE, SI, SK)",Gambia,"WOOL, FINE OR COARSE ANIMAL HAIR; HORSEHAIR YARN AND WOVEN FABRIC",EXPORT,VALUE_IN_EUROS,2007,3140
ESTAT:DS-045409(1.0),06/02/26 11:00:00,Annual,"European Union - 27 countries (AT, BE, BG, CY, CZ, DE, DK, EE, ES, FI, FR, GR, HR, HU, IE, IT, LT, LU, LV, MT, NL, PL, PT, RO, SE, SI, SK)",Gambia,"WOOL, FINE OR COARSE ANIMAL HAIR; HORSEHAIR YARN AND WOVEN FABRIC",EXPORT,VALUE_IN_EUROS,2014,150
ESTAT:DS-045409(1.0),06/02/26 11:00:00,Annual,"European Union - 27 countries (AT, BE, BG, CY, CZ, DE, DK, EE, ES, FI, FR, GR, HR, HU, IE, IT, LT, LU, LV, MT, NL, PL, PT, RO, SE, SI, SK)",Gambia,"WOOL, FINE OR COARSE ANIMAL HAIR; HORSEHAIR YARN AND WOVEN FABRIC",EXPORT,VALUE_IN_EUROS,2015,823
ESTAT:DS-045409(1.0),06/02/26 11:00:00,Annual,"European Union - 27 countries (AT, BE, BG, CY, CZ, DE, DK, EE, ES, FI, FR, GR, HR, HU, IE, IT, LT, LU, LV, MT, NL, PL, PT, RO, SE, SI, SK)",Gambia,"WOOL, FINE OR COARSE ANIMAL HAIR; HORSEHAIR YARN AND WOVEN FABRIC",EXPORT,VALUE_IN_EUROS,2019,2
ESTAT:DS-045409(1.0),06/02/26 11:00:00,Annual,"European Union - 27 countries (AT, BE, BG, CY, CZ, DE, DK, EE, ES, FI, FR, GR, HR, HU, IE, IT, LT, LU, LV, MT, NL, PL, PT, RO, SE, SI, SK)",Gambia,"WOOL, FINE OR COARSE ANIMAL HAIR; HORSEHAIR YARN AND WOVEN FABRIC",EXPORT,VALUE_IN_EUROS,2020,37
ESTAT:DS-045409(1.0),06/02/26 11:00:00,Annual,"European Union - 27 countries (AT, BE, BG, CY, CZ, DE, DK, EE, ES, FI, FR, GR, HR, HU, IE, IT, LT, LU, LV, MT, NL, PL, PT, RO, SE, SI, SK)",Gambia,"WOOL, FINE OR COARSE ANIMAL HAIR; HORSEHAIR YARN AND WOVEN FABRIC",EXPORT,VALUE_IN_EUROS,2023,60
ESTAT:DS-045409(1.0),06/02/26 11:00:00,Annual,"European Union - 27 countries (AT, BE, BG, CY, CZ, DE, DK, EE, ES, FI, FR, GR, HR, HU, IE, IT, LT, LU, LV, MT, NL, PL, PT, RO, SE, SI, SK)",Gambia,"WOOL, FINE OR COARSE ANIMAL HAIR; HORSEHAIR YARN AND WOVEN FABRIC",EXPORT,VALUE_IN_EUROS,2024,9
ESTAT:DS-045409(1.0),06/02/26 11:00:00,Annual,"European Union - 27 countries (AT, BE, BG, CY, CZ, DE, DK, EE, ES, FI, FR, GR, HR, HU, IE, IT, LT, LU, LV, MT, NL, PL, PT, RO, SE, SI, SK)",Guinea,"WOOL, FINE OR COARSE ANIMAL HAIR; HORSEHAIR YARN AND WOVEN FABRIC",EXPORT,VALUE_IN_EUROS,2003,8995
ESTAT:DS-045409(1.0),06/02/26 11:00:00,Annual,"European Union - 27 countries (AT, BE, BG, CY, CZ, DE, DK, EE, ES, FI, FR, GR, HR, HU, IE, IT, LT, LU, LV, MT, NL, PL, PT, RO, SE, SI, SK)",Guinea,"WOOL, FINE OR COARSE ANIMAL HAIR; HORSEHAIR YARN AND WOVEN FABRIC",EXPORT,VALUE_IN_EUROS,2004,5688
ESTAT:DS-045409(1.0),06/02/26 11:00:00,Annual,"European Union - 27 countries (AT, BE, BG, CY, CZ, DE, DK, EE, ES, FI, FR, GR, HR, HU, IE, IT, LT, LU, LV, MT, NL, PL, PT, RO, SE, SI, SK)",Guinea,"WOOL, FINE OR COARSE ANIMAL HAIR; HORSEHAIR YARN AND WOVEN FABRIC",EXPORT,VALUE_IN_EUROS,2005,7609
ESTAT:DS-045409(1.0),06/02/26 11:00:00,Annual,"European Union - 27 countries (AT, BE, BG, CY, CZ, DE, DK, EE, ES, FI, FR, GR, HR, HU, IE, IT, LT, LU, LV, MT, NL, PL, PT, RO, SE, SI, SK)",Guinea,"WOOL, FINE OR COARSE ANIMAL HAIR; HORSEHAIR YARN AND WOVEN FABRIC",EXPORT,VALUE_IN_EUROS,2009,2340
ESTAT:DS-045409(1.0),06/02/26 11:00:00,Annual,"European Union - 27 countries (AT, BE, BG, CY, CZ, DE, DK, EE, ES, FI, FR, GR, HR, HU, IE, IT, LT, LU, LV, MT, NL, PL, PT, RO, SE, SI, SK)",Guinea,"WOOL, FINE OR COARSE ANIMAL HAIR; HORSEHAIR YARN AND WOVEN FABRIC",EXPORT,VALUE_IN_EUROS,2013,25
ESTAT:DS-045409(1.0),06/02/26 11:00:00,Annual,"European Union - 27 countries (AT, BE, BG, CY, CZ, DE, DK, EE, ES, FI, FR, GR, HR, HU, IE, IT, LT, LU, LV, MT, NL, PL, PT, RO, SE, SI, SK)",Guinea,"WOOL, FINE OR COARSE ANIMAL HAIR; HORSEHAIR YARN AND WOVEN FABRIC",EXPORT,VALUE_IN_EUROS,2016,1862
ESTAT:DS-045409(1.0),06/02/26 11:00:00,Annual,"European Union - 27 countries (AT, BE, BG, CY, CZ, DE, DK, EE, ES, FI, FR, GR, HR, HU, IE, IT, LT, LU, LV, MT, NL, PL, PT, RO, SE, SI, SK)",Guinea,"WOOL, FINE OR COARSE ANIMAL HAIR; HORSEHAIR YARN AND WOVEN FABRIC",EXPORT,VALUE_IN_EUROS,2017,4081
ESTAT:DS-045409(1.0),06/02/26 11:00:00,Annual,"European Union - 27 countries (AT, BE, BG, CY, CZ, DE, DK, EE, ES, FI, FR, GR, HR, HU, IE, IT, LT, LU, LV, MT, NL, PL, PT, RO, SE, SI, SK)",Guinea,"WOOL, FINE OR COARSE ANIMAL HAIR; HORSEHAIR YARN AND WOVEN FABRIC",EXPORT,VALUE_IN_EUROS,2021,953
ESTAT:DS-045409(1.0),06/02/26 11:00:00,Annual,"European Union - 27 countries (AT, BE, BG, CY, CZ, DE, DK, EE, ES, FI, FR, GR, HR, HU, IE, IT, LT, LU, LV, MT, NL, PL, PT, RO, SE, SI, SK)",Guinea,"WOOL, FINE OR COARSE ANIMAL HAIR; HORSEHAIR YARN AND WOVEN FABRIC",EXPORT,VALUE_IN_EUROS,2023,179
ESTAT:DS-045409(1.0),06/02/26 11:00:00,Annual,"European Union - 27 countries (AT, BE, BG, CY, CZ, DE, DK, EE, ES, FI, FR, GR, HR, HU, IE, IT, LT, LU, LV, MT, NL, PL, PT, RO, SE, SI, SK)",Equatorial Guinea,"WOOL, FINE OR COARSE ANIMAL HAIR; HORSEHAIR YARN AND WOVEN FABRIC",EXPORT,VALUE_IN_EUROS,2002,754
ESTAT:DS-045409(1.0),06/02/26 11:00:00,Annual,"European Union - 27 countries (AT, BE, BG, CY, CZ, DE, DK, EE, ES, FI, FR, GR, HR, HU, IE, IT, LT, LU, LV, MT, NL, PL, PT, RO, SE, SI, SK)",Equatorial Guinea,"WOOL, FINE OR COARSE ANIMAL HAIR; HORSEHAIR YARN AND WOVEN FABRIC",EXPORT,VALUE_IN_EUROS,2006,162030
ESTAT:DS-045409(1.0),06/02/26 11:00:00,Annual,"European Union - 27 countries (AT, BE, BG, CY, CZ, DE, DK, EE, ES, FI, FR, GR, HR, HU, IE, IT, LT, LU, LV, MT, NL, PL, PT, RO, SE, SI, SK)",Equatorial Guinea,"WOOL, FINE OR COARSE ANIMAL HAIR; HORSEHAIR YARN AND WOVEN FABRIC",EXPORT,VALUE_IN_EUROS,2007,20754
ESTAT:DS-045409(1.0),06/02/26 11:00:00,Annual,"European Union - 27 countries (AT, BE, BG, CY, CZ, DE, DK, EE, ES, FI, FR, GR, HR, HU, IE, IT, LT, LU, LV, MT, NL, PL, PT, RO, SE, SI, SK)",Equatorial Guinea,"WOOL, FINE OR COARSE ANIMAL HAIR; HORSEHAIR YARN AND WOVEN FABRIC",EXPORT,VALUE_IN_EUROS,2014,46
ESTAT:DS-045409(1.0),06/02/26 11:00:00,Annual,"European Union - 27 countries (AT, BE, BG, CY, CZ, DE, DK, EE, ES, FI, FR, GR, HR, HU, IE, IT, LT, LU, LV, MT, NL, PL, PT, RO, SE, SI, SK)",Guinea-Bissau,"WOOL, FINE OR COARSE ANIMAL HAIR; HORSEHAIR YARN AND WOVEN FABRIC",EXPORT,VALUE_IN_EUROS,2000,25
ESTAT:DS-045409(1.0),06/02/26 11:00:00,Annual,"European Union - 27 countries (AT, BE, BG, CY, CZ, DE, DK, EE, ES, FI, FR, GR, HR, HU, IE, IT, LT, LU, LV, MT, NL, PL, PT, RO, SE, SI, SK)",Guinea-Bissau,"WOOL, FINE OR COARSE ANIMAL HAIR; HORSEHAIR YARN AND WOVEN FABRIC",EXPORT,VALUE_IN_EUROS,2001,2051
ESTAT:DS-045409(1.0),06/02/26 11:00:00,Annual,"European Union - 27 countries (AT, BE, BG, CY, CZ, DE, DK, EE, ES, FI, FR, GR, HR, HU, IE, IT, LT, LU, LV, MT, NL, PL, PT, RO, SE, SI, SK)",Guinea-Bissau,"WOOL, FINE OR COARSE ANIMAL HAIR; HORSEHAIR YARN AND WOVEN FABRIC",EXPORT,VALUE_IN_EUROS,2006,320
ESTAT:DS-045409(1.0),06/02/26 11:00:00,Annual,"European Union - 27 countries (AT, BE, BG, CY, CZ, DE, DK, EE, ES, FI, FR, GR, HR, HU, IE, IT, LT, LU, LV, MT, NL, PL, PT, RO, SE, SI, SK)",Guinea-Bissau,"WOOL, FINE OR COARSE ANIMAL HAIR; HORSEHAIR YARN AND WOVEN FABRIC",EXPORT,VALUE_IN_EUROS,2008,150
ESTAT:DS-045409(1.0),06/02/26 11:00:00,Annual,"European Union - 27 countries (AT, BE, BG, CY, CZ, DE, DK, EE, ES, FI, FR, GR, HR, HU, IE, IT, LT, LU, LV, MT, NL, PL, PT, RO, SE, SI, SK)",Guinea-Bissau,"WOOL, FINE OR COARSE ANIMAL HAIR; HORSEHAIR YARN AND WOVEN FABRIC",EXPORT,VALUE_IN_EUROS,2009,34
ESTAT:DS-045409(1.0),06/02/26 11:00:00,Annual,"European Union - 27 countries (AT, BE, BG, CY, CZ, DE, DK, EE, ES, FI, FR, GR, HR, HU, IE, IT, LT, LU, LV, MT, NL, PL, PT, RO, SE, SI, SK)",Guinea-Bissau,"WOOL, FINE OR COARSE ANIMAL HAIR; HORSEHAIR YARN AND WOVEN FABRIC",EXPORT,VALUE_IN_EUROS,2016,53
ESTAT:DS-045409(1.0),06/02/26 11:00:00,Annual,"European Union - 27 countries (AT, BE, BG, CY, CZ, DE, DK, EE, ES, FI, FR, GR, HR, HU, IE, IT, LT, LU, LV, MT, NL, PL, PT, RO, SE, SI, SK)",Guinea-Bissau,"WOOL, FINE OR COARSE ANIMAL HAIR; HORSEHAIR YARN AND WOVEN FABRIC",EXPORT,VALUE_IN_EUROS,2019,760
ESTAT:DS-045409(1.0),06/02/26 11:00:00,Annual,"European Union - 27 countries (AT, BE, BG, CY, CZ, DE, DK, EE, ES, FI, FR, GR, HR, HU, IE, IT, LT, LU, LV, MT, NL, PL, PT, RO, SE, SI, SK)",Kenya,"WOOL, FINE OR COARSE ANIMAL HAIR; HORSEHAIR YARN AND WOVEN FABRIC",EXPORT,VALUE_IN_EUROS,1999,1109
ESTAT:DS-045409(1.0),06/02/26 11:00:00,Annual,"European Union - 27 countries (AT, BE, BG, CY, CZ, DE, DK, EE, ES, FI, FR, GR, HR, HU, IE, IT, LT, LU, LV, MT, NL, PL, PT, RO, SE, SI, SK)",Kenya,"WOOL, FINE OR COARSE ANIMAL HAIR; HORSEHAIR YARN AND WOVEN FABRIC",EXPORT,VALUE_IN_EUROS,2000,59897
ESTAT:DS-045409(1.0),06/02/26 11:00:00,Annual,"European Union - 27 countries (AT, BE, BG, CY, CZ, DE, DK, EE, ES, FI, FR, GR, HR, HU, IE, IT, LT, LU, LV, MT, NL, PL, PT, RO, SE, SI, SK)",Kenya,"WOOL, FINE OR COARSE ANIMAL HAIR; HORSEHAIR YARN AND WOVEN FABRIC",EXPORT,VALUE_IN_EUROS,2001,13330
ESTAT:DS-045409(1.0),06/02/26 11:00:00,Annual,"European Union - 27 countries (AT, BE, BG, CY, CZ, DE, DK, EE, ES, FI, FR, GR, HR, HU, IE, IT, LT, LU, LV, MT, NL, PL, PT, RO, SE, SI, SK)",Kenya,"WOOL, FINE OR COARSE ANIMAL HAIR; HORSEHAIR YARN AND WOVEN FABRIC",EXPORT,VALUE_IN_EUROS,2002,25884
ESTAT:DS-045409(1.0),06/02/26 11:00:00,Annual,"European Union - 27 countries (AT, BE, BG, CY, CZ, DE, DK, EE, ES, FI, FR, GR, HR, HU, IE, IT, LT, LU, LV, MT, NL, PL, PT, RO, SE, SI, SK)",Kenya,"WOOL, FINE OR COARSE ANIMAL HAIR; HORSEHAIR YARN AND WOVEN FABRIC",EXPORT,VALUE_IN_EUROS,2003,14948
ESTAT:DS-045409(1.0),06/02/26 11:00:00,Annual,"European Union - 27 countries (AT, BE, BG, CY, CZ, DE, DK, EE, ES, FI, FR, GR, HR, HU, IE, IT, LT, LU, LV, MT, NL, PL, PT, RO, SE, SI, SK)",Kenya,"WOOL, FINE OR COARSE ANIMAL HAIR; HORSEHAIR YARN AND WOVEN FABRIC",EXPORT,VALUE_IN_EUROS,2004,51175
ESTAT:DS-045409(1.0),06/02/26 11:00:00,Annual,"European Union - 27 countries (AT, BE, BG, CY, CZ, DE, DK, EE, ES, FI, FR, GR, HR, HU, IE, IT, LT, LU, LV, MT, NL, PL, PT, RO, SE, SI, SK)",Kenya,"WOOL, FINE OR COARSE ANIMAL HAIR; HORSEHAIR YARN AND WOVEN FABRIC",EXPORT,VALUE_IN_EUROS,2005,74437
ESTAT:DS-045409(1.0),06/02/26 11:00:00,Annual,"European Union - 27 countries (AT, BE, BG, CY, CZ, DE, DK, EE, ES, FI, FR, GR, HR, HU, IE, IT, LT, LU, LV, MT, NL, PL, PT, RO, SE, SI, SK)",Kenya,"WOOL, FINE OR COARSE ANIMAL HAIR; HORSEHAIR YARN AND WOVEN FABRIC",EXPORT,VALUE_IN_EUROS,2006,16200
ESTAT:DS-045409(1.0),06/02/26 11:00:00,Annual,"European Union - 27 countries (AT, BE, BG, CY, CZ, DE, DK, EE, ES, FI, FR, GR, HR, HU, IE, IT, LT, LU, LV, MT, NL, PL, PT, RO, SE, SI, SK)",Kenya,"WOOL, FINE OR COARSE ANIMAL HAIR; HORSEHAIR YARN AND WOVEN FABRIC",EXPORT,VALUE_IN_EUROS,2007,14392
ESTAT:DS-045409(1.0),06/02/26 11:00:00,Annual,"European Union - 27 countries (AT, BE, BG, CY, CZ, DE, DK, EE, ES, FI, FR, GR, HR, HU, IE, IT, LT, LU, LV, MT, NL, PL, PT, RO, SE, SI, SK)",Kenya,"WOOL, FINE OR COARSE ANIMAL HAIR; HORSEHAIR YARN AND WOVEN FABRIC",EXPORT,VALUE_IN_EUROS,2008,4844
ESTAT:DS-045409(1.0),06/02/26 11:00:00,Annual,"European Union - 27 countries (AT, BE, BG, CY, CZ, DE, DK, EE, ES, FI, FR, GR, HR, HU, IE, IT, LT, LU, LV, MT, NL, PL, PT, RO, SE, SI, SK)",Kenya,"WOOL, FINE OR COARSE ANIMAL HAIR; HORSEHAIR YARN AND WOVEN FABRIC",EXPORT,VALUE_IN_EUROS,2009,2348
ESTAT:DS-045409(1.0),06/02/26 11:00:00,Annual,"European Union - 27 countries (AT, BE, BG, CY, CZ, DE, DK, EE, ES, FI, FR, GR, HR, HU, IE, IT, LT, LU, LV, MT, NL, PL, PT, RO, SE, SI, SK)",Kenya,"WOOL, FINE OR COARSE ANIMAL HAIR; HORSEHAIR YARN AND WOVEN FABRIC",EXPORT,VALUE_IN_EUROS,2010,14738
ESTAT:DS-045409(1.0),06/02/26 11:00:00,Annual,"European Union - 27 countries (AT, BE, BG, CY, CZ, DE, DK, EE, ES, FI, FR, GR, HR, HU, IE, IT, LT, LU, LV, MT, NL, PL, PT, RO, SE, SI, SK)",Kenya,"WOOL, FINE OR COARSE ANIMAL HAIR; HORSEHAIR YARN AND WOVEN FABRIC",EXPORT,VALUE_IN_EUROS,2011,4924
ESTAT:DS-045409(1.0),06/02/26 11:00:00,Annual,"European Union - 27 countries (AT, BE, BG, CY, CZ, DE, DK, EE, ES, FI, FR, GR, HR, HU, IE, IT, LT, LU, LV, MT, NL, PL, PT, RO, SE, SI, SK)",Kenya,"WOOL, FINE OR COARSE ANIMAL HAIR; HORSEHAIR YARN AND WOVEN FABRIC",EXPORT,VALUE_IN_EUROS,2012,22418
ESTAT:DS-045409(1.0),06/02/26 11:00:00,Annual,"European Union - 27 countries (AT, BE, BG, CY, CZ, DE, DK, EE, ES, FI, FR, GR, HR, HU, IE, IT, LT, LU, LV, MT, NL, PL, PT, RO, SE, SI, SK)",Kenya,"WOOL, FINE OR COARSE ANIMAL HAIR; HORSEHAIR YARN AND WOVEN FABRIC",EXPORT,VALUE_IN_EUROS,2013,47764
ESTAT:DS-045409(1.0),06/02/26 11:00:00,Annual,"European Union - 27 countries (AT, BE, BG, CY, CZ, DE, DK, EE, ES, FI, FR, GR, HR, HU, IE, IT, LT, LU, LV, MT, NL, PL, PT, RO, SE, SI, SK)",Kenya,"WOOL, FINE OR COARSE ANIMAL HAIR; HORSEHAIR YARN AND WOVEN FABRIC",EXPORT,VALUE_IN_EUROS,2014,104733
ESTAT:DS-045409(1.0),06/02/26 11:00:00,Annual,"European Union - 27 countries (AT, BE, BG, CY, CZ, DE, DK, EE, ES, FI, FR, GR, HR, HU, IE, IT, LT, LU, LV, MT, NL, PL, PT, RO, SE, SI, SK)",Kenya,"WOOL, FINE OR COARSE ANIMAL HAIR; HORSEHAIR YARN AND WOVEN FABRIC",EXPORT,VALUE_IN_EUROS,2015,28369
ESTAT:DS-045409(1.0),06/02/26 11:00:00,Annual,"European Union - 27 countries (AT, BE, BG, CY, CZ, DE, DK, EE, ES, FI, FR, GR, HR, HU, IE, IT, LT, LU, LV, MT, NL, PL, PT, RO, SE, SI, SK)",Kenya,"WOOL, FINE OR COARSE ANIMAL HAIR; HORSEHAIR YARN AND WOVEN FABRIC",EXPORT,VALUE_IN_EUROS,2016,96296
ESTAT:DS-045409(1.0),06/02/26 11:00:00,Annual,"European Union - 27 countries (AT, BE, BG, CY, CZ, DE, DK, EE, ES, FI, FR, GR, HR, HU, IE, IT, LT, LU, LV, MT, NL, PL, PT, RO, SE, SI, SK)",Kenya,"WOOL, FINE OR COARSE ANIMAL HAIR; HORSEHAIR YARN AND WOVEN FABRIC",EXPORT,VALUE_IN_EUROS,2017,46141
ESTAT:DS-045409(1.0),06/02/26 11:00:00,Annual,"European Union - 27 countries (AT, BE, BG, CY, CZ, DE, DK, EE, ES, FI, FR, GR, HR, HU, IE, IT, LT, LU, LV, MT, NL, PL, PT, RO, SE, SI, SK)",Kenya,"WOOL, FINE OR COARSE ANIMAL HAIR; HORSEHAIR YARN AND WOVEN FABRIC",EXPORT,VALUE_IN_EUROS,2018,48032
ESTAT:DS-045409(1.0),06/02/26 11:00:00,Annual,"European Union - 27 countries (AT, BE, BG, CY, CZ, DE, DK, EE, ES, FI, FR, GR, HR, HU, IE, IT, LT, LU, LV, MT, NL, PL, PT, RO, SE, SI, SK)",Kenya,"WOOL, FINE OR COARSE ANIMAL HAIR; HORSEHAIR YARN AND WOVEN FABRIC",EXPORT,VALUE_IN_EUROS,2019,83461
ESTAT:DS-045409(1.0),06/02/26 11:00:00,Annual,"European Union - 27 countries (AT, BE, BG, CY, CZ, DE, DK, EE, ES, FI, FR, GR, HR, HU, IE, IT, LT, LU, LV, MT, NL, PL, PT, RO, SE, SI, SK)",Kenya,"WOOL, FINE OR COARSE ANIMAL HAIR; HORSEHAIR YARN AND WOVEN FABRIC",EXPORT,VALUE_IN_EUROS,2020,118895
ESTAT:DS-045409(1.0),06/02/26 11:00:00,Annual,"European Union - 27 countries (AT, BE, BG, CY, CZ, DE, DK, EE, ES, FI, FR, GR, HR, HU, IE, IT, LT, LU, LV, MT, NL, PL, PT, RO, SE, SI, SK)",Kenya,"WOOL, FINE OR COARSE ANIMAL HAIR; HORSEHAIR YARN AND WOVEN FABRIC",EXPORT,VALUE_IN_EUROS,2021,55083
ESTAT:DS-045409(1.0),06/02/26 11:00:00,Annual,"European Union - 27 countries (AT, BE, BG, CY, CZ, DE, DK, EE, ES, FI, FR, GR, HR, HU, IE, IT, LT, LU, LV, MT, NL, PL, PT, RO, SE, SI, SK)",Kenya,"WOOL, FINE OR COARSE ANIMAL HAIR; HORSEHAIR YARN AND WOVEN FABRIC",EXPORT,VALUE_IN_EUROS,2022,60162
ESTAT:DS-045409(1.0),06/02/26 11:00:00,Annual,"European Union - 27 countries (AT, BE, BG, CY, CZ, DE, DK, EE, ES, FI, FR, GR, HR, HU, IE, IT, LT, LU, LV, MT, NL, PL, PT, RO, SE, SI, SK)",Kenya,"WOOL, FINE OR COARSE ANIMAL HAIR; HORSEHAIR YARN AND WOVEN FABRIC",EXPORT,VALUE_IN_EUROS,2023,100968
ESTAT:DS-045409(1.0),06/02/26 11:00:00,Annual,"European Union - 27 countries (AT, BE, BG, CY, CZ, DE, DK, EE, ES, FI, FR, GR, HR, HU, IE, IT, LT, LU, LV, MT, NL, PL, PT, RO, SE, SI, SK)",Kenya,"WOOL, FINE OR COARSE ANIMAL HAIR; HORSEHAIR YARN AND WOVEN FABRIC",EXPORT,VALUE_IN_EUROS,2024,96906
ESTAT:DS-045409(1.0),06/02/26 11:00:00,Annual,"European Union - 27 countries (AT, BE, BG, CY, CZ, DE, DK, EE, ES, FI, FR, GR, HR, HU, IE, IT, LT, LU, LV, MT, NL, PL, PT, RO, SE, SI, SK)",Comoros (incl. Mayotte 'YT' -> 1976),"WOOL, FINE OR COARSE ANIMAL HAIR; HORSEHAIR YARN AND WOVEN FABRIC",EXPORT,VALUE_IN_EUROS,2000,2590
ESTAT:DS-045409(1.0),06/02/26 11:00:00,Annual,"European Union - 27 countries (AT, BE, BG, CY, CZ, DE, DK, EE, ES, FI, FR, GR, HR, HU, IE, IT, LT, LU, LV, MT, NL, PL, PT, RO, SE, SI, SK)",Comoros (incl. Mayotte 'YT' -> 1976),"WOOL, FINE OR COARSE ANIMAL HAIR; HORSEHAIR YARN AND WOVEN FABRIC",EXPORT,VALUE_IN_EUROS,2001,13017
ESTAT:DS-045409(1.0),06/02/26 11:00:00,Annual,"European Union - 27 countries (AT, BE, BG, CY, CZ, DE, DK, EE, ES, FI, FR, GR, HR, HU, IE, IT, LT, LU, LV, MT, NL, PL, PT, RO, SE, SI, SK)",Comoros (incl. Mayotte 'YT' -> 1976),"WOOL, FINE OR COARSE ANIMAL HAIR; HORSEHAIR YARN AND WOVEN FABRIC",EXPORT,VALUE_IN_EUROS,2018,9
ESTAT:DS-045409(1.0),06/02/26 11:00:00,Annual,"European Union - 27 countries (AT, BE, BG, CY, CZ, DE, DK, EE, ES, FI, FR, GR, HR, HU, IE, IT, LT, LU, LV, MT, NL, PL, PT, RO, SE, SI, SK)",Liberia,"WOOL, FINE OR COARSE ANIMAL HAIR; HORSEHAIR YARN AND WOVEN FABRIC",EXPORT,VALUE_IN_EUROS,1999,1695
ESTAT:DS-045409(1.0),06/02/26 11:00:00,Annual,"European Union - 27 countries (AT, BE, BG, CY, CZ, DE, DK, EE, ES, FI, FR, GR, HR, HU, IE, IT, LT, LU, LV, MT, NL, PL, PT, RO, SE, SI, SK)",Liberia,"WOOL, FINE OR COARSE ANIMAL HAIR; HORSEHAIR YARN AND WOVEN FABRIC",EXPORT,VALUE_IN_EUROS,2003,16996
ESTAT:DS-045409(1.0),06/02/26 11:00:00,Annual,"European Union - 27 countries (AT, BE, BG, CY, CZ, DE, DK, EE, ES, FI, FR, GR, HR, HU, IE, IT, LT, LU, LV, MT, NL, PL, PT, RO, SE, SI, SK)",Liberia,"WOOL, FINE OR COARSE ANIMAL HAIR; HORSEHAIR YARN AND WOVEN FABRIC",EXPORT,VALUE_IN_EUROS,2004,16319
ESTAT:DS-045409(1.0),06/02/26 11:00:00,Annual,"European Union - 27 countries (AT, BE, BG, CY, CZ, DE, DK, EE, ES, FI, FR, GR, HR, HU, IE, IT, LT, LU, LV, MT, NL, PL, PT, RO, SE, SI, SK)",Liberia,"WOOL, FINE OR COARSE ANIMAL HAIR; HORSEHAIR YARN AND WOVEN FABRIC",EXPORT,VALUE_IN_EUROS,2005,1230
ESTAT:DS-045409(1.0),06/02/26 11:00:00,Annual,"European Union - 27 countries (AT, BE, BG, CY, CZ, DE, DK, EE, ES, FI, FR, GR, HR, HU, IE, IT, LT, LU, LV, MT, NL, PL, PT, RO, SE, SI, SK)",Liberia,"WOOL, FINE OR COARSE ANIMAL HAIR; HORSEHAIR YARN AND WOVEN FABRIC",EXPORT,VALUE_IN_EUROS,2006,7151
ESTAT:DS-045409(1.0),06/02/26 11:00:00,Annual,"European Union - 27 countries (AT, BE, BG, CY, CZ, DE, DK, EE, ES, FI, FR, GR, HR, HU, IE, IT, LT, LU, LV, MT, NL, PL, PT, RO, SE, SI, SK)",Liberia,"WOOL, FINE OR COARSE ANIMAL HAIR; HORSEHAIR YARN AND WOVEN FABRIC",EXPORT,VALUE_IN_EUROS,2008,5129
ESTAT:DS-045409(1.0),06/02/26 11:00:00,Annual,"European Union - 27 countries (AT, BE, BG, CY, CZ, DE, DK, EE, ES, FI, FR, GR, HR, HU, IE, IT, LT, LU, LV, MT, NL, PL, PT, RO, SE, SI, SK)",Liberia,"WOOL, FINE OR COARSE ANIMAL HAIR; HORSEHAIR YARN AND WOVEN FABRIC",EXPORT,VALUE_IN_EUROS,2011,3706
ESTAT:DS-045409(1.0),06/02/26 11:00:00,Annual,"European Union - 27 countries (AT, BE, BG, CY, CZ, DE, DK, EE, ES, FI, FR, GR, HR, HU, IE, IT, LT, LU, LV, MT, NL, PL, PT, RO, SE, SI, SK)",Liberia,"WOOL, FINE OR COARSE ANIMAL HAIR; HORSEHAIR YARN AND WOVEN FABRIC",EXPORT,VALUE_IN_EUROS,2022,3105
ESTAT:DS-045409(1.0),06/02/26 11:00:00,Annual,"European Union - 27 countries (AT, BE, BG, CY, CZ, DE, DK, EE, ES, FI, FR, GR, HR, HU, IE, IT, LT, LU, LV, MT, NL, PL, PT, RO, SE, SI, SK)",Lesotho,"WOOL, FINE OR COARSE ANIMAL HAIR; HORSEHAIR YARN AND WOVEN FABRIC",EXPORT,VALUE_IN_EUROS,2005,7822
ESTAT:DS-045409(1.0),06/02/26 11:00:00,Annual,"European Union - 27 countries (AT, BE, BG, CY, CZ, DE, DK, EE, ES, FI, FR, GR, HR, HU, IE, IT, LT, LU, LV, MT, NL, PL, PT, RO, SE, SI, SK)",Lesotho,"WOOL, FINE OR COARSE ANIMAL HAIR; HORSEHAIR YARN AND WOVEN FABRIC",EXPORT,VALUE_IN_EUROS,2006,2075
ESTAT:DS-045409(1.0),06/02/26 11:00:00,Annual,"European Union - 27 countries (AT, BE, BG, CY, CZ, DE, DK, EE, ES, FI, FR, GR, HR, HU, IE, IT, LT, LU, LV, MT, NL, PL, PT, RO, SE, SI, SK)",Lesotho,"WOOL, FINE OR COARSE ANIMAL HAIR; HORSEHAIR YARN AND WOVEN FABRIC",EXPORT,VALUE_IN_EUROS,2019,33466
ESTAT:DS-045409(1.0),06/02/26 11:00:00,Annual,"European Union - 27 countries (AT, BE, BG, CY, CZ, DE, DK, EE, ES, FI, FR, GR, HR, HU, IE, IT, LT, LU, LV, MT, NL, PL, PT, RO, SE, SI, SK)",Lesotho,"WOOL, FINE OR COARSE ANIMAL HAIR; HORSEHAIR YARN AND WOVEN FABRIC",EXPORT,VALUE_IN_EUROS,2020,968
ESTAT:DS-045409(1.0),06/02/26 11:00:00,Annual,"European Union - 27 countries (AT, BE, BG, CY, CZ, DE, DK, EE, ES, FI, FR, GR, HR, HU, IE, IT, LT, LU, LV, MT, NL, PL, PT, RO, SE, SI, SK)",Libya,"WOOL, FINE OR COARSE ANIMAL HAIR; HORSEHAIR YARN AND WOVEN FABRIC",EXPORT,VALUE_IN_EUROS,1999,432834
ESTAT:DS-045409(1.0),06/02/26 11:00:00,Annual,"European Union - 27 countries (AT, BE, BG, CY, CZ, DE, DK, EE, ES, FI, FR, GR, HR, HU, IE, IT, LT, LU, LV, MT, NL, PL, PT, RO, SE, SI, SK)",Libya,"WOOL, FINE OR COARSE ANIMAL HAIR; HORSEHAIR YARN AND WOVEN FABRIC",EXPORT,VALUE_IN_EUROS,2000,119894
ESTAT:DS-045409(1.0),06/02/26 11:00:00,Annual,"European Union - 27 countries (AT, BE, BG, CY, CZ, DE, DK, EE, ES, FI, FR, GR, HR, HU, IE, IT, LT, LU, LV, MT, NL, PL, PT, RO, SE, SI, SK)",Libya,"WOOL, FINE OR COARSE ANIMAL HAIR; HORSEHAIR YARN AND WOVEN FABRIC",EXPORT,VALUE_IN_EUROS,2001,901655
ESTAT:DS-045409(1.0),06/02/26 11:00:00,Annual,"European Union - 27 countries (AT, BE, BG, CY, CZ, DE, DK, EE, ES, FI, FR, GR, HR, HU, IE, IT, LT, LU, LV, MT, NL, PL, PT, RO, SE, SI, SK)",Libya,"WOOL, FINE OR COARSE ANIMAL HAIR; HORSEHAIR YARN AND WOVEN FABRIC",EXPORT,VALUE_IN_EUROS,2002,168383
ESTAT:DS-045409(1.0),06/02/26 11:00:00,Annual,"European Union - 27 countries (AT, BE, BG, CY, CZ, DE, DK, EE, ES, FI, FR, GR, HR, HU, IE, IT, LT, LU, LV, MT, NL, PL, PT, RO, SE, SI, SK)",Libya,"WOOL, FINE OR COARSE ANIMAL HAIR; HORSEHAIR YARN AND WOVEN FABRIC",EXPORT,VALUE_IN_EUROS,2003,82810
ESTAT:DS-045409(1.0),06/02/26 11:00:00,Annual,"European Union - 27 countries (AT, BE, BG, CY, CZ, DE, DK, EE, ES, FI, FR, GR, HR, HU, IE, IT, LT, LU, LV, MT, NL, PL, PT, RO, SE, SI, SK)",Libya,"WOOL, FINE OR COARSE ANIMAL HAIR; HORSEHAIR YARN AND WOVEN FABRIC",EXPORT,VALUE_IN_EUROS,2004,5867
ESTAT:DS-045409(1.0),06/02/26 11:00:00,Annual,"European Union - 27 countries (AT, BE, BG, CY, CZ, DE, DK, EE, ES, FI, FR, GR, HR, HU, IE, IT, LT, LU, LV, MT, NL, PL, PT, RO, SE, SI, SK)",Libya,"WOOL, FINE OR COARSE ANIMAL HAIR; HORSEHAIR YARN AND WOVEN FABRIC",EXPORT,VALUE_IN_EUROS,2005,72859
ESTAT:DS-045409(1.0),06/02/26 11:00:00,Annual,"European Union - 27 countries (AT, BE, BG, CY, CZ, DE, DK, EE, ES, FI, FR, GR, HR, HU, IE, IT, LT, LU, LV, MT, NL, PL, PT, RO, SE, SI, SK)",Libya,"WOOL, FINE OR COARSE ANIMAL HAIR; HORSEHAIR YARN AND WOVEN FABRIC",EXPORT,VALUE_IN_EUROS,2006,7798
ESTAT:DS-045409(1.0),06/02/26 11:00:00,Annual,"European Union - 27 countries (AT, BE, BG, CY, CZ, DE, DK, EE, ES, FI, FR, GR, HR, HU, IE, IT, LT, LU, LV, MT, NL, PL, PT, RO, SE, SI, SK)",Libya,"WOOL, FINE OR COARSE ANIMAL HAIR; HORSEHAIR YARN AND WOVEN FABRIC",EXPORT,VALUE_IN_EUROS,2008,70365
ESTAT:DS-045409(1.0),06/02/26 11:00:00,Annual,"European Union - 27 countries (AT, BE, BG, CY, CZ, DE, DK, EE, ES, FI, FR, GR, HR, HU, IE, IT, LT, LU, LV, MT, NL, PL, PT, RO, SE, SI, SK)",Libya,"WOOL, FINE OR COARSE ANIMAL HAIR; HORSEHAIR YARN AND WOVEN FABRIC",EXPORT,VALUE_IN_EUROS,2009,8987
ESTAT:DS-045409(1.0),06/02/26 11:00:00,Annual,"European Union - 27 countries (AT, BE, BG, CY, CZ, DE, DK, EE, ES, FI, FR, GR, HR, HU, IE, IT, LT, LU, LV, MT, NL, PL, PT, RO, SE, SI, SK)",Libya,"WOOL, FINE OR COARSE ANIMAL HAIR; HORSEHAIR YARN AND WOVEN FABRIC",EXPORT,VALUE_IN_EUROS,2010,11500
ESTAT:DS-045409(1.0),06/02/26 11:00:00,Annual,"European Union - 27 countries (AT, BE, BG, CY, CZ, DE, DK, EE, ES, FI, FR, GR, HR, HU, IE, IT, LT, LU, LV, MT, NL, PL, PT, RO, SE, SI, SK)",Libya,"WOOL, FINE OR COARSE ANIMAL HAIR; HORSEHAIR YARN AND WOVEN FABRIC",EXPORT,VALUE_IN_EUROS,2014,32
ESTAT:DS-045409(1.0),06/02/26 11:00:00,Annual,"European Union - 27 countries (AT, BE, BG, CY, CZ, DE, DK, EE, ES, FI, FR, GR, HR, HU, IE, IT, LT, LU, LV, MT, NL, PL, PT, RO, SE, SI, SK)",Libya,"WOOL, FINE OR COARSE ANIMAL HAIR; HORSEHAIR YARN AND WOVEN FABRIC",EXPORT,VALUE_IN_EUROS,2015,1409
ESTAT:DS-045409(1.0),06/02/26 11:00:00,Annual,"European Union - 27 countries (AT, BE, BG, CY, CZ, DE, DK, EE, ES, FI, FR, GR, HR, HU, IE, IT, LT, LU, LV, MT, NL, PL, PT, RO, SE, SI, SK)",Libya,"WOOL, FINE OR COARSE ANIMAL HAIR; HORSEHAIR YARN AND WOVEN FABRIC",EXPORT,VALUE_IN_EUROS,2018,21494
ESTAT:DS-045409(1.0),06/02/26 11:00:00,Annual,"European Union - 27 countries (AT, BE, BG, CY, CZ, DE, DK, EE, ES, FI, FR, GR, HR, HU, IE, IT, LT, LU, LV, MT, NL, PL, PT, RO, SE, SI, SK)",Libya,"WOOL, FINE OR COARSE ANIMAL HAIR; HORSEHAIR YARN AND WOVEN FABRIC",EXPORT,VALUE_IN_EUROS,2021,12292
ESTAT:DS-045409(1.0),06/02/26 11:00:00,Annual,"European Union - 27 countries (AT, BE, BG, CY, CZ, DE, DK, EE, ES, FI, FR, GR, HR, HU, IE, IT, LT, LU, LV, MT, NL, PL, PT, RO, SE, SI, SK)",Libya,"WOOL, FINE OR COARSE ANIMAL HAIR; HORSEHAIR YARN AND WOVEN FABRIC",EXPORT,VALUE_IN_EUROS,2022,54653
ESTAT:DS-045409(1.0),06/02/26 11:00:00,Annual,"European Union - 27 countries (AT, BE, BG, CY, CZ, DE, DK, EE, ES, FI, FR, GR, HR, HU, IE, IT, LT, LU, LV, MT, NL, PL, PT, RO, SE, SI, SK)",Libya,"WOOL, FINE OR COARSE ANIMAL HAIR; HORSEHAIR YARN AND WOVEN FABRIC",EXPORT,VALUE_IN_EUROS,2023,169255
ESTAT:DS-045409(1.0),06/02/26 11:00:00,Annual,"European Union - 27 countries (AT, BE, BG, CY, CZ, DE, DK, EE, ES, FI, FR, GR, HR, HU, IE, IT, LT, LU, LV, MT, NL, PL, PT, RO, SE, SI, SK)",Libya,"WOOL, FINE OR COARSE ANIMAL HAIR; HORSEHAIR YARN AND WOVEN FABRIC",EXPORT,VALUE_IN_EUROS,2024,117958
ESTAT:DS-045409(1.0),06/02/26 11:00:00,Annual,"European Union - 27 countries (AT, BE, BG, CY, CZ, DE, DK, EE, ES, FI, FR, GR, HR, HU, IE, IT, LT, LU, LV, MT, NL, PL, PT, RO, SE, SI, SK)",Morocco,"WOOL, FINE OR COARSE ANIMAL HAIR; HORSEHAIR YARN AND WOVEN FABRIC",EXPORT,VALUE_IN_EUROS,1999,79434272
ESTAT:DS-045409(1.0),06/02/26 11:00:00,Annual,"European Union - 27 countries (AT, BE, BG, CY, CZ, DE, DK, EE, ES, FI, FR, GR, HR, HU, IE, IT, LT, LU, LV, MT, NL, PL, PT, RO, SE, SI, SK)",Morocco,"WOOL, FINE OR COARSE ANIMAL HAIR; HORSEHAIR YARN AND WOVEN FABRIC",EXPORT,VALUE_IN_EUROS,2000,80255250
ESTAT:DS-045409(1.0),06/02/26 11:00:00,Annual,"European Union - 27 countries (AT, BE, BG, CY, CZ, DE, DK, EE, ES, FI, FR, GR, HR, HU, IE, IT, LT, LU, LV, MT, NL, PL, PT, RO, SE, SI, SK)",Morocco,"WOOL, FINE OR COARSE ANIMAL HAIR; HORSEHAIR YARN AND WOVEN FABRIC",EXPORT,VALUE_IN_EUROS,2001,78171806
ESTAT:DS-045409(1.0),06/02/26 11:00:00,Annual,"European Union - 27 countries (AT, BE, BG, CY, CZ, DE, DK, EE, ES, FI, FR, GR, HR, HU, IE, IT, LT, LU, LV, MT, NL, PL, PT, RO, SE, SI, SK)",Morocco,"WOOL, FINE OR COARSE ANIMAL HAIR; HORSEHAIR YARN AND WOVEN FABRIC",EXPORT,VALUE_IN_EUROS,2002,73333136
ESTAT:DS-045409(1.0),06/02/26 11:00:00,Annual,"European Union - 27 countries (AT, BE, BG, CY, CZ, DE, DK, EE, ES, FI, FR, GR, HR, HU, IE, IT, LT, LU, LV, MT, NL, PL, PT, RO, SE, SI, SK)",Morocco,"WOOL, FINE OR COARSE ANIMAL HAIR; HORSEHAIR YARN AND WOVEN FABRIC",EXPORT,VALUE_IN_EUROS,2003,58753610
ESTAT:DS-045409(1.0),06/02/26 11:00:00,Annual,"European Union - 27 countries (AT, BE, BG, CY, CZ, DE, DK, EE, ES, FI, FR, GR, HR, HU, IE, IT, LT, LU, LV, MT, NL, PL, PT, RO, SE, SI, SK)",Morocco,"WOOL, FINE OR COARSE ANIMAL HAIR; HORSEHAIR YARN AND WOVEN FABRIC",EXPORT,VALUE_IN_EUROS,2004,70525071
ESTAT:DS-045409(1.0),06/02/26 11:00:00,Annual,"European Union - 27 countries (AT, BE, BG, CY, CZ, DE, DK, EE, ES, FI, FR, GR, HR, HU, IE, IT, LT, LU, LV, MT, NL, PL, PT, RO, SE, SI, SK)",Morocco,"WOOL, FINE OR COARSE ANIMAL HAIR; HORSEHAIR YARN AND WOVEN FABRIC",EXPORT,VALUE_IN_EUROS,2005,69227921
ESTAT:DS-045409(1.0),06/02/26 11:00:00,Annual,"European Union - 27 countries (AT, BE, BG, CY, CZ, DE, DK, EE, ES, FI, FR, GR, HR, HU, IE, IT, LT, LU, LV, MT, NL, PL, PT, RO, SE, SI, SK)",Morocco,"WOOL, FINE OR COARSE ANIMAL HAIR; HORSEHAIR YARN AND WOVEN FABRIC",EXPORT,VALUE_IN_EUROS,2006,77133048
ESTAT:DS-045409(1.0),06/02/26 11:00:00,Annual,"European Union - 27 countries (AT, BE, BG, CY, CZ, DE, DK, EE, ES, FI, FR, GR, HR, HU, IE, IT, LT, LU, LV, MT, NL, PL, PT, RO, SE, SI, SK)",Morocco,"WOOL, FINE OR COARSE ANIMAL HAIR; HORSEHAIR YARN AND WOVEN FABRIC",EXPORT,VALUE_IN_EUROS,2007,74693212
ESTAT:DS-045409(1.0),06/02/26 11:00:00,Annual,"European Union - 27 countries (AT, BE, BG, CY, CZ, DE, DK, EE, ES, FI, FR, GR, HR, HU, IE, IT, LT, LU, LV, MT, NL, PL, PT, RO, SE, SI, SK)",Morocco,"WOOL, FINE OR COARSE ANIMAL HAIR; HORSEHAIR YARN AND WOVEN FABRIC",EXPORT,VALUE_IN_EUROS,2008,74166027
ESTAT:DS-045409(1.0),06/02/26 11:00:00,Annual,"European Union - 27 countries (AT, BE, BG, CY, CZ, DE, DK, EE, ES, FI, FR, GR, HR, HU, IE, IT, LT, LU, LV, MT, NL, PL, PT, RO, SE, SI, SK)",Morocco,"WOOL, FINE OR COARSE ANIMAL HAIR; HORSEHAIR YARN AND WOVEN FABRIC",EXPORT,VALUE_IN_EUROS,2009,52791549
ESTAT:DS-045409(1.0),06/02/26 11:00:00,Annual,"European Union - 27 countries (AT, BE, BG, CY, CZ, DE, DK, EE, ES, FI, FR, GR, HR, HU, IE, IT, LT, LU, LV, MT, NL, PL, PT, RO, SE, SI, SK)",Morocco,"WOOL, FINE OR COARSE ANIMAL HAIR; HORSEHAIR YARN AND WOVEN FABRIC",EXPORT,VALUE_IN_EUROS,2010,53532844
ESTAT:DS-045409(1.0),06/02/26 11:00:00,Annual,"European Union - 27 countries (AT, BE, BG, CY, CZ, DE, DK, EE, ES, FI, FR, GR, HR, HU, IE, IT, LT, LU, LV, MT, NL, PL, PT, RO, SE, SI, SK)",Morocco,"WOOL, FINE OR COARSE ANIMAL HAIR; HORSEHAIR YARN AND WOVEN FABRIC",EXPORT,VALUE_IN_EUROS,2011,49709910
ESTAT:DS-045409(1.0),06/02/26 11:00:00,Annual,"European Union - 27 countries (AT, BE, BG, CY, CZ, DE, DK, EE, ES, FI, FR, GR, HR, HU, IE, IT, LT, LU, LV, MT, NL, PL, PT, RO, SE, SI, SK)",Morocco,"WOOL, FINE OR COARSE ANIMAL HAIR; HORSEHAIR YARN AND WOVEN FABRIC",EXPORT,VALUE_IN_EUROS,2012,47300799
ESTAT:DS-045409(1.0),06/02/26 11:00:00,Annual,"European Union - 27 countries (AT, BE, BG, CY, CZ, DE, DK, EE, ES, FI, FR, GR, HR, HU, IE, IT, LT, LU, LV, MT, NL, PL, PT, RO, SE, SI, SK)",Morocco,"WOOL, FINE OR COARSE ANIMAL HAIR; HORSEHAIR YARN AND WOVEN FABRIC",EXPORT,VALUE_IN_EUROS,2013,40841445
ESTAT:DS-045409(1.0),06/02/26 11:00:00,Annual,"European Union - 27 countries (AT, BE, BG, CY, CZ, DE, DK, EE, ES, FI, FR, GR, HR, HU, IE, IT, LT, LU, LV, MT, NL, PL, PT, RO, SE, SI, SK)",Morocco,"WOOL, FINE OR COARSE ANIMAL HAIR; HORSEHAIR YARN AND WOVEN FABRIC",EXPORT,VALUE_IN_EUROS,2014,53497274
ESTAT:DS-045409(1.0),06/02/26 11:00:00,Annual,"European Union - 27 countries (AT, BE, BG, CY, CZ, DE, DK, EE, ES, FI, FR, GR, HR, HU, IE, IT, LT, LU, LV, MT, NL, PL, PT, RO, SE, SI, SK)",Morocco,"WOOL, FINE OR COARSE ANIMAL HAIR; HORSEHAIR YARN AND WOVEN FABRIC",EXPORT,VALUE_IN_EUROS,2015,58435613
ESTAT:DS-045409(1.0),06/02/26 11:00:00,Annual,"European Union - 27 countries (AT, BE, BG, CY, CZ, DE, DK, EE, ES, FI, FR, GR, HR, HU, IE, IT, LT, LU, LV, MT, NL, PL, PT, RO, SE, SI, SK)",Morocco,"WOOL, FINE OR COARSE ANIMAL HAIR; HORSEHAIR YARN AND WOVEN FABRIC",EXPORT,VALUE_IN_EUROS,2016,66791285
ESTAT:DS-045409(1.0),06/02/26 11:00:00,Annual,"European Union - 27 countries (AT, BE, BG, CY, CZ, DE, DK, EE, ES, FI, FR, GR, HR, HU, IE, IT, LT, LU, LV, MT, NL, PL, PT, RO, SE, SI, SK)",Morocco,"WOOL, FINE OR COARSE ANIMAL HAIR; HORSEHAIR YARN AND WOVEN FABRIC",EXPORT,VALUE_IN_EUROS,2017,73267360
ESTAT:DS-045409(1.0),06/02/26 11:00:00,Annual,"European Union - 27 countries (AT, BE, BG, CY, CZ, DE, DK, EE, ES, FI, FR, GR, HR, HU, IE, IT, LT, LU, LV, MT, NL, PL, PT, RO, SE, SI, SK)",Morocco,"WOOL, FINE OR COARSE ANIMAL HAIR; HORSEHAIR YARN AND WOVEN FABRIC",EXPORT,VALUE_IN_EUROS,2018,81142984
ESTAT:DS-045409(1.0),06/02/26 11:00:00,Annual,"European Union - 27 countries (AT, BE, BG, CY, CZ, DE, DK, EE, ES, FI, FR, GR, HR, HU, IE, IT, LT, LU, LV, MT, NL, PL, PT, RO, SE, SI, SK)",Morocco,"WOOL, FINE OR COARSE ANIMAL HAIR; HORSEHAIR YARN AND WOVEN FABRIC",EXPORT,VALUE_IN_EUROS,2019,77672729
ESTAT:DS-045409(1.0),06/02/26 11:00:00,Annual,"European Union - 27 countries (AT, BE, BG, CY, CZ, DE, DK, EE, ES, FI, FR, GR, HR, HU, IE, IT, LT, LU, LV, MT, NL, PL, PT, RO, SE, SI, SK)",Morocco,"WOOL, FINE OR COARSE ANIMAL HAIR; HORSEHAIR YARN AND WOVEN FABRIC",EXPORT,VALUE_IN_EUROS,2020,63665060
ESTAT:DS-045409(1.0),06/02/26 11:00:00,Annual,"European Union - 27 countries (AT, BE, BG, CY, CZ, DE, DK, EE, ES, FI, FR, GR, HR, HU, IE, IT, LT, LU, LV, MT, NL, PL, PT, RO, SE, SI, SK)",Morocco,"WOOL, FINE OR COARSE ANIMAL HAIR; HORSEHAIR YARN AND WOVEN FABRIC",EXPORT,VALUE_IN_EUROS,2021,72159833
ESTAT:DS-045409(1.0),06/02/26 11:00:00,Annual,"European Union - 27 countries (AT, BE, BG, CY, CZ, DE, DK, EE, ES, FI, FR, GR, HR, HU, IE, IT, LT, LU, LV, MT, NL, PL, PT, RO, SE, SI, SK)",Morocco,"WOOL, FINE OR COARSE ANIMAL HAIR; HORSEHAIR YARN AND WOVEN FABRIC",EXPORT,VALUE_IN_EUROS,2022,93455874
ESTAT:DS-045409(1.0),06/02/26 11:00:00,Annual,"European Union - 27 countries (AT, BE, BG, CY, CZ, DE, DK, EE, ES, FI, FR, GR, HR, HU, IE, IT, LT, LU, LV, MT, NL, PL, PT, RO, SE, SI, SK)",Morocco,"WOOL, FINE OR COARSE ANIMAL HAIR; HORSEHAIR YARN AND WOVEN FABRIC",EXPORT,VALUE_IN_EUROS,2023,130638074
ESTAT:DS-045409(1.0),06/02/26 11:00:00,Annual,"European Union - 27 countries (AT, BE, BG, CY, CZ, DE, DK, EE, ES, FI, FR, GR, HR, HU, IE, IT, LT, LU, LV, MT, NL, PL, PT, RO, SE, SI, SK)",Morocco,"WOOL, FINE OR COARSE ANIMAL HAIR; HORSEHAIR YARN AND WOVEN FABRIC",EXPORT,VALUE_IN_EUROS,2024,111337877
ESTAT:DS-045409(1.0),06/02/26 11:00:00,Annual,"European Union - 27 countries (AT, BE, BG, CY, CZ, DE, DK, EE, ES, FI, FR, GR, HR, HU, IE, IT, LT, LU, LV, MT, NL, PL, PT, RO, SE, SI, SK)",Madagascar,"WOOL, FINE OR COARSE ANIMAL HAIR; HORSEHAIR YARN AND WOVEN FABRIC",EXPORT,VALUE_IN_EUROS,1999,4948646
ESTAT:DS-045409(1.0),06/02/26 11:00:00,Annual,"European Union - 27 countries (AT, BE, BG, CY, CZ, DE, DK, EE, ES, FI, FR, GR, HR, HU, IE, IT, LT, LU, LV, MT, NL, PL, PT, RO, SE, SI, SK)",Madagascar,"WOOL, FINE OR COARSE ANIMAL HAIR; HORSEHAIR YARN AND WOVEN FABRIC",EXPORT,VALUE_IN_EUROS,2000,7022994
ESTAT:DS-045409(1.0),06/02/26 11:00:00,Annual,"European Union - 27 countries (AT, BE, BG, CY, CZ, DE, DK, EE, ES, FI, FR, GR, HR, HU, IE, IT, LT, LU, LV, MT, NL, PL, PT, RO, SE, SI, SK)",Madagascar,"WOOL, FINE OR COARSE ANIMAL HAIR; HORSEHAIR YARN AND WOVEN FABRIC",EXPORT,VALUE_IN_EUROS,2001,7672049
ESTAT:DS-045409(1.0),06/02/26 11:00:00,Annual,"European Union - 27 countries (AT, BE, BG, CY, CZ, DE, DK, EE, ES, FI, FR, GR, HR, HU, IE, IT, LT, LU, LV, MT, NL, PL, PT, RO, SE, SI, SK)",Madagascar,"WOOL, FINE OR COARSE ANIMAL HAIR; HORSEHAIR YARN AND WOVEN FABRIC",EXPORT,VALUE_IN_EUROS,2002,4691063
ESTAT:DS-045409(1.0),06/02/26 11:00:00,Annual,"European Union - 27 countries (AT, BE, BG, CY, CZ, DE, DK, EE, ES, FI, FR, GR, HR, HU, IE, IT, LT, LU, LV, MT, NL, PL, PT, RO, SE, SI, SK)",Madagascar,"WOOL, FINE OR COARSE ANIMAL HAIR; HORSEHAIR YARN AND WOVEN FABRIC",EXPORT,VALUE_IN_EUROS,2003,4893703
ESTAT:DS-045409(1.0),06/02/26 11:00:00,Annual,"European Union - 27 countries (AT, BE, BG, CY, CZ, DE, DK, EE, ES, FI, FR, GR, HR, HU, IE, IT, LT, LU, LV, MT, NL, PL, PT, RO, SE, SI, SK)",Madagascar,"WOOL, FINE OR COARSE ANIMAL HAIR; HORSEHAIR YARN AND WOVEN FABRIC",EXPORT,VALUE_IN_EUROS,2004,5447627
ESTAT:DS-045409(1.0),06/02/26 11:00:00,Annual,"European Union - 27 countries (AT, BE, BG, CY, CZ, DE, DK, EE, ES, FI, FR, GR, HR, HU, IE, IT, LT, LU, LV, MT, NL, PL, PT, RO, SE, SI, SK)",Madagascar,"WOOL, FINE OR COARSE ANIMAL HAIR; HORSEHAIR YARN AND WOVEN FABRIC",EXPORT,VALUE_IN_EUROS,2005,5251848
ESTAT:DS-045409(1.0),06/02/26 11:00:00,Annual,"European Union - 27 countries (AT, BE, BG, CY, CZ, DE, DK, EE, ES, FI, FR, GR, HR, HU, IE, IT, LT, LU, LV, MT, NL, PL, PT, RO, SE, SI, SK)",Madagascar,"WOOL, FINE OR COARSE ANIMAL HAIR; HORSEHAIR YARN AND WOVEN FABRIC",EXPORT,VALUE_IN_EUROS,2006,6927429
ESTAT:DS-045409(1.0),06/02/26 11:00:00,Annual,"European Union - 27 countries (AT, BE, BG, CY, CZ, DE, DK, EE, ES, FI, FR, GR, HR, HU, IE, IT, LT, LU, LV, MT, NL, PL, PT, RO, SE, SI, SK)",Madagascar,"WOOL, FINE OR COARSE ANIMAL HAIR; HORSEHAIR YARN AND WOVEN FABRIC",EXPORT,VALUE_IN_EUROS,2007,7746597
ESTAT:DS-045409(1.0),06/02/26 11:00:00,Annual,"European Union - 27 countries (AT, BE, BG, CY, CZ, DE, DK, EE, ES, FI, FR, GR, HR, HU, IE, IT, LT, LU, LV, MT, NL, PL, PT, RO, SE, SI, SK)",Madagascar,"WOOL, FINE OR COARSE ANIMAL HAIR; HORSEHAIR YARN AND WOVEN FABRIC",EXPORT,VALUE_IN_EUROS,2008,9391163
ESTAT:DS-045409(1.0),06/02/26 11:00:00,Annual,"European Union - 27 countries (AT, BE, BG, CY, CZ, DE, DK, EE, ES, FI, FR, GR, HR, HU, IE, IT, LT, LU, LV, MT, NL, PL, PT, RO, SE, SI, SK)",Madagascar,"WOOL, FINE OR COARSE ANIMAL HAIR; HORSEHAIR YARN AND WOVEN FABRIC",EXPORT,VALUE_IN_EUROS,2009,11952542
ESTAT:DS-045409(1.0),06/02/26 11:00:00,Annual,"European Union - 27 countries (AT, BE, BG, CY, CZ, DE, DK, EE, ES, FI, FR, GR, HR, HU, IE, IT, LT, LU, LV, MT, NL, PL, PT, RO, SE, SI, SK)",Madagascar,"WOOL, FINE OR COARSE ANIMAL HAIR; HORSEHAIR YARN AND WOVEN FABRIC",EXPORT,VALUE_IN_EUROS,2010,15329414
ESTAT:DS-045409(1.0),06/02/26 11:00:00,Annual,"European Union - 27 countries (AT, BE, BG, CY, CZ, DE, DK, EE, ES, FI, FR, GR, HR, HU, IE, IT, LT, LU, LV, MT, NL, PL, PT, RO, SE, SI, SK)",Madagascar,"WOOL, FINE OR COARSE ANIMAL HAIR; HORSEHAIR YARN AND WOVEN FABRIC",EXPORT,VALUE_IN_EUROS,2011,17765300
ESTAT:DS-045409(1.0),06/02/26 11:00:00,Annual,"European Union - 27 countries (AT, BE, BG, CY, CZ, DE, DK, EE, ES, FI, FR, GR, HR, HU, IE, IT, LT, LU, LV, MT, NL, PL, PT, RO, SE, SI, SK)",Madagascar,"WOOL, FINE OR COARSE ANIMAL HAIR; HORSEHAIR YARN AND WOVEN FABRIC",EXPORT,VALUE_IN_EUROS,2012,23651948
ESTAT:DS-045409(1.0),06/02/26 11:00:00,Annual,"European Union - 27 countries (AT, BE, BG, CY, CZ, DE, DK, EE, ES, FI, FR, GR, HR, HU, IE, IT, LT, LU, LV, MT, NL, PL, PT, RO, SE, SI, SK)",Madagascar,"WOOL, FINE OR COARSE ANIMAL HAIR; HORSEHAIR YARN AND WOVEN FABRIC",EXPORT,VALUE_IN_EUROS,2013,12898456
ESTAT:DS-045409(1.0),06/02/26 11:00:00,Annual,"European Union - 27 countries (AT, BE, BG, CY, CZ, DE, DK, EE, ES, FI, FR, GR, HR, HU, IE, IT, LT, LU, LV, MT, NL, PL, PT, RO, SE, SI, SK)",Madagascar,"WOOL, FINE OR COARSE ANIMAL HAIR; HORSEHAIR YARN AND WOVEN FABRIC",EXPORT,VALUE_IN_EUROS,2014,2556064
ESTAT:DS-045409(1.0),06/02/26 11:00:00,Annual,"European Union - 27 countries (AT, BE, BG, CY, CZ, DE, DK, EE, ES, FI, FR, GR, HR, HU, IE, IT, LT, LU, LV, MT, NL, PL, PT, RO, SE, SI, SK)",Madagascar,"WOOL, FINE OR COARSE ANIMAL HAIR; HORSEHAIR YARN AND WOVEN FABRIC",EXPORT,VALUE_IN_EUROS,2015,3566408
ESTAT:DS-045409(1.0),06/02/26 11:00:00,Annual,"European Union - 27 countries (AT, BE, BG, CY, CZ, DE, DK, EE, ES, FI, FR, GR, HR, HU, IE, IT, LT, LU, LV, MT, NL, PL, PT, RO, SE, SI, SK)",Madagascar,"WOOL, FINE OR COARSE ANIMAL HAIR; HORSEHAIR YARN AND WOVEN FABRIC",EXPORT,VALUE_IN_EUROS,2016,15408646
ESTAT:DS-045409(1.0),06/02/26 11:00:00,Annual,"European Union - 27 countries (AT, BE, BG, CY, CZ, DE, DK, EE, ES, FI, FR, GR, HR, HU, IE, IT, LT, LU, LV, MT, NL, PL, PT, RO, SE, SI, SK)",Madagascar,"WOOL, FINE OR COARSE ANIMAL HAIR; HORSEHAIR YARN AND WOVEN FABRIC",EXPORT,VALUE_IN_EUROS,2017,17299515
ESTAT:DS-045409(1.0),06/02/26 11:00:00,Annual,"European Union - 27 countries (AT, BE, BG, CY, CZ, DE, DK, EE, ES, FI, FR, GR, HR, HU, IE, IT, LT, LU, LV, MT, NL, PL, PT, RO, SE, SI, SK)",Madagascar,"WOOL, FINE OR COARSE ANIMAL HAIR; HORSEHAIR YARN AND WOVEN FABRIC",EXPORT,VALUE_IN_EUROS,2018,17916018
ESTAT:DS-045409(1.0),06/02/26 11:00:00,Annual,"European Union - 27 countries (AT, BE, BG, CY, CZ, DE, DK, EE, ES, FI, FR, GR, HR, HU, IE, IT, LT, LU, LV, MT, NL, PL, PT, RO, SE, SI, SK)",Madagascar,"WOOL, FINE OR COARSE ANIMAL HAIR; HORSEHAIR YARN AND WOVEN FABRIC",EXPORT,VALUE_IN_EUROS,2019,14425385
ESTAT:DS-045409(1.0),06/02/26 11:00:00,Annual,"European Union - 27 countries (AT, BE, BG, CY, CZ, DE, DK, EE, ES, FI, FR, GR, HR, HU, IE, IT, LT, LU, LV, MT, NL, PL, PT, RO, SE, SI, SK)",Madagascar,"WOOL, FINE OR COARSE ANIMAL HAIR; HORSEHAIR YARN AND WOVEN FABRIC",EXPORT,VALUE_IN_EUROS,2020,12190431
ESTAT:DS-045409(1.0),06/02/26 11:00:00,Annual,"European Union - 27 countries (AT, BE, BG, CY, CZ, DE, DK, EE, ES, FI, FR, GR, HR, HU, IE, IT, LT, LU, LV, MT, NL, PL, PT, RO, SE, SI, SK)",Madagascar,"WOOL, FINE OR COARSE ANIMAL HAIR; HORSEHAIR YARN AND WOVEN FABRIC",EXPORT,VALUE_IN_EUROS,2021,16348798
ESTAT:DS-045409(1.0),06/02/26 11:00:00,Annual,"European Union - 27 countries (AT, BE, BG, CY, CZ, DE, DK, EE, ES, FI, FR, GR, HR, HU, IE, IT, LT, LU, LV, MT, NL, PL, PT, RO, SE, SI, SK)",Madagascar,"WOOL, FINE OR COARSE ANIMAL HAIR; HORSEHAIR YARN AND WOVEN FABRIC",EXPORT,VALUE_IN_EUROS,2022,25782711
ESTAT:DS-045409(1.0),06/02/26 11:00:00,Annual,"European Union - 27 countries (AT, BE, BG, CY, CZ, DE, DK, EE, ES, FI, FR, GR, HR, HU, IE, IT, LT, LU, LV, MT, NL, PL, PT, RO, SE, SI, SK)",Madagascar,"WOOL, FINE OR COARSE ANIMAL HAIR; HORSEHAIR YARN AND WOVEN FABRIC",EXPORT,VALUE_IN_EUROS,2023,22395757
ESTAT:DS-045409(1.0),06/02/26 11:00:00,Annual,"European Union - 27 countries (AT, BE, BG, CY, CZ, DE, DK, EE, ES, FI, FR, GR, HR, HU, IE, IT, LT, LU, LV, MT, NL, PL, PT, RO, SE, SI, SK)",Madagascar,"WOOL, FINE OR COARSE ANIMAL HAIR; HORSEHAIR YARN AND WOVEN FABRIC",EXPORT,VALUE_IN_EUROS,2024,15526300
ESTAT:DS-045409(1.0),06/02/26 11:00:00,Annual,"European Union - 27 countries (AT, BE, BG, CY, CZ, DE, DK, EE, ES, FI, FR, GR, HR, HU, IE, IT, LT, LU, LV, MT, NL, PL, PT, RO, SE, SI, SK)",Mali,"WOOL, FINE OR COARSE ANIMAL HAIR; HORSEHAIR YARN AND WOVEN FABRIC",EXPORT,VALUE_IN_EUROS,1999,13
ESTAT:DS-045409(1.0),06/02/26 11:00:00,Annual,"European Union - 27 countries (AT, BE, BG, CY, CZ, DE, DK, EE, ES, FI, FR, GR, HR, HU, IE, IT, LT, LU, LV, MT, NL, PL, PT, RO, SE, SI, SK)",Mali,"WOOL, FINE OR COARSE ANIMAL HAIR; HORSEHAIR YARN AND WOVEN FABRIC",EXPORT,VALUE_IN_EUROS,2000,25345
ESTAT:DS-045409(1.0),06/02/26 11:00:00,Annual,"European Union - 27 countries (AT, BE, BG, CY, CZ, DE, DK, EE, ES, FI, FR, GR, HR, HU, IE, IT, LT, LU, LV, MT, NL, PL, PT, RO, SE, SI, SK)",Mali,"WOOL, FINE OR COARSE ANIMAL HAIR; HORSEHAIR YARN AND WOVEN FABRIC",EXPORT,VALUE_IN_EUROS,2001,244166
ESTAT:DS-045409(1.0),06/02/26 11:00:00,Annual,"European Union - 27 countries (AT, BE, BG, CY, CZ, DE, DK, EE, ES, FI, FR, GR, HR, HU, IE, IT, LT, LU, LV, MT, NL, PL, PT, RO, SE, SI, SK)",Mali,"WOOL, FINE OR COARSE ANIMAL HAIR; HORSEHAIR YARN AND WOVEN FABRIC",EXPORT,VALUE_IN_EUROS,2002,110743
ESTAT:DS-045409(1.0),06/02/26 11:00:00,Annual,"European Union - 27 countries (AT, BE, BG, CY, CZ, DE, DK, EE, ES, FI, FR, GR, HR, HU, IE, IT, LT, LU, LV, MT, NL, PL, PT, RO, SE, SI, SK)",Mali,"WOOL, FINE OR COARSE ANIMAL HAIR; HORSEHAIR YARN AND WOVEN FABRIC",EXPORT,VALUE_IN_EUROS,2003,31290
ESTAT:DS-045409(1.0),06/02/26 11:00:00,Annual,"European Union - 27 countries (AT, BE, BG, CY, CZ, DE, DK, EE, ES, FI, FR, GR, HR, HU, IE, IT, LT, LU, LV, MT, NL, PL, PT, RO, SE, SI, SK)",Mali,"WOOL, FINE OR COARSE ANIMAL HAIR; HORSEHAIR YARN AND WOVEN FABRIC",EXPORT,VALUE_IN_EUROS,2004,7952
ESTAT:DS-045409(1.0),06/02/26 11:00:00,Annual,"European Union - 27 countries (AT, BE, BG, CY, CZ, DE, DK, EE, ES, FI, FR, GR, HR, HU, IE, IT, LT, LU, LV, MT, NL, PL, PT, RO, SE, SI, SK)",Mali,"WOOL, FINE OR COARSE ANIMAL HAIR; HORSEHAIR YARN AND WOVEN FABRIC",EXPORT,VALUE_IN_EUROS,2005,28574
ESTAT:DS-045409(1.0),06/02/26 11:00:00,Annual,"European Union - 27 countries (AT, BE, BG, CY, CZ, DE, DK, EE, ES, FI, FR, GR, HR, HU, IE, IT, LT, LU, LV, MT, NL, PL, PT, RO, SE, SI, SK)",Mali,"WOOL, FINE OR COARSE ANIMAL HAIR; HORSEHAIR YARN AND WOVEN FABRIC",EXPORT,VALUE_IN_EUROS,2009,16264
ESTAT:DS-045409(1.0),06/02/26 11:00:00,Annual,"European Union - 27 countries (AT, BE, BG, CY, CZ, DE, DK, EE, ES, FI, FR, GR, HR, HU, IE, IT, LT, LU, LV, MT, NL, PL, PT, RO, SE, SI, SK)",Mali,"WOOL, FINE OR COARSE ANIMAL HAIR; HORSEHAIR YARN AND WOVEN FABRIC",EXPORT,VALUE_IN_EUROS,2013,15
ESTAT:DS-045409(1.0),06/02/26 11:00:00,Annual,"European Union - 27 countries (AT, BE, BG, CY, CZ, DE, DK, EE, ES, FI, FR, GR, HR, HU, IE, IT, LT, LU, LV, MT, NL, PL, PT, RO, SE, SI, SK)",Mali,"WOOL, FINE OR COARSE ANIMAL HAIR; HORSEHAIR YARN AND WOVEN FABRIC",EXPORT,VALUE_IN_EUROS,2014,5
ESTAT:DS-045409(1.0),06/02/26 11:00:00,Annual,"European Union - 27 countries (AT, BE, BG, CY, CZ, DE, DK, EE, ES, FI, FR, GR, HR, HU, IE, IT, LT, LU, LV, MT, NL, PL, PT, RO, SE, SI, SK)",Mali,"WOOL, FINE OR COARSE ANIMAL HAIR; HORSEHAIR YARN AND WOVEN FABRIC",EXPORT,VALUE_IN_EUROS,2015,15360
ESTAT:DS-045409(1.0),06/02/26 11:00:00,Annual,"European Union - 27 countries (AT, BE, BG, CY, CZ, DE, DK, EE, ES, FI, FR, GR, HR, HU, IE, IT, LT, LU, LV, MT, NL, PL, PT, RO, SE, SI, SK)",Mali,"WOOL, FINE OR COARSE ANIMAL HAIR; HORSEHAIR YARN AND WOVEN FABRIC",EXPORT,VALUE_IN_EUROS,2016,607
ESTAT:DS-045409(1.0),06/02/26 11:00:00,Annual,"European Union - 27 countries (AT, BE, BG, CY, CZ, DE, DK, EE, ES, FI, FR, GR, HR, HU, IE, IT, LT, LU, LV, MT, NL, PL, PT, RO, SE, SI, SK)",Mali,"WOOL, FINE OR COARSE ANIMAL HAIR; HORSEHAIR YARN AND WOVEN FABRIC",EXPORT,VALUE_IN_EUROS,2017,319
ESTAT:DS-045409(1.0),06/02/26 11:00:00,Annual,"European Union - 27 countries (AT, BE, BG, CY, CZ, DE, DK, EE, ES, FI, FR, GR, HR, HU, IE, IT, LT, LU, LV, MT, NL, PL, PT, RO, SE, SI, SK)",Mali,"WOOL, FINE OR COARSE ANIMAL HAIR; HORSEHAIR YARN AND WOVEN FABRIC",EXPORT,VALUE_IN_EUROS,2018,110
ESTAT:DS-045409(1.0),06/02/26 11:00:00,Annual,"European Union - 27 countries (AT, BE, BG, CY, CZ, DE, DK, EE, ES, FI, FR, GR, HR, HU, IE, IT, LT, LU, LV, MT, NL, PL, PT, RO, SE, SI, SK)",Mali,"WOOL, FINE OR COARSE ANIMAL HAIR; HORSEHAIR YARN AND WOVEN FABRIC",EXPORT,VALUE_IN_EUROS,2019,44398
ESTAT:DS-045409(1.0),06/02/26 11:00:00,Annual,"European Union - 27 countries (AT, BE, BG, CY, CZ, DE, DK, EE, ES, FI, FR, GR, HR, HU, IE, IT, LT, LU, LV, MT, NL, PL, PT, RO, SE, SI, SK)",Mali,"WOOL, FINE OR COARSE ANIMAL HAIR; HORSEHAIR YARN AND WOVEN FABRIC",EXPORT,VALUE_IN_EUROS,2020,28453
ESTAT:DS-045409(1.0),06/02/26 11:00:00,Annual,"European Union - 27 countries (AT, BE, BG, CY, CZ, DE, DK, EE, ES, FI, FR, GR, HR, HU, IE, IT, LT, LU, LV, MT, NL, PL, PT, RO, SE, SI, SK)",Mali,"WOOL, FINE OR COARSE ANIMAL HAIR; HORSEHAIR YARN AND WOVEN FABRIC",EXPORT,VALUE_IN_EUROS,2021,604
ESTAT:DS-045409(1.0),06/02/26 11:00:00,Annual,"European Union - 27 countries (AT, BE, BG, CY, CZ, DE, DK, EE, ES, FI, FR, GR, HR, HU, IE, IT, LT, LU, LV, MT, NL, PL, PT, RO, SE, SI, SK)",Mali,"WOOL, FINE OR COARSE ANIMAL HAIR; HORSEHAIR YARN AND WOVEN FABRIC",EXPORT,VALUE_IN_EUROS,2022,26537
ESTAT:DS-045409(1.0),06/02/26 11:00:00,Annual,"European Union - 27 countries (AT, BE, BG, CY, CZ, DE, DK, EE, ES, FI, FR, GR, HR, HU, IE, IT, LT, LU, LV, MT, NL, PL, PT, RO, SE, SI, SK)",Mali,"WOOL, FINE OR COARSE ANIMAL HAIR; HORSEHAIR YARN AND WOVEN FABRIC",EXPORT,VALUE_IN_EUROS,2023,20616
ESTAT:DS-045409(1.0),06/02/26 11:00:00,Annual,"European Union - 27 countries (AT, BE, BG, CY, CZ, DE, DK, EE, ES, FI, FR, GR, HR, HU, IE, IT, LT, LU, LV, MT, NL, PL, PT, RO, SE, SI, SK)",Mali,"WOOL, FINE OR COARSE ANIMAL HAIR; HORSEHAIR YARN AND WOVEN FABRIC",EXPORT,VALUE_IN_EUROS,2024,39204
ESTAT:DS-045409(1.0),06/02/26 11:00:00,Annual,"European Union - 27 countries (AT, BE, BG, CY, CZ, DE, DK, EE, ES, FI, FR, GR, HR, HU, IE, IT, LT, LU, LV, MT, NL, PL, PT, RO, SE, SI, SK)",Mauritania (incl. Spanish Sahara from 1977),"WOOL, FINE OR COARSE ANIMAL HAIR; HORSEHAIR YARN AND WOVEN FABRIC",EXPORT,VALUE_IN_EUROS,1999,33413
ESTAT:DS-045409(1.0),06/02/26 11:00:00,Annual,"European Union - 27 countries (AT, BE, BG, CY, CZ, DE, DK, EE, ES, FI, FR, GR, HR, HU, IE, IT, LT, LU, LV, MT, NL, PL, PT, RO, SE, SI, SK)",Mauritania (incl. Spanish Sahara from 1977),"WOOL, FINE OR COARSE ANIMAL HAIR; HORSEHAIR YARN AND WOVEN FABRIC",EXPORT,VALUE_IN_EUROS,2001,60422
ESTAT:DS-045409(1.0),06/02/26 11:00:00,Annual,"European Union - 27 countries (AT, BE, BG, CY, CZ, DE, DK, EE, ES, FI, FR, GR, HR, HU, IE, IT, LT, LU, LV, MT, NL, PL, PT, RO, SE, SI, SK)",Mauritania (incl. Spanish Sahara from 1977),"WOOL, FINE OR COARSE ANIMAL HAIR; HORSEHAIR YARN AND WOVEN FABRIC",EXPORT,VALUE_IN_EUROS,2002,50646
ESTAT:DS-045409(1.0),06/02/26 11:00:00,Annual,"European Union - 27 countries (AT, BE, BG, CY, CZ, DE, DK, EE, ES, FI, FR, GR, HR, HU, IE, IT, LT, LU, LV, MT, NL, PL, PT, RO, SE, SI, SK)",Mauritania (incl. Spanish Sahara from 1977),"WOOL, FINE OR COARSE ANIMAL HAIR; HORSEHAIR YARN AND WOVEN FABRIC",EXPORT,VALUE_IN_EUROS,2003,1327
ESTAT:DS-045409(1.0),06/02/26 11:00:00,Annual,"European Union - 27 countries (AT, BE, BG, CY, CZ, DE, DK, EE, ES, FI, FR, GR, HR, HU, IE, IT, LT, LU, LV, MT, NL, PL, PT, RO, SE, SI, SK)",Mauritania (incl. Spanish Sahara from 1977),"WOOL, FINE OR COARSE ANIMAL HAIR; HORSEHAIR YARN AND WOVEN FABRIC",EXPORT,VALUE_IN_EUROS,2004,45235
ESTAT:DS-045409(1.0),06/02/26 11:00:00,Annual,"European Union - 27 countries (AT, BE, BG, CY, CZ, DE, DK, EE, ES, FI, FR, GR, HR, HU, IE, IT, LT, LU, LV, MT, NL, PL, PT, RO, SE, SI, SK)",Mauritania (incl. Spanish Sahara from 1977),"WOOL, FINE OR COARSE ANIMAL HAIR; HORSEHAIR YARN AND WOVEN FABRIC",EXPORT,VALUE_IN_EUROS,2005,8064
ESTAT:DS-045409(1.0),06/02/26 11:00:00,Annual,"European Union - 27 countries (AT, BE, BG, CY, CZ, DE, DK, EE, ES, FI, FR, GR, HR, HU, IE, IT, LT, LU, LV, MT, NL, PL, PT, RO, SE, SI, SK)",Mauritania (incl. Spanish Sahara from 1977),"WOOL, FINE OR COARSE ANIMAL HAIR; HORSEHAIR YARN AND WOVEN FABRIC",EXPORT,VALUE_IN_EUROS,2007,16793
ESTAT:DS-045409(1.0),06/02/26 11:00:00,Annual,"European Union - 27 countries (AT, BE, BG, CY, CZ, DE, DK, EE, ES, FI, FR, GR, HR, HU, IE, IT, LT, LU, LV, MT, NL, PL, PT, RO, SE, SI, SK)",Mauritania (incl. Spanish Sahara from 1977),"WOOL, FINE OR COARSE ANIMAL HAIR; HORSEHAIR YARN AND WOVEN FABRIC",EXPORT,VALUE_IN_EUROS,2008,22849
ESTAT:DS-045409(1.0),06/02/26 11:00:00,Annual,"European Union - 27 countries (AT, BE, BG, CY, CZ, DE, DK, EE, ES, FI, FR, GR, HR, HU, IE, IT, LT, LU, LV, MT, NL, PL, PT, RO, SE, SI, SK)",Mauritania (incl. Spanish Sahara from 1977),"WOOL, FINE OR COARSE ANIMAL HAIR; HORSEHAIR YARN AND WOVEN FABRIC",EXPORT,VALUE_IN_EUROS,2010,31300
ESTAT:DS-045409(1.0),06/02/26 11:00:00,Annual,"European Union - 27 countries (AT, BE, BG, CY, CZ, DE, DK, EE, ES, FI, FR, GR, HR, HU, IE, IT, LT, LU, LV, MT, NL, PL, PT, RO, SE, SI, SK)",Mauritania (incl. Spanish Sahara from 1977),"WOOL, FINE OR COARSE ANIMAL HAIR; HORSEHAIR YARN AND WOVEN FABRIC",EXPORT,VALUE_IN_EUROS,2012,34400
ESTAT:DS-045409(1.0),06/02/26 11:00:00,Annual,"European Union - 27 countries (AT, BE, BG, CY, CZ, DE, DK, EE, ES, FI, FR, GR, HR, HU, IE, IT, LT, LU, LV, MT, NL, PL, PT, RO, SE, SI, SK)",Mauritania (incl. Spanish Sahara from 1977),"WOOL, FINE OR COARSE ANIMAL HAIR; HORSEHAIR YARN AND WOVEN FABRIC",EXPORT,VALUE_IN_EUROS,2021,300
ESTAT:DS-045409(1.0),06/02/26 11:00:00,Annual,"European Union - 27 countries (AT, BE, BG, CY, CZ, DE, DK, EE, ES, FI, FR, GR, HR, HU, IE, IT, LT, LU, LV, MT, NL, PL, PT, RO, SE, SI, SK)",Mauritania (incl. Spanish Sahara from 1977),"WOOL, FINE OR COARSE ANIMAL HAIR; HORSEHAIR YARN AND WOVEN FABRIC",EXPORT,VALUE_IN_EUROS,2022,59055
ESTAT:DS-045409(1.0),06/02/26 11:00:00,Annual,"European Union - 27 countries (AT, BE, BG, CY, CZ, DE, DK, EE, ES, FI, FR, GR, HR, HU, IE, IT, LT, LU, LV, MT, NL, PL, PT, RO, SE, SI, SK)",Mauritania (incl. Spanish Sahara from 1977),"WOOL, FINE OR COARSE ANIMAL HAIR; HORSEHAIR YARN AND WOVEN FABRIC",EXPORT,VALUE_IN_EUROS,2023,294766
ESTAT:DS-045409(1.0),06/02/26 11:00:00,Annual,"European Union - 27 countries (AT, BE, BG, CY, CZ, DE, DK, EE, ES, FI, FR, GR, HR, HU, IE, IT, LT, LU, LV, MT, NL, PL, PT, RO, SE, SI, SK)",Mauritania (incl. Spanish Sahara from 1977),"WOOL, FINE OR COARSE ANIMAL HAIR; HORSEHAIR YARN AND WOVEN FABRIC",EXPORT,VALUE_IN_EUROS,2024,2179
ESTAT:DS-045409(1.0),06/02/26 11:00:00,Annual,"European Union - 27 countries (AT, BE, BG, CY, CZ, DE, DK, EE, ES, FI, FR, GR, HR, HU, IE, IT, LT, LU, LV, MT, NL, PL, PT, RO, SE, SI, SK)",Mauritius,"WOOL, FINE OR COARSE ANIMAL HAIR; HORSEHAIR YARN AND WOVEN FABRIC",EXPORT,VALUE_IN_EUROS,1999,9661066
ESTAT:DS-045409(1.0),06/02/26 11:00:00,Annual,"European Union - 27 countries (AT, BE, BG, CY, CZ, DE, DK, EE, ES, FI, FR, GR, HR, HU, IE, IT, LT, LU, LV, MT, NL, PL, PT, RO, SE, SI, SK)",Mauritius,"WOOL, FINE OR COARSE ANIMAL HAIR; HORSEHAIR YARN AND WOVEN FABRIC",EXPORT,VALUE_IN_EUROS,2000,9594925
ESTAT:DS-045409(1.0),06/02/26 11:00:00,Annual,"European Union - 27 countries (AT, BE, BG, CY, CZ, DE, DK, EE, ES, FI, FR, GR, HR, HU, IE, IT, LT, LU, LV, MT, NL, PL, PT, RO, SE, SI, SK)",Mauritius,"WOOL, FINE OR COARSE ANIMAL HAIR; HORSEHAIR YARN AND WOVEN FABRIC",EXPORT,VALUE_IN_EUROS,2001,9966236
ESTAT:DS-045409(1.0),06/02/26 11:00:00,Annual,"European Union - 27 countries (AT, BE, BG, CY, CZ, DE, DK, EE, ES, FI, FR, GR, HR, HU, IE, IT, LT, LU, LV, MT, NL, PL, PT, RO, SE, SI, SK)",Mauritius,"WOOL, FINE OR COARSE ANIMAL HAIR; HORSEHAIR YARN AND WOVEN FABRIC",EXPORT,VALUE_IN_EUROS,2002,9554053
ESTAT:DS-045409(1.0),06/02/26 11:00:00,Annual,"European Union - 27 countries (AT, BE, BG, CY, CZ, DE, DK, EE, ES, FI, FR, GR, HR, HU, IE, IT, LT, LU, LV, MT, NL, PL, PT, RO, SE, SI, SK)",Mauritius,"WOOL, FINE OR COARSE ANIMAL HAIR; HORSEHAIR YARN AND WOVEN FABRIC",EXPORT,VALUE_IN_EUROS,2003,6968629
ESTAT:DS-045409(1.0),06/02/26 11:00:00,Annual,"European Union - 27 countries (AT, BE, BG, CY, CZ, DE, DK, EE, ES, FI, FR, GR, HR, HU, IE, IT, LT, LU, LV, MT, NL, PL, PT, RO, SE, SI, SK)",Mauritius,"WOOL, FINE OR COARSE ANIMAL HAIR; HORSEHAIR YARN AND WOVEN FABRIC",EXPORT,VALUE_IN_EUROS,2004,6830168
ESTAT:DS-045409(1.0),06/02/26 11:00:00,Annual,"European Union - 27 countries (AT, BE, BG, CY, CZ, DE, DK, EE, ES, FI, FR, GR, HR, HU, IE, IT, LT, LU, LV, MT, NL, PL, PT, RO, SE, SI, SK)",Mauritius,"WOOL, FINE OR COARSE ANIMAL HAIR; HORSEHAIR YARN AND WOVEN FABRIC",EXPORT,VALUE_IN_EUROS,2005,5972166
ESTAT:DS-045409(1.0),06/02/26 11:00:00,Annual,"European Union - 27 countries (AT, BE, BG, CY, CZ, DE, DK, EE, ES, FI, FR, GR, HR, HU, IE, IT, LT, LU, LV, MT, NL, PL, PT, RO, SE, SI, SK)",Mauritius,"WOOL, FINE OR COARSE ANIMAL HAIR; HORSEHAIR YARN AND WOVEN FABRIC",EXPORT,VALUE_IN_EUROS,2006,6878697
ESTAT:DS-045409(1.0),06/02/26 11:00:00,Annual,"European Union - 27 countries (AT, BE, BG, CY, CZ, DE, DK, EE, ES, FI, FR, GR, HR, HU, IE, IT, LT, LU, LV, MT, NL, PL, PT, RO, SE, SI, SK)",Mauritius,"WOOL, FINE OR COARSE ANIMAL HAIR; HORSEHAIR YARN AND WOVEN FABRIC",EXPORT,VALUE_IN_EUROS,2007,3783310
ESTAT:DS-045409(1.0),06/02/26 11:00:00,Annual,"European Union - 27 countries (AT, BE, BG, CY, CZ, DE, DK, EE, ES, FI, FR, GR, HR, HU, IE, IT, LT, LU, LV, MT, NL, PL, PT, RO, SE, SI, SK)",Mauritius,"WOOL, FINE OR COARSE ANIMAL HAIR; HORSEHAIR YARN AND WOVEN FABRIC",EXPORT,VALUE_IN_EUROS,2008,3787838
ESTAT:DS-045409(1.0),06/02/26 11:00:00,Annual,"European Union - 27 countries (AT, BE, BG, CY, CZ, DE, DK, EE, ES, FI, FR, GR, HR, HU, IE, IT, LT, LU, LV, MT, NL, PL, PT, RO, SE, SI, SK)",Mauritius,"WOOL, FINE OR COARSE ANIMAL HAIR; HORSEHAIR YARN AND WOVEN FABRIC",EXPORT,VALUE_IN_EUROS,2009,2827608
ESTAT:DS-045409(1.0),06/02/26 11:00:00,Annual,"European Union - 27 countries (AT, BE, BG, CY, CZ, DE, DK, EE, ES, FI, FR, GR, HR, HU, IE, IT, LT, LU, LV, MT, NL, PL, PT, RO, SE, SI, SK)",Mauritius,"WOOL, FINE OR COARSE ANIMAL HAIR; HORSEHAIR YARN AND WOVEN FABRIC",EXPORT,VALUE_IN_EUROS,2010,4125778
ESTAT:DS-045409(1.0),06/02/26 11:00:00,Annual,"European Union - 27 countries (AT, BE, BG, CY, CZ, DE, DK, EE, ES, FI, FR, GR, HR, HU, IE, IT, LT, LU, LV, MT, NL, PL, PT, RO, SE, SI, SK)",Mauritius,"WOOL, FINE OR COARSE ANIMAL HAIR; HORSEHAIR YARN AND WOVEN FABRIC",EXPORT,VALUE_IN_EUROS,2011,5511450
ESTAT:DS-045409(1.0),06/02/26 11:00:00,Annual,"European Union - 27 countries (AT, BE, BG, CY, CZ, DE, DK, EE, ES, FI, FR, GR, HR, HU, IE, IT, LT, LU, LV, MT, NL, PL, PT, RO, SE, SI, SK)",Mauritius,"WOOL, FINE OR COARSE ANIMAL HAIR; HORSEHAIR YARN AND WOVEN FABRIC",EXPORT,VALUE_IN_EUROS,2012,3624926
ESTAT:DS-045409(1.0),06/02/26 11:00:00,Annual,"European Union - 27 countries (AT, BE, BG, CY, CZ, DE, DK, EE, ES, FI, FR, GR, HR, HU, IE, IT, LT, LU, LV, MT, NL, PL, PT, RO, SE, SI, SK)",Mauritius,"WOOL, FINE OR COARSE ANIMAL HAIR; HORSEHAIR YARN AND WOVEN FABRIC",EXPORT,VALUE_IN_EUROS,2013,4057273
ESTAT:DS-045409(1.0),06/02/26 11:00:00,Annual,"European Union - 27 countries (AT, BE, BG, CY, CZ, DE, DK, EE, ES, FI, FR, GR, HR, HU, IE, IT, LT, LU, LV, MT, NL, PL, PT, RO, SE, SI, SK)",Mauritius,"WOOL, FINE OR COARSE ANIMAL HAIR; HORSEHAIR YARN AND WOVEN FABRIC",EXPORT,VALUE_IN_EUROS,2014,3923056
ESTAT:DS-045409(1.0),06/02/26 11:00:00,Annual,"European Union - 27 countries (AT, BE, BG, CY, CZ, DE, DK, EE, ES, FI, FR, GR, HR, HU, IE, IT, LT, LU, LV, MT, NL, PL, PT, RO, SE, SI, SK)",Mauritius,"WOOL, FINE OR COARSE ANIMAL HAIR; HORSEHAIR YARN AND WOVEN FABRIC",EXPORT,VALUE_IN_EUROS,2015,4922480
ESTAT:DS-045409(1.0),06/02/26 11:00:00,Annual,"European Union - 27 countries (AT, BE, BG, CY, CZ, DE, DK, EE, ES, FI, FR, GR, HR, HU, IE, IT, LT, LU, LV, MT, NL, PL, PT, RO, SE, SI, SK)",Mauritius,"WOOL, FINE OR COARSE ANIMAL HAIR; HORSEHAIR YARN AND WOVEN FABRIC",EXPORT,VALUE_IN_EUROS,2016,4822176
ESTAT:DS-045409(1.0),06/02/26 11:00:00,Annual,"European Union - 27 countries (AT, BE, BG, CY, CZ, DE, DK, EE, ES, FI, FR, GR, HR, HU, IE, IT, LT, LU, LV, MT, NL, PL, PT, RO, SE, SI, SK)",Mauritius,"WOOL, FINE OR COARSE ANIMAL HAIR; HORSEHAIR YARN AND WOVEN FABRIC",EXPORT,VALUE_IN_EUROS,2017,5034808
ESTAT:DS-045409(1.0),06/02/26 11:00:00,Annual,"European Union - 27 countries (AT, BE, BG, CY, CZ, DE, DK, EE, ES, FI, FR, GR, HR, HU, IE, IT, LT, LU, LV, MT, NL, PL, PT, RO, SE, SI, SK)",Mauritius,"WOOL, FINE OR COARSE ANIMAL HAIR; HORSEHAIR YARN AND WOVEN FABRIC",EXPORT,VALUE_IN_EUROS,2018,4993606
ESTAT:DS-045409(1.0),06/02/26 11:00:00,Annual,"European Union - 27 countries (AT, BE, BG, CY, CZ, DE, DK, EE, ES, FI, FR, GR, HR, HU, IE, IT, LT, LU, LV, MT, NL, PL, PT, RO, SE, SI, SK)",Mauritius,"WOOL, FINE OR COARSE ANIMAL HAIR; HORSEHAIR YARN AND WOVEN FABRIC",EXPORT,VALUE_IN_EUROS,2019,5894069
ESTAT:DS-045409(1.0),06/02/26 11:00:00,Annual,"European Union - 27 countries (AT, BE, BG, CY, CZ, DE, DK, EE, ES, FI, FR, GR, HR, HU, IE, IT, LT, LU, LV, MT, NL, PL, PT, RO, SE, SI, SK)",Mauritius,"WOOL, FINE OR COARSE ANIMAL HAIR; HORSEHAIR YARN AND WOVEN FABRIC",EXPORT,VALUE_IN_EUROS,2020,2347842
ESTAT:DS-045409(1.0),06/02/26 11:00:00,Annual,"European Union - 27 countries (AT, BE, BG, CY, CZ, DE, DK, EE, ES, FI, FR, GR, HR, HU, IE, IT, LT, LU, LV, MT, NL, PL, PT, RO, SE, SI, SK)",Mauritius,"WOOL, FINE OR COARSE ANIMAL HAIR; HORSEHAIR YARN AND WOVEN FABRIC",EXPORT,VALUE_IN_EUROS,2021,1814075
ESTAT:DS-045409(1.0),06/02/26 11:00:00,Annual,"European Union - 27 countries (AT, BE, BG, CY, CZ, DE, DK, EE, ES, FI, FR, GR, HR, HU, IE, IT, LT, LU, LV, MT, NL, PL, PT, RO, SE, SI, SK)",Mauritius,"WOOL, FINE OR COARSE ANIMAL HAIR; HORSEHAIR YARN AND WOVEN FABRIC",EXPORT,VALUE_IN_EUROS,2022,3764745
ESTAT:DS-045409(1.0),06/02/26 11:00:00,Annual,"European Union - 27 countries (AT, BE, BG, CY, CZ, DE, DK, EE, ES, FI, FR, GR, HR, HU, IE, IT, LT, LU, LV, MT, NL, PL, PT, RO, SE, SI, SK)",Mauritius,"WOOL, FINE OR COARSE ANIMAL HAIR; HORSEHAIR YARN AND WOVEN FABRIC",EXPORT,VALUE_IN_EUROS,2023,2952638
ESTAT:DS-045409(1.0),06/02/26 11:00:00,Annual,"European Union - 27 countries (AT, BE, BG, CY, CZ, DE, DK, EE, ES, FI, FR, GR, HR, HU, IE, IT, LT, LU, LV, MT, NL, PL, PT, RO, SE, SI, SK)",Mauritius,"WOOL, FINE OR COARSE ANIMAL HAIR; HORSEHAIR YARN AND WOVEN FABRIC",EXPORT,VALUE_IN_EUROS,2024,2190925
ESTAT:DS-045409(1.0),06/02/26 11:00:00,Annual,"European Union - 27 countries (AT, BE, BG, CY, CZ, DE, DK, EE, ES, FI, FR, GR, HR, HU, IE, IT, LT, LU, LV, MT, NL, PL, PT, RO, SE, SI, SK)",Malawi,"WOOL, FINE OR COARSE ANIMAL HAIR; HORSEHAIR YARN AND WOVEN FABRIC",EXPORT,VALUE_IN_EUROS,2000,3221
ESTAT:DS-045409(1.0),06/02/26 11:00:00,Annual,"European Union - 27 countries (AT, BE, BG, CY, CZ, DE, DK, EE, ES, FI, FR, GR, HR, HU, IE, IT, LT, LU, LV, MT, NL, PL, PT, RO, SE, SI, SK)",Malawi,"WOOL, FINE OR COARSE ANIMAL HAIR; HORSEHAIR YARN AND WOVEN FABRIC",EXPORT,VALUE_IN_EUROS,2005,3780
ESTAT:DS-045409(1.0),06/02/26 11:00:00,Annual,"European Union - 27 countries (AT, BE, BG, CY, CZ, DE, DK, EE, ES, FI, FR, GR, HR, HU, IE, IT, LT, LU, LV, MT, NL, PL, PT, RO, SE, SI, SK)",Malawi,"WOOL, FINE OR COARSE ANIMAL HAIR; HORSEHAIR YARN AND WOVEN FABRIC",EXPORT,VALUE_IN_EUROS,2012,100
ESTAT:DS-045409(1.0),06/02/26 11:00:00,Annual,"European Union - 27 countries (AT, BE, BG, CY, CZ, DE, DK, EE, ES, FI, FR, GR, HR, HU, IE, IT, LT, LU, LV, MT, NL, PL, PT, RO, SE, SI, SK)",Malawi,"WOOL, FINE OR COARSE ANIMAL HAIR; HORSEHAIR YARN AND WOVEN FABRIC",EXPORT,VALUE_IN_EUROS,2020,3
ESTAT:DS-045409(1.0),06/02/26 11:00:00,Annual,"European Union - 27 countries (AT, BE, BG, CY, CZ, DE, DK, EE, ES, FI, FR, GR, HR, HU, IE, IT, LT, LU, LV, MT, NL, PL, PT, RO, SE, SI, SK)",Mozambique,"WOOL, FINE OR COARSE ANIMAL HAIR; HORSEHAIR YARN AND WOVEN FABRIC",EXPORT,VALUE_IN_EUROS,1999,34488
ESTAT:DS-045409(1.0),06/02/26 11:00:00,Annual,"European Union - 27 countries (AT, BE, BG, CY, CZ, DE, DK, EE, ES, FI, FR, GR, HR, HU, IE, IT, LT, LU, LV, MT, NL, PL, PT, RO, SE, SI, SK)",Mozambique,"WOOL, FINE OR COARSE ANIMAL HAIR; HORSEHAIR YARN AND WOVEN FABRIC",EXPORT,VALUE_IN_EUROS,2001,1348
ESTAT:DS-045409(1.0),06/02/26 11:00:00,Annual,"European Union - 27 countries (AT, BE, BG, CY, CZ, DE, DK, EE, ES, FI, FR, GR, HR, HU, IE, IT, LT, LU, LV, MT, NL, PL, PT, RO, SE, SI, SK)",Mozambique,"WOOL, FINE OR COARSE ANIMAL HAIR; HORSEHAIR YARN AND WOVEN FABRIC",EXPORT,VALUE_IN_EUROS,2002,9794
ESTAT:DS-045409(1.0),06/02/26 11:00:00,Annual,"European Union - 27 countries (AT, BE, BG, CY, CZ, DE, DK, EE, ES, FI, FR, GR, HR, HU, IE, IT, LT, LU, LV, MT, NL, PL, PT, RO, SE, SI, SK)",Mozambique,"WOOL, FINE OR COARSE ANIMAL HAIR; HORSEHAIR YARN AND WOVEN FABRIC",EXPORT,VALUE_IN_EUROS,2003,1396
ESTAT:DS-045409(1.0),06/02/26 11:00:00,Annual,"European Union - 27 countries (AT, BE, BG, CY, CZ, DE, DK, EE, ES, FI, FR, GR, HR, HU, IE, IT, LT, LU, LV, MT, NL, PL, PT, RO, SE, SI, SK)",Mozambique,"WOOL, FINE OR COARSE ANIMAL HAIR; HORSEHAIR YARN AND WOVEN FABRIC",EXPORT,VALUE_IN_EUROS,2005,1389
ESTAT:DS-045409(1.0),06/02/26 11:00:00,Annual,"European Union - 27 countries (AT, BE, BG, CY, CZ, DE, DK, EE, ES, FI, FR, GR, HR, HU, IE, IT, LT, LU, LV, MT, NL, PL, PT, RO, SE, SI, SK)",Mozambique,"WOOL, FINE OR COARSE ANIMAL HAIR; HORSEHAIR YARN AND WOVEN FABRIC",EXPORT,VALUE_IN_EUROS,2006,1049
ESTAT:DS-045409(1.0),06/02/26 11:00:00,Annual,"European Union - 27 countries (AT, BE, BG, CY, CZ, DE, DK, EE, ES, FI, FR, GR, HR, HU, IE, IT, LT, LU, LV, MT, NL, PL, PT, RO, SE, SI, SK)",Mozambique,"WOOL, FINE OR COARSE ANIMAL HAIR; HORSEHAIR YARN AND WOVEN FABRIC",EXPORT,VALUE_IN_EUROS,2008,1451
ESTAT:DS-045409(1.0),06/02/26 11:00:00,Annual,"European Union - 27 countries (AT, BE, BG, CY, CZ, DE, DK, EE, ES, FI, FR, GR, HR, HU, IE, IT, LT, LU, LV, MT, NL, PL, PT, RO, SE, SI, SK)",Mozambique,"WOOL, FINE OR COARSE ANIMAL HAIR; HORSEHAIR YARN AND WOVEN FABRIC",EXPORT,VALUE_IN_EUROS,2009,16068
ESTAT:DS-045409(1.0),06/02/26 11:00:00,Annual,"European Union - 27 countries (AT, BE, BG, CY, CZ, DE, DK, EE, ES, FI, FR, GR, HR, HU, IE, IT, LT, LU, LV, MT, NL, PL, PT, RO, SE, SI, SK)",Mozambique,"WOOL, FINE OR COARSE ANIMAL HAIR; HORSEHAIR YARN AND WOVEN FABRIC",EXPORT,VALUE_IN_EUROS,2011,22174
ESTAT:DS-045409(1.0),06/02/26 11:00:00,Annual,"European Union - 27 countries (AT, BE, BG, CY, CZ, DE, DK, EE, ES, FI, FR, GR, HR, HU, IE, IT, LT, LU, LV, MT, NL, PL, PT, RO, SE, SI, SK)",Mozambique,"WOOL, FINE OR COARSE ANIMAL HAIR; HORSEHAIR YARN AND WOVEN FABRIC",EXPORT,VALUE_IN_EUROS,2012,64664
ESTAT:DS-045409(1.0),06/02/26 11:00:00,Annual,"European Union - 27 countries (AT, BE, BG, CY, CZ, DE, DK, EE, ES, FI, FR, GR, HR, HU, IE, IT, LT, LU, LV, MT, NL, PL, PT, RO, SE, SI, SK)",Mozambique,"WOOL, FINE OR COARSE ANIMAL HAIR; HORSEHAIR YARN AND WOVEN FABRIC",EXPORT,VALUE_IN_EUROS,2013,58116
ESTAT:DS-045409(1.0),06/02/26 11:00:00,Annual,"European Union - 27 countries (AT, BE, BG, CY, CZ, DE, DK, EE, ES, FI, FR, GR, HR, HU, IE, IT, LT, LU, LV, MT, NL, PL, PT, RO, SE, SI, SK)",Mozambique,"WOOL, FINE OR COARSE ANIMAL HAIR; HORSEHAIR YARN AND WOVEN FABRIC",EXPORT,VALUE_IN_EUROS,2014,24845
ESTAT:DS-045409(1.0),06/02/26 11:00:00,Annual,"European Union - 27 countries (AT, BE, BG, CY, CZ, DE, DK, EE, ES, FI, FR, GR, HR, HU, IE, IT, LT, LU, LV, MT, NL, PL, PT, RO, SE, SI, SK)",Mozambique,"WOOL, FINE OR COARSE ANIMAL HAIR; HORSEHAIR YARN AND WOVEN FABRIC",EXPORT,VALUE_IN_EUROS,2015,5795
ESTAT:DS-045409(1.0),06/02/26 11:00:00,Annual,"European Union - 27 countries (AT, BE, BG, CY, CZ, DE, DK, EE, ES, FI, FR, GR, HR, HU, IE, IT, LT, LU, LV, MT, NL, PL, PT, RO, SE, SI, SK)",Mozambique,"WOOL, FINE OR COARSE ANIMAL HAIR; HORSEHAIR YARN AND WOVEN FABRIC",EXPORT,VALUE_IN_EUROS,2018,9240
ESTAT:DS-045409(1.0),06/02/26 11:00:00,Annual,"European Union - 27 countries (AT, BE, BG, CY, CZ, DE, DK, EE, ES, FI, FR, GR, HR, HU, IE, IT, LT, LU, LV, MT, NL, PL, PT, RO, SE, SI, SK)",Mozambique,"WOOL, FINE OR COARSE ANIMAL HAIR; HORSEHAIR YARN AND WOVEN FABRIC",EXPORT,VALUE_IN_EUROS,2019,83
ESTAT:DS-045409(1.0),06/02/26 11:00:00,Annual,"European Union - 27 countries (AT, BE, BG, CY, CZ, DE, DK, EE, ES, FI, FR, GR, HR, HU, IE, IT, LT, LU, LV, MT, NL, PL, PT, RO, SE, SI, SK)",Mozambique,"WOOL, FINE OR COARSE ANIMAL HAIR; HORSEHAIR YARN AND WOVEN FABRIC",EXPORT,VALUE_IN_EUROS,2020,249
ESTAT:DS-045409(1.0),06/02/26 11:00:00,Annual,"European Union - 27 countries (AT, BE, BG, CY, CZ, DE, DK, EE, ES, FI, FR, GR, HR, HU, IE, IT, LT, LU, LV, MT, NL, PL, PT, RO, SE, SI, SK)",Mozambique,"WOOL, FINE OR COARSE ANIMAL HAIR; HORSEHAIR YARN AND WOVEN FABRIC",EXPORT,VALUE_IN_EUROS,2021,173
ESTAT:DS-045409(1.0),06/02/26 11:00:00,Annual,"European Union - 27 countries (AT, BE, BG, CY, CZ, DE, DK, EE, ES, FI, FR, GR, HR, HU, IE, IT, LT, LU, LV, MT, NL, PL, PT, RO, SE, SI, SK)",Mozambique,"WOOL, FINE OR COARSE ANIMAL HAIR; HORSEHAIR YARN AND WOVEN FABRIC",EXPORT,VALUE_IN_EUROS,2022,83
ESTAT:DS-045409(1.0),06/02/26 11:00:00,Annual,"European Union - 27 countries (AT, BE, BG, CY, CZ, DE, DK, EE, ES, FI, FR, GR, HR, HU, IE, IT, LT, LU, LV, MT, NL, PL, PT, RO, SE, SI, SK)",Mozambique,"WOOL, FINE OR COARSE ANIMAL HAIR; HORSEHAIR YARN AND WOVEN FABRIC",EXPORT,VALUE_IN_EUROS,2023,245
ESTAT:DS-045409(1.0),06/02/26 11:00:00,Annual,"European Union - 27 countries (AT, BE, BG, CY, CZ, DE, DK, EE, ES, FI, FR, GR, HR, HU, IE, IT, LT, LU, LV, MT, NL, PL, PT, RO, SE, SI, SK)",Mozambique,"WOOL, FINE OR COARSE ANIMAL HAIR; HORSEHAIR YARN AND WOVEN FABRIC",EXPORT,VALUE_IN_EUROS,2024,120
ESTAT:DS-045409(1.0),06/02/26 11:00:00,Annual,"European Union - 27 countries (AT, BE, BG, CY, CZ, DE, DK, EE, ES, FI, FR, GR, HR, HU, IE, IT, LT, LU, LV, MT, NL, PL, PT, RO, SE, SI, SK)",Namibia,"WOOL, FINE OR COARSE ANIMAL HAIR; HORSEHAIR YARN AND WOVEN FABRIC",EXPORT,VALUE_IN_EUROS,2000,8885
ESTAT:DS-045409(1.0),06/02/26 11:00:00,Annual,"European Union - 27 countries (AT, BE, BG, CY, CZ, DE, DK, EE, ES, FI, FR, GR, HR, HU, IE, IT, LT, LU, LV, MT, NL, PL, PT, RO, SE, SI, SK)",Namibia,"WOOL, FINE OR COARSE ANIMAL HAIR; HORSEHAIR YARN AND WOVEN FABRIC",EXPORT,VALUE_IN_EUROS,2002,57594
ESTAT:DS-045409(1.0),06/02/26 11:00:00,Annual,"European Union - 27 countries (AT, BE, BG, CY, CZ, DE, DK, EE, ES, FI, FR, GR, HR, HU, IE, IT, LT, LU, LV, MT, NL, PL, PT, RO, SE, SI, SK)",Namibia,"WOOL, FINE OR COARSE ANIMAL HAIR; HORSEHAIR YARN AND WOVEN FABRIC",EXPORT,VALUE_IN_EUROS,2003,30711
ESTAT:DS-045409(1.0),06/02/26 11:00:00,Annual,"European Union - 27 countries (AT, BE, BG, CY, CZ, DE, DK, EE, ES, FI, FR, GR, HR, HU, IE, IT, LT, LU, LV, MT, NL, PL, PT, RO, SE, SI, SK)",Namibia,"WOOL, FINE OR COARSE ANIMAL HAIR; HORSEHAIR YARN AND WOVEN FABRIC",EXPORT,VALUE_IN_EUROS,2005,30908
ESTAT:DS-045409(1.0),06/02/26 11:00:00,Annual,"European Union - 27 countries (AT, BE, BG, CY, CZ, DE, DK, EE, ES, FI, FR, GR, HR, HU, IE, IT, LT, LU, LV, MT, NL, PL, PT, RO, SE, SI, SK)",Namibia,"WOOL, FINE OR COARSE ANIMAL HAIR; HORSEHAIR YARN AND WOVEN FABRIC",EXPORT,VALUE_IN_EUROS,2006,4860
ESTAT:DS-045409(1.0),06/02/26 11:00:00,Annual,"European Union - 27 countries (AT, BE, BG, CY, CZ, DE, DK, EE, ES, FI, FR, GR, HR, HU, IE, IT, LT, LU, LV, MT, NL, PL, PT, RO, SE, SI, SK)",Namibia,"WOOL, FINE OR COARSE ANIMAL HAIR; HORSEHAIR YARN AND WOVEN FABRIC",EXPORT,VALUE_IN_EUROS,2007,892
ESTAT:DS-045409(1.0),06/02/26 11:00:00,Annual,"European Union - 27 countries (AT, BE, BG, CY, CZ, DE, DK, EE, ES, FI, FR, GR, HR, HU, IE, IT, LT, LU, LV, MT, NL, PL, PT, RO, SE, SI, SK)",Namibia,"WOOL, FINE OR COARSE ANIMAL HAIR; HORSEHAIR YARN AND WOVEN FABRIC",EXPORT,VALUE_IN_EUROS,2009,1642
ESTAT:DS-045409(1.0),06/02/26 11:00:00,Annual,"European Union - 27 countries (AT, BE, BG, CY, CZ, DE, DK, EE, ES, FI, FR, GR, HR, HU, IE, IT, LT, LU, LV, MT, NL, PL, PT, RO, SE, SI, SK)",Namibia,"WOOL, FINE OR COARSE ANIMAL HAIR; HORSEHAIR YARN AND WOVEN FABRIC",EXPORT,VALUE_IN_EUROS,2012,1652
ESTAT:DS-045409(1.0),06/02/26 11:00:00,Annual,"European Union - 27 countries (AT, BE, BG, CY, CZ, DE, DK, EE, ES, FI, FR, GR, HR, HU, IE, IT, LT, LU, LV, MT, NL, PL, PT, RO, SE, SI, SK)",Namibia,"WOOL, FINE OR COARSE ANIMAL HAIR; HORSEHAIR YARN AND WOVEN FABRIC",EXPORT,VALUE_IN_EUROS,2024,189
ESTAT:DS-045409(1.0),06/02/26 11:00:00,Annual,"European Union - 27 countries (AT, BE, BG, CY, CZ, DE, DK, EE, ES, FI, FR, GR, HR, HU, IE, IT, LT, LU, LV, MT, NL, PL, PT, RO, SE, SI, SK)",Niger,"WOOL, FINE OR COARSE ANIMAL HAIR; HORSEHAIR YARN AND WOVEN FABRIC",EXPORT,VALUE_IN_EUROS,2001,11425
ESTAT:DS-045409(1.0),06/02/26 11:00:00,Annual,"European Union - 27 countries (AT, BE, BG, CY, CZ, DE, DK, EE, ES, FI, FR, GR, HR, HU, IE, IT, LT, LU, LV, MT, NL, PL, PT, RO, SE, SI, SK)",Niger,"WOOL, FINE OR COARSE ANIMAL HAIR; HORSEHAIR YARN AND WOVEN FABRIC",EXPORT,VALUE_IN_EUROS,2006,1245
ESTAT:DS-045409(1.0),06/02/26 11:00:00,Annual,"European Union - 27 countries (AT, BE, BG, CY, CZ, DE, DK, EE, ES, FI, FR, GR, HR, HU, IE, IT, LT, LU, LV, MT, NL, PL, PT, RO, SE, SI, SK)",Niger,"WOOL, FINE OR COARSE ANIMAL HAIR; HORSEHAIR YARN AND WOVEN FABRIC",EXPORT,VALUE_IN_EUROS,2007,14997
ESTAT:DS-045409(1.0),06/02/26 11:00:00,Annual,"European Union - 27 countries (AT, BE, BG, CY, CZ, DE, DK, EE, ES, FI, FR, GR, HR, HU, IE, IT, LT, LU, LV, MT, NL, PL, PT, RO, SE, SI, SK)",Niger,"WOOL, FINE OR COARSE ANIMAL HAIR; HORSEHAIR YARN AND WOVEN FABRIC",EXPORT,VALUE_IN_EUROS,2010,42947
ESTAT:DS-045409(1.0),06/02/26 11:00:00,Annual,"European Union - 27 countries (AT, BE, BG, CY, CZ, DE, DK, EE, ES, FI, FR, GR, HR, HU, IE, IT, LT, LU, LV, MT, NL, PL, PT, RO, SE, SI, SK)",Niger,"WOOL, FINE OR COARSE ANIMAL HAIR; HORSEHAIR YARN AND WOVEN FABRIC",EXPORT,VALUE_IN_EUROS,2014,16790
ESTAT:DS-045409(1.0),06/02/26 11:00:00,Annual,"European Union - 27 countries (AT, BE, BG, CY, CZ, DE, DK, EE, ES, FI, FR, GR, HR, HU, IE, IT, LT, LU, LV, MT, NL, PL, PT, RO, SE, SI, SK)",Niger,"WOOL, FINE OR COARSE ANIMAL HAIR; HORSEHAIR YARN AND WOVEN FABRIC",EXPORT,VALUE_IN_EUROS,2017,8688
ESTAT:DS-045409(1.0),06/02/26 11:00:00,Annual,"European Union - 27 countries (AT, BE, BG, CY, CZ, DE, DK, EE, ES, FI, FR, GR, HR, HU, IE, IT, LT, LU, LV, MT, NL, PL, PT, RO, SE, SI, SK)",Niger,"WOOL, FINE OR COARSE ANIMAL HAIR; HORSEHAIR YARN AND WOVEN FABRIC",EXPORT,VALUE_IN_EUROS,2022,29380
ESTAT:DS-045409(1.0),06/02/26 11:00:00,Annual,"European Union - 27 countries (AT, BE, BG, CY, CZ, DE, DK, EE, ES, FI, FR, GR, HR, HU, IE, IT, LT, LU, LV, MT, NL, PL, PT, RO, SE, SI, SK)",Nigeria,"WOOL, FINE OR COARSE ANIMAL HAIR; HORSEHAIR YARN AND WOVEN FABRIC",EXPORT,VALUE_IN_EUROS,1999,560180
ESTAT:DS-045409(1.0),06/02/26 11:00:00,Annual,"European Union - 27 countries (AT, BE, BG, CY, CZ, DE, DK, EE, ES, FI, FR, GR, HR, HU, IE, IT, LT, LU, LV, MT, NL, PL, PT, RO, SE, SI, SK)",Nigeria,"WOOL, FINE OR COARSE ANIMAL HAIR; HORSEHAIR YARN AND WOVEN FABRIC",EXPORT,VALUE_IN_EUROS,2000,284107
ESTAT:DS-045409(1.0),06/02/26 11:00:00,Annual,"European Union - 27 countries (AT, BE, BG, CY, CZ, DE, DK, EE, ES, FI, FR, GR, HR, HU, IE, IT, LT, LU, LV, MT, NL, PL, PT, RO, SE, SI, SK)",Nigeria,"WOOL, FINE OR COARSE ANIMAL HAIR; HORSEHAIR YARN AND WOVEN FABRIC",EXPORT,VALUE_IN_EUROS,2001,413727
ESTAT:DS-045409(1.0),06/02/26 11:00:00,Annual,"European Union - 27 countries (AT, BE, BG, CY, CZ, DE, DK, EE, ES, FI, FR, GR, HR, HU, IE, IT, LT, LU, LV, MT, NL, PL, PT, RO, SE, SI, SK)",Nigeria,"WOOL, FINE OR COARSE ANIMAL HAIR; HORSEHAIR YARN AND WOVEN FABRIC",EXPORT,VALUE_IN_EUROS,2002,152649
ESTAT:DS-045409(1.0),06/02/26 11:00:00,Annual,"European Union - 27 countries (AT, BE, BG, CY, CZ, DE, DK, EE, ES, FI, FR, GR, HR, HU, IE, IT, LT, LU, LV, MT, NL, PL, PT, RO, SE, SI, SK)",Nigeria,"WOOL, FINE OR COARSE ANIMAL HAIR; HORSEHAIR YARN AND WOVEN FABRIC",EXPORT,VALUE_IN_EUROS,2003,101082
ESTAT:DS-045409(1.0),06/02/26 11:00:00,Annual,"European Union - 27 countries (AT, BE, BG, CY, CZ, DE, DK, EE, ES, FI, FR, GR, HR, HU, IE, IT, LT, LU, LV, MT, NL, PL, PT, RO, SE, SI, SK)",Nigeria,"WOOL, FINE OR COARSE ANIMAL HAIR; HORSEHAIR YARN AND WOVEN FABRIC",EXPORT,VALUE_IN_EUROS,2004,116652
ESTAT:DS-045409(1.0),06/02/26 11:00:00,Annual,"European Union - 27 countries (AT, BE, BG, CY, CZ, DE, DK, EE, ES, FI, FR, GR, HR, HU, IE, IT, LT, LU, LV, MT, NL, PL, PT, RO, SE, SI, SK)",Nigeria,"WOOL, FINE OR COARSE ANIMAL HAIR; HORSEHAIR YARN AND WOVEN FABRIC",EXPORT,VALUE_IN_EUROS,2005,29497
ESTAT:DS-045409(1.0),06/02/26 11:00:00,Annual,"European Union - 27 countries (AT, BE, BG, CY, CZ, DE, DK, EE, ES, FI, FR, GR, HR, HU, IE, IT, LT, LU, LV, MT, NL, PL, PT, RO, SE, SI, SK)",Nigeria,"WOOL, FINE OR COARSE ANIMAL HAIR; HORSEHAIR YARN AND WOVEN FABRIC",EXPORT,VALUE_IN_EUROS,2006,38932
ESTAT:DS-045409(1.0),06/02/26 11:00:00,Annual,"European Union - 27 countries (AT, BE, BG, CY, CZ, DE, DK, EE, ES, FI, FR, GR, HR, HU, IE, IT, LT, LU, LV, MT, NL, PL, PT, RO, SE, SI, SK)",Nigeria,"WOOL, FINE OR COARSE ANIMAL HAIR; HORSEHAIR YARN AND WOVEN FABRIC",EXPORT,VALUE_IN_EUROS,2007,37296
ESTAT:DS-045409(1.0),06/02/26 11:00:00,Annual,"European Union - 27 countries (AT, BE, BG, CY, CZ, DE, DK, EE, ES, FI, FR, GR, HR, HU, IE, IT, LT, LU, LV, MT, NL, PL, PT, RO, SE, SI, SK)",Nigeria,"WOOL, FINE OR COARSE ANIMAL HAIR; HORSEHAIR YARN AND WOVEN FABRIC",EXPORT,VALUE_IN_EUROS,2008,115759
ESTAT:DS-045409(1.0),06/02/26 11:00:00,Annual,"European Union - 27 countries (AT, BE, BG, CY, CZ, DE, DK, EE, ES, FI, FR, GR, HR, HU, IE, IT, LT, LU, LV, MT, NL, PL, PT, RO, SE, SI, SK)",Nigeria,"WOOL, FINE OR COARSE ANIMAL HAIR; HORSEHAIR YARN AND WOVEN FABRIC",EXPORT,VALUE_IN_EUROS,2009,167044
ESTAT:DS-045409(1.0),06/02/26 11:00:00,Annual,"European Union - 27 countries (AT, BE, BG, CY, CZ, DE, DK, EE, ES, FI, FR, GR, HR, HU, IE, IT, LT, LU, LV, MT, NL, PL, PT, RO, SE, SI, SK)",Nigeria,"WOOL, FINE OR COARSE ANIMAL HAIR; HORSEHAIR YARN AND WOVEN FABRIC",EXPORT,VALUE_IN_EUROS,2010,71288
ESTAT:DS-045409(1.0),06/02/26 11:00:00,Annual,"European Union - 27 countries (AT, BE, BG, CY, CZ, DE, DK, EE, ES, FI, FR, GR, HR, HU, IE, IT, LT, LU, LV, MT, NL, PL, PT, RO, SE, SI, SK)",Nigeria,"WOOL, FINE OR COARSE ANIMAL HAIR; HORSEHAIR YARN AND WOVEN FABRIC",EXPORT,VALUE_IN_EUROS,2011,129137
ESTAT:DS-045409(1.0),06/02/26 11:00:00,Annual,"European Union - 27 countries (AT, BE, BG, CY, CZ, DE, DK, EE, ES, FI, FR, GR, HR, HU, IE, IT, LT, LU, LV, MT, NL, PL, PT, RO, SE, SI, SK)",Nigeria,"WOOL, FINE OR COARSE ANIMAL HAIR; HORSEHAIR YARN AND WOVEN FABRIC",EXPORT,VALUE_IN_EUROS,2012,269185
ESTAT:DS-045409(1.0),06/02/26 11:00:00,Annual,"European Union - 27 countries (AT, BE, BG, CY, CZ, DE, DK, EE, ES, FI, FR, GR, HR, HU, IE, IT, LT, LU, LV, MT, NL, PL, PT, RO, SE, SI, SK)",Nigeria,"WOOL, FINE OR COARSE ANIMAL HAIR; HORSEHAIR YARN AND WOVEN FABRIC",EXPORT,VALUE_IN_EUROS,2013,112427
ESTAT:DS-045409(1.0),06/02/26 11:00:00,Annual,"European Union - 27 countries (AT, BE, BG, CY, CZ, DE, DK, EE, ES, FI, FR, GR, HR, HU, IE, IT, LT, LU, LV, MT, NL, PL, PT, RO, SE, SI, SK)",Nigeria,"WOOL, FINE OR COARSE ANIMAL HAIR; HORSEHAIR YARN AND WOVEN FABRIC",EXPORT,VALUE_IN_EUROS,2014,186843
ESTAT:DS-045409(1.0),06/02/26 11:00:00,Annual,"European Union - 27 countries (AT, BE, BG, CY, CZ, DE, DK, EE, ES, FI, FR, GR, HR, HU, IE, IT, LT, LU, LV, MT, NL, PL, PT, RO, SE, SI, SK)",Nigeria,"WOOL, FINE OR COARSE ANIMAL HAIR; HORSEHAIR YARN AND WOVEN FABRIC",EXPORT,VALUE_IN_EUROS,2015,141196
ESTAT:DS-045409(1.0),06/02/26 11:00:00,Annual,"European Union - 27 countries (AT, BE, BG, CY, CZ, DE, DK, EE, ES, FI, FR, GR, HR, HU, IE, IT, LT, LU, LV, MT, NL, PL, PT, RO, SE, SI, SK)",Nigeria,"WOOL, FINE OR COARSE ANIMAL HAIR; HORSEHAIR YARN AND WOVEN FABRIC",EXPORT,VALUE_IN_EUROS,2016,45217
ESTAT:DS-045409(1.0),06/02/26 11:00:00,Annual,"European Union - 27 countries (AT, BE, BG, CY, CZ, DE, DK, EE, ES, FI, FR, GR, HR, HU, IE, IT, LT, LU, LV, MT, NL, PL, PT, RO, SE, SI, SK)",Nigeria,"WOOL, FINE OR COARSE ANIMAL HAIR; HORSEHAIR YARN AND WOVEN FABRIC",EXPORT,VALUE_IN_EUROS,2017,116881
ESTAT:DS-045409(1.0),06/02/26 11:00:00,Annual,"European Union - 27 countries (AT, BE, BG, CY, CZ, DE, DK, EE, ES, FI, FR, GR, HR, HU, IE, IT, LT, LU, LV, MT, NL, PL, PT, RO, SE, SI, SK)",Nigeria,"WOOL, FINE OR COARSE ANIMAL HAIR; HORSEHAIR YARN AND WOVEN FABRIC",EXPORT,VALUE_IN_EUROS,2018,369409
ESTAT:DS-045409(1.0),06/02/26 11:00:00,Annual,"European Union - 27 countries (AT, BE, BG, CY, CZ, DE, DK, EE, ES, FI, FR, GR, HR, HU, IE, IT, LT, LU, LV, MT, NL, PL, PT, RO, SE, SI, SK)",Nigeria,"WOOL, FINE OR COARSE ANIMAL HAIR; HORSEHAIR YARN AND WOVEN FABRIC",EXPORT,VALUE_IN_EUROS,2019,289917
ESTAT:DS-045409(1.0),06/02/26 11:00:00,Annual,"European Union - 27 countries (AT, BE, BG, CY, CZ, DE, DK, EE, ES, FI, FR, GR, HR, HU, IE, IT, LT, LU, LV, MT, NL, PL, PT, RO, SE, SI, SK)",Nigeria,"WOOL, FINE OR COARSE ANIMAL HAIR; HORSEHAIR YARN AND WOVEN FABRIC",EXPORT,VALUE_IN_EUROS,2020,186923
ESTAT:DS-045409(1.0),06/02/26 11:00:00,Annual,"European Union - 27 countries (AT, BE, BG, CY, CZ, DE, DK, EE, ES, FI, FR, GR, HR, HU, IE, IT, LT, LU, LV, MT, NL, PL, PT, RO, SE, SI, SK)",Nigeria,"WOOL, FINE OR COARSE ANIMAL HAIR; HORSEHAIR YARN AND WOVEN FABRIC",EXPORT,VALUE_IN_EUROS,2021,181441
ESTAT:DS-045409(1.0),06/02/26 11:00:00,Annual,"European Union - 27 countries (AT, BE, BG, CY, CZ, DE, DK, EE, ES, FI, FR, GR, HR, HU, IE, IT, LT, LU, LV, MT, NL, PL, PT, RO, SE, SI, SK)",Nigeria,"WOOL, FINE OR COARSE ANIMAL HAIR; HORSEHAIR YARN AND WOVEN FABRIC",EXPORT,VALUE_IN_EUROS,2022,245426
ESTAT:DS-045409(1.0),06/02/26 11:00:00,Annual,"European Union - 27 countries (AT, BE, BG, CY, CZ, DE, DK, EE, ES, FI, FR, GR, HR, HU, IE, IT, LT, LU, LV, MT, NL, PL, PT, RO, SE, SI, SK)",Nigeria,"WOOL, FINE OR COARSE ANIMAL HAIR; HORSEHAIR YARN AND WOVEN FABRIC",EXPORT,VALUE_IN_EUROS,2023,368572
ESTAT:DS-045409(1.0),06/02/26 11:00:00,Annual,"European Union - 27 countries (AT, BE, BG, CY, CZ, DE, DK, EE, ES, FI, FR, GR, HR, HU, IE, IT, LT, LU, LV, MT, NL, PL, PT, RO, SE, SI, SK)",Nigeria,"WOOL, FINE OR COARSE ANIMAL HAIR; HORSEHAIR YARN AND WOVEN FABRIC",EXPORT,VALUE_IN_EUROS,2024,216359
ESTAT:DS-045409(1.0),06/02/26 11:00:00,Annual,"European Union - 27 countries (AT, BE, BG, CY, CZ, DE, DK, EE, ES, FI, FR, GR, HR, HU, IE, IT, LT, LU, LV, MT, NL, PL, PT, RO, SE, SI, SK)",Rwanda,"WOOL, FINE OR COARSE ANIMAL HAIR; HORSEHAIR YARN AND WOVEN FABRIC",EXPORT,VALUE_IN_EUROS,2003,1795
ESTAT:DS-045409(1.0),06/02/26 11:00:00,Annual,"European Union - 27 countries (AT, BE, BG, CY, CZ, DE, DK, EE, ES, FI, FR, GR, HR, HU, IE, IT, LT, LU, LV, MT, NL, PL, PT, RO, SE, SI, SK)",Rwanda,"WOOL, FINE OR COARSE ANIMAL HAIR; HORSEHAIR YARN AND WOVEN FABRIC",EXPORT,VALUE_IN_EUROS,2005,5376
ESTAT:DS-045409(1.0),06/02/26 11:00:00,Annual,"European Union - 27 countries (AT, BE, BG, CY, CZ, DE, DK, EE, ES, FI, FR, GR, HR, HU, IE, IT, LT, LU, LV, MT, NL, PL, PT, RO, SE, SI, SK)",Rwanda,"WOOL, FINE OR COARSE ANIMAL HAIR; HORSEHAIR YARN AND WOVEN FABRIC",EXPORT,VALUE_IN_EUROS,2006,3555
ESTAT:DS-045409(1.0),06/02/26 11:00:00,Annual,"European Union - 27 countries (AT, BE, BG, CY, CZ, DE, DK, EE, ES, FI, FR, GR, HR, HU, IE, IT, LT, LU, LV, MT, NL, PL, PT, RO, SE, SI, SK)",Rwanda,"WOOL, FINE OR COARSE ANIMAL HAIR; HORSEHAIR YARN AND WOVEN FABRIC",EXPORT,VALUE_IN_EUROS,2007,1629
ESTAT:DS-045409(1.0),06/02/26 11:00:00,Annual,"European Union - 27 countries (AT, BE, BG, CY, CZ, DE, DK, EE, ES, FI, FR, GR, HR, HU, IE, IT, LT, LU, LV, MT, NL, PL, PT, RO, SE, SI, SK)",Rwanda,"WOOL, FINE OR COARSE ANIMAL HAIR; HORSEHAIR YARN AND WOVEN FABRIC",EXPORT,VALUE_IN_EUROS,2009,21296
ESTAT:DS-045409(1.0),06/02/26 11:00:00,Annual,"European Union - 27 countries (AT, BE, BG, CY, CZ, DE, DK, EE, ES, FI, FR, GR, HR, HU, IE, IT, LT, LU, LV, MT, NL, PL, PT, RO, SE, SI, SK)",Rwanda,"WOOL, FINE OR COARSE ANIMAL HAIR; HORSEHAIR YARN AND WOVEN FABRIC",EXPORT,VALUE_IN_EUROS,2013,193
ESTAT:DS-045409(1.0),06/02/26 11:00:00,Annual,"European Union - 27 countries (AT, BE, BG, CY, CZ, DE, DK, EE, ES, FI, FR, GR, HR, HU, IE, IT, LT, LU, LV, MT, NL, PL, PT, RO, SE, SI, SK)",Rwanda,"WOOL, FINE OR COARSE ANIMAL HAIR; HORSEHAIR YARN AND WOVEN FABRIC",EXPORT,VALUE_IN_EUROS,2014,7591
ESTAT:DS-045409(1.0),06/02/26 11:00:00,Annual,"European Union - 27 countries (AT, BE, BG, CY, CZ, DE, DK, EE, ES, FI, FR, GR, HR, HU, IE, IT, LT, LU, LV, MT, NL, PL, PT, RO, SE, SI, SK)",Rwanda,"WOOL, FINE OR COARSE ANIMAL HAIR; HORSEHAIR YARN AND WOVEN FABRIC",EXPORT,VALUE_IN_EUROS,2016,10
ESTAT:DS-045409(1.0),06/02/26 11:00:00,Annual,"European Union - 27 countries (AT, BE, BG, CY, CZ, DE, DK, EE, ES, FI, FR, GR, HR, HU, IE, IT, LT, LU, LV, MT, NL, PL, PT, RO, SE, SI, SK)",Rwanda,"WOOL, FINE OR COARSE ANIMAL HAIR; HORSEHAIR YARN AND WOVEN FABRIC",EXPORT,VALUE_IN_EUROS,2017,8645
ESTAT:DS-045409(1.0),06/02/26 11:00:00,Annual,"European Union - 27 countries (AT, BE, BG, CY, CZ, DE, DK, EE, ES, FI, FR, GR, HR, HU, IE, IT, LT, LU, LV, MT, NL, PL, PT, RO, SE, SI, SK)",Rwanda,"WOOL, FINE OR COARSE ANIMAL HAIR; HORSEHAIR YARN AND WOVEN FABRIC",EXPORT,VALUE_IN_EUROS,2022,9160
ESTAT:DS-045409(1.0),06/02/26 11:00:00,Annual,"European Union - 27 countries (AT, BE, BG, CY, CZ, DE, DK, EE, ES, FI, FR, GR, HR, HU, IE, IT, LT, LU, LV, MT, NL, PL, PT, RO, SE, SI, SK)",Rwanda,"WOOL, FINE OR COARSE ANIMAL HAIR; HORSEHAIR YARN AND WOVEN FABRIC",EXPORT,VALUE_IN_EUROS,2023,26325
ESTAT:DS-045409(1.0),06/02/26 11:00:00,Annual,"European Union - 27 countries (AT, BE, BG, CY, CZ, DE, DK, EE, ES, FI, FR, GR, HR, HU, IE, IT, LT, LU, LV, MT, NL, PL, PT, RO, SE, SI, SK)",Seychelles,"WOOL, FINE OR COARSE ANIMAL HAIR; HORSEHAIR YARN AND WOVEN FABRIC",EXPORT,VALUE_IN_EUROS,2000,3016
ESTAT:DS-045409(1.0),06/02/26 11:00:00,Annual,"European Union - 27 countries (AT, BE, BG, CY, CZ, DE, DK, EE, ES, FI, FR, GR, HR, HU, IE, IT, LT, LU, LV, MT, NL, PL, PT, RO, SE, SI, SK)",Seychelles,"WOOL, FINE OR COARSE ANIMAL HAIR; HORSEHAIR YARN AND WOVEN FABRIC",EXPORT,VALUE_IN_EUROS,2001,16330
ESTAT:DS-045409(1.0),06/02/26 11:00:00,Annual,"European Union - 27 countries (AT, BE, BG, CY, CZ, DE, DK, EE, ES, FI, FR, GR, HR, HU, IE, IT, LT, LU, LV, MT, NL, PL, PT, RO, SE, SI, SK)",Seychelles,"WOOL, FINE OR COARSE ANIMAL HAIR; HORSEHAIR YARN AND WOVEN FABRIC",EXPORT,VALUE_IN_EUROS,2002,19534
ESTAT:DS-045409(1.0),06/02/26 11:00:00,Annual,"European Union - 27 countries (AT, BE, BG, CY, CZ, DE, DK, EE, ES, FI, FR, GR, HR, HU, IE, IT, LT, LU, LV, MT, NL, PL, PT, RO, SE, SI, SK)",Seychelles,"WOOL, FINE OR COARSE ANIMAL HAIR; HORSEHAIR YARN AND WOVEN FABRIC",EXPORT,VALUE_IN_EUROS,2003,9041
ESTAT:DS-045409(1.0),06/02/26 11:00:00,Annual,"European Union - 27 countries (AT, BE, BG, CY, CZ, DE, DK, EE, ES, FI, FR, GR, HR, HU, IE, IT, LT, LU, LV, MT, NL, PL, PT, RO, SE, SI, SK)",Seychelles,"WOOL, FINE OR COARSE ANIMAL HAIR; HORSEHAIR YARN AND WOVEN FABRIC",EXPORT,VALUE_IN_EUROS,2004,10245
ESTAT:DS-045409(1.0),06/02/26 11:00:00,Annual,"European Union - 27 countries (AT, BE, BG, CY, CZ, DE, DK, EE, ES, FI, FR, GR, HR, HU, IE, IT, LT, LU, LV, MT, NL, PL, PT, RO, SE, SI, SK)",Seychelles,"WOOL, FINE OR COARSE ANIMAL HAIR; HORSEHAIR YARN AND WOVEN FABRIC",EXPORT,VALUE_IN_EUROS,2005,109099
ESTAT:DS-045409(1.0),06/02/26 11:00:00,Annual,"European Union - 27 countries (AT, BE, BG, CY, CZ, DE, DK, EE, ES, FI, FR, GR, HR, HU, IE, IT, LT, LU, LV, MT, NL, PL, PT, RO, SE, SI, SK)",Seychelles,"WOOL, FINE OR COARSE ANIMAL HAIR; HORSEHAIR YARN AND WOVEN FABRIC",EXPORT,VALUE_IN_EUROS,2006,10694
ESTAT:DS-045409(1.0),06/02/26 11:00:00,Annual,"European Union - 27 countries (AT, BE, BG, CY, CZ, DE, DK, EE, ES, FI, FR, GR, HR, HU, IE, IT, LT, LU, LV, MT, NL, PL, PT, RO, SE, SI, SK)",Seychelles,"WOOL, FINE OR COARSE ANIMAL HAIR; HORSEHAIR YARN AND WOVEN FABRIC",EXPORT,VALUE_IN_EUROS,2007,185
ESTAT:DS-045409(1.0),06/02/26 11:00:00,Annual,"European Union - 27 countries (AT, BE, BG, CY, CZ, DE, DK, EE, ES, FI, FR, GR, HR, HU, IE, IT, LT, LU, LV, MT, NL, PL, PT, RO, SE, SI, SK)",Seychelles,"WOOL, FINE OR COARSE ANIMAL HAIR; HORSEHAIR YARN AND WOVEN FABRIC",EXPORT,VALUE_IN_EUROS,2009,8906
ESTAT:DS-045409(1.0),06/02/26 11:00:00,Annual,"European Union - 27 countries (AT, BE, BG, CY, CZ, DE, DK, EE, ES, FI, FR, GR, HR, HU, IE, IT, LT, LU, LV, MT, NL, PL, PT, RO, SE, SI, SK)",Seychelles,"WOOL, FINE OR COARSE ANIMAL HAIR; HORSEHAIR YARN AND WOVEN FABRIC",EXPORT,VALUE_IN_EUROS,2012,9607
ESTAT:DS-045409(1.0),06/02/26 11:00:00,Annual,"European Union - 27 countries (AT, BE, BG, CY, CZ, DE, DK, EE, ES, FI, FR, GR, HR, HU, IE, IT, LT, LU, LV, MT, NL, PL, PT, RO, SE, SI, SK)",Seychelles,"WOOL, FINE OR COARSE ANIMAL HAIR; HORSEHAIR YARN AND WOVEN FABRIC",EXPORT,VALUE_IN_EUROS,2013,3861
ESTAT:DS-045409(1.0),06/02/26 11:00:00,Annual,"European Union - 27 countries (AT, BE, BG, CY, CZ, DE, DK, EE, ES, FI, FR, GR, HR, HU, IE, IT, LT, LU, LV, MT, NL, PL, PT, RO, SE, SI, SK)",Seychelles,"WOOL, FINE OR COARSE ANIMAL HAIR; HORSEHAIR YARN AND WOVEN FABRIC",EXPORT,VALUE_IN_EUROS,2014,18
ESTAT:DS-045409(1.0),06/02/26 11:00:00,Annual,"European Union - 27 countries (AT, BE, BG, CY, CZ, DE, DK, EE, ES, FI, FR, GR, HR, HU, IE, IT, LT, LU, LV, MT, NL, PL, PT, RO, SE, SI, SK)",Seychelles,"WOOL, FINE OR COARSE ANIMAL HAIR; HORSEHAIR YARN AND WOVEN FABRIC",EXPORT,VALUE_IN_EUROS,2016,10
ESTAT:DS-045409(1.0),06/02/26 11:00:00,Annual,"European Union - 27 countries (AT, BE, BG, CY, CZ, DE, DK, EE, ES, FI, FR, GR, HR, HU, IE, IT, LT, LU, LV, MT, NL, PL, PT, RO, SE, SI, SK)",Seychelles,"WOOL, FINE OR COARSE ANIMAL HAIR; HORSEHAIR YARN AND WOVEN FABRIC",EXPORT,VALUE_IN_EUROS,2023,1088
ESTAT:DS-045409(1.0),06/02/26 11:00:00,Annual,"European Union - 27 countries (AT, BE, BG, CY, CZ, DE, DK, EE, ES, FI, FR, GR, HR, HU, IE, IT, LT, LU, LV, MT, NL, PL, PT, RO, SE, SI, SK)",Seychelles,"WOOL, FINE OR COARSE ANIMAL HAIR; HORSEHAIR YARN AND WOVEN FABRIC",EXPORT,VALUE_IN_EUROS,2024,177
ESTAT:DS-045409(1.0),06/02/26 11:00:00,Annual,"European Union - 27 countries (AT, BE, BG, CY, CZ, DE, DK, EE, ES, FI, FR, GR, HR, HU, IE, IT, LT, LU, LV, MT, NL, PL, PT, RO, SE, SI, SK)",Sudan (incl. South Sudan 'SS' -> 2012),"WOOL, FINE OR COARSE ANIMAL HAIR; HORSEHAIR YARN AND WOVEN FABRIC",EXPORT,VALUE_IN_EUROS,1999,23070
ESTAT:DS-045409(1.0),06/02/26 11:00:00,Annual,"European Union - 27 countries (AT, BE, BG, CY, CZ, DE, DK, EE, ES, FI, FR, GR, HR, HU, IE, IT, LT, LU, LV, MT, NL, PL, PT, RO, SE, SI, SK)",Sudan (incl. South Sudan 'SS' -> 2012),"WOOL, FINE OR COARSE ANIMAL HAIR; HORSEHAIR YARN AND WOVEN FABRIC",EXPORT,VALUE_IN_EUROS,2000,6869
ESTAT:DS-045409(1.0),06/02/26 11:00:00,Annual,"European Union - 27 countries (AT, BE, BG, CY, CZ, DE, DK, EE, ES, FI, FR, GR, HR, HU, IE, IT, LT, LU, LV, MT, NL, PL, PT, RO, SE, SI, SK)",Sudan (incl. South Sudan 'SS' -> 2012),"WOOL, FINE OR COARSE ANIMAL HAIR; HORSEHAIR YARN AND WOVEN FABRIC",EXPORT,VALUE_IN_EUROS,2001,1767
ESTAT:DS-045409(1.0),06/02/26 11:00:00,Annual,"European Union - 27 countries (AT, BE, BG, CY, CZ, DE, DK, EE, ES, FI, FR, GR, HR, HU, IE, IT, LT, LU, LV, MT, NL, PL, PT, RO, SE, SI, SK)",Sudan (incl. South Sudan 'SS' -> 2012),"WOOL, FINE OR COARSE ANIMAL HAIR; HORSEHAIR YARN AND WOVEN FABRIC",EXPORT,VALUE_IN_EUROS,2002,3707
ESTAT:DS-045409(1.0),06/02/26 11:00:00,Annual,"European Union - 27 countries (AT, BE, BG, CY, CZ, DE, DK, EE, ES, FI, FR, GR, HR, HU, IE, IT, LT, LU, LV, MT, NL, PL, PT, RO, SE, SI, SK)",Sudan (incl. South Sudan 'SS' -> 2012),"WOOL, FINE OR COARSE ANIMAL HAIR; HORSEHAIR YARN AND WOVEN FABRIC",EXPORT,VALUE_IN_EUROS,2003,44082
ESTAT:DS-045409(1.0),06/02/26 11:00:00,Annual,"European Union - 27 countries (AT, BE, BG, CY, CZ, DE, DK, EE, ES, FI, FR, GR, HR, HU, IE, IT, LT, LU, LV, MT, NL, PL, PT, RO, SE, SI, SK)",Sudan (incl. South Sudan 'SS' -> 2012),"WOOL, FINE OR COARSE ANIMAL HAIR; HORSEHAIR YARN AND WOVEN FABRIC",EXPORT,VALUE_IN_EUROS,2004,825
ESTAT:DS-045409(1.0),06/02/26 11:00:00,Annual,"European Union - 27 countries (AT, BE, BG, CY, CZ, DE, DK, EE, ES, FI, FR, GR, HR, HU, IE, IT, LT, LU, LV, MT, NL, PL, PT, RO, SE, SI, SK)",Sudan (incl. South Sudan 'SS' -> 2012),"WOOL, FINE OR COARSE ANIMAL HAIR; HORSEHAIR YARN AND WOVEN FABRIC",EXPORT,VALUE_IN_EUROS,2006,6108
ESTAT:DS-045409(1.0),06/02/26 11:00:00,Annual,"European Union - 27 countries (AT, BE, BG, CY, CZ, DE, DK, EE, ES, FI, FR, GR, HR, HU, IE, IT, LT, LU, LV, MT, NL, PL, PT, RO, SE, SI, SK)",Sudan (incl. South Sudan 'SS' -> 2012),"WOOL, FINE OR COARSE ANIMAL HAIR; HORSEHAIR YARN AND WOVEN FABRIC",EXPORT,VALUE_IN_EUROS,2008,4146
ESTAT:DS-045409(1.0),06/02/26 11:00:00,Annual,"European Union - 27 countries (AT, BE, BG, CY, CZ, DE, DK, EE, ES, FI, FR, GR, HR, HU, IE, IT, LT, LU, LV, MT, NL, PL, PT, RO, SE, SI, SK)",Sudan (incl. South Sudan 'SS' -> 2012),"WOOL, FINE OR COARSE ANIMAL HAIR; HORSEHAIR YARN AND WOVEN FABRIC",EXPORT,VALUE_IN_EUROS,2009,1447
ESTAT:DS-045409(1.0),06/02/26 11:00:00,Annual,"European Union - 27 countries (AT, BE, BG, CY, CZ, DE, DK, EE, ES, FI, FR, GR, HR, HU, IE, IT, LT, LU, LV, MT, NL, PL, PT, RO, SE, SI, SK)",Sudan (incl. South Sudan 'SS' -> 2012),"WOOL, FINE OR COARSE ANIMAL HAIR; HORSEHAIR YARN AND WOVEN FABRIC",EXPORT,VALUE_IN_EUROS,2014,8584
ESTAT:DS-045409(1.0),06/02/26 11:00:00,Annual,"European Union - 27 countries (AT, BE, BG, CY, CZ, DE, DK, EE, ES, FI, FR, GR, HR, HU, IE, IT, LT, LU, LV, MT, NL, PL, PT, RO, SE, SI, SK)",Sudan (incl. South Sudan 'SS' -> 2012),"WOOL, FINE OR COARSE ANIMAL HAIR; HORSEHAIR YARN AND WOVEN FABRIC",EXPORT,VALUE_IN_EUROS,2015,2000
ESTAT:DS-045409(1.0),06/02/26 11:00:00,Annual,"European Union - 27 countries (AT, BE, BG, CY, CZ, DE, DK, EE, ES, FI, FR, GR, HR, HU, IE, IT, LT, LU, LV, MT, NL, PL, PT, RO, SE, SI, SK)",Sudan (incl. South Sudan 'SS' -> 2012),"WOOL, FINE OR COARSE ANIMAL HAIR; HORSEHAIR YARN AND WOVEN FABRIC",EXPORT,VALUE_IN_EUROS,2016,20237
ESTAT:DS-045409(1.0),06/02/26 11:00:00,Annual,"European Union - 27 countries (AT, BE, BG, CY, CZ, DE, DK, EE, ES, FI, FR, GR, HR, HU, IE, IT, LT, LU, LV, MT, NL, PL, PT, RO, SE, SI, SK)",Sudan (incl. South Sudan 'SS' -> 2012),"WOOL, FINE OR COARSE ANIMAL HAIR; HORSEHAIR YARN AND WOVEN FABRIC",EXPORT,VALUE_IN_EUROS,2021,2500
ESTAT:DS-045409(1.0),06/02/26 11:00:00,Annual,"European Union - 27 countries (AT, BE, BG, CY, CZ, DE, DK, EE, ES, FI, FR, GR, HR, HU, IE, IT, LT, LU, LV, MT, NL, PL, PT, RO, SE, SI, SK)",Sierra Leone,"WOOL, FINE OR COARSE ANIMAL HAIR; HORSEHAIR YARN AND WOVEN FABRIC",EXPORT,VALUE_IN_EUROS,2000,9860
ESTAT:DS-045409(1.0),06/02/26 11:00:00,Annual,"European Union - 27 countries (AT, BE, BG, CY, CZ, DE, DK, EE, ES, FI, FR, GR, HR, HU, IE, IT, LT, LU, LV, MT, NL, PL, PT, RO, SE, SI, SK)",Sierra Leone,"WOOL, FINE OR COARSE ANIMAL HAIR; HORSEHAIR YARN AND WOVEN FABRIC",EXPORT,VALUE_IN_EUROS,2001,47562
ESTAT:DS-045409(1.0),06/02/26 11:00:00,Annual,"European Union - 27 countries (AT, BE, BG, CY, CZ, DE, DK, EE, ES, FI, FR, GR, HR, HU, IE, IT, LT, LU, LV, MT, NL, PL, PT, RO, SE, SI, SK)",Sierra Leone,"WOOL, FINE OR COARSE ANIMAL HAIR; HORSEHAIR YARN AND WOVEN FABRIC",EXPORT,VALUE_IN_EUROS,2002,558632
ESTAT:DS-045409(1.0),06/02/26 11:00:00,Annual,"European Union - 27 countries (AT, BE, BG, CY, CZ, DE, DK, EE, ES, FI, FR, GR, HR, HU, IE, IT, LT, LU, LV, MT, NL, PL, PT, RO, SE, SI, SK)",Sierra Leone,"WOOL, FINE OR COARSE ANIMAL HAIR; HORSEHAIR YARN AND WOVEN FABRIC",EXPORT,VALUE_IN_EUROS,2003,466128
ESTAT:DS-045409(1.0),06/02/26 11:00:00,Annual,"European Union - 27 countries (AT, BE, BG, CY, CZ, DE, DK, EE, ES, FI, FR, GR, HR, HU, IE, IT, LT, LU, LV, MT, NL, PL, PT, RO, SE, SI, SK)",Sierra Leone,"WOOL, FINE OR COARSE ANIMAL HAIR; HORSEHAIR YARN AND WOVEN FABRIC",EXPORT,VALUE_IN_EUROS,2004,18329
ESTAT:DS-045409(1.0),06/02/26 11:00:00,Annual,"European Union - 27 countries (AT, BE, BG, CY, CZ, DE, DK, EE, ES, FI, FR, GR, HR, HU, IE, IT, LT, LU, LV, MT, NL, PL, PT, RO, SE, SI, SK)",Senegal,"WOOL, FINE OR COARSE ANIMAL HAIR; HORSEHAIR YARN AND WOVEN FABRIC",EXPORT,VALUE_IN_EUROS,1999,25781
ESTAT:DS-045409(1.0),06/02/26 11:00:00,Annual,"European Union - 27 countries (AT, BE, BG, CY, CZ, DE, DK, EE, ES, FI, FR, GR, HR, HU, IE, IT, LT, LU, LV, MT, NL, PL, PT, RO, SE, SI, SK)",Senegal,"WOOL, FINE OR COARSE ANIMAL HAIR; HORSEHAIR YARN AND WOVEN FABRIC",EXPORT,VALUE_IN_EUROS,2000,34466
ESTAT:DS-045409(1.0),06/02/26 11:00:00,Annual,"European Union - 27 countries (AT, BE, BG, CY, CZ, DE, DK, EE, ES, FI, FR, GR, HR, HU, IE, IT, LT, LU, LV, MT, NL, PL, PT, RO, SE, SI, SK)",Senegal,"WOOL, FINE OR COARSE ANIMAL HAIR; HORSEHAIR YARN AND WOVEN FABRIC",EXPORT,VALUE_IN_EUROS,2001,49094
ESTAT:DS-045409(1.0),06/02/26 11:00:00,Annual,"European Union - 27 countries (AT, BE, BG, CY, CZ, DE, DK, EE, ES, FI, FR, GR, HR, HU, IE, IT, LT, LU, LV, MT, NL, PL, PT, RO, SE, SI, SK)",Senegal,"WOOL, FINE OR COARSE ANIMAL HAIR; HORSEHAIR YARN AND WOVEN FABRIC",EXPORT,VALUE_IN_EUROS,2002,48065
ESTAT:DS-045409(1.0),06/02/26 11:00:00,Annual,"European Union - 27 countries (AT, BE, BG, CY, CZ, DE, DK, EE, ES, FI, FR, GR, HR, HU, IE, IT, LT, LU, LV, MT, NL, PL, PT, RO, SE, SI, SK)",Senegal,"WOOL, FINE OR COARSE ANIMAL HAIR; HORSEHAIR YARN AND WOVEN FABRIC",EXPORT,VALUE_IN_EUROS,2003,149657
ESTAT:DS-045409(1.0),06/02/26 11:00:00,Annual,"European Union - 27 countries (AT, BE, BG, CY, CZ, DE, DK, EE, ES, FI, FR, GR, HR, HU, IE, IT, LT, LU, LV, MT, NL, PL, PT, RO, SE, SI, SK)",Senegal,"WOOL, FINE OR COARSE ANIMAL HAIR; HORSEHAIR YARN AND WOVEN FABRIC",EXPORT,VALUE_IN_EUROS,2004,49165
ESTAT:DS-045409(1.0),06/02/26 11:00:00,Annual,"European Union - 27 countries (AT, BE, BG, CY, CZ, DE, DK, EE, ES, FI, FR, GR, HR, HU, IE, IT, LT, LU, LV, MT, NL, PL, PT, RO, SE, SI, SK)",Senegal,"WOOL, FINE OR COARSE ANIMAL HAIR; HORSEHAIR YARN AND WOVEN FABRIC",EXPORT,VALUE_IN_EUROS,2005,54483
ESTAT:DS-045409(1.0),06/02/26 11:00:00,Annual,"European Union - 27 countries (AT, BE, BG, CY, CZ, DE, DK, EE, ES, FI, FR, GR, HR, HU, IE, IT, LT, LU, LV, MT, NL, PL, PT, RO, SE, SI, SK)",Senegal,"WOOL, FINE OR COARSE ANIMAL HAIR; HORSEHAIR YARN AND WOVEN FABRIC",EXPORT,VALUE_IN_EUROS,2006,95691
ESTAT:DS-045409(1.0),06/02/26 11:00:00,Annual,"European Union - 27 countries (AT, BE, BG, CY, CZ, DE, DK, EE, ES, FI, FR, GR, HR, HU, IE, IT, LT, LU, LV, MT, NL, PL, PT, RO, SE, SI, SK)",Senegal,"WOOL, FINE OR COARSE ANIMAL HAIR; HORSEHAIR YARN AND WOVEN FABRIC",EXPORT,VALUE_IN_EUROS,2007,134688
ESTAT:DS-045409(1.0),06/02/26 11:00:00,Annual,"European Union - 27 countries (AT, BE, BG, CY, CZ, DE, DK, EE, ES, FI, FR, GR, HR, HU, IE, IT, LT, LU, LV, MT, NL, PL, PT, RO, SE, SI, SK)",Senegal,"WOOL, FINE OR COARSE ANIMAL HAIR; HORSEHAIR YARN AND WOVEN FABRIC",EXPORT,VALUE_IN_EUROS,2008,105311
ESTAT:DS-045409(1.0),06/02/26 11:00:00,Annual,"European Union - 27 countries (AT, BE, BG, CY, CZ, DE, DK, EE, ES, FI, FR, GR, HR, HU, IE, IT, LT, LU, LV, MT, NL, PL, PT, RO, SE, SI, SK)",Senegal,"WOOL, FINE OR COARSE ANIMAL HAIR; HORSEHAIR YARN AND WOVEN FABRIC",EXPORT,VALUE_IN_EUROS,2009,4573
ESTAT:DS-045409(1.0),06/02/26 11:00:00,Annual,"European Union - 27 countries (AT, BE, BG, CY, CZ, DE, DK, EE, ES, FI, FR, GR, HR, HU, IE, IT, LT, LU, LV, MT, NL, PL, PT, RO, SE, SI, SK)",Senegal,"WOOL, FINE OR COARSE ANIMAL HAIR; HORSEHAIR YARN AND WOVEN FABRIC",EXPORT,VALUE_IN_EUROS,2010,22337
ESTAT:DS-045409(1.0),06/02/26 11:00:00,Annual,"European Union - 27 countries (AT, BE, BG, CY, CZ, DE, DK, EE, ES, FI, FR, GR, HR, HU, IE, IT, LT, LU, LV, MT, NL, PL, PT, RO, SE, SI, SK)",Senegal,"WOOL, FINE OR COARSE ANIMAL HAIR; HORSEHAIR YARN AND WOVEN FABRIC",EXPORT,VALUE_IN_EUROS,2011,34327
ESTAT:DS-045409(1.0),06/02/26 11:00:00,Annual,"European Union - 27 countries (AT, BE, BG, CY, CZ, DE, DK, EE, ES, FI, FR, GR, HR, HU, IE, IT, LT, LU, LV, MT, NL, PL, PT, RO, SE, SI, SK)",Senegal,"WOOL, FINE OR COARSE ANIMAL HAIR; HORSEHAIR YARN AND WOVEN FABRIC",EXPORT,VALUE_IN_EUROS,2012,263586
ESTAT:DS-045409(1.0),06/02/26 11:00:00,Annual,"European Union - 27 countries (AT, BE, BG, CY, CZ, DE, DK, EE, ES, FI, FR, GR, HR, HU, IE, IT, LT, LU, LV, MT, NL, PL, PT, RO, SE, SI, SK)",Senegal,"WOOL, FINE OR COARSE ANIMAL HAIR; HORSEHAIR YARN AND WOVEN FABRIC",EXPORT,VALUE_IN_EUROS,2013,121675
ESTAT:DS-045409(1.0),06/02/26 11:00:00,Annual,"European Union - 27 countries (AT, BE, BG, CY, CZ, DE, DK, EE, ES, FI, FR, GR, HR, HU, IE, IT, LT, LU, LV, MT, NL, PL, PT, RO, SE, SI, SK)",Senegal,"WOOL, FINE OR COARSE ANIMAL HAIR; HORSEHAIR YARN AND WOVEN FABRIC",EXPORT,VALUE_IN_EUROS,2014,19014
ESTAT:DS-045409(1.0),06/02/26 11:00:00,Annual,"European Union - 27 countries (AT, BE, BG, CY, CZ, DE, DK, EE, ES, FI, FR, GR, HR, HU, IE, IT, LT, LU, LV, MT, NL, PL, PT, RO, SE, SI, SK)",Senegal,"WOOL, FINE OR COARSE ANIMAL HAIR; HORSEHAIR YARN AND WOVEN FABRIC",EXPORT,VALUE_IN_EUROS,2015,22171
ESTAT:DS-045409(1.0),06/02/26 11:00:00,Annual,"European Union - 27 countries (AT, BE, BG, CY, CZ, DE, DK, EE, ES, FI, FR, GR, HR, HU, IE, IT, LT, LU, LV, MT, NL, PL, PT, RO, SE, SI, SK)",Senegal,"WOOL, FINE OR COARSE ANIMAL HAIR; HORSEHAIR YARN AND WOVEN FABRIC",EXPORT,VALUE_IN_EUROS,2016,45220
ESTAT:DS-045409(1.0),06/02/26 11:00:00,Annual,"European Union - 27 countries (AT, BE, BG, CY, CZ, DE, DK, EE, ES, FI, FR, GR, HR, HU, IE, IT, LT, LU, LV, MT, NL, PL, PT, RO, SE, SI, SK)",Senegal,"WOOL, FINE OR COARSE ANIMAL HAIR; HORSEHAIR YARN AND WOVEN FABRIC",EXPORT,VALUE_IN_EUROS,2017,61084
ESTAT:DS-045409(1.0),06/02/26 11:00:00,Annual,"European Union - 27 countries (AT, BE, BG, CY, CZ, DE, DK, EE, ES, FI, FR, GR, HR, HU, IE, IT, LT, LU, LV, MT, NL, PL, PT, RO, SE, SI, SK)",Senegal,"WOOL, FINE OR COARSE ANIMAL HAIR; HORSEHAIR YARN AND WOVEN FABRIC",EXPORT,VALUE_IN_EUROS,2018,102817
ESTAT:DS-045409(1.0),06/02/26 11:00:00,Annual,"European Union - 27 countries (AT, BE, BG, CY, CZ, DE, DK, EE, ES, FI, FR, GR, HR, HU, IE, IT, LT, LU, LV, MT, NL, PL, PT, RO, SE, SI, SK)",Senegal,"WOOL, FINE OR COARSE ANIMAL HAIR; HORSEHAIR YARN AND WOVEN FABRIC",EXPORT,VALUE_IN_EUROS,2019,121166
ESTAT:DS-045409(1.0),06/02/26 11:00:00,Annual,"European Union - 27 countries (AT, BE, BG, CY, CZ, DE, DK, EE, ES, FI, FR, GR, HR, HU, IE, IT, LT, LU, LV, MT, NL, PL, PT, RO, SE, SI, SK)",Senegal,"WOOL, FINE OR COARSE ANIMAL HAIR; HORSEHAIR YARN AND WOVEN FABRIC",EXPORT,VALUE_IN_EUROS,2020,299954
ESTAT:DS-045409(1.0),06/02/26 11:00:00,Annual,"European Union - 27 countries (AT, BE, BG, CY, CZ, DE, DK, EE, ES, FI, FR, GR, HR, HU, IE, IT, LT, LU, LV, MT, NL, PL, PT, RO, SE, SI, SK)",Senegal,"WOOL, FINE OR COARSE ANIMAL HAIR; HORSEHAIR YARN AND WOVEN FABRIC",EXPORT,VALUE_IN_EUROS,2021,176416
ESTAT:DS-045409(1.0),06/02/26 11:00:00,Annual,"European Union - 27 countries (AT, BE, BG, CY, CZ, DE, DK, EE, ES, FI, FR, GR, HR, HU, IE, IT, LT, LU, LV, MT, NL, PL, PT, RO, SE, SI, SK)",Senegal,"WOOL, FINE OR COARSE ANIMAL HAIR; HORSEHAIR YARN AND WOVEN FABRIC",EXPORT,VALUE_IN_EUROS,2022,198227
ESTAT:DS-045409(1.0),06/02/26 11:00:00,Annual,"European Union - 27 countries (AT, BE, BG, CY, CZ, DE, DK, EE, ES, FI, FR, GR, HR, HU, IE, IT, LT, LU, LV, MT, NL, PL, PT, RO, SE, SI, SK)",Senegal,"WOOL, FINE OR COARSE ANIMAL HAIR; HORSEHAIR YARN AND WOVEN FABRIC",EXPORT,VALUE_IN_EUROS,2023,477975
ESTAT:DS-045409(1.0),06/02/26 11:00:00,Annual,"European Union - 27 countries (AT, BE, BG, CY, CZ, DE, DK, EE, ES, FI, FR, GR, HR, HU, IE, IT, LT, LU, LV, MT, NL, PL, PT, RO, SE, SI, SK)",Senegal,"WOOL, FINE OR COARSE ANIMAL HAIR; HORSEHAIR YARN AND WOVEN FABRIC",EXPORT,VALUE_IN_EUROS,2024,317017
ESTAT:DS-045409(1.0),06/02/26 11:00:00,Annual,"European Union - 27 countries (AT, BE, BG, CY, CZ, DE, DK, EE, ES, FI, FR, GR, HR, HU, IE, IT, LT, LU, LV, MT, NL, PL, PT, RO, SE, SI, SK)",Somalia,"WOOL, FINE OR COARSE ANIMAL HAIR; HORSEHAIR YARN AND WOVEN FABRIC",EXPORT,VALUE_IN_EUROS,2023,6
ESTAT:DS-045409(1.0),06/02/26 11:00:00,Annual,"European Union - 27 countries (AT, BE, BG, CY, CZ, DE, DK, EE, ES, FI, FR, GR, HR, HU, IE, IT, LT, LU, LV, MT, NL, PL, PT, RO, SE, SI, SK)",Sao Tome and Principe,"WOOL, FINE OR COARSE ANIMAL HAIR; HORSEHAIR YARN AND WOVEN FABRIC",EXPORT,VALUE_IN_EUROS,2001,356
ESTAT:DS-045409(1.0),06/02/26 11:00:00,Annual,"European Union - 27 countries (AT, BE, BG, CY, CZ, DE, DK, EE, ES, FI, FR, GR, HR, HU, IE, IT, LT, LU, LV, MT, NL, PL, PT, RO, SE, SI, SK)",Sao Tome and Principe,"WOOL, FINE OR COARSE ANIMAL HAIR; HORSEHAIR YARN AND WOVEN FABRIC",EXPORT,VALUE_IN_EUROS,2002,132545
ESTAT:DS-045409(1.0),06/02/26 11:00:00,Annual,"European Union - 27 countries (AT, BE, BG, CY, CZ, DE, DK, EE, ES, FI, FR, GR, HR, HU, IE, IT, LT, LU, LV, MT, NL, PL, PT, RO, SE, SI, SK)",Sao Tome and Principe,"WOOL, FINE OR COARSE ANIMAL HAIR; HORSEHAIR YARN AND WOVEN FABRIC",EXPORT,VALUE_IN_EUROS,2003,7751
ESTAT:DS-045409(1.0),06/02/26 11:00:00,Annual,"European Union - 27 countries (AT, BE, BG, CY, CZ, DE, DK, EE, ES, FI, FR, GR, HR, HU, IE, IT, LT, LU, LV, MT, NL, PL, PT, RO, SE, SI, SK)",Sao Tome and Principe,"WOOL, FINE OR COARSE ANIMAL HAIR; HORSEHAIR YARN AND WOVEN FABRIC",EXPORT,VALUE_IN_EUROS,2007,306
ESTAT:DS-045409(1.0),06/02/26 11:00:00,Annual,"European Union - 27 countries (AT, BE, BG, CY, CZ, DE, DK, EE, ES, FI, FR, GR, HR, HU, IE, IT, LT, LU, LV, MT, NL, PL, PT, RO, SE, SI, SK)",Sao Tome and Principe,"WOOL, FINE OR COARSE ANIMAL HAIR; HORSEHAIR YARN AND WOVEN FABRIC",EXPORT,VALUE_IN_EUROS,2011,688
ESTAT:DS-045409(1.0),06/02/26 11:00:00,Annual,"European Union - 27 countries (AT, BE, BG, CY, CZ, DE, DK, EE, ES, FI, FR, GR, HR, HU, IE, IT, LT, LU, LV, MT, NL, PL, PT, RO, SE, SI, SK)",Sao Tome and Principe,"WOOL, FINE OR COARSE ANIMAL HAIR; HORSEHAIR YARN AND WOVEN FABRIC",EXPORT,VALUE_IN_EUROS,2015,278
ESTAT:DS-045409(1.0),06/02/26 11:00:00,Annual,"European Union - 27 countries (AT, BE, BG, CY, CZ, DE, DK, EE, ES, FI, FR, GR, HR, HU, IE, IT, LT, LU, LV, MT, NL, PL, PT, RO, SE, SI, SK)",Sao Tome and Principe,"WOOL, FINE OR COARSE ANIMAL HAIR; HORSEHAIR YARN AND WOVEN FABRIC",EXPORT,VALUE_IN_EUROS,2024,792
ESTAT:DS-045409(1.0),06/02/26 11:00:00,Annual,"European Union - 27 countries (AT, BE, BG, CY, CZ, DE, DK, EE, ES, FI, FR, GR, HR, HU, IE, IT, LT, LU, LV, MT, NL, PL, PT, RO, SE, SI, SK)",Eswatini (Ngwane),"WOOL, FINE OR COARSE ANIMAL HAIR; HORSEHAIR YARN AND WOVEN FABRIC",EXPORT,VALUE_IN_EUROS,1999,177
ESTAT:DS-045409(1.0),06/02/26 11:00:00,Annual,"European Union - 27 countries (AT, BE, BG, CY, CZ, DE, DK, EE, ES, FI, FR, GR, HR, HU, IE, IT, LT, LU, LV, MT, NL, PL, PT, RO, SE, SI, SK)",Eswatini (Ngwane),"WOOL, FINE OR COARSE ANIMAL HAIR; HORSEHAIR YARN AND WOVEN FABRIC",EXPORT,VALUE_IN_EUROS,2001,4431
ESTAT:DS-045409(1.0),06/02/26 11:00:00,Annual,"European Union - 27 countries (AT, BE, BG, CY, CZ, DE, DK, EE, ES, FI, FR, GR, HR, HU, IE, IT, LT, LU, LV, MT, NL, PL, PT, RO, SE, SI, SK)",Eswatini (Ngwane),"WOOL, FINE OR COARSE ANIMAL HAIR; HORSEHAIR YARN AND WOVEN FABRIC",EXPORT,VALUE_IN_EUROS,2019,79
ESTAT:DS-045409(1.0),06/02/26 11:00:00,Annual,"European Union - 27 countries (AT, BE, BG, CY, CZ, DE, DK, EE, ES, FI, FR, GR, HR, HU, IE, IT, LT, LU, LV, MT, NL, PL, PT, RO, SE, SI, SK)",Chad,"WOOL, FINE OR COARSE ANIMAL HAIR; HORSEHAIR YARN AND WOVEN FABRIC",EXPORT,VALUE_IN_EUROS,2001,813
ESTAT:DS-045409(1.0),06/02/26 11:00:00,Annual,"European Union - 27 countries (AT, BE, BG, CY, CZ, DE, DK, EE, ES, FI, FR, GR, HR, HU, IE, IT, LT, LU, LV, MT, NL, PL, PT, RO, SE, SI, SK)",Chad,"WOOL, FINE OR COARSE ANIMAL HAIR; HORSEHAIR YARN AND WOVEN FABRIC",EXPORT,VALUE_IN_EUROS,2002,2003
ESTAT:DS-045409(1.0),06/02/26 11:00:00,Annual,"European Union - 27 countries (AT, BE, BG, CY, CZ, DE, DK, EE, ES, FI, FR, GR, HR, HU, IE, IT, LT, LU, LV, MT, NL, PL, PT, RO, SE, SI, SK)",Chad,"WOOL, FINE OR COARSE ANIMAL HAIR; HORSEHAIR YARN AND WOVEN FABRIC",EXPORT,VALUE_IN_EUROS,2006,3776
ESTAT:DS-045409(1.0),06/02/26 11:00:00,Annual,"European Union - 27 countries (AT, BE, BG, CY, CZ, DE, DK, EE, ES, FI, FR, GR, HR, HU, IE, IT, LT, LU, LV, MT, NL, PL, PT, RO, SE, SI, SK)",Chad,"WOOL, FINE OR COARSE ANIMAL HAIR; HORSEHAIR YARN AND WOVEN FABRIC",EXPORT,VALUE_IN_EUROS,2012,214865
ESTAT:DS-045409(1.0),06/02/26 11:00:00,Annual,"European Union - 27 countries (AT, BE, BG, CY, CZ, DE, DK, EE, ES, FI, FR, GR, HR, HU, IE, IT, LT, LU, LV, MT, NL, PL, PT, RO, SE, SI, SK)",Chad,"WOOL, FINE OR COARSE ANIMAL HAIR; HORSEHAIR YARN AND WOVEN FABRIC",EXPORT,VALUE_IN_EUROS,2015,218
ESTAT:DS-045409(1.0),06/02/26 11:00:00,Annual,"European Union - 27 countries (AT, BE, BG, CY, CZ, DE, DK, EE, ES, FI, FR, GR, HR, HU, IE, IT, LT, LU, LV, MT, NL, PL, PT, RO, SE, SI, SK)",Chad,"WOOL, FINE OR COARSE ANIMAL HAIR; HORSEHAIR YARN AND WOVEN FABRIC",EXPORT,VALUE_IN_EUROS,2022,1350
ESTAT:DS-045409(1.0),06/02/26 11:00:00,Annual,"European Union - 27 countries (AT, BE, BG, CY, CZ, DE, DK, EE, ES, FI, FR, GR, HR, HU, IE, IT, LT, LU, LV, MT, NL, PL, PT, RO, SE, SI, SK)",Togo,"WOOL, FINE OR COARSE ANIMAL HAIR; HORSEHAIR YARN AND WOVEN FABRIC",EXPORT,VALUE_IN_EUROS,1999,21072
ESTAT:DS-045409(1.0),06/02/26 11:00:00,Annual,"European Union - 27 countries (AT, BE, BG, CY, CZ, DE, DK, EE, ES, FI, FR, GR, HR, HU, IE, IT, LT, LU, LV, MT, NL, PL, PT, RO, SE, SI, SK)",Togo,"WOOL, FINE OR COARSE ANIMAL HAIR; HORSEHAIR YARN AND WOVEN FABRIC",EXPORT,VALUE_IN_EUROS,2000,31012
ESTAT:DS-045409(1.0),06/02/26 11:00:00,Annual,"European Union - 27 countries (AT, BE, BG, CY, CZ, DE, DK, EE, ES, FI, FR, GR, HR, HU, IE, IT, LT, LU, LV, MT, NL, PL, PT, RO, SE, SI, SK)",Togo,"WOOL, FINE OR COARSE ANIMAL HAIR; HORSEHAIR YARN AND WOVEN FABRIC",EXPORT,VALUE_IN_EUROS,2001,14567
ESTAT:DS-045409(1.0),06/02/26 11:00:00,Annual,"European Union - 27 countries (AT, BE, BG, CY, CZ, DE, DK, EE, ES, FI, FR, GR, HR, HU, IE, IT, LT, LU, LV, MT, NL, PL, PT, RO, SE, SI, SK)",Togo,"WOOL, FINE OR COARSE ANIMAL HAIR; HORSEHAIR YARN AND WOVEN FABRIC",EXPORT,VALUE_IN_EUROS,2002,3630
ESTAT:DS-045409(1.0),06/02/26 11:00:00,Annual,"European Union - 27 countries (AT, BE, BG, CY, CZ, DE, DK, EE, ES, FI, FR, GR, HR, HU, IE, IT, LT, LU, LV, MT, NL, PL, PT, RO, SE, SI, SK)",Togo,"WOOL, FINE OR COARSE ANIMAL HAIR; HORSEHAIR YARN AND WOVEN FABRIC",EXPORT,VALUE_IN_EUROS,2004,81009
ESTAT:DS-045409(1.0),06/02/26 11:00:00,Annual,"European Union - 27 countries (AT, BE, BG, CY, CZ, DE, DK, EE, ES, FI, FR, GR, HR, HU, IE, IT, LT, LU, LV, MT, NL, PL, PT, RO, SE, SI, SK)",Togo,"WOOL, FINE OR COARSE ANIMAL HAIR; HORSEHAIR YARN AND WOVEN FABRIC",EXPORT,VALUE_IN_EUROS,2005,31237
ESTAT:DS-045409(1.0),06/02/26 11:00:00,Annual,"European Union - 27 countries (AT, BE, BG, CY, CZ, DE, DK, EE, ES, FI, FR, GR, HR, HU, IE, IT, LT, LU, LV, MT, NL, PL, PT, RO, SE, SI, SK)",Togo,"WOOL, FINE OR COARSE ANIMAL HAIR; HORSEHAIR YARN AND WOVEN FABRIC",EXPORT,VALUE_IN_EUROS,2006,22776
ESTAT:DS-045409(1.0),06/02/26 11:00:00,Annual,"European Union - 27 countries (AT, BE, BG, CY, CZ, DE, DK, EE, ES, FI, FR, GR, HR, HU, IE, IT, LT, LU, LV, MT, NL, PL, PT, RO, SE, SI, SK)",Togo,"WOOL, FINE OR COARSE ANIMAL HAIR; HORSEHAIR YARN AND WOVEN FABRIC",EXPORT,VALUE_IN_EUROS,2008,22757
ESTAT:DS-045409(1.0),06/02/26 11:00:00,Annual,"European Union - 27 countries (AT, BE, BG, CY, CZ, DE, DK, EE, ES, FI, FR, GR, HR, HU, IE, IT, LT, LU, LV, MT, NL, PL, PT, RO, SE, SI, SK)",Togo,"WOOL, FINE OR COARSE ANIMAL HAIR; HORSEHAIR YARN AND WOVEN FABRIC",EXPORT,VALUE_IN_EUROS,2009,22774
ESTAT:DS-045409(1.0),06/02/26 11:00:00,Annual,"European Union - 27 countries (AT, BE, BG, CY, CZ, DE, DK, EE, ES, FI, FR, GR, HR, HU, IE, IT, LT, LU, LV, MT, NL, PL, PT, RO, SE, SI, SK)",Togo,"WOOL, FINE OR COARSE ANIMAL HAIR; HORSEHAIR YARN AND WOVEN FABRIC",EXPORT,VALUE_IN_EUROS,2010,26294
ESTAT:DS-045409(1.0),06/02/26 11:00:00,Annual,"European Union - 27 countries (AT, BE, BG, CY, CZ, DE, DK, EE, ES, FI, FR, GR, HR, HU, IE, IT, LT, LU, LV, MT, NL, PL, PT, RO, SE, SI, SK)",Togo,"WOOL, FINE OR COARSE ANIMAL HAIR; HORSEHAIR YARN AND WOVEN FABRIC",EXPORT,VALUE_IN_EUROS,2011,1084
ESTAT:DS-045409(1.0),06/02/26 11:00:00,Annual,"European Union - 27 countries (AT, BE, BG, CY, CZ, DE, DK, EE, ES, FI, FR, GR, HR, HU, IE, IT, LT, LU, LV, MT, NL, PL, PT, RO, SE, SI, SK)",Togo,"WOOL, FINE OR COARSE ANIMAL HAIR; HORSEHAIR YARN AND WOVEN FABRIC",EXPORT,VALUE_IN_EUROS,2012,8143
ESTAT:DS-045409(1.0),06/02/26 11:00:00,Annual,"European Union - 27 countries (AT, BE, BG, CY, CZ, DE, DK, EE, ES, FI, FR, GR, HR, HU, IE, IT, LT, LU, LV, MT, NL, PL, PT, RO, SE, SI, SK)",Togo,"WOOL, FINE OR COARSE ANIMAL HAIR; HORSEHAIR YARN AND WOVEN FABRIC",EXPORT,VALUE_IN_EUROS,2013,441
ESTAT:DS-045409(1.0),06/02/26 11:00:00,Annual,"European Union - 27 countries (AT, BE, BG, CY, CZ, DE, DK, EE, ES, FI, FR, GR, HR, HU, IE, IT, LT, LU, LV, MT, NL, PL, PT, RO, SE, SI, SK)",Togo,"WOOL, FINE OR COARSE ANIMAL HAIR; HORSEHAIR YARN AND WOVEN FABRIC",EXPORT,VALUE_IN_EUROS,2015,73922
ESTAT:DS-045409(1.0),06/02/26 11:00:00,Annual,"European Union - 27 countries (AT, BE, BG, CY, CZ, DE, DK, EE, ES, FI, FR, GR, HR, HU, IE, IT, LT, LU, LV, MT, NL, PL, PT, RO, SE, SI, SK)",Togo,"WOOL, FINE OR COARSE ANIMAL HAIR; HORSEHAIR YARN AND WOVEN FABRIC",EXPORT,VALUE_IN_EUROS,2016,37092
ESTAT:DS-045409(1.0),06/02/26 11:00:00,Annual,"European Union - 27 countries (AT, BE, BG, CY, CZ, DE, DK, EE, ES, FI, FR, GR, HR, HU, IE, IT, LT, LU, LV, MT, NL, PL, PT, RO, SE, SI, SK)",Togo,"WOOL, FINE OR COARSE ANIMAL HAIR; HORSEHAIR YARN AND WOVEN FABRIC",EXPORT,VALUE_IN_EUROS,2017,9049
ESTAT:DS-045409(1.0),06/02/26 11:00:00,Annual,"European Union - 27 countries (AT, BE, BG, CY, CZ, DE, DK, EE, ES, FI, FR, GR, HR, HU, IE, IT, LT, LU, LV, MT, NL, PL, PT, RO, SE, SI, SK)",Togo,"WOOL, FINE OR COARSE ANIMAL HAIR; HORSEHAIR YARN AND WOVEN FABRIC",EXPORT,VALUE_IN_EUROS,2018,20434
ESTAT:DS-045409(1.0),06/02/26 11:00:00,Annual,"European Union - 27 countries (AT, BE, BG, CY, CZ, DE, DK, EE, ES, FI, FR, GR, HR, HU, IE, IT, LT, LU, LV, MT, NL, PL, PT, RO, SE, SI, SK)",Togo,"WOOL, FINE OR COARSE ANIMAL HAIR; HORSEHAIR YARN AND WOVEN FABRIC",EXPORT,VALUE_IN_EUROS,2019,6517
ESTAT:DS-045409(1.0),06/02/26 11:00:00,Annual,"European Union - 27 countries (AT, BE, BG, CY, CZ, DE, DK, EE, ES, FI, FR, GR, HR, HU, IE, IT, LT, LU, LV, MT, NL, PL, PT, RO, SE, SI, SK)",Togo,"WOOL, FINE OR COARSE ANIMAL HAIR; HORSEHAIR YARN AND WOVEN FABRIC",EXPORT,VALUE_IN_EUROS,2020,14623
ESTAT:DS-045409(1.0),06/02/26 11:00:00,Annual,"European Union - 27 countries (AT, BE, BG, CY, CZ, DE, DK, EE, ES, FI, FR, GR, HR, HU, IE, IT, LT, LU, LV, MT, NL, PL, PT, RO, SE, SI, SK)",Togo,"WOOL, FINE OR COARSE ANIMAL HAIR; HORSEHAIR YARN AND WOVEN FABRIC",EXPORT,VALUE_IN_EUROS,2021,71697
ESTAT:DS-045409(1.0),06/02/26 11:00:00,Annual,"European Union - 27 countries (AT, BE, BG, CY, CZ, DE, DK, EE, ES, FI, FR, GR, HR, HU, IE, IT, LT, LU, LV, MT, NL, PL, PT, RO, SE, SI, SK)",Togo,"WOOL, FINE OR COARSE ANIMAL HAIR; HORSEHAIR YARN AND WOVEN FABRIC",EXPORT,VALUE_IN_EUROS,2022,3283
ESTAT:DS-045409(1.0),06/02/26 11:00:00,Annual,"European Union - 27 countries (AT, BE, BG, CY, CZ, DE, DK, EE, ES, FI, FR, GR, HR, HU, IE, IT, LT, LU, LV, MT, NL, PL, PT, RO, SE, SI, SK)",Togo,"WOOL, FINE OR COARSE ANIMAL HAIR; HORSEHAIR YARN AND WOVEN FABRIC",EXPORT,VALUE_IN_EUROS,2023,87178
ESTAT:DS-045409(1.0),06/02/26 11:00:00,Annual,"European Union - 27 countries (AT, BE, BG, CY, CZ, DE, DK, EE, ES, FI, FR, GR, HR, HU, IE, IT, LT, LU, LV, MT, NL, PL, PT, RO, SE, SI, SK)",Togo,"WOOL, FINE OR COARSE ANIMAL HAIR; HORSEHAIR YARN AND WOVEN FABRIC",EXPORT,VALUE_IN_EUROS,2024,4914
ESTAT:DS-045409(1.0),06/02/26 11:00:00,Annual,"European Union - 27 countries (AT, BE, BG, CY, CZ, DE, DK, EE, ES, FI, FR, GR, HR, HU, IE, IT, LT, LU, LV, MT, NL, PL, PT, RO, SE, SI, SK)",Tunisia,"WOOL, FINE OR COARSE ANIMAL HAIR; HORSEHAIR YARN AND WOVEN FABRIC",EXPORT,VALUE_IN_EUROS,1999,73612787
ESTAT:DS-045409(1.0),06/02/26 11:00:00,Annual,"European Union - 27 countries (AT, BE, BG, CY, CZ, DE, DK, EE, ES, FI, FR, GR, HR, HU, IE, IT, LT, LU, LV, MT, NL, PL, PT, RO, SE, SI, SK)",Tunisia,"WOOL, FINE OR COARSE ANIMAL HAIR; HORSEHAIR YARN AND WOVEN FABRIC",EXPORT,VALUE_IN_EUROS,2000,72618143
ESTAT:DS-045409(1.0),06/02/26 11:00:00,Annual,"European Union - 27 countries (AT, BE, BG, CY, CZ, DE, DK, EE, ES, FI, FR, GR, HR, HU, IE, IT, LT, LU, LV, MT, NL, PL, PT, RO, SE, SI, SK)",Tunisia,"WOOL, FINE OR COARSE ANIMAL HAIR; HORSEHAIR YARN AND WOVEN FABRIC",EXPORT,VALUE_IN_EUROS,2001,83020849
ESTAT:DS-045409(1.0),06/02/26 11:00:00,Annual,"European Union - 27 countries (AT, BE, BG, CY, CZ, DE, DK, EE, ES, FI, FR, GR, HR, HU, IE, IT, LT, LU, LV, MT, NL, PL, PT, RO, SE, SI, SK)",Tunisia,"WOOL, FINE OR COARSE ANIMAL HAIR; HORSEHAIR YARN AND WOVEN FABRIC",EXPORT,VALUE_IN_EUROS,2002,67815007
ESTAT:DS-045409(1.0),06/02/26 11:00:00,Annual,"European Union - 27 countries (AT, BE, BG, CY, CZ, DE, DK, EE, ES, FI, FR, GR, HR, HU, IE, IT, LT, LU, LV, MT, NL, PL, PT, RO, SE, SI, SK)",Tunisia,"WOOL, FINE OR COARSE ANIMAL HAIR; HORSEHAIR YARN AND WOVEN FABRIC",EXPORT,VALUE_IN_EUROS,2003,57885358
ESTAT:DS-045409(1.0),06/02/26 11:00:00,Annual,"European Union - 27 countries (AT, BE, BG, CY, CZ, DE, DK, EE, ES, FI, FR, GR, HR, HU, IE, IT, LT, LU, LV, MT, NL, PL, PT, RO, SE, SI, SK)",Tunisia,"WOOL, FINE OR COARSE ANIMAL HAIR; HORSEHAIR YARN AND WOVEN FABRIC",EXPORT,VALUE_IN_EUROS,2004,50678837
ESTAT:DS-045409(1.0),06/02/26 11:00:00,Annual,"European Union - 27 countries (AT, BE, BG, CY, CZ, DE, DK, EE, ES, FI, FR, GR, HR, HU, IE, IT, LT, LU, LV, MT, NL, PL, PT, RO, SE, SI, SK)",Tunisia,"WOOL, FINE OR COARSE ANIMAL HAIR; HORSEHAIR YARN AND WOVEN FABRIC",EXPORT,VALUE_IN_EUROS,2005,48607953
ESTAT:DS-045409(1.0),06/02/26 11:00:00,Annual,"European Union - 27 countries (AT, BE, BG, CY, CZ, DE, DK, EE, ES, FI, FR, GR, HR, HU, IE, IT, LT, LU, LV, MT, NL, PL, PT, RO, SE, SI, SK)",Tunisia,"WOOL, FINE OR COARSE ANIMAL HAIR; HORSEHAIR YARN AND WOVEN FABRIC",EXPORT,VALUE_IN_EUROS,2006,62247188
ESTAT:DS-045409(1.0),06/02/26 11:00:00,Annual,"European Union - 27 countries (AT, BE, BG, CY, CZ, DE, DK, EE, ES, FI, FR, GR, HR, HU, IE, IT, LT, LU, LV, MT, NL, PL, PT, RO, SE, SI, SK)",Tunisia,"WOOL, FINE OR COARSE ANIMAL HAIR; HORSEHAIR YARN AND WOVEN FABRIC",EXPORT,VALUE_IN_EUROS,2007,68489331
ESTAT:DS-045409(1.0),06/02/26 11:00:00,Annual,"European Union - 27 countries (AT, BE, BG, CY, CZ, DE, DK, EE, ES, FI, FR, GR, HR, HU, IE, IT, LT, LU, LV, MT, NL, PL, PT, RO, SE, SI, SK)",Tunisia,"WOOL, FINE OR COARSE ANIMAL HAIR; HORSEHAIR YARN AND WOVEN FABRIC",EXPORT,VALUE_IN_EUROS,2008,52068327
ESTAT:DS-045409(1.0),06/02/26 11:00:00,Annual,"European Union - 27 countries (AT, BE, BG, CY, CZ, DE, DK, EE, ES, FI, FR, GR, HR, HU, IE, IT, LT, LU, LV, MT, NL, PL, PT, RO, SE, SI, SK)",Tunisia,"WOOL, FINE OR COARSE ANIMAL HAIR; HORSEHAIR YARN AND WOVEN FABRIC",EXPORT,VALUE_IN_EUROS,2009,49510017
ESTAT:DS-045409(1.0),06/02/26 11:00:00,Annual,"European Union - 27 countries (AT, BE, BG, CY, CZ, DE, DK, EE, ES, FI, FR, GR, HR, HU, IE, IT, LT, LU, LV, MT, NL, PL, PT, RO, SE, SI, SK)",Tunisia,"WOOL, FINE OR COARSE ANIMAL HAIR; HORSEHAIR YARN AND WOVEN FABRIC",EXPORT,VALUE_IN_EUROS,2010,52720916
ESTAT:DS-045409(1.0),06/02/26 11:00:00,Annual,"European Union - 27 countries (AT, BE, BG, CY, CZ, DE, DK, EE, ES, FI, FR, GR, HR, HU, IE, IT, LT, LU, LV, MT, NL, PL, PT, RO, SE, SI, SK)",Tunisia,"WOOL, FINE OR COARSE ANIMAL HAIR; HORSEHAIR YARN AND WOVEN FABRIC",EXPORT,VALUE_IN_EUROS,2011,48845074
ESTAT:DS-045409(1.0),06/02/26 11:00:00,Annual,"European Union - 27 countries (AT, BE, BG, CY, CZ, DE, DK, EE, ES, FI, FR, GR, HR, HU, IE, IT, LT, LU, LV, MT, NL, PL, PT, RO, SE, SI, SK)",Tunisia,"WOOL, FINE OR COARSE ANIMAL HAIR; HORSEHAIR YARN AND WOVEN FABRIC",EXPORT,VALUE_IN_EUROS,2012,36896134
ESTAT:DS-045409(1.0),06/02/26 11:00:00,Annual,"European Union - 27 countries (AT, BE, BG, CY, CZ, DE, DK, EE, ES, FI, FR, GR, HR, HU, IE, IT, LT, LU, LV, MT, NL, PL, PT, RO, SE, SI, SK)",Tunisia,"WOOL, FINE OR COARSE ANIMAL HAIR; HORSEHAIR YARN AND WOVEN FABRIC",EXPORT,VALUE_IN_EUROS,2013,30764894
ESTAT:DS-045409(1.0),06/02/26 11:00:00,Annual,"European Union - 27 countries (AT, BE, BG, CY, CZ, DE, DK, EE, ES, FI, FR, GR, HR, HU, IE, IT, LT, LU, LV, MT, NL, PL, PT, RO, SE, SI, SK)",Tunisia,"WOOL, FINE OR COARSE ANIMAL HAIR; HORSEHAIR YARN AND WOVEN FABRIC",EXPORT,VALUE_IN_EUROS,2014,29873095
ESTAT:DS-045409(1.0),06/02/26 11:00:00,Annual,"European Union - 27 countries (AT, BE, BG, CY, CZ, DE, DK, EE, ES, FI, FR, GR, HR, HU, IE, IT, LT, LU, LV, MT, NL, PL, PT, RO, SE, SI, SK)",Tunisia,"WOOL, FINE OR COARSE ANIMAL HAIR; HORSEHAIR YARN AND WOVEN FABRIC",EXPORT,VALUE_IN_EUROS,2015,30881812
ESTAT:DS-045409(1.0),06/02/26 11:00:00,Annual,"European Union - 27 countries (AT, BE, BG, CY, CZ, DE, DK, EE, ES, FI, FR, GR, HR, HU, IE, IT, LT, LU, LV, MT, NL, PL, PT, RO, SE, SI, SK)",Tunisia,"WOOL, FINE OR COARSE ANIMAL HAIR; HORSEHAIR YARN AND WOVEN FABRIC",EXPORT,VALUE_IN_EUROS,2016,33242728
ESTAT:DS-045409(1.0),06/02/26 11:00:00,Annual,"European Union - 27 countries (AT, BE, BG, CY, CZ, DE, DK, EE, ES, FI, FR, GR, HR, HU, IE, IT, LT, LU, LV, MT, NL, PL, PT, RO, SE, SI, SK)",Tunisia,"WOOL, FINE OR COARSE ANIMAL HAIR; HORSEHAIR YARN AND WOVEN FABRIC",EXPORT,VALUE_IN_EUROS,2017,36474600
ESTAT:DS-045409(1.0),06/02/26 11:00:00,Annual,"European Union - 27 countries (AT, BE, BG, CY, CZ, DE, DK, EE, ES, FI, FR, GR, HR, HU, IE, IT, LT, LU, LV, MT, NL, PL, PT, RO, SE, SI, SK)",Tunisia,"WOOL, FINE OR COARSE ANIMAL HAIR; HORSEHAIR YARN AND WOVEN FABRIC",EXPORT,VALUE_IN_EUROS,2018,34278304
ESTAT:DS-045409(1.0),06/02/26 11:00:00,Annual,"European Union - 27 countries (AT, BE, BG, CY, CZ, DE, DK, EE, ES, FI, FR, GR, HR, HU, IE, IT, LT, LU, LV, MT, NL, PL, PT, RO, SE, SI, SK)",Tunisia,"WOOL, FINE OR COARSE ANIMAL HAIR; HORSEHAIR YARN AND WOVEN FABRIC",EXPORT,VALUE_IN_EUROS,2019,26265879
ESTAT:DS-045409(1.0),06/02/26 11:00:00,Annual,"European Union - 27 countries (AT, BE, BG, CY, CZ, DE, DK, EE, ES, FI, FR, GR, HR, HU, IE, IT, LT, LU, LV, MT, NL, PL, PT, RO, SE, SI, SK)",Tunisia,"WOOL, FINE OR COARSE ANIMAL HAIR; HORSEHAIR YARN AND WOVEN FABRIC",EXPORT,VALUE_IN_EUROS,2020,20585404
ESTAT:DS-045409(1.0),06/02/26 11:00:00,Annual,"European Union - 27 countries (AT, BE, BG, CY, CZ, DE, DK, EE, ES, FI, FR, GR, HR, HU, IE, IT, LT, LU, LV, MT, NL, PL, PT, RO, SE, SI, SK)",Tunisia,"WOOL, FINE OR COARSE ANIMAL HAIR; HORSEHAIR YARN AND WOVEN FABRIC",EXPORT,VALUE_IN_EUROS,2021,17164109
ESTAT:DS-045409(1.0),06/02/26 11:00:00,Annual,"European Union - 27 countries (AT, BE, BG, CY, CZ, DE, DK, EE, ES, FI, FR, GR, HR, HU, IE, IT, LT, LU, LV, MT, NL, PL, PT, RO, SE, SI, SK)",Tunisia,"WOOL, FINE OR COARSE ANIMAL HAIR; HORSEHAIR YARN AND WOVEN FABRIC",EXPORT,VALUE_IN_EUROS,2022,33523550
ESTAT:DS-045409(1.0),06/02/26 11:00:00,Annual,"European Union - 27 countries (AT, BE, BG, CY, CZ, DE, DK, EE, ES, FI, FR, GR, HR, HU, IE, IT, LT, LU, LV, MT, NL, PL, PT, RO, SE, SI, SK)",Tunisia,"WOOL, FINE OR COARSE ANIMAL HAIR; HORSEHAIR YARN AND WOVEN FABRIC",EXPORT,VALUE_IN_EUROS,2023,36669828
ESTAT:DS-045409(1.0),06/02/26 11:00:00,Annual,"European Union - 27 countries (AT, BE, BG, CY, CZ, DE, DK, EE, ES, FI, FR, GR, HR, HU, IE, IT, LT, LU, LV, MT, NL, PL, PT, RO, SE, SI, SK)",Tunisia,"WOOL, FINE OR COARSE ANIMAL HAIR; HORSEHAIR YARN AND WOVEN FABRIC",EXPORT,VALUE_IN_EUROS,2024,33360450
ESTAT:DS-045409(1.0),06/02/26 11:00:00,Annual,"European Union - 27 countries (AT, BE, BG, CY, CZ, DE, DK, EE, ES, FI, FR, GR, HR, HU, IE, IT, LT, LU, LV, MT, NL, PL, PT, RO, SE, SI, SK)","Tanzania, United Republic of","WOOL, FINE OR COARSE ANIMAL HAIR; HORSEHAIR YARN AND WOVEN FABRIC",EXPORT,VALUE_IN_EUROS,2001,0
ESTAT:DS-045409(1.0),06/02/26 11:00:00,Annual,"European Union - 27 countries (AT, BE, BG, CY, CZ, DE, DK, EE, ES, FI, FR, GR, HR, HU, IE, IT, LT, LU, LV, MT, NL, PL, PT, RO, SE, SI, SK)","Tanzania, United Republic of","WOOL, FINE OR COARSE ANIMAL HAIR; HORSEHAIR YARN AND WOVEN FABRIC",EXPORT,VALUE_IN_EUROS,2002,9341
ESTAT:DS-045409(1.0),06/02/26 11:00:00,Annual,"European Union - 27 countries (AT, BE, BG, CY, CZ, DE, DK, EE, ES, FI, FR, GR, HR, HU, IE, IT, LT, LU, LV, MT, NL, PL, PT, RO, SE, SI, SK)","Tanzania, United Republic of","WOOL, FINE OR COARSE ANIMAL HAIR; HORSEHAIR YARN AND WOVEN FABRIC",EXPORT,VALUE_IN_EUROS,2003,1626
ESTAT:DS-045409(1.0),06/02/26 11:00:00,Annual,"European Union - 27 countries (AT, BE, BG, CY, CZ, DE, DK, EE, ES, FI, FR, GR, HR, HU, IE, IT, LT, LU, LV, MT, NL, PL, PT, RO, SE, SI, SK)","Tanzania, United Republic of","WOOL, FINE OR COARSE ANIMAL HAIR; HORSEHAIR YARN AND WOVEN FABRIC",EXPORT,VALUE_IN_EUROS,2006,591
ESTAT:DS-045409(1.0),06/02/26 11:00:00,Annual,"European Union - 27 countries (AT, BE, BG, CY, CZ, DE, DK, EE, ES, FI, FR, GR, HR, HU, IE, IT, LT, LU, LV, MT, NL, PL, PT, RO, SE, SI, SK)","Tanzania, United Republic of","WOOL, FINE OR COARSE ANIMAL HAIR; HORSEHAIR YARN AND WOVEN FABRIC",EXPORT,VALUE_IN_EUROS,2009,1158
ESTAT:DS-045409(1.0),06/02/26 11:00:00,Annual,"European Union - 27 countries (AT, BE, BG, CY, CZ, DE, DK, EE, ES, FI, FR, GR, HR, HU, IE, IT, LT, LU, LV, MT, NL, PL, PT, RO, SE, SI, SK)","Tanzania, United Republic of","WOOL, FINE OR COARSE ANIMAL HAIR; HORSEHAIR YARN AND WOVEN FABRIC",EXPORT,VALUE_IN_EUROS,2014,83
ESTAT:DS-045409(1.0),06/02/26 11:00:00,Annual,"European Union - 27 countries (AT, BE, BG, CY, CZ, DE, DK, EE, ES, FI, FR, GR, HR, HU, IE, IT, LT, LU, LV, MT, NL, PL, PT, RO, SE, SI, SK)","Tanzania, United Republic of","WOOL, FINE OR COARSE ANIMAL HAIR; HORSEHAIR YARN AND WOVEN FABRIC",EXPORT,VALUE_IN_EUROS,2018,110
ESTAT:DS-045409(1.0),06/02/26 11:00:00,Annual,"European Union - 27 countries (AT, BE, BG, CY, CZ, DE, DK, EE, ES, FI, FR, GR, HR, HU, IE, IT, LT, LU, LV, MT, NL, PL, PT, RO, SE, SI, SK)","Tanzania, United Republic of","WOOL, FINE OR COARSE ANIMAL HAIR; HORSEHAIR YARN AND WOVEN FABRIC",EXPORT,VALUE_IN_EUROS,2019,308
ESTAT:DS-045409(1.0),06/02/26 11:00:00,Annual,"European Union - 27 countries (AT, BE, BG, CY, CZ, DE, DK, EE, ES, FI, FR, GR, HR, HU, IE, IT, LT, LU, LV, MT, NL, PL, PT, RO, SE, SI, SK)","Tanzania, United Republic of","WOOL, FINE OR COARSE ANIMAL HAIR; HORSEHAIR YARN AND WOVEN FABRIC",EXPORT,VALUE_IN_EUROS,2020,69
ESTAT:DS-045409(1.0),06/02/26 11:00:00,Annual,"European Union - 27 countries (AT, BE, BG, CY, CZ, DE, DK, EE, ES, FI, FR, GR, HR, HU, IE, IT, LT, LU, LV, MT, NL, PL, PT, RO, SE, SI, SK)","Tanzania, United Republic of","WOOL, FINE OR COARSE ANIMAL HAIR; HORSEHAIR YARN AND WOVEN FABRIC",EXPORT,VALUE_IN_EUROS,2022,37151
ESTAT:DS-045409(1.0),06/02/26 11:00:00,Annual,"European Union - 27 countries (AT, BE, BG, CY, CZ, DE, DK, EE, ES, FI, FR, GR, HR, HU, IE, IT, LT, LU, LV, MT, NL, PL, PT, RO, SE, SI, SK)",Uganda,"WOOL, FINE OR COARSE ANIMAL HAIR; HORSEHAIR YARN AND WOVEN FABRIC",EXPORT,VALUE_IN_EUROS,1999,6536
ESTAT:DS-045409(1.0),06/02/26 11:00:00,Annual,"European Union - 27 countries (AT, BE, BG, CY, CZ, DE, DK, EE, ES, FI, FR, GR, HR, HU, IE, IT, LT, LU, LV, MT, NL, PL, PT, RO, SE, SI, SK)",Uganda,"WOOL, FINE OR COARSE ANIMAL HAIR; HORSEHAIR YARN AND WOVEN FABRIC",EXPORT,VALUE_IN_EUROS,2001,14093
ESTAT:DS-045409(1.0),06/02/26 11:00:00,Annual,"European Union - 27 countries (AT, BE, BG, CY, CZ, DE, DK, EE, ES, FI, FR, GR, HR, HU, IE, IT, LT, LU, LV, MT, NL, PL, PT, RO, SE, SI, SK)",Uganda,"WOOL, FINE OR COARSE ANIMAL HAIR; HORSEHAIR YARN AND WOVEN FABRIC",EXPORT,VALUE_IN_EUROS,2002,8895
ESTAT:DS-045409(1.0),06/02/26 11:00:00,Annual,"European Union - 27 countries (AT, BE, BG, CY, CZ, DE, DK, EE, ES, FI, FR, GR, HR, HU, IE, IT, LT, LU, LV, MT, NL, PL, PT, RO, SE, SI, SK)",Uganda,"WOOL, FINE OR COARSE ANIMAL HAIR; HORSEHAIR YARN AND WOVEN FABRIC",EXPORT,VALUE_IN_EUROS,2003,8884
ESTAT:DS-045409(1.0),06/02/26 11:00:00,Annual,"European Union - 27 countries (AT, BE, BG, CY, CZ, DE, DK, EE, ES, FI, FR, GR, HR, HU, IE, IT, LT, LU, LV, MT, NL, PL, PT, RO, SE, SI, SK)",Uganda,"WOOL, FINE OR COARSE ANIMAL HAIR; HORSEHAIR YARN AND WOVEN FABRIC",EXPORT,VALUE_IN_EUROS,2005,9540
ESTAT:DS-045409(1.0),06/02/26 11:00:00,Annual,"European Union - 27 countries (AT, BE, BG, CY, CZ, DE, DK, EE, ES, FI, FR, GR, HR, HU, IE, IT, LT, LU, LV, MT, NL, PL, PT, RO, SE, SI, SK)",Uganda,"WOOL, FINE OR COARSE ANIMAL HAIR; HORSEHAIR YARN AND WOVEN FABRIC",EXPORT,VALUE_IN_EUROS,2006,12327
ESTAT:DS-045409(1.0),06/02/26 11:00:00,Annual,"European Union - 27 countries (AT, BE, BG, CY, CZ, DE, DK, EE, ES, FI, FR, GR, HR, HU, IE, IT, LT, LU, LV, MT, NL, PL, PT, RO, SE, SI, SK)",Uganda,"WOOL, FINE OR COARSE ANIMAL HAIR; HORSEHAIR YARN AND WOVEN FABRIC",EXPORT,VALUE_IN_EUROS,2008,1
ESTAT:DS-045409(1.0),06/02/26 11:00:00,Annual,"European Union - 27 countries (AT, BE, BG, CY, CZ, DE, DK, EE, ES, FI, FR, GR, HR, HU, IE, IT, LT, LU, LV, MT, NL, PL, PT, RO, SE, SI, SK)",Uganda,"WOOL, FINE OR COARSE ANIMAL HAIR; HORSEHAIR YARN AND WOVEN FABRIC",EXPORT,VALUE_IN_EUROS,2009,10203
ESTAT:DS-045409(1.0),06/02/26 11:00:00,Annual,"European Union - 27 countries (AT, BE, BG, CY, CZ, DE, DK, EE, ES, FI, FR, GR, HR, HU, IE, IT, LT, LU, LV, MT, NL, PL, PT, RO, SE, SI, SK)",Uganda,"WOOL, FINE OR COARSE ANIMAL HAIR; HORSEHAIR YARN AND WOVEN FABRIC",EXPORT,VALUE_IN_EUROS,2010,46432
ESTAT:DS-045409(1.0),06/02/26 11:00:00,Annual,"European Union - 27 countries (AT, BE, BG, CY, CZ, DE, DK, EE, ES, FI, FR, GR, HR, HU, IE, IT, LT, LU, LV, MT, NL, PL, PT, RO, SE, SI, SK)",Uganda,"WOOL, FINE OR COARSE ANIMAL HAIR; HORSEHAIR YARN AND WOVEN FABRIC",EXPORT,VALUE_IN_EUROS,2011,3768
ESTAT:DS-045409(1.0),06/02/26 11:00:00,Annual,"European Union - 27 countries (AT, BE, BG, CY, CZ, DE, DK, EE, ES, FI, FR, GR, HR, HU, IE, IT, LT, LU, LV, MT, NL, PL, PT, RO, SE, SI, SK)",Uganda,"WOOL, FINE OR COARSE ANIMAL HAIR; HORSEHAIR YARN AND WOVEN FABRIC",EXPORT,VALUE_IN_EUROS,2012,8308
ESTAT:DS-045409(1.0),06/02/26 11:00:00,Annual,"European Union - 27 countries (AT, BE, BG, CY, CZ, DE, DK, EE, ES, FI, FR, GR, HR, HU, IE, IT, LT, LU, LV, MT, NL, PL, PT, RO, SE, SI, SK)",Uganda,"WOOL, FINE OR COARSE ANIMAL HAIR; HORSEHAIR YARN AND WOVEN FABRIC",EXPORT,VALUE_IN_EUROS,2016,4199
ESTAT:DS-045409(1.0),06/02/26 11:00:00,Annual,"European Union - 27 countries (AT, BE, BG, CY, CZ, DE, DK, EE, ES, FI, FR, GR, HR, HU, IE, IT, LT, LU, LV, MT, NL, PL, PT, RO, SE, SI, SK)",Uganda,"WOOL, FINE OR COARSE ANIMAL HAIR; HORSEHAIR YARN AND WOVEN FABRIC",EXPORT,VALUE_IN_EUROS,2018,37
ESTAT:DS-045409(1.0),06/02/26 11:00:00,Annual,"European Union - 27 countries (AT, BE, BG, CY, CZ, DE, DK, EE, ES, FI, FR, GR, HR, HU, IE, IT, LT, LU, LV, MT, NL, PL, PT, RO, SE, SI, SK)",Uganda,"WOOL, FINE OR COARSE ANIMAL HAIR; HORSEHAIR YARN AND WOVEN FABRIC",EXPORT,VALUE_IN_EUROS,2020,30072
ESTAT:DS-045409(1.0),06/02/26 11:00:00,Annual,"European Union - 27 countries (AT, BE, BG, CY, CZ, DE, DK, EE, ES, FI, FR, GR, HR, HU, IE, IT, LT, LU, LV, MT, NL, PL, PT, RO, SE, SI, SK)",Uganda,"WOOL, FINE OR COARSE ANIMAL HAIR; HORSEHAIR YARN AND WOVEN FABRIC",EXPORT,VALUE_IN_EUROS,2022,1288
ESTAT:DS-045409(1.0),06/02/26 11:00:00,Annual,"European Union - 27 countries (AT, BE, BG, CY, CZ, DE, DK, EE, ES, FI, FR, GR, HR, HU, IE, IT, LT, LU, LV, MT, NL, PL, PT, RO, SE, SI, SK)",Uganda,"WOOL, FINE OR COARSE ANIMAL HAIR; HORSEHAIR YARN AND WOVEN FABRIC",EXPORT,VALUE_IN_EUROS,2023,1441
ESTAT:DS-045409(1.0),06/02/26 11:00:00,Annual,"European Union - 27 countries (AT, BE, BG, CY, CZ, DE, DK, EE, ES, FI, FR, GR, HR, HU, IE, IT, LT, LU, LV, MT, NL, PL, PT, RO, SE, SI, SK)",Uganda,"WOOL, FINE OR COARSE ANIMAL HAIR; HORSEHAIR YARN AND WOVEN FABRIC",EXPORT,VALUE_IN_EUROS,2024,5501
ESTAT:DS-045409(1.0),06/02/26 11:00:00,Annual,"European Union - 27 countries (AT, BE, BG, CY, CZ, DE, DK, EE, ES, FI, FR, GR, HR, HU, IE, IT, LT, LU, LV, MT, NL, PL, PT, RO, SE, SI, SK)",South Africa (incl. Namibia 'NA' -> 1989),"WOOL, FINE OR COARSE ANIMAL HAIR; HORSEHAIR YARN AND WOVEN FABRIC",EXPORT,VALUE_IN_EUROS,1999,2963404
ESTAT:DS-045409(1.0),06/02/26 11:00:00,Annual,"European Union - 27 countries (AT, BE, BG, CY, CZ, DE, DK, EE, ES, FI, FR, GR, HR, HU, IE, IT, LT, LU, LV, MT, NL, PL, PT, RO, SE, SI, SK)",South Africa (incl. Namibia 'NA' -> 1989),"WOOL, FINE OR COARSE ANIMAL HAIR; HORSEHAIR YARN AND WOVEN FABRIC",EXPORT,VALUE_IN_EUROS,2000,2497059
ESTAT:DS-045409(1.0),06/02/26 11:00:00,Annual,"European Union - 27 countries (AT, BE, BG, CY, CZ, DE, DK, EE, ES, FI, FR, GR, HR, HU, IE, IT, LT, LU, LV, MT, NL, PL, PT, RO, SE, SI, SK)",South Africa (incl. Namibia 'NA' -> 1989),"WOOL, FINE OR COARSE ANIMAL HAIR; HORSEHAIR YARN AND WOVEN FABRIC",EXPORT,VALUE_IN_EUROS,2001,3156442
ESTAT:DS-045409(1.0),06/02/26 11:00:00,Annual,"European Union - 27 countries (AT, BE, BG, CY, CZ, DE, DK, EE, ES, FI, FR, GR, HR, HU, IE, IT, LT, LU, LV, MT, NL, PL, PT, RO, SE, SI, SK)",South Africa (incl. Namibia 'NA' -> 1989),"WOOL, FINE OR COARSE ANIMAL HAIR; HORSEHAIR YARN AND WOVEN FABRIC",EXPORT,VALUE_IN_EUROS,2002,2625789
ESTAT:DS-045409(1.0),06/02/26 11:00:00,Annual,"European Union - 27 countries (AT, BE, BG, CY, CZ, DE, DK, EE, ES, FI, FR, GR, HR, HU, IE, IT, LT, LU, LV, MT, NL, PL, PT, RO, SE, SI, SK)",South Africa (incl. Namibia 'NA' -> 1989),"WOOL, FINE OR COARSE ANIMAL HAIR; HORSEHAIR YARN AND WOVEN FABRIC",EXPORT,VALUE_IN_EUROS,2003,1751078
ESTAT:DS-045409(1.0),06/02/26 11:00:00,Annual,"European Union - 27 countries (AT, BE, BG, CY, CZ, DE, DK, EE, ES, FI, FR, GR, HR, HU, IE, IT, LT, LU, LV, MT, NL, PL, PT, RO, SE, SI, SK)",South Africa (incl. Namibia 'NA' -> 1989),"WOOL, FINE OR COARSE ANIMAL HAIR; HORSEHAIR YARN AND WOVEN FABRIC",EXPORT,VALUE_IN_EUROS,2004,2092962
ESTAT:DS-045409(1.0),06/02/26 11:00:00,Annual,"European Union - 27 countries (AT, BE, BG, CY, CZ, DE, DK, EE, ES, FI, FR, GR, HR, HU, IE, IT, LT, LU, LV, MT, NL, PL, PT, RO, SE, SI, SK)",South Africa (incl. Namibia 'NA' -> 1989),"WOOL, FINE OR COARSE ANIMAL HAIR; HORSEHAIR YARN AND WOVEN FABRIC",EXPORT,VALUE_IN_EUROS,2005,1900527
ESTAT:DS-045409(1.0),06/02/26 11:00:00,Annual,"European Union - 27 countries (AT, BE, BG, CY, CZ, DE, DK, EE, ES, FI, FR, GR, HR, HU, IE, IT, LT, LU, LV, MT, NL, PL, PT, RO, SE, SI, SK)",South Africa (incl. Namibia 'NA' -> 1989),"WOOL, FINE OR COARSE ANIMAL HAIR; HORSEHAIR YARN AND WOVEN FABRIC",EXPORT,VALUE_IN_EUROS,2006,2021315
ESTAT:DS-045409(1.0),06/02/26 11:00:00,Annual,"European Union - 27 countries (AT, BE, BG, CY, CZ, DE, DK, EE, ES, FI, FR, GR, HR, HU, IE, IT, LT, LU, LV, MT, NL, PL, PT, RO, SE, SI, SK)",South Africa (incl. Namibia 'NA' -> 1989),"WOOL, FINE OR COARSE ANIMAL HAIR; HORSEHAIR YARN AND WOVEN FABRIC",EXPORT,VALUE_IN_EUROS,2007,3048020
ESTAT:DS-045409(1.0),06/02/26 11:00:00,Annual,"European Union - 27 countries (AT, BE, BG, CY, CZ, DE, DK, EE, ES, FI, FR, GR, HR, HU, IE, IT, LT, LU, LV, MT, NL, PL, PT, RO, SE, SI, SK)",South Africa (incl. Namibia 'NA' -> 1989),"WOOL, FINE OR COARSE ANIMAL HAIR; HORSEHAIR YARN AND WOVEN FABRIC",EXPORT,VALUE_IN_EUROS,2008,2560679
ESTAT:DS-045409(1.0),06/02/26 11:00:00,Annual,"European Union - 27 countries (AT, BE, BG, CY, CZ, DE, DK, EE, ES, FI, FR, GR, HR, HU, IE, IT, LT, LU, LV, MT, NL, PL, PT, RO, SE, SI, SK)",South Africa (incl. Namibia 'NA' -> 1989),"WOOL, FINE OR COARSE ANIMAL HAIR; HORSEHAIR YARN AND WOVEN FABRIC",EXPORT,VALUE_IN_EUROS,2009,1342536
ESTAT:DS-045409(1.0),06/02/26 11:00:00,Annual,"European Union - 27 countries (AT, BE, BG, CY, CZ, DE, DK, EE, ES, FI, FR, GR, HR, HU, IE, IT, LT, LU, LV, MT, NL, PL, PT, RO, SE, SI, SK)",South Africa (incl. Namibia 'NA' -> 1989),"WOOL, FINE OR COARSE ANIMAL HAIR; HORSEHAIR YARN AND WOVEN FABRIC",EXPORT,VALUE_IN_EUROS,2010,1653147
ESTAT:DS-045409(1.0),06/02/26 11:00:00,Annual,"European Union - 27 countries (AT, BE, BG, CY, CZ, DE, DK, EE, ES, FI, FR, GR, HR, HU, IE, IT, LT, LU, LV, MT, NL, PL, PT, RO, SE, SI, SK)",South Africa (incl. Namibia 'NA' -> 1989),"WOOL, FINE OR COARSE ANIMAL HAIR; HORSEHAIR YARN AND WOVEN FABRIC",EXPORT,VALUE_IN_EUROS,2011,2199015
ESTAT:DS-045409(1.0),06/02/26 11:00:00,Annual,"European Union - 27 countries (AT, BE, BG, CY, CZ, DE, DK, EE, ES, FI, FR, GR, HR, HU, IE, IT, LT, LU, LV, MT, NL, PL, PT, RO, SE, SI, SK)",South Africa (incl. Namibia 'NA' -> 1989),"WOOL, FINE OR COARSE ANIMAL HAIR; HORSEHAIR YARN AND WOVEN FABRIC",EXPORT,VALUE_IN_EUROS,2012,1503844
ESTAT:DS-045409(1.0),06/02/26 11:00:00,Annual,"European Union - 27 countries (AT, BE, BG, CY, CZ, DE, DK, EE, ES, FI, FR, GR, HR, HU, IE, IT, LT, LU, LV, MT, NL, PL, PT, RO, SE, SI, SK)",South Africa (incl. Namibia 'NA' -> 1989),"WOOL, FINE OR COARSE ANIMAL HAIR; HORSEHAIR YARN AND WOVEN FABRIC",EXPORT,VALUE_IN_EUROS,2013,1527624
ESTAT:DS-045409(1.0),06/02/26 11:00:00,Annual,"European Union - 27 countries (AT, BE, BG, CY, CZ, DE, DK, EE, ES, FI, FR, GR, HR, HU, IE, IT, LT, LU, LV, MT, NL, PL, PT, RO, SE, SI, SK)",South Africa (incl. Namibia 'NA' -> 1989),"WOOL, FINE OR COARSE ANIMAL HAIR; HORSEHAIR YARN AND WOVEN FABRIC",EXPORT,VALUE_IN_EUROS,2014,1782910
ESTAT:DS-045409(1.0),06/02/26 11:00:00,Annual,"European Union - 27 countries (AT, BE, BG, CY, CZ, DE, DK, EE, ES, FI, FR, GR, HR, HU, IE, IT, LT, LU, LV, MT, NL, PL, PT, RO, SE, SI, SK)",South Africa (incl. Namibia 'NA' -> 1989),"WOOL, FINE OR COARSE ANIMAL HAIR; HORSEHAIR YARN AND WOVEN FABRIC",EXPORT,VALUE_IN_EUROS,2015,1475917
ESTAT:DS-045409(1.0),06/02/26 11:00:00,Annual,"European Union - 27 countries (AT, BE, BG, CY, CZ, DE, DK, EE, ES, FI, FR, GR, HR, HU, IE, IT, LT, LU, LV, MT, NL, PL, PT, RO, SE, SI, SK)",South Africa (incl. Namibia 'NA' -> 1989),"WOOL, FINE OR COARSE ANIMAL HAIR; HORSEHAIR YARN AND WOVEN FABRIC",EXPORT,VALUE_IN_EUROS,2016,1514138
ESTAT:DS-045409(1.0),06/02/26 11:00:00,Annual,"European Union - 27 countries (AT, BE, BG, CY, CZ, DE, DK, EE, ES, FI, FR, GR, HR, HU, IE, IT, LT, LU, LV, MT, NL, PL, PT, RO, SE, SI, SK)",South Africa (incl. Namibia 'NA' -> 1989),"WOOL, FINE OR COARSE ANIMAL HAIR; HORSEHAIR YARN AND WOVEN FABRIC",EXPORT,VALUE_IN_EUROS,2017,1396930
ESTAT:DS-045409(1.0),06/02/26 11:00:00,Annual,"European Union - 27 countries (AT, BE, BG, CY, CZ, DE, DK, EE, ES, FI, FR, GR, HR, HU, IE, IT, LT, LU, LV, MT, NL, PL, PT, RO, SE, SI, SK)",South Africa (incl. Namibia 'NA' -> 1989),"WOOL, FINE OR COARSE ANIMAL HAIR; HORSEHAIR YARN AND WOVEN FABRIC",EXPORT,VALUE_IN_EUROS,2018,1471378
ESTAT:DS-045409(1.0),06/02/26 11:00:00,Annual,"European Union - 27 countries (AT, BE, BG, CY, CZ, DE, DK, EE, ES, FI, FR, GR, HR, HU, IE, IT, LT, LU, LV, MT, NL, PL, PT, RO, SE, SI, SK)",South Africa (incl. Namibia 'NA' -> 1989),"WOOL, FINE OR COARSE ANIMAL HAIR; HORSEHAIR YARN AND WOVEN FABRIC",EXPORT,VALUE_IN_EUROS,2019,1106224
ESTAT:DS-045409(1.0),06/02/26 11:00:00,Annual,"European Union - 27 countries (AT, BE, BG, CY, CZ, DE, DK, EE, ES, FI, FR, GR, HR, HU, IE, IT, LT, LU, LV, MT, NL, PL, PT, RO, SE, SI, SK)",South Africa (incl. Namibia 'NA' -> 1989),"WOOL, FINE OR COARSE ANIMAL HAIR; HORSEHAIR YARN AND WOVEN FABRIC",EXPORT,VALUE_IN_EUROS,2020,1691404
ESTAT:DS-045409(1.0),06/02/26 11:00:00,Annual,"European Union - 27 countries (AT, BE, BG, CY, CZ, DE, DK, EE, ES, FI, FR, GR, HR, HU, IE, IT, LT, LU, LV, MT, NL, PL, PT, RO, SE, SI, SK)",South Africa (incl. Namibia 'NA' -> 1989),"WOOL, FINE OR COARSE ANIMAL HAIR; HORSEHAIR YARN AND WOVEN FABRIC",EXPORT,VALUE_IN_EUROS,2021,2156909
ESTAT:DS-045409(1.0),06/02/26 11:00:00,Annual,"European Union - 27 countries (AT, BE, BG, CY, CZ, DE, DK, EE, ES, FI, FR, GR, HR, HU, IE, IT, LT, LU, LV, MT, NL, PL, PT, RO, SE, SI, SK)",South Africa (incl. Namibia 'NA' -> 1989),"WOOL, FINE OR COARSE ANIMAL HAIR; HORSEHAIR YARN AND WOVEN FABRIC",EXPORT,VALUE_IN_EUROS,2022,2791179
ESTAT:DS-045409(1.0),06/02/26 11:00:00,Annual,"European Union - 27 countries (AT, BE, BG, CY, CZ, DE, DK, EE, ES, FI, FR, GR, HR, HU, IE, IT, LT, LU, LV, MT, NL, PL, PT, RO, SE, SI, SK)",South Africa (incl. Namibia 'NA' -> 1989),"WOOL, FINE OR COARSE ANIMAL HAIR; HORSEHAIR YARN AND WOVEN FABRIC",EXPORT,VALUE_IN_EUROS,2023,2258111
ESTAT:DS-045409(1.0),06/02/26 11:00:00,Annual,"European Union - 27 countries (AT, BE, BG, CY, CZ, DE, DK, EE, ES, FI, FR, GR, HR, HU, IE, IT, LT, LU, LV, MT, NL, PL, PT, RO, SE, SI, SK)",South Africa (incl. Namibia 'NA' -> 1989),"WOOL, FINE OR COARSE ANIMAL HAIR; HORSEHAIR YARN AND WOVEN FABRIC",EXPORT,VALUE_IN_EUROS,2024,1555938
ESTAT:DS-045409(1.0),06/02/26 11:00:00,Annual,"European Union - 27 countries (AT, BE, BG, CY, CZ, DE, DK, EE, ES, FI, FR, GR, HR, HU, IE, IT, LT, LU, LV, MT, NL, PL, PT, RO, SE, SI, SK)",Zambia,"WOOL, FINE OR COARSE ANIMAL HAIR; HORSEHAIR YARN AND WOVEN FABRIC",EXPORT,VALUE_IN_EUROS,2001,9982
ESTAT:DS-045409(1.0),06/02/26 11:00:00,Annual,"European Union - 27 countries (AT, BE, BG, CY, CZ, DE, DK, EE, ES, FI, FR, GR, HR, HU, IE, IT, LT, LU, LV, MT, NL, PL, PT, RO, SE, SI, SK)",Zambia,"WOOL, FINE OR COARSE ANIMAL HAIR; HORSEHAIR YARN AND WOVEN FABRIC",EXPORT,VALUE_IN_EUROS,2003,1672
ESTAT:DS-045409(1.0),06/02/26 11:00:00,Annual,"European Union - 27 countries (AT, BE, BG, CY, CZ, DE, DK, EE, ES, FI, FR, GR, HR, HU, IE, IT, LT, LU, LV, MT, NL, PL, PT, RO, SE, SI, SK)",Zambia,"WOOL, FINE OR COARSE ANIMAL HAIR; HORSEHAIR YARN AND WOVEN FABRIC",EXPORT,VALUE_IN_EUROS,2009,71
ESTAT:DS-045409(1.0),06/02/26 11:00:00,Annual,"European Union - 27 countries (AT, BE, BG, CY, CZ, DE, DK, EE, ES, FI, FR, GR, HR, HU, IE, IT, LT, LU, LV, MT, NL, PL, PT, RO, SE, SI, SK)",Zambia,"WOOL, FINE OR COARSE ANIMAL HAIR; HORSEHAIR YARN AND WOVEN FABRIC",EXPORT,VALUE_IN_EUROS,2014,2500
ESTAT:DS-045409(1.0),06/02/26 11:00:00,Annual,"European Union - 27 countries (AT, BE, BG, CY, CZ, DE, DK, EE, ES, FI, FR, GR, HR, HU, IE, IT, LT, LU, LV, MT, NL, PL, PT, RO, SE, SI, SK)",Zimbabwe,"WOOL, FINE OR COARSE ANIMAL HAIR; HORSEHAIR YARN AND WOVEN FABRIC",EXPORT,VALUE_IN_EUROS,1999,108835
ESTAT:DS-045409(1.0),06/02/26 11:00:00,Annual,"European Union - 27 countries (AT, BE, BG, CY, CZ, DE, DK, EE, ES, FI, FR, GR, HR, HU, IE, IT, LT, LU, LV, MT, NL, PL, PT, RO, SE, SI, SK)",Zimbabwe,"WOOL, FINE OR COARSE ANIMAL HAIR; HORSEHAIR YARN AND WOVEN FABRIC",EXPORT,VALUE_IN_EUROS,2000,100385
ESTAT:DS-045409(1.0),06/02/26 11:00:00,Annual,"European Union - 27 countries (AT, BE, BG, CY, CZ, DE, DK, EE, ES, FI, FR, GR, HR, HU, IE, IT, LT, LU, LV, MT, NL, PL, PT, RO, SE, SI, SK)",Zimbabwe,"WOOL, FINE OR COARSE ANIMAL HAIR; HORSEHAIR YARN AND WOVEN FABRIC",EXPORT,VALUE_IN_EUROS,2001,64759
ESTAT:DS-045409(1.0),06/02/26 11:00:00,Annual,"European Union - 27 countries (AT, BE, BG, CY, CZ, DE, DK, EE, ES, FI, FR, GR, HR, HU, IE, IT, LT, LU, LV, MT, NL, PL, PT, RO, SE, SI, SK)",Zimbabwe,"WOOL, FINE OR COARSE ANIMAL HAIR; HORSEHAIR YARN AND WOVEN FABRIC",EXPORT,VALUE_IN_EUROS,2002,21451
ESTAT:DS-045409(1.0),06/02/26 11:00:00,Annual,"European Union - 27 countries (AT, BE, BG, CY, CZ, DE, DK, EE, ES, FI, FR, GR, HR, HU, IE, IT, LT, LU, LV, MT, NL, PL, PT, RO, SE, SI, SK)",Zimbabwe,"WOOL, FINE OR COARSE ANIMAL HAIR; HORSEHAIR YARN AND WOVEN FABRIC",EXPORT,VALUE_IN_EUROS,2003,46038
ESTAT:DS-045409(1.0),06/02/26 11:00:00,Annual,"European Union - 27 countries (AT, BE, BG, CY, CZ, DE, DK, EE, ES, FI, FR, GR, HR, HU, IE, IT, LT, LU, LV, MT, NL, PL, PT, RO, SE, SI, SK)",Zimbabwe,"WOOL, FINE OR COARSE ANIMAL HAIR; HORSEHAIR YARN AND WOVEN FABRIC",EXPORT,VALUE_IN_EUROS,2004,12970
ESTAT:DS-045409(1.0),06/02/26 11:00:00,Annual,"European Union - 27 countries (AT, BE, BG, CY, CZ, DE, DK, EE, ES, FI, FR, GR, HR, HU, IE, IT, LT, LU, LV, MT, NL, PL, PT, RO, SE, SI, SK)",Zimbabwe,"WOOL, FINE OR COARSE ANIMAL HAIR; HORSEHAIR YARN AND WOVEN FABRIC",EXPORT,VALUE_IN_EUROS,2005,70665
ESTAT:DS-045409(1.0),06/02/26 11:00:00,Annual,"European Union - 27 countries (AT, BE, BG, CY, CZ, DE, DK, EE, ES, FI, FR, GR, HR, HU, IE, IT, LT, LU, LV, MT, NL, PL, PT, RO, SE, SI, SK)",Zimbabwe,"WOOL, FINE OR COARSE ANIMAL HAIR; HORSEHAIR YARN AND WOVEN FABRIC",EXPORT,VALUE_IN_EUROS,2006,28201
ESTAT:DS-045409(1.0),06/02/26 11:00:00,Annual,"European Union - 27 countries (AT, BE, BG, CY, CZ, DE, DK, EE, ES, FI, FR, GR, HR, HU, IE, IT, LT, LU, LV, MT, NL, PL, PT, RO, SE, SI, SK)",Zimbabwe,"WOOL, FINE OR COARSE ANIMAL HAIR; HORSEHAIR YARN AND WOVEN FABRIC",EXPORT,VALUE_IN_EUROS,2007,16867
ESTAT:DS-045409(1.0),06/02/26 11:00:00,Annual,"European Union - 27 countries (AT, BE, BG, CY, CZ, DE, DK, EE, ES, FI, FR, GR, HR, HU, IE, IT, LT, LU, LV, MT, NL, PL, PT, RO, SE, SI, SK)",Zimbabwe,"WOOL, FINE OR COARSE ANIMAL HAIR; HORSEHAIR YARN AND WOVEN FABRIC",EXPORT,VALUE_IN_EUROS,2011,707
ESTAT:DS-045409(1.0),06/02/26 11:00:00,Annual,"European Union - 27 countries (AT, BE, BG, CY, CZ, DE, DK, EE, ES, FI, FR, GR, HR, HU, IE, IT, LT, LU, LV, MT, NL, PL, PT, RO, SE, SI, SK)",Zimbabwe,"WOOL, FINE OR COARSE ANIMAL HAIR; HORSEHAIR YARN AND WOVEN FABRIC",EXPORT,VALUE_IN_EUROS,2016,1589
ESTAT:DS-045409(1.0),06/02/26 11:00:00,Annual,"European Union - 27 countries (AT, BE, BG, CY, CZ, DE, DK, EE, ES, FI, FR, GR, HR, HU, IE, IT, LT, LU, LV, MT, NL, PL, PT, RO, SE, SI, SK)",Zimbabwe,"WOOL, FINE OR COARSE ANIMAL HAIR; HORSEHAIR YARN AND WOVEN FABRIC",EXPORT,VALUE_IN_EUROS,2024,869
