DATAFLOW,LAST UPDATE,freq,reporter,partner,product,flow,indicators,TIME_PERIOD,OBS_VALUE
ESTAT:DS-045409(1.0),06/02/26 11:00:00,Annual,"European Union - 27 countries (AT, BE, BG, CY, CZ, DE, DK, EE, ES, FI, FR, GR, HR, HU, IE, IT, LT, LU, LV, MT, NL, PL, PT, RO, SE, SI, SK)",Angola,ZINC AND ARTICLES THEREOF,EXPORT,VALUE_IN_EUROS,1999,132656
ESTAT:DS-045409(1.0),06/02/26 11:00:00,Annual,"European Union - 27 countries (AT, BE, BG, CY, CZ, DE, DK, EE, ES, FI, FR, GR, HR, HU, IE, IT, LT, LU, LV, MT, NL, PL, PT, RO, SE, SI, SK)",Angola,ZINC AND ARTICLES THEREOF,EXPORT,VALUE_IN_EUROS,2000,496259
ESTAT:DS-045409(1.0),06/02/26 11:00:00,Annual,"European Union - 27 countries (AT, BE, BG, CY, CZ, DE, DK, EE, ES, FI, FR, GR, HR, HU, IE, IT, LT, LU, LV, MT, NL, PL, PT, RO, SE, SI, SK)",Angola,ZINC AND ARTICLES THEREOF,EXPORT,VALUE_IN_EUROS,2001,482060
ESTAT:DS-045409(1.0),06/02/26 11:00:00,Annual,"European Union - 27 countries (AT, BE, BG, CY, CZ, DE, DK, EE, ES, FI, FR, GR, HR, HU, IE, IT, LT, LU, LV, MT, NL, PL, PT, RO, SE, SI, SK)",Angola,ZINC AND ARTICLES THEREOF,EXPORT,VALUE_IN_EUROS,2002,496706
ESTAT:DS-045409(1.0),06/02/26 11:00:00,Annual,"European Union - 27 countries (AT, BE, BG, CY, CZ, DE, DK, EE, ES, FI, FR, GR, HR, HU, IE, IT, LT, LU, LV, MT, NL, PL, PT, RO, SE, SI, SK)",Angola,ZINC AND ARTICLES THEREOF,EXPORT,VALUE_IN_EUROS,2003,440071
ESTAT:DS-045409(1.0),06/02/26 11:00:00,Annual,"European Union - 27 countries (AT, BE, BG, CY, CZ, DE, DK, EE, ES, FI, FR, GR, HR, HU, IE, IT, LT, LU, LV, MT, NL, PL, PT, RO, SE, SI, SK)",Angola,ZINC AND ARTICLES THEREOF,EXPORT,VALUE_IN_EUROS,2004,394032
ESTAT:DS-045409(1.0),06/02/26 11:00:00,Annual,"European Union - 27 countries (AT, BE, BG, CY, CZ, DE, DK, EE, ES, FI, FR, GR, HR, HU, IE, IT, LT, LU, LV, MT, NL, PL, PT, RO, SE, SI, SK)",Angola,ZINC AND ARTICLES THEREOF,EXPORT,VALUE_IN_EUROS,2005,383196
ESTAT:DS-045409(1.0),06/02/26 11:00:00,Annual,"European Union - 27 countries (AT, BE, BG, CY, CZ, DE, DK, EE, ES, FI, FR, GR, HR, HU, IE, IT, LT, LU, LV, MT, NL, PL, PT, RO, SE, SI, SK)",Angola,ZINC AND ARTICLES THEREOF,EXPORT,VALUE_IN_EUROS,2006,465524
ESTAT:DS-045409(1.0),06/02/26 11:00:00,Annual,"European Union - 27 countries (AT, BE, BG, CY, CZ, DE, DK, EE, ES, FI, FR, GR, HR, HU, IE, IT, LT, LU, LV, MT, NL, PL, PT, RO, SE, SI, SK)",Angola,ZINC AND ARTICLES THEREOF,EXPORT,VALUE_IN_EUROS,2007,379306
ESTAT:DS-045409(1.0),06/02/26 11:00:00,Annual,"European Union - 27 countries (AT, BE, BG, CY, CZ, DE, DK, EE, ES, FI, FR, GR, HR, HU, IE, IT, LT, LU, LV, MT, NL, PL, PT, RO, SE, SI, SK)",Angola,ZINC AND ARTICLES THEREOF,EXPORT,VALUE_IN_EUROS,2008,654702
ESTAT:DS-045409(1.0),06/02/26 11:00:00,Annual,"European Union - 27 countries (AT, BE, BG, CY, CZ, DE, DK, EE, ES, FI, FR, GR, HR, HU, IE, IT, LT, LU, LV, MT, NL, PL, PT, RO, SE, SI, SK)",Angola,ZINC AND ARTICLES THEREOF,EXPORT,VALUE_IN_EUROS,2009,759008
ESTAT:DS-045409(1.0),06/02/26 11:00:00,Annual,"European Union - 27 countries (AT, BE, BG, CY, CZ, DE, DK, EE, ES, FI, FR, GR, HR, HU, IE, IT, LT, LU, LV, MT, NL, PL, PT, RO, SE, SI, SK)",Angola,ZINC AND ARTICLES THEREOF,EXPORT,VALUE_IN_EUROS,2010,365249
ESTAT:DS-045409(1.0),06/02/26 11:00:00,Annual,"European Union - 27 countries (AT, BE, BG, CY, CZ, DE, DK, EE, ES, FI, FR, GR, HR, HU, IE, IT, LT, LU, LV, MT, NL, PL, PT, RO, SE, SI, SK)",Angola,ZINC AND ARTICLES THEREOF,EXPORT,VALUE_IN_EUROS,2011,213457
ESTAT:DS-045409(1.0),06/02/26 11:00:00,Annual,"European Union - 27 countries (AT, BE, BG, CY, CZ, DE, DK, EE, ES, FI, FR, GR, HR, HU, IE, IT, LT, LU, LV, MT, NL, PL, PT, RO, SE, SI, SK)",Angola,ZINC AND ARTICLES THEREOF,EXPORT,VALUE_IN_EUROS,2012,1261273
ESTAT:DS-045409(1.0),06/02/26 11:00:00,Annual,"European Union - 27 countries (AT, BE, BG, CY, CZ, DE, DK, EE, ES, FI, FR, GR, HR, HU, IE, IT, LT, LU, LV, MT, NL, PL, PT, RO, SE, SI, SK)",Angola,ZINC AND ARTICLES THEREOF,EXPORT,VALUE_IN_EUROS,2013,306885
ESTAT:DS-045409(1.0),06/02/26 11:00:00,Annual,"European Union - 27 countries (AT, BE, BG, CY, CZ, DE, DK, EE, ES, FI, FR, GR, HR, HU, IE, IT, LT, LU, LV, MT, NL, PL, PT, RO, SE, SI, SK)",Angola,ZINC AND ARTICLES THEREOF,EXPORT,VALUE_IN_EUROS,2014,284026
ESTAT:DS-045409(1.0),06/02/26 11:00:00,Annual,"European Union - 27 countries (AT, BE, BG, CY, CZ, DE, DK, EE, ES, FI, FR, GR, HR, HU, IE, IT, LT, LU, LV, MT, NL, PL, PT, RO, SE, SI, SK)",Angola,ZINC AND ARTICLES THEREOF,EXPORT,VALUE_IN_EUROS,2015,263443
ESTAT:DS-045409(1.0),06/02/26 11:00:00,Annual,"European Union - 27 countries (AT, BE, BG, CY, CZ, DE, DK, EE, ES, FI, FR, GR, HR, HU, IE, IT, LT, LU, LV, MT, NL, PL, PT, RO, SE, SI, SK)",Angola,ZINC AND ARTICLES THEREOF,EXPORT,VALUE_IN_EUROS,2016,81184
ESTAT:DS-045409(1.0),06/02/26 11:00:00,Annual,"European Union - 27 countries (AT, BE, BG, CY, CZ, DE, DK, EE, ES, FI, FR, GR, HR, HU, IE, IT, LT, LU, LV, MT, NL, PL, PT, RO, SE, SI, SK)",Angola,ZINC AND ARTICLES THEREOF,EXPORT,VALUE_IN_EUROS,2017,162405
ESTAT:DS-045409(1.0),06/02/26 11:00:00,Annual,"European Union - 27 countries (AT, BE, BG, CY, CZ, DE, DK, EE, ES, FI, FR, GR, HR, HU, IE, IT, LT, LU, LV, MT, NL, PL, PT, RO, SE, SI, SK)",Angola,ZINC AND ARTICLES THEREOF,EXPORT,VALUE_IN_EUROS,2018,298210
ESTAT:DS-045409(1.0),06/02/26 11:00:00,Annual,"European Union - 27 countries (AT, BE, BG, CY, CZ, DE, DK, EE, ES, FI, FR, GR, HR, HU, IE, IT, LT, LU, LV, MT, NL, PL, PT, RO, SE, SI, SK)",Angola,ZINC AND ARTICLES THEREOF,EXPORT,VALUE_IN_EUROS,2019,70616
ESTAT:DS-045409(1.0),06/02/26 11:00:00,Annual,"European Union - 27 countries (AT, BE, BG, CY, CZ, DE, DK, EE, ES, FI, FR, GR, HR, HU, IE, IT, LT, LU, LV, MT, NL, PL, PT, RO, SE, SI, SK)",Angola,ZINC AND ARTICLES THEREOF,EXPORT,VALUE_IN_EUROS,2020,577923
ESTAT:DS-045409(1.0),06/02/26 11:00:00,Annual,"European Union - 27 countries (AT, BE, BG, CY, CZ, DE, DK, EE, ES, FI, FR, GR, HR, HU, IE, IT, LT, LU, LV, MT, NL, PL, PT, RO, SE, SI, SK)",Angola,ZINC AND ARTICLES THEREOF,EXPORT,VALUE_IN_EUROS,2021,194416
ESTAT:DS-045409(1.0),06/02/26 11:00:00,Annual,"European Union - 27 countries (AT, BE, BG, CY, CZ, DE, DK, EE, ES, FI, FR, GR, HR, HU, IE, IT, LT, LU, LV, MT, NL, PL, PT, RO, SE, SI, SK)",Angola,ZINC AND ARTICLES THEREOF,EXPORT,VALUE_IN_EUROS,2022,343372
ESTAT:DS-045409(1.0),06/02/26 11:00:00,Annual,"European Union - 27 countries (AT, BE, BG, CY, CZ, DE, DK, EE, ES, FI, FR, GR, HR, HU, IE, IT, LT, LU, LV, MT, NL, PL, PT, RO, SE, SI, SK)",Angola,ZINC AND ARTICLES THEREOF,EXPORT,VALUE_IN_EUROS,2023,589843
ESTAT:DS-045409(1.0),06/02/26 11:00:00,Annual,"European Union - 27 countries (AT, BE, BG, CY, CZ, DE, DK, EE, ES, FI, FR, GR, HR, HU, IE, IT, LT, LU, LV, MT, NL, PL, PT, RO, SE, SI, SK)",Angola,ZINC AND ARTICLES THEREOF,EXPORT,VALUE_IN_EUROS,2024,189660
ESTAT:DS-045409(1.0),06/02/26 11:00:00,Annual,"European Union - 27 countries (AT, BE, BG, CY, CZ, DE, DK, EE, ES, FI, FR, GR, HR, HU, IE, IT, LT, LU, LV, MT, NL, PL, PT, RO, SE, SI, SK)",Burkina Faso,ZINC AND ARTICLES THEREOF,EXPORT,VALUE_IN_EUROS,1999,366476
ESTAT:DS-045409(1.0),06/02/26 11:00:00,Annual,"European Union - 27 countries (AT, BE, BG, CY, CZ, DE, DK, EE, ES, FI, FR, GR, HR, HU, IE, IT, LT, LU, LV, MT, NL, PL, PT, RO, SE, SI, SK)",Burkina Faso,ZINC AND ARTICLES THEREOF,EXPORT,VALUE_IN_EUROS,2000,128642
ESTAT:DS-045409(1.0),06/02/26 11:00:00,Annual,"European Union - 27 countries (AT, BE, BG, CY, CZ, DE, DK, EE, ES, FI, FR, GR, HR, HU, IE, IT, LT, LU, LV, MT, NL, PL, PT, RO, SE, SI, SK)",Burkina Faso,ZINC AND ARTICLES THEREOF,EXPORT,VALUE_IN_EUROS,2001,453960
ESTAT:DS-045409(1.0),06/02/26 11:00:00,Annual,"European Union - 27 countries (AT, BE, BG, CY, CZ, DE, DK, EE, ES, FI, FR, GR, HR, HU, IE, IT, LT, LU, LV, MT, NL, PL, PT, RO, SE, SI, SK)",Burkina Faso,ZINC AND ARTICLES THEREOF,EXPORT,VALUE_IN_EUROS,2002,29717
ESTAT:DS-045409(1.0),06/02/26 11:00:00,Annual,"European Union - 27 countries (AT, BE, BG, CY, CZ, DE, DK, EE, ES, FI, FR, GR, HR, HU, IE, IT, LT, LU, LV, MT, NL, PL, PT, RO, SE, SI, SK)",Burkina Faso,ZINC AND ARTICLES THEREOF,EXPORT,VALUE_IN_EUROS,2003,60391
ESTAT:DS-045409(1.0),06/02/26 11:00:00,Annual,"European Union - 27 countries (AT, BE, BG, CY, CZ, DE, DK, EE, ES, FI, FR, GR, HR, HU, IE, IT, LT, LU, LV, MT, NL, PL, PT, RO, SE, SI, SK)",Burkina Faso,ZINC AND ARTICLES THEREOF,EXPORT,VALUE_IN_EUROS,2004,2761
ESTAT:DS-045409(1.0),06/02/26 11:00:00,Annual,"European Union - 27 countries (AT, BE, BG, CY, CZ, DE, DK, EE, ES, FI, FR, GR, HR, HU, IE, IT, LT, LU, LV, MT, NL, PL, PT, RO, SE, SI, SK)",Burkina Faso,ZINC AND ARTICLES THEREOF,EXPORT,VALUE_IN_EUROS,2006,5581
ESTAT:DS-045409(1.0),06/02/26 11:00:00,Annual,"European Union - 27 countries (AT, BE, BG, CY, CZ, DE, DK, EE, ES, FI, FR, GR, HR, HU, IE, IT, LT, LU, LV, MT, NL, PL, PT, RO, SE, SI, SK)",Burkina Faso,ZINC AND ARTICLES THEREOF,EXPORT,VALUE_IN_EUROS,2010,5775
ESTAT:DS-045409(1.0),06/02/26 11:00:00,Annual,"European Union - 27 countries (AT, BE, BG, CY, CZ, DE, DK, EE, ES, FI, FR, GR, HR, HU, IE, IT, LT, LU, LV, MT, NL, PL, PT, RO, SE, SI, SK)",Burkina Faso,ZINC AND ARTICLES THEREOF,EXPORT,VALUE_IN_EUROS,2012,1529
ESTAT:DS-045409(1.0),06/02/26 11:00:00,Annual,"European Union - 27 countries (AT, BE, BG, CY, CZ, DE, DK, EE, ES, FI, FR, GR, HR, HU, IE, IT, LT, LU, LV, MT, NL, PL, PT, RO, SE, SI, SK)",Burkina Faso,ZINC AND ARTICLES THEREOF,EXPORT,VALUE_IN_EUROS,2013,274
ESTAT:DS-045409(1.0),06/02/26 11:00:00,Annual,"European Union - 27 countries (AT, BE, BG, CY, CZ, DE, DK, EE, ES, FI, FR, GR, HR, HU, IE, IT, LT, LU, LV, MT, NL, PL, PT, RO, SE, SI, SK)",Burkina Faso,ZINC AND ARTICLES THEREOF,EXPORT,VALUE_IN_EUROS,2014,2308
ESTAT:DS-045409(1.0),06/02/26 11:00:00,Annual,"European Union - 27 countries (AT, BE, BG, CY, CZ, DE, DK, EE, ES, FI, FR, GR, HR, HU, IE, IT, LT, LU, LV, MT, NL, PL, PT, RO, SE, SI, SK)",Burkina Faso,ZINC AND ARTICLES THEREOF,EXPORT,VALUE_IN_EUROS,2015,39
ESTAT:DS-045409(1.0),06/02/26 11:00:00,Annual,"European Union - 27 countries (AT, BE, BG, CY, CZ, DE, DK, EE, ES, FI, FR, GR, HR, HU, IE, IT, LT, LU, LV, MT, NL, PL, PT, RO, SE, SI, SK)",Burkina Faso,ZINC AND ARTICLES THEREOF,EXPORT,VALUE_IN_EUROS,2016,3664
ESTAT:DS-045409(1.0),06/02/26 11:00:00,Annual,"European Union - 27 countries (AT, BE, BG, CY, CZ, DE, DK, EE, ES, FI, FR, GR, HR, HU, IE, IT, LT, LU, LV, MT, NL, PL, PT, RO, SE, SI, SK)",Burkina Faso,ZINC AND ARTICLES THEREOF,EXPORT,VALUE_IN_EUROS,2017,7296
ESTAT:DS-045409(1.0),06/02/26 11:00:00,Annual,"European Union - 27 countries (AT, BE, BG, CY, CZ, DE, DK, EE, ES, FI, FR, GR, HR, HU, IE, IT, LT, LU, LV, MT, NL, PL, PT, RO, SE, SI, SK)",Burkina Faso,ZINC AND ARTICLES THEREOF,EXPORT,VALUE_IN_EUROS,2018,36
ESTAT:DS-045409(1.0),06/02/26 11:00:00,Annual,"European Union - 27 countries (AT, BE, BG, CY, CZ, DE, DK, EE, ES, FI, FR, GR, HR, HU, IE, IT, LT, LU, LV, MT, NL, PL, PT, RO, SE, SI, SK)",Burkina Faso,ZINC AND ARTICLES THEREOF,EXPORT,VALUE_IN_EUROS,2019,86
ESTAT:DS-045409(1.0),06/02/26 11:00:00,Annual,"European Union - 27 countries (AT, BE, BG, CY, CZ, DE, DK, EE, ES, FI, FR, GR, HR, HU, IE, IT, LT, LU, LV, MT, NL, PL, PT, RO, SE, SI, SK)",Burkina Faso,ZINC AND ARTICLES THEREOF,EXPORT,VALUE_IN_EUROS,2020,37
ESTAT:DS-045409(1.0),06/02/26 11:00:00,Annual,"European Union - 27 countries (AT, BE, BG, CY, CZ, DE, DK, EE, ES, FI, FR, GR, HR, HU, IE, IT, LT, LU, LV, MT, NL, PL, PT, RO, SE, SI, SK)",Burkina Faso,ZINC AND ARTICLES THEREOF,EXPORT,VALUE_IN_EUROS,2021,273537
ESTAT:DS-045409(1.0),06/02/26 11:00:00,Annual,"European Union - 27 countries (AT, BE, BG, CY, CZ, DE, DK, EE, ES, FI, FR, GR, HR, HU, IE, IT, LT, LU, LV, MT, NL, PL, PT, RO, SE, SI, SK)",Burkina Faso,ZINC AND ARTICLES THEREOF,EXPORT,VALUE_IN_EUROS,2022,230743
ESTAT:DS-045409(1.0),06/02/26 11:00:00,Annual,"European Union - 27 countries (AT, BE, BG, CY, CZ, DE, DK, EE, ES, FI, FR, GR, HR, HU, IE, IT, LT, LU, LV, MT, NL, PL, PT, RO, SE, SI, SK)",Burkina Faso,ZINC AND ARTICLES THEREOF,EXPORT,VALUE_IN_EUROS,2023,453
ESTAT:DS-045409(1.0),06/02/26 11:00:00,Annual,"European Union - 27 countries (AT, BE, BG, CY, CZ, DE, DK, EE, ES, FI, FR, GR, HR, HU, IE, IT, LT, LU, LV, MT, NL, PL, PT, RO, SE, SI, SK)",Burkina Faso,ZINC AND ARTICLES THEREOF,EXPORT,VALUE_IN_EUROS,2024,444
ESTAT:DS-045409(1.0),06/02/26 11:00:00,Annual,"European Union - 27 countries (AT, BE, BG, CY, CZ, DE, DK, EE, ES, FI, FR, GR, HR, HU, IE, IT, LT, LU, LV, MT, NL, PL, PT, RO, SE, SI, SK)",Burundi,ZINC AND ARTICLES THEREOF,EXPORT,VALUE_IN_EUROS,2000,4385
ESTAT:DS-045409(1.0),06/02/26 11:00:00,Annual,"European Union - 27 countries (AT, BE, BG, CY, CZ, DE, DK, EE, ES, FI, FR, GR, HR, HU, IE, IT, LT, LU, LV, MT, NL, PL, PT, RO, SE, SI, SK)",Burundi,ZINC AND ARTICLES THEREOF,EXPORT,VALUE_IN_EUROS,2003,1998
ESTAT:DS-045409(1.0),06/02/26 11:00:00,Annual,"European Union - 27 countries (AT, BE, BG, CY, CZ, DE, DK, EE, ES, FI, FR, GR, HR, HU, IE, IT, LT, LU, LV, MT, NL, PL, PT, RO, SE, SI, SK)",Burundi,ZINC AND ARTICLES THEREOF,EXPORT,VALUE_IN_EUROS,2005,9802
ESTAT:DS-045409(1.0),06/02/26 11:00:00,Annual,"European Union - 27 countries (AT, BE, BG, CY, CZ, DE, DK, EE, ES, FI, FR, GR, HR, HU, IE, IT, LT, LU, LV, MT, NL, PL, PT, RO, SE, SI, SK)",Burundi,ZINC AND ARTICLES THEREOF,EXPORT,VALUE_IN_EUROS,2007,3726
ESTAT:DS-045409(1.0),06/02/26 11:00:00,Annual,"European Union - 27 countries (AT, BE, BG, CY, CZ, DE, DK, EE, ES, FI, FR, GR, HR, HU, IE, IT, LT, LU, LV, MT, NL, PL, PT, RO, SE, SI, SK)",Burundi,ZINC AND ARTICLES THEREOF,EXPORT,VALUE_IN_EUROS,2008,6578
ESTAT:DS-045409(1.0),06/02/26 11:00:00,Annual,"European Union - 27 countries (AT, BE, BG, CY, CZ, DE, DK, EE, ES, FI, FR, GR, HR, HU, IE, IT, LT, LU, LV, MT, NL, PL, PT, RO, SE, SI, SK)",Burundi,ZINC AND ARTICLES THEREOF,EXPORT,VALUE_IN_EUROS,2009,3908
ESTAT:DS-045409(1.0),06/02/26 11:00:00,Annual,"European Union - 27 countries (AT, BE, BG, CY, CZ, DE, DK, EE, ES, FI, FR, GR, HR, HU, IE, IT, LT, LU, LV, MT, NL, PL, PT, RO, SE, SI, SK)",Burundi,ZINC AND ARTICLES THEREOF,EXPORT,VALUE_IN_EUROS,2010,3851
ESTAT:DS-045409(1.0),06/02/26 11:00:00,Annual,"European Union - 27 countries (AT, BE, BG, CY, CZ, DE, DK, EE, ES, FI, FR, GR, HR, HU, IE, IT, LT, LU, LV, MT, NL, PL, PT, RO, SE, SI, SK)",Burundi,ZINC AND ARTICLES THEREOF,EXPORT,VALUE_IN_EUROS,2011,3800
ESTAT:DS-045409(1.0),06/02/26 11:00:00,Annual,"European Union - 27 countries (AT, BE, BG, CY, CZ, DE, DK, EE, ES, FI, FR, GR, HR, HU, IE, IT, LT, LU, LV, MT, NL, PL, PT, RO, SE, SI, SK)",Burundi,ZINC AND ARTICLES THEREOF,EXPORT,VALUE_IN_EUROS,2013,956
ESTAT:DS-045409(1.0),06/02/26 11:00:00,Annual,"European Union - 27 countries (AT, BE, BG, CY, CZ, DE, DK, EE, ES, FI, FR, GR, HR, HU, IE, IT, LT, LU, LV, MT, NL, PL, PT, RO, SE, SI, SK)",Burundi,ZINC AND ARTICLES THEREOF,EXPORT,VALUE_IN_EUROS,2014,9356
ESTAT:DS-045409(1.0),06/02/26 11:00:00,Annual,"European Union - 27 countries (AT, BE, BG, CY, CZ, DE, DK, EE, ES, FI, FR, GR, HR, HU, IE, IT, LT, LU, LV, MT, NL, PL, PT, RO, SE, SI, SK)",Burundi,ZINC AND ARTICLES THEREOF,EXPORT,VALUE_IN_EUROS,2015,3831
ESTAT:DS-045409(1.0),06/02/26 11:00:00,Annual,"European Union - 27 countries (AT, BE, BG, CY, CZ, DE, DK, EE, ES, FI, FR, GR, HR, HU, IE, IT, LT, LU, LV, MT, NL, PL, PT, RO, SE, SI, SK)",Burundi,ZINC AND ARTICLES THEREOF,EXPORT,VALUE_IN_EUROS,2017,1295
ESTAT:DS-045409(1.0),06/02/26 11:00:00,Annual,"European Union - 27 countries (AT, BE, BG, CY, CZ, DE, DK, EE, ES, FI, FR, GR, HR, HU, IE, IT, LT, LU, LV, MT, NL, PL, PT, RO, SE, SI, SK)",Burundi,ZINC AND ARTICLES THEREOF,EXPORT,VALUE_IN_EUROS,2018,210
ESTAT:DS-045409(1.0),06/02/26 11:00:00,Annual,"European Union - 27 countries (AT, BE, BG, CY, CZ, DE, DK, EE, ES, FI, FR, GR, HR, HU, IE, IT, LT, LU, LV, MT, NL, PL, PT, RO, SE, SI, SK)",Burundi,ZINC AND ARTICLES THEREOF,EXPORT,VALUE_IN_EUROS,2019,106
ESTAT:DS-045409(1.0),06/02/26 11:00:00,Annual,"European Union - 27 countries (AT, BE, BG, CY, CZ, DE, DK, EE, ES, FI, FR, GR, HR, HU, IE, IT, LT, LU, LV, MT, NL, PL, PT, RO, SE, SI, SK)",Burundi,ZINC AND ARTICLES THEREOF,EXPORT,VALUE_IN_EUROS,2020,36
ESTAT:DS-045409(1.0),06/02/26 11:00:00,Annual,"European Union - 27 countries (AT, BE, BG, CY, CZ, DE, DK, EE, ES, FI, FR, GR, HR, HU, IE, IT, LT, LU, LV, MT, NL, PL, PT, RO, SE, SI, SK)",Burundi,ZINC AND ARTICLES THEREOF,EXPORT,VALUE_IN_EUROS,2021,30
ESTAT:DS-045409(1.0),06/02/26 11:00:00,Annual,"European Union - 27 countries (AT, BE, BG, CY, CZ, DE, DK, EE, ES, FI, FR, GR, HR, HU, IE, IT, LT, LU, LV, MT, NL, PL, PT, RO, SE, SI, SK)",Burundi,ZINC AND ARTICLES THEREOF,EXPORT,VALUE_IN_EUROS,2024,1700
ESTAT:DS-045409(1.0),06/02/26 11:00:00,Annual,"European Union - 27 countries (AT, BE, BG, CY, CZ, DE, DK, EE, ES, FI, FR, GR, HR, HU, IE, IT, LT, LU, LV, MT, NL, PL, PT, RO, SE, SI, SK)",Benin,ZINC AND ARTICLES THEREOF,EXPORT,VALUE_IN_EUROS,1999,5531
ESTAT:DS-045409(1.0),06/02/26 11:00:00,Annual,"European Union - 27 countries (AT, BE, BG, CY, CZ, DE, DK, EE, ES, FI, FR, GR, HR, HU, IE, IT, LT, LU, LV, MT, NL, PL, PT, RO, SE, SI, SK)",Benin,ZINC AND ARTICLES THEREOF,EXPORT,VALUE_IN_EUROS,2000,4264
ESTAT:DS-045409(1.0),06/02/26 11:00:00,Annual,"European Union - 27 countries (AT, BE, BG, CY, CZ, DE, DK, EE, ES, FI, FR, GR, HR, HU, IE, IT, LT, LU, LV, MT, NL, PL, PT, RO, SE, SI, SK)",Benin,ZINC AND ARTICLES THEREOF,EXPORT,VALUE_IN_EUROS,2001,10417
ESTAT:DS-045409(1.0),06/02/26 11:00:00,Annual,"European Union - 27 countries (AT, BE, BG, CY, CZ, DE, DK, EE, ES, FI, FR, GR, HR, HU, IE, IT, LT, LU, LV, MT, NL, PL, PT, RO, SE, SI, SK)",Benin,ZINC AND ARTICLES THEREOF,EXPORT,VALUE_IN_EUROS,2002,11585
ESTAT:DS-045409(1.0),06/02/26 11:00:00,Annual,"European Union - 27 countries (AT, BE, BG, CY, CZ, DE, DK, EE, ES, FI, FR, GR, HR, HU, IE, IT, LT, LU, LV, MT, NL, PL, PT, RO, SE, SI, SK)",Benin,ZINC AND ARTICLES THEREOF,EXPORT,VALUE_IN_EUROS,2004,22412
ESTAT:DS-045409(1.0),06/02/26 11:00:00,Annual,"European Union - 27 countries (AT, BE, BG, CY, CZ, DE, DK, EE, ES, FI, FR, GR, HR, HU, IE, IT, LT, LU, LV, MT, NL, PL, PT, RO, SE, SI, SK)",Benin,ZINC AND ARTICLES THEREOF,EXPORT,VALUE_IN_EUROS,2006,12954
ESTAT:DS-045409(1.0),06/02/26 11:00:00,Annual,"European Union - 27 countries (AT, BE, BG, CY, CZ, DE, DK, EE, ES, FI, FR, GR, HR, HU, IE, IT, LT, LU, LV, MT, NL, PL, PT, RO, SE, SI, SK)",Benin,ZINC AND ARTICLES THEREOF,EXPORT,VALUE_IN_EUROS,2008,5621
ESTAT:DS-045409(1.0),06/02/26 11:00:00,Annual,"European Union - 27 countries (AT, BE, BG, CY, CZ, DE, DK, EE, ES, FI, FR, GR, HR, HU, IE, IT, LT, LU, LV, MT, NL, PL, PT, RO, SE, SI, SK)",Benin,ZINC AND ARTICLES THEREOF,EXPORT,VALUE_IN_EUROS,2009,6409
ESTAT:DS-045409(1.0),06/02/26 11:00:00,Annual,"European Union - 27 countries (AT, BE, BG, CY, CZ, DE, DK, EE, ES, FI, FR, GR, HR, HU, IE, IT, LT, LU, LV, MT, NL, PL, PT, RO, SE, SI, SK)",Benin,ZINC AND ARTICLES THEREOF,EXPORT,VALUE_IN_EUROS,2010,258
ESTAT:DS-045409(1.0),06/02/26 11:00:00,Annual,"European Union - 27 countries (AT, BE, BG, CY, CZ, DE, DK, EE, ES, FI, FR, GR, HR, HU, IE, IT, LT, LU, LV, MT, NL, PL, PT, RO, SE, SI, SK)",Benin,ZINC AND ARTICLES THEREOF,EXPORT,VALUE_IN_EUROS,2011,3315
ESTAT:DS-045409(1.0),06/02/26 11:00:00,Annual,"European Union - 27 countries (AT, BE, BG, CY, CZ, DE, DK, EE, ES, FI, FR, GR, HR, HU, IE, IT, LT, LU, LV, MT, NL, PL, PT, RO, SE, SI, SK)",Benin,ZINC AND ARTICLES THEREOF,EXPORT,VALUE_IN_EUROS,2012,2091
ESTAT:DS-045409(1.0),06/02/26 11:00:00,Annual,"European Union - 27 countries (AT, BE, BG, CY, CZ, DE, DK, EE, ES, FI, FR, GR, HR, HU, IE, IT, LT, LU, LV, MT, NL, PL, PT, RO, SE, SI, SK)",Benin,ZINC AND ARTICLES THEREOF,EXPORT,VALUE_IN_EUROS,2013,312
ESTAT:DS-045409(1.0),06/02/26 11:00:00,Annual,"European Union - 27 countries (AT, BE, BG, CY, CZ, DE, DK, EE, ES, FI, FR, GR, HR, HU, IE, IT, LT, LU, LV, MT, NL, PL, PT, RO, SE, SI, SK)",Benin,ZINC AND ARTICLES THEREOF,EXPORT,VALUE_IN_EUROS,2014,4084
ESTAT:DS-045409(1.0),06/02/26 11:00:00,Annual,"European Union - 27 countries (AT, BE, BG, CY, CZ, DE, DK, EE, ES, FI, FR, GR, HR, HU, IE, IT, LT, LU, LV, MT, NL, PL, PT, RO, SE, SI, SK)",Benin,ZINC AND ARTICLES THEREOF,EXPORT,VALUE_IN_EUROS,2015,13214
ESTAT:DS-045409(1.0),06/02/26 11:00:00,Annual,"European Union - 27 countries (AT, BE, BG, CY, CZ, DE, DK, EE, ES, FI, FR, GR, HR, HU, IE, IT, LT, LU, LV, MT, NL, PL, PT, RO, SE, SI, SK)",Benin,ZINC AND ARTICLES THEREOF,EXPORT,VALUE_IN_EUROS,2016,2870
ESTAT:DS-045409(1.0),06/02/26 11:00:00,Annual,"European Union - 27 countries (AT, BE, BG, CY, CZ, DE, DK, EE, ES, FI, FR, GR, HR, HU, IE, IT, LT, LU, LV, MT, NL, PL, PT, RO, SE, SI, SK)",Benin,ZINC AND ARTICLES THEREOF,EXPORT,VALUE_IN_EUROS,2017,2782
ESTAT:DS-045409(1.0),06/02/26 11:00:00,Annual,"European Union - 27 countries (AT, BE, BG, CY, CZ, DE, DK, EE, ES, FI, FR, GR, HR, HU, IE, IT, LT, LU, LV, MT, NL, PL, PT, RO, SE, SI, SK)",Benin,ZINC AND ARTICLES THEREOF,EXPORT,VALUE_IN_EUROS,2018,9496
ESTAT:DS-045409(1.0),06/02/26 11:00:00,Annual,"European Union - 27 countries (AT, BE, BG, CY, CZ, DE, DK, EE, ES, FI, FR, GR, HR, HU, IE, IT, LT, LU, LV, MT, NL, PL, PT, RO, SE, SI, SK)",Benin,ZINC AND ARTICLES THEREOF,EXPORT,VALUE_IN_EUROS,2019,6538
ESTAT:DS-045409(1.0),06/02/26 11:00:00,Annual,"European Union - 27 countries (AT, BE, BG, CY, CZ, DE, DK, EE, ES, FI, FR, GR, HR, HU, IE, IT, LT, LU, LV, MT, NL, PL, PT, RO, SE, SI, SK)",Benin,ZINC AND ARTICLES THEREOF,EXPORT,VALUE_IN_EUROS,2020,19987
ESTAT:DS-045409(1.0),06/02/26 11:00:00,Annual,"European Union - 27 countries (AT, BE, BG, CY, CZ, DE, DK, EE, ES, FI, FR, GR, HR, HU, IE, IT, LT, LU, LV, MT, NL, PL, PT, RO, SE, SI, SK)",Benin,ZINC AND ARTICLES THEREOF,EXPORT,VALUE_IN_EUROS,2021,35751
ESTAT:DS-045409(1.0),06/02/26 11:00:00,Annual,"European Union - 27 countries (AT, BE, BG, CY, CZ, DE, DK, EE, ES, FI, FR, GR, HR, HU, IE, IT, LT, LU, LV, MT, NL, PL, PT, RO, SE, SI, SK)",Benin,ZINC AND ARTICLES THEREOF,EXPORT,VALUE_IN_EUROS,2022,212
ESTAT:DS-045409(1.0),06/02/26 11:00:00,Annual,"European Union - 27 countries (AT, BE, BG, CY, CZ, DE, DK, EE, ES, FI, FR, GR, HR, HU, IE, IT, LT, LU, LV, MT, NL, PL, PT, RO, SE, SI, SK)",Benin,ZINC AND ARTICLES THEREOF,EXPORT,VALUE_IN_EUROS,2023,50106
ESTAT:DS-045409(1.0),06/02/26 11:00:00,Annual,"European Union - 27 countries (AT, BE, BG, CY, CZ, DE, DK, EE, ES, FI, FR, GR, HR, HU, IE, IT, LT, LU, LV, MT, NL, PL, PT, RO, SE, SI, SK)",Benin,ZINC AND ARTICLES THEREOF,EXPORT,VALUE_IN_EUROS,2024,4687
ESTAT:DS-045409(1.0),06/02/26 11:00:00,Annual,"European Union - 27 countries (AT, BE, BG, CY, CZ, DE, DK, EE, ES, FI, FR, GR, HR, HU, IE, IT, LT, LU, LV, MT, NL, PL, PT, RO, SE, SI, SK)",Botswana,ZINC AND ARTICLES THEREOF,EXPORT,VALUE_IN_EUROS,1999,5419
ESTAT:DS-045409(1.0),06/02/26 11:00:00,Annual,"European Union - 27 countries (AT, BE, BG, CY, CZ, DE, DK, EE, ES, FI, FR, GR, HR, HU, IE, IT, LT, LU, LV, MT, NL, PL, PT, RO, SE, SI, SK)",Botswana,ZINC AND ARTICLES THEREOF,EXPORT,VALUE_IN_EUROS,2002,6378
ESTAT:DS-045409(1.0),06/02/26 11:00:00,Annual,"European Union - 27 countries (AT, BE, BG, CY, CZ, DE, DK, EE, ES, FI, FR, GR, HR, HU, IE, IT, LT, LU, LV, MT, NL, PL, PT, RO, SE, SI, SK)",Botswana,ZINC AND ARTICLES THEREOF,EXPORT,VALUE_IN_EUROS,2007,1895
ESTAT:DS-045409(1.0),06/02/26 11:00:00,Annual,"European Union - 27 countries (AT, BE, BG, CY, CZ, DE, DK, EE, ES, FI, FR, GR, HR, HU, IE, IT, LT, LU, LV, MT, NL, PL, PT, RO, SE, SI, SK)",Botswana,ZINC AND ARTICLES THEREOF,EXPORT,VALUE_IN_EUROS,2012,73
ESTAT:DS-045409(1.0),06/02/26 11:00:00,Annual,"European Union - 27 countries (AT, BE, BG, CY, CZ, DE, DK, EE, ES, FI, FR, GR, HR, HU, IE, IT, LT, LU, LV, MT, NL, PL, PT, RO, SE, SI, SK)",Botswana,ZINC AND ARTICLES THEREOF,EXPORT,VALUE_IN_EUROS,2013,936
ESTAT:DS-045409(1.0),06/02/26 11:00:00,Annual,"European Union - 27 countries (AT, BE, BG, CY, CZ, DE, DK, EE, ES, FI, FR, GR, HR, HU, IE, IT, LT, LU, LV, MT, NL, PL, PT, RO, SE, SI, SK)",Botswana,ZINC AND ARTICLES THEREOF,EXPORT,VALUE_IN_EUROS,2019,1009
ESTAT:DS-045409(1.0),06/02/26 11:00:00,Annual,"European Union - 27 countries (AT, BE, BG, CY, CZ, DE, DK, EE, ES, FI, FR, GR, HR, HU, IE, IT, LT, LU, LV, MT, NL, PL, PT, RO, SE, SI, SK)",Botswana,ZINC AND ARTICLES THEREOF,EXPORT,VALUE_IN_EUROS,2020,145
ESTAT:DS-045409(1.0),06/02/26 11:00:00,Annual,"European Union - 27 countries (AT, BE, BG, CY, CZ, DE, DK, EE, ES, FI, FR, GR, HR, HU, IE, IT, LT, LU, LV, MT, NL, PL, PT, RO, SE, SI, SK)",Botswana,ZINC AND ARTICLES THEREOF,EXPORT,VALUE_IN_EUROS,2021,58
ESTAT:DS-045409(1.0),06/02/26 11:00:00,Annual,"European Union - 27 countries (AT, BE, BG, CY, CZ, DE, DK, EE, ES, FI, FR, GR, HR, HU, IE, IT, LT, LU, LV, MT, NL, PL, PT, RO, SE, SI, SK)",Botswana,ZINC AND ARTICLES THEREOF,EXPORT,VALUE_IN_EUROS,2023,93
ESTAT:DS-045409(1.0),06/02/26 11:00:00,Annual,"European Union - 27 countries (AT, BE, BG, CY, CZ, DE, DK, EE, ES, FI, FR, GR, HR, HU, IE, IT, LT, LU, LV, MT, NL, PL, PT, RO, SE, SI, SK)","Congo, Democratic Republic of",ZINC AND ARTICLES THEREOF,EXPORT,VALUE_IN_EUROS,1999,22513
ESTAT:DS-045409(1.0),06/02/26 11:00:00,Annual,"European Union - 27 countries (AT, BE, BG, CY, CZ, DE, DK, EE, ES, FI, FR, GR, HR, HU, IE, IT, LT, LU, LV, MT, NL, PL, PT, RO, SE, SI, SK)","Congo, Democratic Republic of",ZINC AND ARTICLES THEREOF,EXPORT,VALUE_IN_EUROS,2001,6791
ESTAT:DS-045409(1.0),06/02/26 11:00:00,Annual,"European Union - 27 countries (AT, BE, BG, CY, CZ, DE, DK, EE, ES, FI, FR, GR, HR, HU, IE, IT, LT, LU, LV, MT, NL, PL, PT, RO, SE, SI, SK)","Congo, Democratic Republic of",ZINC AND ARTICLES THEREOF,EXPORT,VALUE_IN_EUROS,2002,6450
ESTAT:DS-045409(1.0),06/02/26 11:00:00,Annual,"European Union - 27 countries (AT, BE, BG, CY, CZ, DE, DK, EE, ES, FI, FR, GR, HR, HU, IE, IT, LT, LU, LV, MT, NL, PL, PT, RO, SE, SI, SK)","Congo, Democratic Republic of",ZINC AND ARTICLES THEREOF,EXPORT,VALUE_IN_EUROS,2005,9695
ESTAT:DS-045409(1.0),06/02/26 11:00:00,Annual,"European Union - 27 countries (AT, BE, BG, CY, CZ, DE, DK, EE, ES, FI, FR, GR, HR, HU, IE, IT, LT, LU, LV, MT, NL, PL, PT, RO, SE, SI, SK)","Congo, Democratic Republic of",ZINC AND ARTICLES THEREOF,EXPORT,VALUE_IN_EUROS,2006,850
ESTAT:DS-045409(1.0),06/02/26 11:00:00,Annual,"European Union - 27 countries (AT, BE, BG, CY, CZ, DE, DK, EE, ES, FI, FR, GR, HR, HU, IE, IT, LT, LU, LV, MT, NL, PL, PT, RO, SE, SI, SK)","Congo, Democratic Republic of",ZINC AND ARTICLES THEREOF,EXPORT,VALUE_IN_EUROS,2007,9808
ESTAT:DS-045409(1.0),06/02/26 11:00:00,Annual,"European Union - 27 countries (AT, BE, BG, CY, CZ, DE, DK, EE, ES, FI, FR, GR, HR, HU, IE, IT, LT, LU, LV, MT, NL, PL, PT, RO, SE, SI, SK)","Congo, Democratic Republic of",ZINC AND ARTICLES THEREOF,EXPORT,VALUE_IN_EUROS,2008,22041
ESTAT:DS-045409(1.0),06/02/26 11:00:00,Annual,"European Union - 27 countries (AT, BE, BG, CY, CZ, DE, DK, EE, ES, FI, FR, GR, HR, HU, IE, IT, LT, LU, LV, MT, NL, PL, PT, RO, SE, SI, SK)","Congo, Democratic Republic of",ZINC AND ARTICLES THEREOF,EXPORT,VALUE_IN_EUROS,2009,8234
ESTAT:DS-045409(1.0),06/02/26 11:00:00,Annual,"European Union - 27 countries (AT, BE, BG, CY, CZ, DE, DK, EE, ES, FI, FR, GR, HR, HU, IE, IT, LT, LU, LV, MT, NL, PL, PT, RO, SE, SI, SK)","Congo, Democratic Republic of",ZINC AND ARTICLES THEREOF,EXPORT,VALUE_IN_EUROS,2010,15803
ESTAT:DS-045409(1.0),06/02/26 11:00:00,Annual,"European Union - 27 countries (AT, BE, BG, CY, CZ, DE, DK, EE, ES, FI, FR, GR, HR, HU, IE, IT, LT, LU, LV, MT, NL, PL, PT, RO, SE, SI, SK)","Congo, Democratic Republic of",ZINC AND ARTICLES THEREOF,EXPORT,VALUE_IN_EUROS,2011,30770
ESTAT:DS-045409(1.0),06/02/26 11:00:00,Annual,"European Union - 27 countries (AT, BE, BG, CY, CZ, DE, DK, EE, ES, FI, FR, GR, HR, HU, IE, IT, LT, LU, LV, MT, NL, PL, PT, RO, SE, SI, SK)","Congo, Democratic Republic of",ZINC AND ARTICLES THEREOF,EXPORT,VALUE_IN_EUROS,2012,13568
ESTAT:DS-045409(1.0),06/02/26 11:00:00,Annual,"European Union - 27 countries (AT, BE, BG, CY, CZ, DE, DK, EE, ES, FI, FR, GR, HR, HU, IE, IT, LT, LU, LV, MT, NL, PL, PT, RO, SE, SI, SK)","Congo, Democratic Republic of",ZINC AND ARTICLES THEREOF,EXPORT,VALUE_IN_EUROS,2013,7028
ESTAT:DS-045409(1.0),06/02/26 11:00:00,Annual,"European Union - 27 countries (AT, BE, BG, CY, CZ, DE, DK, EE, ES, FI, FR, GR, HR, HU, IE, IT, LT, LU, LV, MT, NL, PL, PT, RO, SE, SI, SK)","Congo, Democratic Republic of",ZINC AND ARTICLES THEREOF,EXPORT,VALUE_IN_EUROS,2014,10150
ESTAT:DS-045409(1.0),06/02/26 11:00:00,Annual,"European Union - 27 countries (AT, BE, BG, CY, CZ, DE, DK, EE, ES, FI, FR, GR, HR, HU, IE, IT, LT, LU, LV, MT, NL, PL, PT, RO, SE, SI, SK)","Congo, Democratic Republic of",ZINC AND ARTICLES THEREOF,EXPORT,VALUE_IN_EUROS,2015,33090
ESTAT:DS-045409(1.0),06/02/26 11:00:00,Annual,"European Union - 27 countries (AT, BE, BG, CY, CZ, DE, DK, EE, ES, FI, FR, GR, HR, HU, IE, IT, LT, LU, LV, MT, NL, PL, PT, RO, SE, SI, SK)","Congo, Democratic Republic of",ZINC AND ARTICLES THEREOF,EXPORT,VALUE_IN_EUROS,2016,21764
ESTAT:DS-045409(1.0),06/02/26 11:00:00,Annual,"European Union - 27 countries (AT, BE, BG, CY, CZ, DE, DK, EE, ES, FI, FR, GR, HR, HU, IE, IT, LT, LU, LV, MT, NL, PL, PT, RO, SE, SI, SK)","Congo, Democratic Republic of",ZINC AND ARTICLES THEREOF,EXPORT,VALUE_IN_EUROS,2017,20471
ESTAT:DS-045409(1.0),06/02/26 11:00:00,Annual,"European Union - 27 countries (AT, BE, BG, CY, CZ, DE, DK, EE, ES, FI, FR, GR, HR, HU, IE, IT, LT, LU, LV, MT, NL, PL, PT, RO, SE, SI, SK)","Congo, Democratic Republic of",ZINC AND ARTICLES THEREOF,EXPORT,VALUE_IN_EUROS,2018,182132
ESTAT:DS-045409(1.0),06/02/26 11:00:00,Annual,"European Union - 27 countries (AT, BE, BG, CY, CZ, DE, DK, EE, ES, FI, FR, GR, HR, HU, IE, IT, LT, LU, LV, MT, NL, PL, PT, RO, SE, SI, SK)","Congo, Democratic Republic of",ZINC AND ARTICLES THEREOF,EXPORT,VALUE_IN_EUROS,2019,21893
ESTAT:DS-045409(1.0),06/02/26 11:00:00,Annual,"European Union - 27 countries (AT, BE, BG, CY, CZ, DE, DK, EE, ES, FI, FR, GR, HR, HU, IE, IT, LT, LU, LV, MT, NL, PL, PT, RO, SE, SI, SK)","Congo, Democratic Republic of",ZINC AND ARTICLES THEREOF,EXPORT,VALUE_IN_EUROS,2020,100018
ESTAT:DS-045409(1.0),06/02/26 11:00:00,Annual,"European Union - 27 countries (AT, BE, BG, CY, CZ, DE, DK, EE, ES, FI, FR, GR, HR, HU, IE, IT, LT, LU, LV, MT, NL, PL, PT, RO, SE, SI, SK)","Congo, Democratic Republic of",ZINC AND ARTICLES THEREOF,EXPORT,VALUE_IN_EUROS,2021,8288
ESTAT:DS-045409(1.0),06/02/26 11:00:00,Annual,"European Union - 27 countries (AT, BE, BG, CY, CZ, DE, DK, EE, ES, FI, FR, GR, HR, HU, IE, IT, LT, LU, LV, MT, NL, PL, PT, RO, SE, SI, SK)","Congo, Democratic Republic of",ZINC AND ARTICLES THEREOF,EXPORT,VALUE_IN_EUROS,2022,948120
ESTAT:DS-045409(1.0),06/02/26 11:00:00,Annual,"European Union - 27 countries (AT, BE, BG, CY, CZ, DE, DK, EE, ES, FI, FR, GR, HR, HU, IE, IT, LT, LU, LV, MT, NL, PL, PT, RO, SE, SI, SK)","Congo, Democratic Republic of",ZINC AND ARTICLES THEREOF,EXPORT,VALUE_IN_EUROS,2023,2879
ESTAT:DS-045409(1.0),06/02/26 11:00:00,Annual,"European Union - 27 countries (AT, BE, BG, CY, CZ, DE, DK, EE, ES, FI, FR, GR, HR, HU, IE, IT, LT, LU, LV, MT, NL, PL, PT, RO, SE, SI, SK)","Congo, Democratic Republic of",ZINC AND ARTICLES THEREOF,EXPORT,VALUE_IN_EUROS,2024,37633
ESTAT:DS-045409(1.0),06/02/26 11:00:00,Annual,"European Union - 27 countries (AT, BE, BG, CY, CZ, DE, DK, EE, ES, FI, FR, GR, HR, HU, IE, IT, LT, LU, LV, MT, NL, PL, PT, RO, SE, SI, SK)",Central African Republic,ZINC AND ARTICLES THEREOF,EXPORT,VALUE_IN_EUROS,2004,118
ESTAT:DS-045409(1.0),06/02/26 11:00:00,Annual,"European Union - 27 countries (AT, BE, BG, CY, CZ, DE, DK, EE, ES, FI, FR, GR, HR, HU, IE, IT, LT, LU, LV, MT, NL, PL, PT, RO, SE, SI, SK)",Central African Republic,ZINC AND ARTICLES THEREOF,EXPORT,VALUE_IN_EUROS,2013,37
ESTAT:DS-045409(1.0),06/02/26 11:00:00,Annual,"European Union - 27 countries (AT, BE, BG, CY, CZ, DE, DK, EE, ES, FI, FR, GR, HR, HU, IE, IT, LT, LU, LV, MT, NL, PL, PT, RO, SE, SI, SK)",Central African Republic,ZINC AND ARTICLES THEREOF,EXPORT,VALUE_IN_EUROS,2020,15
ESTAT:DS-045409(1.0),06/02/26 11:00:00,Annual,"European Union - 27 countries (AT, BE, BG, CY, CZ, DE, DK, EE, ES, FI, FR, GR, HR, HU, IE, IT, LT, LU, LV, MT, NL, PL, PT, RO, SE, SI, SK)",Central African Republic,ZINC AND ARTICLES THEREOF,EXPORT,VALUE_IN_EUROS,2021,30
ESTAT:DS-045409(1.0),06/02/26 11:00:00,Annual,"European Union - 27 countries (AT, BE, BG, CY, CZ, DE, DK, EE, ES, FI, FR, GR, HR, HU, IE, IT, LT, LU, LV, MT, NL, PL, PT, RO, SE, SI, SK)",Central African Republic,ZINC AND ARTICLES THEREOF,EXPORT,VALUE_IN_EUROS,2022,520
ESTAT:DS-045409(1.0),06/02/26 11:00:00,Annual,"European Union - 27 countries (AT, BE, BG, CY, CZ, DE, DK, EE, ES, FI, FR, GR, HR, HU, IE, IT, LT, LU, LV, MT, NL, PL, PT, RO, SE, SI, SK)",Central African Republic,ZINC AND ARTICLES THEREOF,EXPORT,VALUE_IN_EUROS,2023,40
ESTAT:DS-045409(1.0),06/02/26 11:00:00,Annual,"European Union - 27 countries (AT, BE, BG, CY, CZ, DE, DK, EE, ES, FI, FR, GR, HR, HU, IE, IT, LT, LU, LV, MT, NL, PL, PT, RO, SE, SI, SK)",Central African Republic,ZINC AND ARTICLES THEREOF,EXPORT,VALUE_IN_EUROS,2024,350
ESTAT:DS-045409(1.0),06/02/26 11:00:00,Annual,"European Union - 27 countries (AT, BE, BG, CY, CZ, DE, DK, EE, ES, FI, FR, GR, HR, HU, IE, IT, LT, LU, LV, MT, NL, PL, PT, RO, SE, SI, SK)",Congo,ZINC AND ARTICLES THEREOF,EXPORT,VALUE_IN_EUROS,2000,580270
ESTAT:DS-045409(1.0),06/02/26 11:00:00,Annual,"European Union - 27 countries (AT, BE, BG, CY, CZ, DE, DK, EE, ES, FI, FR, GR, HR, HU, IE, IT, LT, LU, LV, MT, NL, PL, PT, RO, SE, SI, SK)",Congo,ZINC AND ARTICLES THEREOF,EXPORT,VALUE_IN_EUROS,2001,2555
ESTAT:DS-045409(1.0),06/02/26 11:00:00,Annual,"European Union - 27 countries (AT, BE, BG, CY, CZ, DE, DK, EE, ES, FI, FR, GR, HR, HU, IE, IT, LT, LU, LV, MT, NL, PL, PT, RO, SE, SI, SK)",Congo,ZINC AND ARTICLES THEREOF,EXPORT,VALUE_IN_EUROS,2002,3546
ESTAT:DS-045409(1.0),06/02/26 11:00:00,Annual,"European Union - 27 countries (AT, BE, BG, CY, CZ, DE, DK, EE, ES, FI, FR, GR, HR, HU, IE, IT, LT, LU, LV, MT, NL, PL, PT, RO, SE, SI, SK)",Congo,ZINC AND ARTICLES THEREOF,EXPORT,VALUE_IN_EUROS,2003,76878
ESTAT:DS-045409(1.0),06/02/26 11:00:00,Annual,"European Union - 27 countries (AT, BE, BG, CY, CZ, DE, DK, EE, ES, FI, FR, GR, HR, HU, IE, IT, LT, LU, LV, MT, NL, PL, PT, RO, SE, SI, SK)",Congo,ZINC AND ARTICLES THEREOF,EXPORT,VALUE_IN_EUROS,2004,1744
ESTAT:DS-045409(1.0),06/02/26 11:00:00,Annual,"European Union - 27 countries (AT, BE, BG, CY, CZ, DE, DK, EE, ES, FI, FR, GR, HR, HU, IE, IT, LT, LU, LV, MT, NL, PL, PT, RO, SE, SI, SK)",Congo,ZINC AND ARTICLES THEREOF,EXPORT,VALUE_IN_EUROS,2005,58888
ESTAT:DS-045409(1.0),06/02/26 11:00:00,Annual,"European Union - 27 countries (AT, BE, BG, CY, CZ, DE, DK, EE, ES, FI, FR, GR, HR, HU, IE, IT, LT, LU, LV, MT, NL, PL, PT, RO, SE, SI, SK)",Congo,ZINC AND ARTICLES THEREOF,EXPORT,VALUE_IN_EUROS,2006,8439
ESTAT:DS-045409(1.0),06/02/26 11:00:00,Annual,"European Union - 27 countries (AT, BE, BG, CY, CZ, DE, DK, EE, ES, FI, FR, GR, HR, HU, IE, IT, LT, LU, LV, MT, NL, PL, PT, RO, SE, SI, SK)",Congo,ZINC AND ARTICLES THEREOF,EXPORT,VALUE_IN_EUROS,2007,48039
ESTAT:DS-045409(1.0),06/02/26 11:00:00,Annual,"European Union - 27 countries (AT, BE, BG, CY, CZ, DE, DK, EE, ES, FI, FR, GR, HR, HU, IE, IT, LT, LU, LV, MT, NL, PL, PT, RO, SE, SI, SK)",Congo,ZINC AND ARTICLES THEREOF,EXPORT,VALUE_IN_EUROS,2008,1798
ESTAT:DS-045409(1.0),06/02/26 11:00:00,Annual,"European Union - 27 countries (AT, BE, BG, CY, CZ, DE, DK, EE, ES, FI, FR, GR, HR, HU, IE, IT, LT, LU, LV, MT, NL, PL, PT, RO, SE, SI, SK)",Congo,ZINC AND ARTICLES THEREOF,EXPORT,VALUE_IN_EUROS,2009,23970
ESTAT:DS-045409(1.0),06/02/26 11:00:00,Annual,"European Union - 27 countries (AT, BE, BG, CY, CZ, DE, DK, EE, ES, FI, FR, GR, HR, HU, IE, IT, LT, LU, LV, MT, NL, PL, PT, RO, SE, SI, SK)",Congo,ZINC AND ARTICLES THEREOF,EXPORT,VALUE_IN_EUROS,2010,8064
ESTAT:DS-045409(1.0),06/02/26 11:00:00,Annual,"European Union - 27 countries (AT, BE, BG, CY, CZ, DE, DK, EE, ES, FI, FR, GR, HR, HU, IE, IT, LT, LU, LV, MT, NL, PL, PT, RO, SE, SI, SK)",Congo,ZINC AND ARTICLES THEREOF,EXPORT,VALUE_IN_EUROS,2011,14269
ESTAT:DS-045409(1.0),06/02/26 11:00:00,Annual,"European Union - 27 countries (AT, BE, BG, CY, CZ, DE, DK, EE, ES, FI, FR, GR, HR, HU, IE, IT, LT, LU, LV, MT, NL, PL, PT, RO, SE, SI, SK)",Congo,ZINC AND ARTICLES THEREOF,EXPORT,VALUE_IN_EUROS,2012,65236
ESTAT:DS-045409(1.0),06/02/26 11:00:00,Annual,"European Union - 27 countries (AT, BE, BG, CY, CZ, DE, DK, EE, ES, FI, FR, GR, HR, HU, IE, IT, LT, LU, LV, MT, NL, PL, PT, RO, SE, SI, SK)",Congo,ZINC AND ARTICLES THEREOF,EXPORT,VALUE_IN_EUROS,2013,95877
ESTAT:DS-045409(1.0),06/02/26 11:00:00,Annual,"European Union - 27 countries (AT, BE, BG, CY, CZ, DE, DK, EE, ES, FI, FR, GR, HR, HU, IE, IT, LT, LU, LV, MT, NL, PL, PT, RO, SE, SI, SK)",Congo,ZINC AND ARTICLES THEREOF,EXPORT,VALUE_IN_EUROS,2014,465470
ESTAT:DS-045409(1.0),06/02/26 11:00:00,Annual,"European Union - 27 countries (AT, BE, BG, CY, CZ, DE, DK, EE, ES, FI, FR, GR, HR, HU, IE, IT, LT, LU, LV, MT, NL, PL, PT, RO, SE, SI, SK)",Congo,ZINC AND ARTICLES THEREOF,EXPORT,VALUE_IN_EUROS,2015,51911
ESTAT:DS-045409(1.0),06/02/26 11:00:00,Annual,"European Union - 27 countries (AT, BE, BG, CY, CZ, DE, DK, EE, ES, FI, FR, GR, HR, HU, IE, IT, LT, LU, LV, MT, NL, PL, PT, RO, SE, SI, SK)",Congo,ZINC AND ARTICLES THEREOF,EXPORT,VALUE_IN_EUROS,2016,10162
ESTAT:DS-045409(1.0),06/02/26 11:00:00,Annual,"European Union - 27 countries (AT, BE, BG, CY, CZ, DE, DK, EE, ES, FI, FR, GR, HR, HU, IE, IT, LT, LU, LV, MT, NL, PL, PT, RO, SE, SI, SK)",Congo,ZINC AND ARTICLES THEREOF,EXPORT,VALUE_IN_EUROS,2017,9505
ESTAT:DS-045409(1.0),06/02/26 11:00:00,Annual,"European Union - 27 countries (AT, BE, BG, CY, CZ, DE, DK, EE, ES, FI, FR, GR, HR, HU, IE, IT, LT, LU, LV, MT, NL, PL, PT, RO, SE, SI, SK)",Congo,ZINC AND ARTICLES THEREOF,EXPORT,VALUE_IN_EUROS,2018,6123
ESTAT:DS-045409(1.0),06/02/26 11:00:00,Annual,"European Union - 27 countries (AT, BE, BG, CY, CZ, DE, DK, EE, ES, FI, FR, GR, HR, HU, IE, IT, LT, LU, LV, MT, NL, PL, PT, RO, SE, SI, SK)",Congo,ZINC AND ARTICLES THEREOF,EXPORT,VALUE_IN_EUROS,2019,7231
ESTAT:DS-045409(1.0),06/02/26 11:00:00,Annual,"European Union - 27 countries (AT, BE, BG, CY, CZ, DE, DK, EE, ES, FI, FR, GR, HR, HU, IE, IT, LT, LU, LV, MT, NL, PL, PT, RO, SE, SI, SK)",Congo,ZINC AND ARTICLES THEREOF,EXPORT,VALUE_IN_EUROS,2020,55166
ESTAT:DS-045409(1.0),06/02/26 11:00:00,Annual,"European Union - 27 countries (AT, BE, BG, CY, CZ, DE, DK, EE, ES, FI, FR, GR, HR, HU, IE, IT, LT, LU, LV, MT, NL, PL, PT, RO, SE, SI, SK)",Congo,ZINC AND ARTICLES THEREOF,EXPORT,VALUE_IN_EUROS,2021,664224
ESTAT:DS-045409(1.0),06/02/26 11:00:00,Annual,"European Union - 27 countries (AT, BE, BG, CY, CZ, DE, DK, EE, ES, FI, FR, GR, HR, HU, IE, IT, LT, LU, LV, MT, NL, PL, PT, RO, SE, SI, SK)",Congo,ZINC AND ARTICLES THEREOF,EXPORT,VALUE_IN_EUROS,2022,235214
ESTAT:DS-045409(1.0),06/02/26 11:00:00,Annual,"European Union - 27 countries (AT, BE, BG, CY, CZ, DE, DK, EE, ES, FI, FR, GR, HR, HU, IE, IT, LT, LU, LV, MT, NL, PL, PT, RO, SE, SI, SK)",Congo,ZINC AND ARTICLES THEREOF,EXPORT,VALUE_IN_EUROS,2023,628686
ESTAT:DS-045409(1.0),06/02/26 11:00:00,Annual,"European Union - 27 countries (AT, BE, BG, CY, CZ, DE, DK, EE, ES, FI, FR, GR, HR, HU, IE, IT, LT, LU, LV, MT, NL, PL, PT, RO, SE, SI, SK)",Congo,ZINC AND ARTICLES THEREOF,EXPORT,VALUE_IN_EUROS,2024,275604
ESTAT:DS-045409(1.0),06/02/26 11:00:00,Annual,"European Union - 27 countries (AT, BE, BG, CY, CZ, DE, DK, EE, ES, FI, FR, GR, HR, HU, IE, IT, LT, LU, LV, MT, NL, PL, PT, RO, SE, SI, SK)",Côte d’Ivoire (Ivory Coast),ZINC AND ARTICLES THEREOF,EXPORT,VALUE_IN_EUROS,1999,65376
ESTAT:DS-045409(1.0),06/02/26 11:00:00,Annual,"European Union - 27 countries (AT, BE, BG, CY, CZ, DE, DK, EE, ES, FI, FR, GR, HR, HU, IE, IT, LT, LU, LV, MT, NL, PL, PT, RO, SE, SI, SK)",Côte d’Ivoire (Ivory Coast),ZINC AND ARTICLES THEREOF,EXPORT,VALUE_IN_EUROS,2000,8851
ESTAT:DS-045409(1.0),06/02/26 11:00:00,Annual,"European Union - 27 countries (AT, BE, BG, CY, CZ, DE, DK, EE, ES, FI, FR, GR, HR, HU, IE, IT, LT, LU, LV, MT, NL, PL, PT, RO, SE, SI, SK)",Côte d’Ivoire (Ivory Coast),ZINC AND ARTICLES THEREOF,EXPORT,VALUE_IN_EUROS,2001,40808
ESTAT:DS-045409(1.0),06/02/26 11:00:00,Annual,"European Union - 27 countries (AT, BE, BG, CY, CZ, DE, DK, EE, ES, FI, FR, GR, HR, HU, IE, IT, LT, LU, LV, MT, NL, PL, PT, RO, SE, SI, SK)",Côte d’Ivoire (Ivory Coast),ZINC AND ARTICLES THEREOF,EXPORT,VALUE_IN_EUROS,2002,25172
ESTAT:DS-045409(1.0),06/02/26 11:00:00,Annual,"European Union - 27 countries (AT, BE, BG, CY, CZ, DE, DK, EE, ES, FI, FR, GR, HR, HU, IE, IT, LT, LU, LV, MT, NL, PL, PT, RO, SE, SI, SK)",Côte d’Ivoire (Ivory Coast),ZINC AND ARTICLES THEREOF,EXPORT,VALUE_IN_EUROS,2003,14734
ESTAT:DS-045409(1.0),06/02/26 11:00:00,Annual,"European Union - 27 countries (AT, BE, BG, CY, CZ, DE, DK, EE, ES, FI, FR, GR, HR, HU, IE, IT, LT, LU, LV, MT, NL, PL, PT, RO, SE, SI, SK)",Côte d’Ivoire (Ivory Coast),ZINC AND ARTICLES THEREOF,EXPORT,VALUE_IN_EUROS,2004,8871
ESTAT:DS-045409(1.0),06/02/26 11:00:00,Annual,"European Union - 27 countries (AT, BE, BG, CY, CZ, DE, DK, EE, ES, FI, FR, GR, HR, HU, IE, IT, LT, LU, LV, MT, NL, PL, PT, RO, SE, SI, SK)",Côte d’Ivoire (Ivory Coast),ZINC AND ARTICLES THEREOF,EXPORT,VALUE_IN_EUROS,2005,158380
ESTAT:DS-045409(1.0),06/02/26 11:00:00,Annual,"European Union - 27 countries (AT, BE, BG, CY, CZ, DE, DK, EE, ES, FI, FR, GR, HR, HU, IE, IT, LT, LU, LV, MT, NL, PL, PT, RO, SE, SI, SK)",Côte d’Ivoire (Ivory Coast),ZINC AND ARTICLES THEREOF,EXPORT,VALUE_IN_EUROS,2006,763521
ESTAT:DS-045409(1.0),06/02/26 11:00:00,Annual,"European Union - 27 countries (AT, BE, BG, CY, CZ, DE, DK, EE, ES, FI, FR, GR, HR, HU, IE, IT, LT, LU, LV, MT, NL, PL, PT, RO, SE, SI, SK)",Côte d’Ivoire (Ivory Coast),ZINC AND ARTICLES THEREOF,EXPORT,VALUE_IN_EUROS,2007,1732136
ESTAT:DS-045409(1.0),06/02/26 11:00:00,Annual,"European Union - 27 countries (AT, BE, BG, CY, CZ, DE, DK, EE, ES, FI, FR, GR, HR, HU, IE, IT, LT, LU, LV, MT, NL, PL, PT, RO, SE, SI, SK)",Côte d’Ivoire (Ivory Coast),ZINC AND ARTICLES THEREOF,EXPORT,VALUE_IN_EUROS,2008,586169
ESTAT:DS-045409(1.0),06/02/26 11:00:00,Annual,"European Union - 27 countries (AT, BE, BG, CY, CZ, DE, DK, EE, ES, FI, FR, GR, HR, HU, IE, IT, LT, LU, LV, MT, NL, PL, PT, RO, SE, SI, SK)",Côte d’Ivoire (Ivory Coast),ZINC AND ARTICLES THEREOF,EXPORT,VALUE_IN_EUROS,2009,184534
ESTAT:DS-045409(1.0),06/02/26 11:00:00,Annual,"European Union - 27 countries (AT, BE, BG, CY, CZ, DE, DK, EE, ES, FI, FR, GR, HR, HU, IE, IT, LT, LU, LV, MT, NL, PL, PT, RO, SE, SI, SK)",Côte d’Ivoire (Ivory Coast),ZINC AND ARTICLES THEREOF,EXPORT,VALUE_IN_EUROS,2010,365826
ESTAT:DS-045409(1.0),06/02/26 11:00:00,Annual,"European Union - 27 countries (AT, BE, BG, CY, CZ, DE, DK, EE, ES, FI, FR, GR, HR, HU, IE, IT, LT, LU, LV, MT, NL, PL, PT, RO, SE, SI, SK)",Côte d’Ivoire (Ivory Coast),ZINC AND ARTICLES THEREOF,EXPORT,VALUE_IN_EUROS,2011,322688
ESTAT:DS-045409(1.0),06/02/26 11:00:00,Annual,"European Union - 27 countries (AT, BE, BG, CY, CZ, DE, DK, EE, ES, FI, FR, GR, HR, HU, IE, IT, LT, LU, LV, MT, NL, PL, PT, RO, SE, SI, SK)",Côte d’Ivoire (Ivory Coast),ZINC AND ARTICLES THEREOF,EXPORT,VALUE_IN_EUROS,2012,194915
ESTAT:DS-045409(1.0),06/02/26 11:00:00,Annual,"European Union - 27 countries (AT, BE, BG, CY, CZ, DE, DK, EE, ES, FI, FR, GR, HR, HU, IE, IT, LT, LU, LV, MT, NL, PL, PT, RO, SE, SI, SK)",Côte d’Ivoire (Ivory Coast),ZINC AND ARTICLES THEREOF,EXPORT,VALUE_IN_EUROS,2013,390520
ESTAT:DS-045409(1.0),06/02/26 11:00:00,Annual,"European Union - 27 countries (AT, BE, BG, CY, CZ, DE, DK, EE, ES, FI, FR, GR, HR, HU, IE, IT, LT, LU, LV, MT, NL, PL, PT, RO, SE, SI, SK)",Côte d’Ivoire (Ivory Coast),ZINC AND ARTICLES THEREOF,EXPORT,VALUE_IN_EUROS,2014,315096
ESTAT:DS-045409(1.0),06/02/26 11:00:00,Annual,"European Union - 27 countries (AT, BE, BG, CY, CZ, DE, DK, EE, ES, FI, FR, GR, HR, HU, IE, IT, LT, LU, LV, MT, NL, PL, PT, RO, SE, SI, SK)",Côte d’Ivoire (Ivory Coast),ZINC AND ARTICLES THEREOF,EXPORT,VALUE_IN_EUROS,2015,166015
ESTAT:DS-045409(1.0),06/02/26 11:00:00,Annual,"European Union - 27 countries (AT, BE, BG, CY, CZ, DE, DK, EE, ES, FI, FR, GR, HR, HU, IE, IT, LT, LU, LV, MT, NL, PL, PT, RO, SE, SI, SK)",Côte d’Ivoire (Ivory Coast),ZINC AND ARTICLES THEREOF,EXPORT,VALUE_IN_EUROS,2016,206267
ESTAT:DS-045409(1.0),06/02/26 11:00:00,Annual,"European Union - 27 countries (AT, BE, BG, CY, CZ, DE, DK, EE, ES, FI, FR, GR, HR, HU, IE, IT, LT, LU, LV, MT, NL, PL, PT, RO, SE, SI, SK)",Côte d’Ivoire (Ivory Coast),ZINC AND ARTICLES THEREOF,EXPORT,VALUE_IN_EUROS,2017,407228
ESTAT:DS-045409(1.0),06/02/26 11:00:00,Annual,"European Union - 27 countries (AT, BE, BG, CY, CZ, DE, DK, EE, ES, FI, FR, GR, HR, HU, IE, IT, LT, LU, LV, MT, NL, PL, PT, RO, SE, SI, SK)",Côte d’Ivoire (Ivory Coast),ZINC AND ARTICLES THEREOF,EXPORT,VALUE_IN_EUROS,2018,168782
ESTAT:DS-045409(1.0),06/02/26 11:00:00,Annual,"European Union - 27 countries (AT, BE, BG, CY, CZ, DE, DK, EE, ES, FI, FR, GR, HR, HU, IE, IT, LT, LU, LV, MT, NL, PL, PT, RO, SE, SI, SK)",Côte d’Ivoire (Ivory Coast),ZINC AND ARTICLES THEREOF,EXPORT,VALUE_IN_EUROS,2019,250072
ESTAT:DS-045409(1.0),06/02/26 11:00:00,Annual,"European Union - 27 countries (AT, BE, BG, CY, CZ, DE, DK, EE, ES, FI, FR, GR, HR, HU, IE, IT, LT, LU, LV, MT, NL, PL, PT, RO, SE, SI, SK)",Côte d’Ivoire (Ivory Coast),ZINC AND ARTICLES THEREOF,EXPORT,VALUE_IN_EUROS,2020,289931
ESTAT:DS-045409(1.0),06/02/26 11:00:00,Annual,"European Union - 27 countries (AT, BE, BG, CY, CZ, DE, DK, EE, ES, FI, FR, GR, HR, HU, IE, IT, LT, LU, LV, MT, NL, PL, PT, RO, SE, SI, SK)",Côte d’Ivoire (Ivory Coast),ZINC AND ARTICLES THEREOF,EXPORT,VALUE_IN_EUROS,2021,308607
ESTAT:DS-045409(1.0),06/02/26 11:00:00,Annual,"European Union - 27 countries (AT, BE, BG, CY, CZ, DE, DK, EE, ES, FI, FR, GR, HR, HU, IE, IT, LT, LU, LV, MT, NL, PL, PT, RO, SE, SI, SK)",Côte d’Ivoire (Ivory Coast),ZINC AND ARTICLES THEREOF,EXPORT,VALUE_IN_EUROS,2022,441342
ESTAT:DS-045409(1.0),06/02/26 11:00:00,Annual,"European Union - 27 countries (AT, BE, BG, CY, CZ, DE, DK, EE, ES, FI, FR, GR, HR, HU, IE, IT, LT, LU, LV, MT, NL, PL, PT, RO, SE, SI, SK)",Côte d’Ivoire (Ivory Coast),ZINC AND ARTICLES THEREOF,EXPORT,VALUE_IN_EUROS,2023,688489
ESTAT:DS-045409(1.0),06/02/26 11:00:00,Annual,"European Union - 27 countries (AT, BE, BG, CY, CZ, DE, DK, EE, ES, FI, FR, GR, HR, HU, IE, IT, LT, LU, LV, MT, NL, PL, PT, RO, SE, SI, SK)",Côte d’Ivoire (Ivory Coast),ZINC AND ARTICLES THEREOF,EXPORT,VALUE_IN_EUROS,2024,325695
ESTAT:DS-045409(1.0),06/02/26 11:00:00,Annual,"European Union - 27 countries (AT, BE, BG, CY, CZ, DE, DK, EE, ES, FI, FR, GR, HR, HU, IE, IT, LT, LU, LV, MT, NL, PL, PT, RO, SE, SI, SK)",Cameroon,ZINC AND ARTICLES THEREOF,EXPORT,VALUE_IN_EUROS,1999,2256116
ESTAT:DS-045409(1.0),06/02/26 11:00:00,Annual,"European Union - 27 countries (AT, BE, BG, CY, CZ, DE, DK, EE, ES, FI, FR, GR, HR, HU, IE, IT, LT, LU, LV, MT, NL, PL, PT, RO, SE, SI, SK)",Cameroon,ZINC AND ARTICLES THEREOF,EXPORT,VALUE_IN_EUROS,2000,2645629
ESTAT:DS-045409(1.0),06/02/26 11:00:00,Annual,"European Union - 27 countries (AT, BE, BG, CY, CZ, DE, DK, EE, ES, FI, FR, GR, HR, HU, IE, IT, LT, LU, LV, MT, NL, PL, PT, RO, SE, SI, SK)",Cameroon,ZINC AND ARTICLES THEREOF,EXPORT,VALUE_IN_EUROS,2001,2644653
ESTAT:DS-045409(1.0),06/02/26 11:00:00,Annual,"European Union - 27 countries (AT, BE, BG, CY, CZ, DE, DK, EE, ES, FI, FR, GR, HR, HU, IE, IT, LT, LU, LV, MT, NL, PL, PT, RO, SE, SI, SK)",Cameroon,ZINC AND ARTICLES THEREOF,EXPORT,VALUE_IN_EUROS,2002,2212420
ESTAT:DS-045409(1.0),06/02/26 11:00:00,Annual,"European Union - 27 countries (AT, BE, BG, CY, CZ, DE, DK, EE, ES, FI, FR, GR, HR, HU, IE, IT, LT, LU, LV, MT, NL, PL, PT, RO, SE, SI, SK)",Cameroon,ZINC AND ARTICLES THEREOF,EXPORT,VALUE_IN_EUROS,2003,1477849
ESTAT:DS-045409(1.0),06/02/26 11:00:00,Annual,"European Union - 27 countries (AT, BE, BG, CY, CZ, DE, DK, EE, ES, FI, FR, GR, HR, HU, IE, IT, LT, LU, LV, MT, NL, PL, PT, RO, SE, SI, SK)",Cameroon,ZINC AND ARTICLES THEREOF,EXPORT,VALUE_IN_EUROS,2004,487808
ESTAT:DS-045409(1.0),06/02/26 11:00:00,Annual,"European Union - 27 countries (AT, BE, BG, CY, CZ, DE, DK, EE, ES, FI, FR, GR, HR, HU, IE, IT, LT, LU, LV, MT, NL, PL, PT, RO, SE, SI, SK)",Cameroon,ZINC AND ARTICLES THEREOF,EXPORT,VALUE_IN_EUROS,2005,396087
ESTAT:DS-045409(1.0),06/02/26 11:00:00,Annual,"European Union - 27 countries (AT, BE, BG, CY, CZ, DE, DK, EE, ES, FI, FR, GR, HR, HU, IE, IT, LT, LU, LV, MT, NL, PL, PT, RO, SE, SI, SK)",Cameroon,ZINC AND ARTICLES THEREOF,EXPORT,VALUE_IN_EUROS,2006,173869
ESTAT:DS-045409(1.0),06/02/26 11:00:00,Annual,"European Union - 27 countries (AT, BE, BG, CY, CZ, DE, DK, EE, ES, FI, FR, GR, HR, HU, IE, IT, LT, LU, LV, MT, NL, PL, PT, RO, SE, SI, SK)",Cameroon,ZINC AND ARTICLES THEREOF,EXPORT,VALUE_IN_EUROS,2007,107927
ESTAT:DS-045409(1.0),06/02/26 11:00:00,Annual,"European Union - 27 countries (AT, BE, BG, CY, CZ, DE, DK, EE, ES, FI, FR, GR, HR, HU, IE, IT, LT, LU, LV, MT, NL, PL, PT, RO, SE, SI, SK)",Cameroon,ZINC AND ARTICLES THEREOF,EXPORT,VALUE_IN_EUROS,2008,52918
ESTAT:DS-045409(1.0),06/02/26 11:00:00,Annual,"European Union - 27 countries (AT, BE, BG, CY, CZ, DE, DK, EE, ES, FI, FR, GR, HR, HU, IE, IT, LT, LU, LV, MT, NL, PL, PT, RO, SE, SI, SK)",Cameroon,ZINC AND ARTICLES THEREOF,EXPORT,VALUE_IN_EUROS,2009,35368
ESTAT:DS-045409(1.0),06/02/26 11:00:00,Annual,"European Union - 27 countries (AT, BE, BG, CY, CZ, DE, DK, EE, ES, FI, FR, GR, HR, HU, IE, IT, LT, LU, LV, MT, NL, PL, PT, RO, SE, SI, SK)",Cameroon,ZINC AND ARTICLES THEREOF,EXPORT,VALUE_IN_EUROS,2010,73398
ESTAT:DS-045409(1.0),06/02/26 11:00:00,Annual,"European Union - 27 countries (AT, BE, BG, CY, CZ, DE, DK, EE, ES, FI, FR, GR, HR, HU, IE, IT, LT, LU, LV, MT, NL, PL, PT, RO, SE, SI, SK)",Cameroon,ZINC AND ARTICLES THEREOF,EXPORT,VALUE_IN_EUROS,2011,144209
ESTAT:DS-045409(1.0),06/02/26 11:00:00,Annual,"European Union - 27 countries (AT, BE, BG, CY, CZ, DE, DK, EE, ES, FI, FR, GR, HR, HU, IE, IT, LT, LU, LV, MT, NL, PL, PT, RO, SE, SI, SK)",Cameroon,ZINC AND ARTICLES THEREOF,EXPORT,VALUE_IN_EUROS,2012,29996
ESTAT:DS-045409(1.0),06/02/26 11:00:00,Annual,"European Union - 27 countries (AT, BE, BG, CY, CZ, DE, DK, EE, ES, FI, FR, GR, HR, HU, IE, IT, LT, LU, LV, MT, NL, PL, PT, RO, SE, SI, SK)",Cameroon,ZINC AND ARTICLES THEREOF,EXPORT,VALUE_IN_EUROS,2013,9930
ESTAT:DS-045409(1.0),06/02/26 11:00:00,Annual,"European Union - 27 countries (AT, BE, BG, CY, CZ, DE, DK, EE, ES, FI, FR, GR, HR, HU, IE, IT, LT, LU, LV, MT, NL, PL, PT, RO, SE, SI, SK)",Cameroon,ZINC AND ARTICLES THEREOF,EXPORT,VALUE_IN_EUROS,2014,36060
ESTAT:DS-045409(1.0),06/02/26 11:00:00,Annual,"European Union - 27 countries (AT, BE, BG, CY, CZ, DE, DK, EE, ES, FI, FR, GR, HR, HU, IE, IT, LT, LU, LV, MT, NL, PL, PT, RO, SE, SI, SK)",Cameroon,ZINC AND ARTICLES THEREOF,EXPORT,VALUE_IN_EUROS,2015,16847
ESTAT:DS-045409(1.0),06/02/26 11:00:00,Annual,"European Union - 27 countries (AT, BE, BG, CY, CZ, DE, DK, EE, ES, FI, FR, GR, HR, HU, IE, IT, LT, LU, LV, MT, NL, PL, PT, RO, SE, SI, SK)",Cameroon,ZINC AND ARTICLES THEREOF,EXPORT,VALUE_IN_EUROS,2016,21770
ESTAT:DS-045409(1.0),06/02/26 11:00:00,Annual,"European Union - 27 countries (AT, BE, BG, CY, CZ, DE, DK, EE, ES, FI, FR, GR, HR, HU, IE, IT, LT, LU, LV, MT, NL, PL, PT, RO, SE, SI, SK)",Cameroon,ZINC AND ARTICLES THEREOF,EXPORT,VALUE_IN_EUROS,2017,7061
ESTAT:DS-045409(1.0),06/02/26 11:00:00,Annual,"European Union - 27 countries (AT, BE, BG, CY, CZ, DE, DK, EE, ES, FI, FR, GR, HR, HU, IE, IT, LT, LU, LV, MT, NL, PL, PT, RO, SE, SI, SK)",Cameroon,ZINC AND ARTICLES THEREOF,EXPORT,VALUE_IN_EUROS,2018,68935
ESTAT:DS-045409(1.0),06/02/26 11:00:00,Annual,"European Union - 27 countries (AT, BE, BG, CY, CZ, DE, DK, EE, ES, FI, FR, GR, HR, HU, IE, IT, LT, LU, LV, MT, NL, PL, PT, RO, SE, SI, SK)",Cameroon,ZINC AND ARTICLES THEREOF,EXPORT,VALUE_IN_EUROS,2019,26102
ESTAT:DS-045409(1.0),06/02/26 11:00:00,Annual,"European Union - 27 countries (AT, BE, BG, CY, CZ, DE, DK, EE, ES, FI, FR, GR, HR, HU, IE, IT, LT, LU, LV, MT, NL, PL, PT, RO, SE, SI, SK)",Cameroon,ZINC AND ARTICLES THEREOF,EXPORT,VALUE_IN_EUROS,2020,76299
ESTAT:DS-045409(1.0),06/02/26 11:00:00,Annual,"European Union - 27 countries (AT, BE, BG, CY, CZ, DE, DK, EE, ES, FI, FR, GR, HR, HU, IE, IT, LT, LU, LV, MT, NL, PL, PT, RO, SE, SI, SK)",Cameroon,ZINC AND ARTICLES THEREOF,EXPORT,VALUE_IN_EUROS,2021,83953
ESTAT:DS-045409(1.0),06/02/26 11:00:00,Annual,"European Union - 27 countries (AT, BE, BG, CY, CZ, DE, DK, EE, ES, FI, FR, GR, HR, HU, IE, IT, LT, LU, LV, MT, NL, PL, PT, RO, SE, SI, SK)",Cameroon,ZINC AND ARTICLES THEREOF,EXPORT,VALUE_IN_EUROS,2022,120608
ESTAT:DS-045409(1.0),06/02/26 11:00:00,Annual,"European Union - 27 countries (AT, BE, BG, CY, CZ, DE, DK, EE, ES, FI, FR, GR, HR, HU, IE, IT, LT, LU, LV, MT, NL, PL, PT, RO, SE, SI, SK)",Cameroon,ZINC AND ARTICLES THEREOF,EXPORT,VALUE_IN_EUROS,2023,432769
ESTAT:DS-045409(1.0),06/02/26 11:00:00,Annual,"European Union - 27 countries (AT, BE, BG, CY, CZ, DE, DK, EE, ES, FI, FR, GR, HR, HU, IE, IT, LT, LU, LV, MT, NL, PL, PT, RO, SE, SI, SK)",Cameroon,ZINC AND ARTICLES THEREOF,EXPORT,VALUE_IN_EUROS,2024,40723
ESTAT:DS-045409(1.0),06/02/26 11:00:00,Annual,"European Union - 27 countries (AT, BE, BG, CY, CZ, DE, DK, EE, ES, FI, FR, GR, HR, HU, IE, IT, LT, LU, LV, MT, NL, PL, PT, RO, SE, SI, SK)",Cabo Verde,ZINC AND ARTICLES THEREOF,EXPORT,VALUE_IN_EUROS,1999,59839
ESTAT:DS-045409(1.0),06/02/26 11:00:00,Annual,"European Union - 27 countries (AT, BE, BG, CY, CZ, DE, DK, EE, ES, FI, FR, GR, HR, HU, IE, IT, LT, LU, LV, MT, NL, PL, PT, RO, SE, SI, SK)",Cabo Verde,ZINC AND ARTICLES THEREOF,EXPORT,VALUE_IN_EUROS,2000,42043
ESTAT:DS-045409(1.0),06/02/26 11:00:00,Annual,"European Union - 27 countries (AT, BE, BG, CY, CZ, DE, DK, EE, ES, FI, FR, GR, HR, HU, IE, IT, LT, LU, LV, MT, NL, PL, PT, RO, SE, SI, SK)",Cabo Verde,ZINC AND ARTICLES THEREOF,EXPORT,VALUE_IN_EUROS,2001,24265
ESTAT:DS-045409(1.0),06/02/26 11:00:00,Annual,"European Union - 27 countries (AT, BE, BG, CY, CZ, DE, DK, EE, ES, FI, FR, GR, HR, HU, IE, IT, LT, LU, LV, MT, NL, PL, PT, RO, SE, SI, SK)",Cabo Verde,ZINC AND ARTICLES THEREOF,EXPORT,VALUE_IN_EUROS,2002,31755
ESTAT:DS-045409(1.0),06/02/26 11:00:00,Annual,"European Union - 27 countries (AT, BE, BG, CY, CZ, DE, DK, EE, ES, FI, FR, GR, HR, HU, IE, IT, LT, LU, LV, MT, NL, PL, PT, RO, SE, SI, SK)",Cabo Verde,ZINC AND ARTICLES THEREOF,EXPORT,VALUE_IN_EUROS,2003,20807
ESTAT:DS-045409(1.0),06/02/26 11:00:00,Annual,"European Union - 27 countries (AT, BE, BG, CY, CZ, DE, DK, EE, ES, FI, FR, GR, HR, HU, IE, IT, LT, LU, LV, MT, NL, PL, PT, RO, SE, SI, SK)",Cabo Verde,ZINC AND ARTICLES THEREOF,EXPORT,VALUE_IN_EUROS,2004,20995
ESTAT:DS-045409(1.0),06/02/26 11:00:00,Annual,"European Union - 27 countries (AT, BE, BG, CY, CZ, DE, DK, EE, ES, FI, FR, GR, HR, HU, IE, IT, LT, LU, LV, MT, NL, PL, PT, RO, SE, SI, SK)",Cabo Verde,ZINC AND ARTICLES THEREOF,EXPORT,VALUE_IN_EUROS,2005,28019
ESTAT:DS-045409(1.0),06/02/26 11:00:00,Annual,"European Union - 27 countries (AT, BE, BG, CY, CZ, DE, DK, EE, ES, FI, FR, GR, HR, HU, IE, IT, LT, LU, LV, MT, NL, PL, PT, RO, SE, SI, SK)",Cabo Verde,ZINC AND ARTICLES THEREOF,EXPORT,VALUE_IN_EUROS,2006,12297
ESTAT:DS-045409(1.0),06/02/26 11:00:00,Annual,"European Union - 27 countries (AT, BE, BG, CY, CZ, DE, DK, EE, ES, FI, FR, GR, HR, HU, IE, IT, LT, LU, LV, MT, NL, PL, PT, RO, SE, SI, SK)",Cabo Verde,ZINC AND ARTICLES THEREOF,EXPORT,VALUE_IN_EUROS,2007,55017
ESTAT:DS-045409(1.0),06/02/26 11:00:00,Annual,"European Union - 27 countries (AT, BE, BG, CY, CZ, DE, DK, EE, ES, FI, FR, GR, HR, HU, IE, IT, LT, LU, LV, MT, NL, PL, PT, RO, SE, SI, SK)",Cabo Verde,ZINC AND ARTICLES THEREOF,EXPORT,VALUE_IN_EUROS,2008,28003
ESTAT:DS-045409(1.0),06/02/26 11:00:00,Annual,"European Union - 27 countries (AT, BE, BG, CY, CZ, DE, DK, EE, ES, FI, FR, GR, HR, HU, IE, IT, LT, LU, LV, MT, NL, PL, PT, RO, SE, SI, SK)",Cabo Verde,ZINC AND ARTICLES THEREOF,EXPORT,VALUE_IN_EUROS,2009,30026
ESTAT:DS-045409(1.0),06/02/26 11:00:00,Annual,"European Union - 27 countries (AT, BE, BG, CY, CZ, DE, DK, EE, ES, FI, FR, GR, HR, HU, IE, IT, LT, LU, LV, MT, NL, PL, PT, RO, SE, SI, SK)",Cabo Verde,ZINC AND ARTICLES THEREOF,EXPORT,VALUE_IN_EUROS,2010,29931
ESTAT:DS-045409(1.0),06/02/26 11:00:00,Annual,"European Union - 27 countries (AT, BE, BG, CY, CZ, DE, DK, EE, ES, FI, FR, GR, HR, HU, IE, IT, LT, LU, LV, MT, NL, PL, PT, RO, SE, SI, SK)",Cabo Verde,ZINC AND ARTICLES THEREOF,EXPORT,VALUE_IN_EUROS,2011,14198
ESTAT:DS-045409(1.0),06/02/26 11:00:00,Annual,"European Union - 27 countries (AT, BE, BG, CY, CZ, DE, DK, EE, ES, FI, FR, GR, HR, HU, IE, IT, LT, LU, LV, MT, NL, PL, PT, RO, SE, SI, SK)",Cabo Verde,ZINC AND ARTICLES THEREOF,EXPORT,VALUE_IN_EUROS,2012,20322
ESTAT:DS-045409(1.0),06/02/26 11:00:00,Annual,"European Union - 27 countries (AT, BE, BG, CY, CZ, DE, DK, EE, ES, FI, FR, GR, HR, HU, IE, IT, LT, LU, LV, MT, NL, PL, PT, RO, SE, SI, SK)",Cabo Verde,ZINC AND ARTICLES THEREOF,EXPORT,VALUE_IN_EUROS,2013,39229
ESTAT:DS-045409(1.0),06/02/26 11:00:00,Annual,"European Union - 27 countries (AT, BE, BG, CY, CZ, DE, DK, EE, ES, FI, FR, GR, HR, HU, IE, IT, LT, LU, LV, MT, NL, PL, PT, RO, SE, SI, SK)",Cabo Verde,ZINC AND ARTICLES THEREOF,EXPORT,VALUE_IN_EUROS,2014,8284
ESTAT:DS-045409(1.0),06/02/26 11:00:00,Annual,"European Union - 27 countries (AT, BE, BG, CY, CZ, DE, DK, EE, ES, FI, FR, GR, HR, HU, IE, IT, LT, LU, LV, MT, NL, PL, PT, RO, SE, SI, SK)",Cabo Verde,ZINC AND ARTICLES THEREOF,EXPORT,VALUE_IN_EUROS,2015,21178
ESTAT:DS-045409(1.0),06/02/26 11:00:00,Annual,"European Union - 27 countries (AT, BE, BG, CY, CZ, DE, DK, EE, ES, FI, FR, GR, HR, HU, IE, IT, LT, LU, LV, MT, NL, PL, PT, RO, SE, SI, SK)",Cabo Verde,ZINC AND ARTICLES THEREOF,EXPORT,VALUE_IN_EUROS,2016,26274
ESTAT:DS-045409(1.0),06/02/26 11:00:00,Annual,"European Union - 27 countries (AT, BE, BG, CY, CZ, DE, DK, EE, ES, FI, FR, GR, HR, HU, IE, IT, LT, LU, LV, MT, NL, PL, PT, RO, SE, SI, SK)",Cabo Verde,ZINC AND ARTICLES THEREOF,EXPORT,VALUE_IN_EUROS,2017,33099
ESTAT:DS-045409(1.0),06/02/26 11:00:00,Annual,"European Union - 27 countries (AT, BE, BG, CY, CZ, DE, DK, EE, ES, FI, FR, GR, HR, HU, IE, IT, LT, LU, LV, MT, NL, PL, PT, RO, SE, SI, SK)",Cabo Verde,ZINC AND ARTICLES THEREOF,EXPORT,VALUE_IN_EUROS,2018,21611
ESTAT:DS-045409(1.0),06/02/26 11:00:00,Annual,"European Union - 27 countries (AT, BE, BG, CY, CZ, DE, DK, EE, ES, FI, FR, GR, HR, HU, IE, IT, LT, LU, LV, MT, NL, PL, PT, RO, SE, SI, SK)",Cabo Verde,ZINC AND ARTICLES THEREOF,EXPORT,VALUE_IN_EUROS,2019,67226
ESTAT:DS-045409(1.0),06/02/26 11:00:00,Annual,"European Union - 27 countries (AT, BE, BG, CY, CZ, DE, DK, EE, ES, FI, FR, GR, HR, HU, IE, IT, LT, LU, LV, MT, NL, PL, PT, RO, SE, SI, SK)",Cabo Verde,ZINC AND ARTICLES THEREOF,EXPORT,VALUE_IN_EUROS,2020,26433
ESTAT:DS-045409(1.0),06/02/26 11:00:00,Annual,"European Union - 27 countries (AT, BE, BG, CY, CZ, DE, DK, EE, ES, FI, FR, GR, HR, HU, IE, IT, LT, LU, LV, MT, NL, PL, PT, RO, SE, SI, SK)",Cabo Verde,ZINC AND ARTICLES THEREOF,EXPORT,VALUE_IN_EUROS,2021,115221
ESTAT:DS-045409(1.0),06/02/26 11:00:00,Annual,"European Union - 27 countries (AT, BE, BG, CY, CZ, DE, DK, EE, ES, FI, FR, GR, HR, HU, IE, IT, LT, LU, LV, MT, NL, PL, PT, RO, SE, SI, SK)",Cabo Verde,ZINC AND ARTICLES THEREOF,EXPORT,VALUE_IN_EUROS,2022,184900
ESTAT:DS-045409(1.0),06/02/26 11:00:00,Annual,"European Union - 27 countries (AT, BE, BG, CY, CZ, DE, DK, EE, ES, FI, FR, GR, HR, HU, IE, IT, LT, LU, LV, MT, NL, PL, PT, RO, SE, SI, SK)",Cabo Verde,ZINC AND ARTICLES THEREOF,EXPORT,VALUE_IN_EUROS,2023,94792
ESTAT:DS-045409(1.0),06/02/26 11:00:00,Annual,"European Union - 27 countries (AT, BE, BG, CY, CZ, DE, DK, EE, ES, FI, FR, GR, HR, HU, IE, IT, LT, LU, LV, MT, NL, PL, PT, RO, SE, SI, SK)",Cabo Verde,ZINC AND ARTICLES THEREOF,EXPORT,VALUE_IN_EUROS,2024,11702
ESTAT:DS-045409(1.0),06/02/26 11:00:00,Annual,"European Union - 27 countries (AT, BE, BG, CY, CZ, DE, DK, EE, ES, FI, FR, GR, HR, HU, IE, IT, LT, LU, LV, MT, NL, PL, PT, RO, SE, SI, SK)",Djibouti,ZINC AND ARTICLES THEREOF,EXPORT,VALUE_IN_EUROS,2003,2360
ESTAT:DS-045409(1.0),06/02/26 11:00:00,Annual,"European Union - 27 countries (AT, BE, BG, CY, CZ, DE, DK, EE, ES, FI, FR, GR, HR, HU, IE, IT, LT, LU, LV, MT, NL, PL, PT, RO, SE, SI, SK)",Djibouti,ZINC AND ARTICLES THEREOF,EXPORT,VALUE_IN_EUROS,2005,6936
ESTAT:DS-045409(1.0),06/02/26 11:00:00,Annual,"European Union - 27 countries (AT, BE, BG, CY, CZ, DE, DK, EE, ES, FI, FR, GR, HR, HU, IE, IT, LT, LU, LV, MT, NL, PL, PT, RO, SE, SI, SK)",Djibouti,ZINC AND ARTICLES THEREOF,EXPORT,VALUE_IN_EUROS,2009,79211
ESTAT:DS-045409(1.0),06/02/26 11:00:00,Annual,"European Union - 27 countries (AT, BE, BG, CY, CZ, DE, DK, EE, ES, FI, FR, GR, HR, HU, IE, IT, LT, LU, LV, MT, NL, PL, PT, RO, SE, SI, SK)",Djibouti,ZINC AND ARTICLES THEREOF,EXPORT,VALUE_IN_EUROS,2010,2130
ESTAT:DS-045409(1.0),06/02/26 11:00:00,Annual,"European Union - 27 countries (AT, BE, BG, CY, CZ, DE, DK, EE, ES, FI, FR, GR, HR, HU, IE, IT, LT, LU, LV, MT, NL, PL, PT, RO, SE, SI, SK)",Djibouti,ZINC AND ARTICLES THEREOF,EXPORT,VALUE_IN_EUROS,2011,1778
ESTAT:DS-045409(1.0),06/02/26 11:00:00,Annual,"European Union - 27 countries (AT, BE, BG, CY, CZ, DE, DK, EE, ES, FI, FR, GR, HR, HU, IE, IT, LT, LU, LV, MT, NL, PL, PT, RO, SE, SI, SK)",Djibouti,ZINC AND ARTICLES THEREOF,EXPORT,VALUE_IN_EUROS,2012,1343865
ESTAT:DS-045409(1.0),06/02/26 11:00:00,Annual,"European Union - 27 countries (AT, BE, BG, CY, CZ, DE, DK, EE, ES, FI, FR, GR, HR, HU, IE, IT, LT, LU, LV, MT, NL, PL, PT, RO, SE, SI, SK)",Djibouti,ZINC AND ARTICLES THEREOF,EXPORT,VALUE_IN_EUROS,2013,393267
ESTAT:DS-045409(1.0),06/02/26 11:00:00,Annual,"European Union - 27 countries (AT, BE, BG, CY, CZ, DE, DK, EE, ES, FI, FR, GR, HR, HU, IE, IT, LT, LU, LV, MT, NL, PL, PT, RO, SE, SI, SK)",Djibouti,ZINC AND ARTICLES THEREOF,EXPORT,VALUE_IN_EUROS,2014,106
ESTAT:DS-045409(1.0),06/02/26 11:00:00,Annual,"European Union - 27 countries (AT, BE, BG, CY, CZ, DE, DK, EE, ES, FI, FR, GR, HR, HU, IE, IT, LT, LU, LV, MT, NL, PL, PT, RO, SE, SI, SK)",Djibouti,ZINC AND ARTICLES THEREOF,EXPORT,VALUE_IN_EUROS,2015,146579
ESTAT:DS-045409(1.0),06/02/26 11:00:00,Annual,"European Union - 27 countries (AT, BE, BG, CY, CZ, DE, DK, EE, ES, FI, FR, GR, HR, HU, IE, IT, LT, LU, LV, MT, NL, PL, PT, RO, SE, SI, SK)",Djibouti,ZINC AND ARTICLES THEREOF,EXPORT,VALUE_IN_EUROS,2016,2402660
ESTAT:DS-045409(1.0),06/02/26 11:00:00,Annual,"European Union - 27 countries (AT, BE, BG, CY, CZ, DE, DK, EE, ES, FI, FR, GR, HR, HU, IE, IT, LT, LU, LV, MT, NL, PL, PT, RO, SE, SI, SK)",Djibouti,ZINC AND ARTICLES THEREOF,EXPORT,VALUE_IN_EUROS,2017,4917441
ESTAT:DS-045409(1.0),06/02/26 11:00:00,Annual,"European Union - 27 countries (AT, BE, BG, CY, CZ, DE, DK, EE, ES, FI, FR, GR, HR, HU, IE, IT, LT, LU, LV, MT, NL, PL, PT, RO, SE, SI, SK)",Djibouti,ZINC AND ARTICLES THEREOF,EXPORT,VALUE_IN_EUROS,2018,8891936
ESTAT:DS-045409(1.0),06/02/26 11:00:00,Annual,"European Union - 27 countries (AT, BE, BG, CY, CZ, DE, DK, EE, ES, FI, FR, GR, HR, HU, IE, IT, LT, LU, LV, MT, NL, PL, PT, RO, SE, SI, SK)",Djibouti,ZINC AND ARTICLES THEREOF,EXPORT,VALUE_IN_EUROS,2019,12020392
ESTAT:DS-045409(1.0),06/02/26 11:00:00,Annual,"European Union - 27 countries (AT, BE, BG, CY, CZ, DE, DK, EE, ES, FI, FR, GR, HR, HU, IE, IT, LT, LU, LV, MT, NL, PL, PT, RO, SE, SI, SK)",Djibouti,ZINC AND ARTICLES THEREOF,EXPORT,VALUE_IN_EUROS,2020,4446630
ESTAT:DS-045409(1.0),06/02/26 11:00:00,Annual,"European Union - 27 countries (AT, BE, BG, CY, CZ, DE, DK, EE, ES, FI, FR, GR, HR, HU, IE, IT, LT, LU, LV, MT, NL, PL, PT, RO, SE, SI, SK)",Djibouti,ZINC AND ARTICLES THEREOF,EXPORT,VALUE_IN_EUROS,2021,7382185
ESTAT:DS-045409(1.0),06/02/26 11:00:00,Annual,"European Union - 27 countries (AT, BE, BG, CY, CZ, DE, DK, EE, ES, FI, FR, GR, HR, HU, IE, IT, LT, LU, LV, MT, NL, PL, PT, RO, SE, SI, SK)",Djibouti,ZINC AND ARTICLES THEREOF,EXPORT,VALUE_IN_EUROS,2022,761
ESTAT:DS-045409(1.0),06/02/26 11:00:00,Annual,"European Union - 27 countries (AT, BE, BG, CY, CZ, DE, DK, EE, ES, FI, FR, GR, HR, HU, IE, IT, LT, LU, LV, MT, NL, PL, PT, RO, SE, SI, SK)",Djibouti,ZINC AND ARTICLES THEREOF,EXPORT,VALUE_IN_EUROS,2023,1733796
ESTAT:DS-045409(1.0),06/02/26 11:00:00,Annual,"European Union - 27 countries (AT, BE, BG, CY, CZ, DE, DK, EE, ES, FI, FR, GR, HR, HU, IE, IT, LT, LU, LV, MT, NL, PL, PT, RO, SE, SI, SK)",Djibouti,ZINC AND ARTICLES THEREOF,EXPORT,VALUE_IN_EUROS,2024,2632826
ESTAT:DS-045409(1.0),06/02/26 11:00:00,Annual,"European Union - 27 countries (AT, BE, BG, CY, CZ, DE, DK, EE, ES, FI, FR, GR, HR, HU, IE, IT, LT, LU, LV, MT, NL, PL, PT, RO, SE, SI, SK)",Algeria,ZINC AND ARTICLES THEREOF,EXPORT,VALUE_IN_EUROS,1999,312389
ESTAT:DS-045409(1.0),06/02/26 11:00:00,Annual,"European Union - 27 countries (AT, BE, BG, CY, CZ, DE, DK, EE, ES, FI, FR, GR, HR, HU, IE, IT, LT, LU, LV, MT, NL, PL, PT, RO, SE, SI, SK)",Algeria,ZINC AND ARTICLES THEREOF,EXPORT,VALUE_IN_EUROS,2000,667992
ESTAT:DS-045409(1.0),06/02/26 11:00:00,Annual,"European Union - 27 countries (AT, BE, BG, CY, CZ, DE, DK, EE, ES, FI, FR, GR, HR, HU, IE, IT, LT, LU, LV, MT, NL, PL, PT, RO, SE, SI, SK)",Algeria,ZINC AND ARTICLES THEREOF,EXPORT,VALUE_IN_EUROS,2001,821229
ESTAT:DS-045409(1.0),06/02/26 11:00:00,Annual,"European Union - 27 countries (AT, BE, BG, CY, CZ, DE, DK, EE, ES, FI, FR, GR, HR, HU, IE, IT, LT, LU, LV, MT, NL, PL, PT, RO, SE, SI, SK)",Algeria,ZINC AND ARTICLES THEREOF,EXPORT,VALUE_IN_EUROS,2002,326653
ESTAT:DS-045409(1.0),06/02/26 11:00:00,Annual,"European Union - 27 countries (AT, BE, BG, CY, CZ, DE, DK, EE, ES, FI, FR, GR, HR, HU, IE, IT, LT, LU, LV, MT, NL, PL, PT, RO, SE, SI, SK)",Algeria,ZINC AND ARTICLES THEREOF,EXPORT,VALUE_IN_EUROS,2003,928387
ESTAT:DS-045409(1.0),06/02/26 11:00:00,Annual,"European Union - 27 countries (AT, BE, BG, CY, CZ, DE, DK, EE, ES, FI, FR, GR, HR, HU, IE, IT, LT, LU, LV, MT, NL, PL, PT, RO, SE, SI, SK)",Algeria,ZINC AND ARTICLES THEREOF,EXPORT,VALUE_IN_EUROS,2004,311905
ESTAT:DS-045409(1.0),06/02/26 11:00:00,Annual,"European Union - 27 countries (AT, BE, BG, CY, CZ, DE, DK, EE, ES, FI, FR, GR, HR, HU, IE, IT, LT, LU, LV, MT, NL, PL, PT, RO, SE, SI, SK)",Algeria,ZINC AND ARTICLES THEREOF,EXPORT,VALUE_IN_EUROS,2005,432213
ESTAT:DS-045409(1.0),06/02/26 11:00:00,Annual,"European Union - 27 countries (AT, BE, BG, CY, CZ, DE, DK, EE, ES, FI, FR, GR, HR, HU, IE, IT, LT, LU, LV, MT, NL, PL, PT, RO, SE, SI, SK)",Algeria,ZINC AND ARTICLES THEREOF,EXPORT,VALUE_IN_EUROS,2006,696647
ESTAT:DS-045409(1.0),06/02/26 11:00:00,Annual,"European Union - 27 countries (AT, BE, BG, CY, CZ, DE, DK, EE, ES, FI, FR, GR, HR, HU, IE, IT, LT, LU, LV, MT, NL, PL, PT, RO, SE, SI, SK)",Algeria,ZINC AND ARTICLES THEREOF,EXPORT,VALUE_IN_EUROS,2007,846494
ESTAT:DS-045409(1.0),06/02/26 11:00:00,Annual,"European Union - 27 countries (AT, BE, BG, CY, CZ, DE, DK, EE, ES, FI, FR, GR, HR, HU, IE, IT, LT, LU, LV, MT, NL, PL, PT, RO, SE, SI, SK)",Algeria,ZINC AND ARTICLES THEREOF,EXPORT,VALUE_IN_EUROS,2008,3510893
ESTAT:DS-045409(1.0),06/02/26 11:00:00,Annual,"European Union - 27 countries (AT, BE, BG, CY, CZ, DE, DK, EE, ES, FI, FR, GR, HR, HU, IE, IT, LT, LU, LV, MT, NL, PL, PT, RO, SE, SI, SK)",Algeria,ZINC AND ARTICLES THEREOF,EXPORT,VALUE_IN_EUROS,2009,690309
ESTAT:DS-045409(1.0),06/02/26 11:00:00,Annual,"European Union - 27 countries (AT, BE, BG, CY, CZ, DE, DK, EE, ES, FI, FR, GR, HR, HU, IE, IT, LT, LU, LV, MT, NL, PL, PT, RO, SE, SI, SK)",Algeria,ZINC AND ARTICLES THEREOF,EXPORT,VALUE_IN_EUROS,2010,949889
ESTAT:DS-045409(1.0),06/02/26 11:00:00,Annual,"European Union - 27 countries (AT, BE, BG, CY, CZ, DE, DK, EE, ES, FI, FR, GR, HR, HU, IE, IT, LT, LU, LV, MT, NL, PL, PT, RO, SE, SI, SK)",Algeria,ZINC AND ARTICLES THEREOF,EXPORT,VALUE_IN_EUROS,2011,1623384
ESTAT:DS-045409(1.0),06/02/26 11:00:00,Annual,"European Union - 27 countries (AT, BE, BG, CY, CZ, DE, DK, EE, ES, FI, FR, GR, HR, HU, IE, IT, LT, LU, LV, MT, NL, PL, PT, RO, SE, SI, SK)",Algeria,ZINC AND ARTICLES THEREOF,EXPORT,VALUE_IN_EUROS,2012,1788290
ESTAT:DS-045409(1.0),06/02/26 11:00:00,Annual,"European Union - 27 countries (AT, BE, BG, CY, CZ, DE, DK, EE, ES, FI, FR, GR, HR, HU, IE, IT, LT, LU, LV, MT, NL, PL, PT, RO, SE, SI, SK)",Algeria,ZINC AND ARTICLES THEREOF,EXPORT,VALUE_IN_EUROS,2013,5359942
ESTAT:DS-045409(1.0),06/02/26 11:00:00,Annual,"European Union - 27 countries (AT, BE, BG, CY, CZ, DE, DK, EE, ES, FI, FR, GR, HR, HU, IE, IT, LT, LU, LV, MT, NL, PL, PT, RO, SE, SI, SK)",Algeria,ZINC AND ARTICLES THEREOF,EXPORT,VALUE_IN_EUROS,2014,5793492
ESTAT:DS-045409(1.0),06/02/26 11:00:00,Annual,"European Union - 27 countries (AT, BE, BG, CY, CZ, DE, DK, EE, ES, FI, FR, GR, HR, HU, IE, IT, LT, LU, LV, MT, NL, PL, PT, RO, SE, SI, SK)",Algeria,ZINC AND ARTICLES THEREOF,EXPORT,VALUE_IN_EUROS,2015,17078141
ESTAT:DS-045409(1.0),06/02/26 11:00:00,Annual,"European Union - 27 countries (AT, BE, BG, CY, CZ, DE, DK, EE, ES, FI, FR, GR, HR, HU, IE, IT, LT, LU, LV, MT, NL, PL, PT, RO, SE, SI, SK)",Algeria,ZINC AND ARTICLES THEREOF,EXPORT,VALUE_IN_EUROS,2016,14733964
ESTAT:DS-045409(1.0),06/02/26 11:00:00,Annual,"European Union - 27 countries (AT, BE, BG, CY, CZ, DE, DK, EE, ES, FI, FR, GR, HR, HU, IE, IT, LT, LU, LV, MT, NL, PL, PT, RO, SE, SI, SK)",Algeria,ZINC AND ARTICLES THEREOF,EXPORT,VALUE_IN_EUROS,2017,19073149
ESTAT:DS-045409(1.0),06/02/26 11:00:00,Annual,"European Union - 27 countries (AT, BE, BG, CY, CZ, DE, DK, EE, ES, FI, FR, GR, HR, HU, IE, IT, LT, LU, LV, MT, NL, PL, PT, RO, SE, SI, SK)",Algeria,ZINC AND ARTICLES THEREOF,EXPORT,VALUE_IN_EUROS,2018,31664188
ESTAT:DS-045409(1.0),06/02/26 11:00:00,Annual,"European Union - 27 countries (AT, BE, BG, CY, CZ, DE, DK, EE, ES, FI, FR, GR, HR, HU, IE, IT, LT, LU, LV, MT, NL, PL, PT, RO, SE, SI, SK)",Algeria,ZINC AND ARTICLES THEREOF,EXPORT,VALUE_IN_EUROS,2019,19585695
ESTAT:DS-045409(1.0),06/02/26 11:00:00,Annual,"European Union - 27 countries (AT, BE, BG, CY, CZ, DE, DK, EE, ES, FI, FR, GR, HR, HU, IE, IT, LT, LU, LV, MT, NL, PL, PT, RO, SE, SI, SK)",Algeria,ZINC AND ARTICLES THEREOF,EXPORT,VALUE_IN_EUROS,2020,22140963
ESTAT:DS-045409(1.0),06/02/26 11:00:00,Annual,"European Union - 27 countries (AT, BE, BG, CY, CZ, DE, DK, EE, ES, FI, FR, GR, HR, HU, IE, IT, LT, LU, LV, MT, NL, PL, PT, RO, SE, SI, SK)",Algeria,ZINC AND ARTICLES THEREOF,EXPORT,VALUE_IN_EUROS,2021,14634731
ESTAT:DS-045409(1.0),06/02/26 11:00:00,Annual,"European Union - 27 countries (AT, BE, BG, CY, CZ, DE, DK, EE, ES, FI, FR, GR, HR, HU, IE, IT, LT, LU, LV, MT, NL, PL, PT, RO, SE, SI, SK)",Algeria,ZINC AND ARTICLES THEREOF,EXPORT,VALUE_IN_EUROS,2022,26405454
ESTAT:DS-045409(1.0),06/02/26 11:00:00,Annual,"European Union - 27 countries (AT, BE, BG, CY, CZ, DE, DK, EE, ES, FI, FR, GR, HR, HU, IE, IT, LT, LU, LV, MT, NL, PL, PT, RO, SE, SI, SK)",Algeria,ZINC AND ARTICLES THEREOF,EXPORT,VALUE_IN_EUROS,2023,48149190
ESTAT:DS-045409(1.0),06/02/26 11:00:00,Annual,"European Union - 27 countries (AT, BE, BG, CY, CZ, DE, DK, EE, ES, FI, FR, GR, HR, HU, IE, IT, LT, LU, LV, MT, NL, PL, PT, RO, SE, SI, SK)",Algeria,ZINC AND ARTICLES THEREOF,EXPORT,VALUE_IN_EUROS,2024,28384493
ESTAT:DS-045409(1.0),06/02/26 11:00:00,Annual,"European Union - 27 countries (AT, BE, BG, CY, CZ, DE, DK, EE, ES, FI, FR, GR, HR, HU, IE, IT, LT, LU, LV, MT, NL, PL, PT, RO, SE, SI, SK)",Egypt,ZINC AND ARTICLES THEREOF,EXPORT,VALUE_IN_EUROS,1999,10205348
ESTAT:DS-045409(1.0),06/02/26 11:00:00,Annual,"European Union - 27 countries (AT, BE, BG, CY, CZ, DE, DK, EE, ES, FI, FR, GR, HR, HU, IE, IT, LT, LU, LV, MT, NL, PL, PT, RO, SE, SI, SK)",Egypt,ZINC AND ARTICLES THEREOF,EXPORT,VALUE_IN_EUROS,2000,14612377
ESTAT:DS-045409(1.0),06/02/26 11:00:00,Annual,"European Union - 27 countries (AT, BE, BG, CY, CZ, DE, DK, EE, ES, FI, FR, GR, HR, HU, IE, IT, LT, LU, LV, MT, NL, PL, PT, RO, SE, SI, SK)",Egypt,ZINC AND ARTICLES THEREOF,EXPORT,VALUE_IN_EUROS,2001,12408717
ESTAT:DS-045409(1.0),06/02/26 11:00:00,Annual,"European Union - 27 countries (AT, BE, BG, CY, CZ, DE, DK, EE, ES, FI, FR, GR, HR, HU, IE, IT, LT, LU, LV, MT, NL, PL, PT, RO, SE, SI, SK)",Egypt,ZINC AND ARTICLES THEREOF,EXPORT,VALUE_IN_EUROS,2002,8507816
ESTAT:DS-045409(1.0),06/02/26 11:00:00,Annual,"European Union - 27 countries (AT, BE, BG, CY, CZ, DE, DK, EE, ES, FI, FR, GR, HR, HU, IE, IT, LT, LU, LV, MT, NL, PL, PT, RO, SE, SI, SK)",Egypt,ZINC AND ARTICLES THEREOF,EXPORT,VALUE_IN_EUROS,2003,8772662
ESTAT:DS-045409(1.0),06/02/26 11:00:00,Annual,"European Union - 27 countries (AT, BE, BG, CY, CZ, DE, DK, EE, ES, FI, FR, GR, HR, HU, IE, IT, LT, LU, LV, MT, NL, PL, PT, RO, SE, SI, SK)",Egypt,ZINC AND ARTICLES THEREOF,EXPORT,VALUE_IN_EUROS,2004,9424898
ESTAT:DS-045409(1.0),06/02/26 11:00:00,Annual,"European Union - 27 countries (AT, BE, BG, CY, CZ, DE, DK, EE, ES, FI, FR, GR, HR, HU, IE, IT, LT, LU, LV, MT, NL, PL, PT, RO, SE, SI, SK)",Egypt,ZINC AND ARTICLES THEREOF,EXPORT,VALUE_IN_EUROS,2005,11702117
ESTAT:DS-045409(1.0),06/02/26 11:00:00,Annual,"European Union - 27 countries (AT, BE, BG, CY, CZ, DE, DK, EE, ES, FI, FR, GR, HR, HU, IE, IT, LT, LU, LV, MT, NL, PL, PT, RO, SE, SI, SK)",Egypt,ZINC AND ARTICLES THEREOF,EXPORT,VALUE_IN_EUROS,2006,19004962
ESTAT:DS-045409(1.0),06/02/26 11:00:00,Annual,"European Union - 27 countries (AT, BE, BG, CY, CZ, DE, DK, EE, ES, FI, FR, GR, HR, HU, IE, IT, LT, LU, LV, MT, NL, PL, PT, RO, SE, SI, SK)",Egypt,ZINC AND ARTICLES THEREOF,EXPORT,VALUE_IN_EUROS,2007,14224790
ESTAT:DS-045409(1.0),06/02/26 11:00:00,Annual,"European Union - 27 countries (AT, BE, BG, CY, CZ, DE, DK, EE, ES, FI, FR, GR, HR, HU, IE, IT, LT, LU, LV, MT, NL, PL, PT, RO, SE, SI, SK)",Egypt,ZINC AND ARTICLES THEREOF,EXPORT,VALUE_IN_EUROS,2008,2054835
ESTAT:DS-045409(1.0),06/02/26 11:00:00,Annual,"European Union - 27 countries (AT, BE, BG, CY, CZ, DE, DK, EE, ES, FI, FR, GR, HR, HU, IE, IT, LT, LU, LV, MT, NL, PL, PT, RO, SE, SI, SK)",Egypt,ZINC AND ARTICLES THEREOF,EXPORT,VALUE_IN_EUROS,2009,770053
ESTAT:DS-045409(1.0),06/02/26 11:00:00,Annual,"European Union - 27 countries (AT, BE, BG, CY, CZ, DE, DK, EE, ES, FI, FR, GR, HR, HU, IE, IT, LT, LU, LV, MT, NL, PL, PT, RO, SE, SI, SK)",Egypt,ZINC AND ARTICLES THEREOF,EXPORT,VALUE_IN_EUROS,2010,1779821
ESTAT:DS-045409(1.0),06/02/26 11:00:00,Annual,"European Union - 27 countries (AT, BE, BG, CY, CZ, DE, DK, EE, ES, FI, FR, GR, HR, HU, IE, IT, LT, LU, LV, MT, NL, PL, PT, RO, SE, SI, SK)",Egypt,ZINC AND ARTICLES THEREOF,EXPORT,VALUE_IN_EUROS,2011,1479729
ESTAT:DS-045409(1.0),06/02/26 11:00:00,Annual,"European Union - 27 countries (AT, BE, BG, CY, CZ, DE, DK, EE, ES, FI, FR, GR, HR, HU, IE, IT, LT, LU, LV, MT, NL, PL, PT, RO, SE, SI, SK)",Egypt,ZINC AND ARTICLES THEREOF,EXPORT,VALUE_IN_EUROS,2012,4061723
ESTAT:DS-045409(1.0),06/02/26 11:00:00,Annual,"European Union - 27 countries (AT, BE, BG, CY, CZ, DE, DK, EE, ES, FI, FR, GR, HR, HU, IE, IT, LT, LU, LV, MT, NL, PL, PT, RO, SE, SI, SK)",Egypt,ZINC AND ARTICLES THEREOF,EXPORT,VALUE_IN_EUROS,2013,17617034
ESTAT:DS-045409(1.0),06/02/26 11:00:00,Annual,"European Union - 27 countries (AT, BE, BG, CY, CZ, DE, DK, EE, ES, FI, FR, GR, HR, HU, IE, IT, LT, LU, LV, MT, NL, PL, PT, RO, SE, SI, SK)",Egypt,ZINC AND ARTICLES THEREOF,EXPORT,VALUE_IN_EUROS,2014,22559151
ESTAT:DS-045409(1.0),06/02/26 11:00:00,Annual,"European Union - 27 countries (AT, BE, BG, CY, CZ, DE, DK, EE, ES, FI, FR, GR, HR, HU, IE, IT, LT, LU, LV, MT, NL, PL, PT, RO, SE, SI, SK)",Egypt,ZINC AND ARTICLES THEREOF,EXPORT,VALUE_IN_EUROS,2015,29901821
ESTAT:DS-045409(1.0),06/02/26 11:00:00,Annual,"European Union - 27 countries (AT, BE, BG, CY, CZ, DE, DK, EE, ES, FI, FR, GR, HR, HU, IE, IT, LT, LU, LV, MT, NL, PL, PT, RO, SE, SI, SK)",Egypt,ZINC AND ARTICLES THEREOF,EXPORT,VALUE_IN_EUROS,2016,44299746
ESTAT:DS-045409(1.0),06/02/26 11:00:00,Annual,"European Union - 27 countries (AT, BE, BG, CY, CZ, DE, DK, EE, ES, FI, FR, GR, HR, HU, IE, IT, LT, LU, LV, MT, NL, PL, PT, RO, SE, SI, SK)",Egypt,ZINC AND ARTICLES THEREOF,EXPORT,VALUE_IN_EUROS,2017,54719141
ESTAT:DS-045409(1.0),06/02/26 11:00:00,Annual,"European Union - 27 countries (AT, BE, BG, CY, CZ, DE, DK, EE, ES, FI, FR, GR, HR, HU, IE, IT, LT, LU, LV, MT, NL, PL, PT, RO, SE, SI, SK)",Egypt,ZINC AND ARTICLES THEREOF,EXPORT,VALUE_IN_EUROS,2018,80951238
ESTAT:DS-045409(1.0),06/02/26 11:00:00,Annual,"European Union - 27 countries (AT, BE, BG, CY, CZ, DE, DK, EE, ES, FI, FR, GR, HR, HU, IE, IT, LT, LU, LV, MT, NL, PL, PT, RO, SE, SI, SK)",Egypt,ZINC AND ARTICLES THEREOF,EXPORT,VALUE_IN_EUROS,2019,70833724
ESTAT:DS-045409(1.0),06/02/26 11:00:00,Annual,"European Union - 27 countries (AT, BE, BG, CY, CZ, DE, DK, EE, ES, FI, FR, GR, HR, HU, IE, IT, LT, LU, LV, MT, NL, PL, PT, RO, SE, SI, SK)",Egypt,ZINC AND ARTICLES THEREOF,EXPORT,VALUE_IN_EUROS,2020,60960628
ESTAT:DS-045409(1.0),06/02/26 11:00:00,Annual,"European Union - 27 countries (AT, BE, BG, CY, CZ, DE, DK, EE, ES, FI, FR, GR, HR, HU, IE, IT, LT, LU, LV, MT, NL, PL, PT, RO, SE, SI, SK)",Egypt,ZINC AND ARTICLES THEREOF,EXPORT,VALUE_IN_EUROS,2021,76267531
ESTAT:DS-045409(1.0),06/02/26 11:00:00,Annual,"European Union - 27 countries (AT, BE, BG, CY, CZ, DE, DK, EE, ES, FI, FR, GR, HR, HU, IE, IT, LT, LU, LV, MT, NL, PL, PT, RO, SE, SI, SK)",Egypt,ZINC AND ARTICLES THEREOF,EXPORT,VALUE_IN_EUROS,2022,84134672
ESTAT:DS-045409(1.0),06/02/26 11:00:00,Annual,"European Union - 27 countries (AT, BE, BG, CY, CZ, DE, DK, EE, ES, FI, FR, GR, HR, HU, IE, IT, LT, LU, LV, MT, NL, PL, PT, RO, SE, SI, SK)",Egypt,ZINC AND ARTICLES THEREOF,EXPORT,VALUE_IN_EUROS,2023,37515744
ESTAT:DS-045409(1.0),06/02/26 11:00:00,Annual,"European Union - 27 countries (AT, BE, BG, CY, CZ, DE, DK, EE, ES, FI, FR, GR, HR, HU, IE, IT, LT, LU, LV, MT, NL, PL, PT, RO, SE, SI, SK)",Egypt,ZINC AND ARTICLES THEREOF,EXPORT,VALUE_IN_EUROS,2024,85941486
ESTAT:DS-045409(1.0),06/02/26 11:00:00,Annual,"European Union - 27 countries (AT, BE, BG, CY, CZ, DE, DK, EE, ES, FI, FR, GR, HR, HU, IE, IT, LT, LU, LV, MT, NL, PL, PT, RO, SE, SI, SK)",Eritrea,ZINC AND ARTICLES THEREOF,EXPORT,VALUE_IN_EUROS,2000,15566
ESTAT:DS-045409(1.0),06/02/26 11:00:00,Annual,"European Union - 27 countries (AT, BE, BG, CY, CZ, DE, DK, EE, ES, FI, FR, GR, HR, HU, IE, IT, LT, LU, LV, MT, NL, PL, PT, RO, SE, SI, SK)",Eritrea,ZINC AND ARTICLES THEREOF,EXPORT,VALUE_IN_EUROS,2001,13771
ESTAT:DS-045409(1.0),06/02/26 11:00:00,Annual,"European Union - 27 countries (AT, BE, BG, CY, CZ, DE, DK, EE, ES, FI, FR, GR, HR, HU, IE, IT, LT, LU, LV, MT, NL, PL, PT, RO, SE, SI, SK)",Eritrea,ZINC AND ARTICLES THEREOF,EXPORT,VALUE_IN_EUROS,2002,33859
ESTAT:DS-045409(1.0),06/02/26 11:00:00,Annual,"European Union - 27 countries (AT, BE, BG, CY, CZ, DE, DK, EE, ES, FI, FR, GR, HR, HU, IE, IT, LT, LU, LV, MT, NL, PL, PT, RO, SE, SI, SK)",Eritrea,ZINC AND ARTICLES THEREOF,EXPORT,VALUE_IN_EUROS,2003,22028
ESTAT:DS-045409(1.0),06/02/26 11:00:00,Annual,"European Union - 27 countries (AT, BE, BG, CY, CZ, DE, DK, EE, ES, FI, FR, GR, HR, HU, IE, IT, LT, LU, LV, MT, NL, PL, PT, RO, SE, SI, SK)",Eritrea,ZINC AND ARTICLES THEREOF,EXPORT,VALUE_IN_EUROS,2004,19748
ESTAT:DS-045409(1.0),06/02/26 11:00:00,Annual,"European Union - 27 countries (AT, BE, BG, CY, CZ, DE, DK, EE, ES, FI, FR, GR, HR, HU, IE, IT, LT, LU, LV, MT, NL, PL, PT, RO, SE, SI, SK)",Eritrea,ZINC AND ARTICLES THEREOF,EXPORT,VALUE_IN_EUROS,2006,10874
ESTAT:DS-045409(1.0),06/02/26 11:00:00,Annual,"European Union - 27 countries (AT, BE, BG, CY, CZ, DE, DK, EE, ES, FI, FR, GR, HR, HU, IE, IT, LT, LU, LV, MT, NL, PL, PT, RO, SE, SI, SK)",Eritrea,ZINC AND ARTICLES THEREOF,EXPORT,VALUE_IN_EUROS,2007,10917
ESTAT:DS-045409(1.0),06/02/26 11:00:00,Annual,"European Union - 27 countries (AT, BE, BG, CY, CZ, DE, DK, EE, ES, FI, FR, GR, HR, HU, IE, IT, LT, LU, LV, MT, NL, PL, PT, RO, SE, SI, SK)",Eritrea,ZINC AND ARTICLES THEREOF,EXPORT,VALUE_IN_EUROS,2008,17535
ESTAT:DS-045409(1.0),06/02/26 11:00:00,Annual,"European Union - 27 countries (AT, BE, BG, CY, CZ, DE, DK, EE, ES, FI, FR, GR, HR, HU, IE, IT, LT, LU, LV, MT, NL, PL, PT, RO, SE, SI, SK)",Eritrea,ZINC AND ARTICLES THEREOF,EXPORT,VALUE_IN_EUROS,2009,17477
ESTAT:DS-045409(1.0),06/02/26 11:00:00,Annual,"European Union - 27 countries (AT, BE, BG, CY, CZ, DE, DK, EE, ES, FI, FR, GR, HR, HU, IE, IT, LT, LU, LV, MT, NL, PL, PT, RO, SE, SI, SK)",Eritrea,ZINC AND ARTICLES THEREOF,EXPORT,VALUE_IN_EUROS,2011,23870
ESTAT:DS-045409(1.0),06/02/26 11:00:00,Annual,"European Union - 27 countries (AT, BE, BG, CY, CZ, DE, DK, EE, ES, FI, FR, GR, HR, HU, IE, IT, LT, LU, LV, MT, NL, PL, PT, RO, SE, SI, SK)",Eritrea,ZINC AND ARTICLES THEREOF,EXPORT,VALUE_IN_EUROS,2012,3439
ESTAT:DS-045409(1.0),06/02/26 11:00:00,Annual,"European Union - 27 countries (AT, BE, BG, CY, CZ, DE, DK, EE, ES, FI, FR, GR, HR, HU, IE, IT, LT, LU, LV, MT, NL, PL, PT, RO, SE, SI, SK)",Eritrea,ZINC AND ARTICLES THEREOF,EXPORT,VALUE_IN_EUROS,2017,5563
ESTAT:DS-045409(1.0),06/02/26 11:00:00,Annual,"European Union - 27 countries (AT, BE, BG, CY, CZ, DE, DK, EE, ES, FI, FR, GR, HR, HU, IE, IT, LT, LU, LV, MT, NL, PL, PT, RO, SE, SI, SK)",Eritrea,ZINC AND ARTICLES THEREOF,EXPORT,VALUE_IN_EUROS,2018,20000
ESTAT:DS-045409(1.0),06/02/26 11:00:00,Annual,"European Union - 27 countries (AT, BE, BG, CY, CZ, DE, DK, EE, ES, FI, FR, GR, HR, HU, IE, IT, LT, LU, LV, MT, NL, PL, PT, RO, SE, SI, SK)",Eritrea,ZINC AND ARTICLES THEREOF,EXPORT,VALUE_IN_EUROS,2020,11656
ESTAT:DS-045409(1.0),06/02/26 11:00:00,Annual,"European Union - 27 countries (AT, BE, BG, CY, CZ, DE, DK, EE, ES, FI, FR, GR, HR, HU, IE, IT, LT, LU, LV, MT, NL, PL, PT, RO, SE, SI, SK)",Ethiopia (incl. Eritrea 'ER' -> 1993),ZINC AND ARTICLES THEREOF,EXPORT,VALUE_IN_EUROS,1999,582
ESTAT:DS-045409(1.0),06/02/26 11:00:00,Annual,"European Union - 27 countries (AT, BE, BG, CY, CZ, DE, DK, EE, ES, FI, FR, GR, HR, HU, IE, IT, LT, LU, LV, MT, NL, PL, PT, RO, SE, SI, SK)",Ethiopia (incl. Eritrea 'ER' -> 1993),ZINC AND ARTICLES THEREOF,EXPORT,VALUE_IN_EUROS,2002,9889
ESTAT:DS-045409(1.0),06/02/26 11:00:00,Annual,"European Union - 27 countries (AT, BE, BG, CY, CZ, DE, DK, EE, ES, FI, FR, GR, HR, HU, IE, IT, LT, LU, LV, MT, NL, PL, PT, RO, SE, SI, SK)",Ethiopia (incl. Eritrea 'ER' -> 1993),ZINC AND ARTICLES THEREOF,EXPORT,VALUE_IN_EUROS,2004,13781
ESTAT:DS-045409(1.0),06/02/26 11:00:00,Annual,"European Union - 27 countries (AT, BE, BG, CY, CZ, DE, DK, EE, ES, FI, FR, GR, HR, HU, IE, IT, LT, LU, LV, MT, NL, PL, PT, RO, SE, SI, SK)",Ethiopia (incl. Eritrea 'ER' -> 1993),ZINC AND ARTICLES THEREOF,EXPORT,VALUE_IN_EUROS,2005,6252
ESTAT:DS-045409(1.0),06/02/26 11:00:00,Annual,"European Union - 27 countries (AT, BE, BG, CY, CZ, DE, DK, EE, ES, FI, FR, GR, HR, HU, IE, IT, LT, LU, LV, MT, NL, PL, PT, RO, SE, SI, SK)",Ethiopia (incl. Eritrea 'ER' -> 1993),ZINC AND ARTICLES THEREOF,EXPORT,VALUE_IN_EUROS,2006,48395
ESTAT:DS-045409(1.0),06/02/26 11:00:00,Annual,"European Union - 27 countries (AT, BE, BG, CY, CZ, DE, DK, EE, ES, FI, FR, GR, HR, HU, IE, IT, LT, LU, LV, MT, NL, PL, PT, RO, SE, SI, SK)",Ethiopia (incl. Eritrea 'ER' -> 1993),ZINC AND ARTICLES THEREOF,EXPORT,VALUE_IN_EUROS,2007,114340
ESTAT:DS-045409(1.0),06/02/26 11:00:00,Annual,"European Union - 27 countries (AT, BE, BG, CY, CZ, DE, DK, EE, ES, FI, FR, GR, HR, HU, IE, IT, LT, LU, LV, MT, NL, PL, PT, RO, SE, SI, SK)",Ethiopia (incl. Eritrea 'ER' -> 1993),ZINC AND ARTICLES THEREOF,EXPORT,VALUE_IN_EUROS,2008,20452
ESTAT:DS-045409(1.0),06/02/26 11:00:00,Annual,"European Union - 27 countries (AT, BE, BG, CY, CZ, DE, DK, EE, ES, FI, FR, GR, HR, HU, IE, IT, LT, LU, LV, MT, NL, PL, PT, RO, SE, SI, SK)",Ethiopia (incl. Eritrea 'ER' -> 1993),ZINC AND ARTICLES THEREOF,EXPORT,VALUE_IN_EUROS,2009,7406
ESTAT:DS-045409(1.0),06/02/26 11:00:00,Annual,"European Union - 27 countries (AT, BE, BG, CY, CZ, DE, DK, EE, ES, FI, FR, GR, HR, HU, IE, IT, LT, LU, LV, MT, NL, PL, PT, RO, SE, SI, SK)",Ethiopia (incl. Eritrea 'ER' -> 1993),ZINC AND ARTICLES THEREOF,EXPORT,VALUE_IN_EUROS,2010,38608
ESTAT:DS-045409(1.0),06/02/26 11:00:00,Annual,"European Union - 27 countries (AT, BE, BG, CY, CZ, DE, DK, EE, ES, FI, FR, GR, HR, HU, IE, IT, LT, LU, LV, MT, NL, PL, PT, RO, SE, SI, SK)",Ethiopia (incl. Eritrea 'ER' -> 1993),ZINC AND ARTICLES THEREOF,EXPORT,VALUE_IN_EUROS,2011,16168
ESTAT:DS-045409(1.0),06/02/26 11:00:00,Annual,"European Union - 27 countries (AT, BE, BG, CY, CZ, DE, DK, EE, ES, FI, FR, GR, HR, HU, IE, IT, LT, LU, LV, MT, NL, PL, PT, RO, SE, SI, SK)",Ethiopia (incl. Eritrea 'ER' -> 1993),ZINC AND ARTICLES THEREOF,EXPORT,VALUE_IN_EUROS,2012,21708
ESTAT:DS-045409(1.0),06/02/26 11:00:00,Annual,"European Union - 27 countries (AT, BE, BG, CY, CZ, DE, DK, EE, ES, FI, FR, GR, HR, HU, IE, IT, LT, LU, LV, MT, NL, PL, PT, RO, SE, SI, SK)",Ethiopia (incl. Eritrea 'ER' -> 1993),ZINC AND ARTICLES THEREOF,EXPORT,VALUE_IN_EUROS,2013,7341
ESTAT:DS-045409(1.0),06/02/26 11:00:00,Annual,"European Union - 27 countries (AT, BE, BG, CY, CZ, DE, DK, EE, ES, FI, FR, GR, HR, HU, IE, IT, LT, LU, LV, MT, NL, PL, PT, RO, SE, SI, SK)",Ethiopia (incl. Eritrea 'ER' -> 1993),ZINC AND ARTICLES THEREOF,EXPORT,VALUE_IN_EUROS,2014,11104
ESTAT:DS-045409(1.0),06/02/26 11:00:00,Annual,"European Union - 27 countries (AT, BE, BG, CY, CZ, DE, DK, EE, ES, FI, FR, GR, HR, HU, IE, IT, LT, LU, LV, MT, NL, PL, PT, RO, SE, SI, SK)",Ethiopia (incl. Eritrea 'ER' -> 1993),ZINC AND ARTICLES THEREOF,EXPORT,VALUE_IN_EUROS,2015,1368
ESTAT:DS-045409(1.0),06/02/26 11:00:00,Annual,"European Union - 27 countries (AT, BE, BG, CY, CZ, DE, DK, EE, ES, FI, FR, GR, HR, HU, IE, IT, LT, LU, LV, MT, NL, PL, PT, RO, SE, SI, SK)",Ethiopia (incl. Eritrea 'ER' -> 1993),ZINC AND ARTICLES THEREOF,EXPORT,VALUE_IN_EUROS,2016,1339261
ESTAT:DS-045409(1.0),06/02/26 11:00:00,Annual,"European Union - 27 countries (AT, BE, BG, CY, CZ, DE, DK, EE, ES, FI, FR, GR, HR, HU, IE, IT, LT, LU, LV, MT, NL, PL, PT, RO, SE, SI, SK)",Ethiopia (incl. Eritrea 'ER' -> 1993),ZINC AND ARTICLES THEREOF,EXPORT,VALUE_IN_EUROS,2017,3021174
ESTAT:DS-045409(1.0),06/02/26 11:00:00,Annual,"European Union - 27 countries (AT, BE, BG, CY, CZ, DE, DK, EE, ES, FI, FR, GR, HR, HU, IE, IT, LT, LU, LV, MT, NL, PL, PT, RO, SE, SI, SK)",Ethiopia (incl. Eritrea 'ER' -> 1993),ZINC AND ARTICLES THEREOF,EXPORT,VALUE_IN_EUROS,2018,5630866
ESTAT:DS-045409(1.0),06/02/26 11:00:00,Annual,"European Union - 27 countries (AT, BE, BG, CY, CZ, DE, DK, EE, ES, FI, FR, GR, HR, HU, IE, IT, LT, LU, LV, MT, NL, PL, PT, RO, SE, SI, SK)",Ethiopia (incl. Eritrea 'ER' -> 1993),ZINC AND ARTICLES THEREOF,EXPORT,VALUE_IN_EUROS,2019,1712256
ESTAT:DS-045409(1.0),06/02/26 11:00:00,Annual,"European Union - 27 countries (AT, BE, BG, CY, CZ, DE, DK, EE, ES, FI, FR, GR, HR, HU, IE, IT, LT, LU, LV, MT, NL, PL, PT, RO, SE, SI, SK)",Ethiopia (incl. Eritrea 'ER' -> 1993),ZINC AND ARTICLES THEREOF,EXPORT,VALUE_IN_EUROS,2020,6570912
ESTAT:DS-045409(1.0),06/02/26 11:00:00,Annual,"European Union - 27 countries (AT, BE, BG, CY, CZ, DE, DK, EE, ES, FI, FR, GR, HR, HU, IE, IT, LT, LU, LV, MT, NL, PL, PT, RO, SE, SI, SK)",Ethiopia (incl. Eritrea 'ER' -> 1993),ZINC AND ARTICLES THEREOF,EXPORT,VALUE_IN_EUROS,2021,1162182
ESTAT:DS-045409(1.0),06/02/26 11:00:00,Annual,"European Union - 27 countries (AT, BE, BG, CY, CZ, DE, DK, EE, ES, FI, FR, GR, HR, HU, IE, IT, LT, LU, LV, MT, NL, PL, PT, RO, SE, SI, SK)",Ethiopia (incl. Eritrea 'ER' -> 1993),ZINC AND ARTICLES THEREOF,EXPORT,VALUE_IN_EUROS,2022,172473
ESTAT:DS-045409(1.0),06/02/26 11:00:00,Annual,"European Union - 27 countries (AT, BE, BG, CY, CZ, DE, DK, EE, ES, FI, FR, GR, HR, HU, IE, IT, LT, LU, LV, MT, NL, PL, PT, RO, SE, SI, SK)",Ethiopia (incl. Eritrea 'ER' -> 1993),ZINC AND ARTICLES THEREOF,EXPORT,VALUE_IN_EUROS,2023,7198
ESTAT:DS-045409(1.0),06/02/26 11:00:00,Annual,"European Union - 27 countries (AT, BE, BG, CY, CZ, DE, DK, EE, ES, FI, FR, GR, HR, HU, IE, IT, LT, LU, LV, MT, NL, PL, PT, RO, SE, SI, SK)",Ethiopia (incl. Eritrea 'ER' -> 1993),ZINC AND ARTICLES THEREOF,EXPORT,VALUE_IN_EUROS,2024,1004596
ESTAT:DS-045409(1.0),06/02/26 11:00:00,Annual,"European Union - 27 countries (AT, BE, BG, CY, CZ, DE, DK, EE, ES, FI, FR, GR, HR, HU, IE, IT, LT, LU, LV, MT, NL, PL, PT, RO, SE, SI, SK)",Gabon,ZINC AND ARTICLES THEREOF,EXPORT,VALUE_IN_EUROS,1999,16798
ESTAT:DS-045409(1.0),06/02/26 11:00:00,Annual,"European Union - 27 countries (AT, BE, BG, CY, CZ, DE, DK, EE, ES, FI, FR, GR, HR, HU, IE, IT, LT, LU, LV, MT, NL, PL, PT, RO, SE, SI, SK)",Gabon,ZINC AND ARTICLES THEREOF,EXPORT,VALUE_IN_EUROS,2000,25196
ESTAT:DS-045409(1.0),06/02/26 11:00:00,Annual,"European Union - 27 countries (AT, BE, BG, CY, CZ, DE, DK, EE, ES, FI, FR, GR, HR, HU, IE, IT, LT, LU, LV, MT, NL, PL, PT, RO, SE, SI, SK)",Gabon,ZINC AND ARTICLES THEREOF,EXPORT,VALUE_IN_EUROS,2001,143103
ESTAT:DS-045409(1.0),06/02/26 11:00:00,Annual,"European Union - 27 countries (AT, BE, BG, CY, CZ, DE, DK, EE, ES, FI, FR, GR, HR, HU, IE, IT, LT, LU, LV, MT, NL, PL, PT, RO, SE, SI, SK)",Gabon,ZINC AND ARTICLES THEREOF,EXPORT,VALUE_IN_EUROS,2002,20860
ESTAT:DS-045409(1.0),06/02/26 11:00:00,Annual,"European Union - 27 countries (AT, BE, BG, CY, CZ, DE, DK, EE, ES, FI, FR, GR, HR, HU, IE, IT, LT, LU, LV, MT, NL, PL, PT, RO, SE, SI, SK)",Gabon,ZINC AND ARTICLES THEREOF,EXPORT,VALUE_IN_EUROS,2003,16153
ESTAT:DS-045409(1.0),06/02/26 11:00:00,Annual,"European Union - 27 countries (AT, BE, BG, CY, CZ, DE, DK, EE, ES, FI, FR, GR, HR, HU, IE, IT, LT, LU, LV, MT, NL, PL, PT, RO, SE, SI, SK)",Gabon,ZINC AND ARTICLES THEREOF,EXPORT,VALUE_IN_EUROS,2004,13642
ESTAT:DS-045409(1.0),06/02/26 11:00:00,Annual,"European Union - 27 countries (AT, BE, BG, CY, CZ, DE, DK, EE, ES, FI, FR, GR, HR, HU, IE, IT, LT, LU, LV, MT, NL, PL, PT, RO, SE, SI, SK)",Gabon,ZINC AND ARTICLES THEREOF,EXPORT,VALUE_IN_EUROS,2005,19971
ESTAT:DS-045409(1.0),06/02/26 11:00:00,Annual,"European Union - 27 countries (AT, BE, BG, CY, CZ, DE, DK, EE, ES, FI, FR, GR, HR, HU, IE, IT, LT, LU, LV, MT, NL, PL, PT, RO, SE, SI, SK)",Gabon,ZINC AND ARTICLES THEREOF,EXPORT,VALUE_IN_EUROS,2006,34616
ESTAT:DS-045409(1.0),06/02/26 11:00:00,Annual,"European Union - 27 countries (AT, BE, BG, CY, CZ, DE, DK, EE, ES, FI, FR, GR, HR, HU, IE, IT, LT, LU, LV, MT, NL, PL, PT, RO, SE, SI, SK)",Gabon,ZINC AND ARTICLES THEREOF,EXPORT,VALUE_IN_EUROS,2007,15752
ESTAT:DS-045409(1.0),06/02/26 11:00:00,Annual,"European Union - 27 countries (AT, BE, BG, CY, CZ, DE, DK, EE, ES, FI, FR, GR, HR, HU, IE, IT, LT, LU, LV, MT, NL, PL, PT, RO, SE, SI, SK)",Gabon,ZINC AND ARTICLES THEREOF,EXPORT,VALUE_IN_EUROS,2008,54350
ESTAT:DS-045409(1.0),06/02/26 11:00:00,Annual,"European Union - 27 countries (AT, BE, BG, CY, CZ, DE, DK, EE, ES, FI, FR, GR, HR, HU, IE, IT, LT, LU, LV, MT, NL, PL, PT, RO, SE, SI, SK)",Gabon,ZINC AND ARTICLES THEREOF,EXPORT,VALUE_IN_EUROS,2009,108753
ESTAT:DS-045409(1.0),06/02/26 11:00:00,Annual,"European Union - 27 countries (AT, BE, BG, CY, CZ, DE, DK, EE, ES, FI, FR, GR, HR, HU, IE, IT, LT, LU, LV, MT, NL, PL, PT, RO, SE, SI, SK)",Gabon,ZINC AND ARTICLES THEREOF,EXPORT,VALUE_IN_EUROS,2010,52241
ESTAT:DS-045409(1.0),06/02/26 11:00:00,Annual,"European Union - 27 countries (AT, BE, BG, CY, CZ, DE, DK, EE, ES, FI, FR, GR, HR, HU, IE, IT, LT, LU, LV, MT, NL, PL, PT, RO, SE, SI, SK)",Gabon,ZINC AND ARTICLES THEREOF,EXPORT,VALUE_IN_EUROS,2011,58097
ESTAT:DS-045409(1.0),06/02/26 11:00:00,Annual,"European Union - 27 countries (AT, BE, BG, CY, CZ, DE, DK, EE, ES, FI, FR, GR, HR, HU, IE, IT, LT, LU, LV, MT, NL, PL, PT, RO, SE, SI, SK)",Gabon,ZINC AND ARTICLES THEREOF,EXPORT,VALUE_IN_EUROS,2012,4890
ESTAT:DS-045409(1.0),06/02/26 11:00:00,Annual,"European Union - 27 countries (AT, BE, BG, CY, CZ, DE, DK, EE, ES, FI, FR, GR, HR, HU, IE, IT, LT, LU, LV, MT, NL, PL, PT, RO, SE, SI, SK)",Gabon,ZINC AND ARTICLES THEREOF,EXPORT,VALUE_IN_EUROS,2013,113790
ESTAT:DS-045409(1.0),06/02/26 11:00:00,Annual,"European Union - 27 countries (AT, BE, BG, CY, CZ, DE, DK, EE, ES, FI, FR, GR, HR, HU, IE, IT, LT, LU, LV, MT, NL, PL, PT, RO, SE, SI, SK)",Gabon,ZINC AND ARTICLES THEREOF,EXPORT,VALUE_IN_EUROS,2014,171837
ESTAT:DS-045409(1.0),06/02/26 11:00:00,Annual,"European Union - 27 countries (AT, BE, BG, CY, CZ, DE, DK, EE, ES, FI, FR, GR, HR, HU, IE, IT, LT, LU, LV, MT, NL, PL, PT, RO, SE, SI, SK)",Gabon,ZINC AND ARTICLES THEREOF,EXPORT,VALUE_IN_EUROS,2015,17071
ESTAT:DS-045409(1.0),06/02/26 11:00:00,Annual,"European Union - 27 countries (AT, BE, BG, CY, CZ, DE, DK, EE, ES, FI, FR, GR, HR, HU, IE, IT, LT, LU, LV, MT, NL, PL, PT, RO, SE, SI, SK)",Gabon,ZINC AND ARTICLES THEREOF,EXPORT,VALUE_IN_EUROS,2016,19253
ESTAT:DS-045409(1.0),06/02/26 11:00:00,Annual,"European Union - 27 countries (AT, BE, BG, CY, CZ, DE, DK, EE, ES, FI, FR, GR, HR, HU, IE, IT, LT, LU, LV, MT, NL, PL, PT, RO, SE, SI, SK)",Gabon,ZINC AND ARTICLES THEREOF,EXPORT,VALUE_IN_EUROS,2017,26063
ESTAT:DS-045409(1.0),06/02/26 11:00:00,Annual,"European Union - 27 countries (AT, BE, BG, CY, CZ, DE, DK, EE, ES, FI, FR, GR, HR, HU, IE, IT, LT, LU, LV, MT, NL, PL, PT, RO, SE, SI, SK)",Gabon,ZINC AND ARTICLES THEREOF,EXPORT,VALUE_IN_EUROS,2018,890
ESTAT:DS-045409(1.0),06/02/26 11:00:00,Annual,"European Union - 27 countries (AT, BE, BG, CY, CZ, DE, DK, EE, ES, FI, FR, GR, HR, HU, IE, IT, LT, LU, LV, MT, NL, PL, PT, RO, SE, SI, SK)",Gabon,ZINC AND ARTICLES THEREOF,EXPORT,VALUE_IN_EUROS,2019,27949
ESTAT:DS-045409(1.0),06/02/26 11:00:00,Annual,"European Union - 27 countries (AT, BE, BG, CY, CZ, DE, DK, EE, ES, FI, FR, GR, HR, HU, IE, IT, LT, LU, LV, MT, NL, PL, PT, RO, SE, SI, SK)",Gabon,ZINC AND ARTICLES THEREOF,EXPORT,VALUE_IN_EUROS,2020,18822
ESTAT:DS-045409(1.0),06/02/26 11:00:00,Annual,"European Union - 27 countries (AT, BE, BG, CY, CZ, DE, DK, EE, ES, FI, FR, GR, HR, HU, IE, IT, LT, LU, LV, MT, NL, PL, PT, RO, SE, SI, SK)",Gabon,ZINC AND ARTICLES THEREOF,EXPORT,VALUE_IN_EUROS,2021,31956
ESTAT:DS-045409(1.0),06/02/26 11:00:00,Annual,"European Union - 27 countries (AT, BE, BG, CY, CZ, DE, DK, EE, ES, FI, FR, GR, HR, HU, IE, IT, LT, LU, LV, MT, NL, PL, PT, RO, SE, SI, SK)",Gabon,ZINC AND ARTICLES THEREOF,EXPORT,VALUE_IN_EUROS,2022,60657
ESTAT:DS-045409(1.0),06/02/26 11:00:00,Annual,"European Union - 27 countries (AT, BE, BG, CY, CZ, DE, DK, EE, ES, FI, FR, GR, HR, HU, IE, IT, LT, LU, LV, MT, NL, PL, PT, RO, SE, SI, SK)",Gabon,ZINC AND ARTICLES THEREOF,EXPORT,VALUE_IN_EUROS,2023,196651
ESTAT:DS-045409(1.0),06/02/26 11:00:00,Annual,"European Union - 27 countries (AT, BE, BG, CY, CZ, DE, DK, EE, ES, FI, FR, GR, HR, HU, IE, IT, LT, LU, LV, MT, NL, PL, PT, RO, SE, SI, SK)",Gabon,ZINC AND ARTICLES THEREOF,EXPORT,VALUE_IN_EUROS,2024,127721
ESTAT:DS-045409(1.0),06/02/26 11:00:00,Annual,"European Union - 27 countries (AT, BE, BG, CY, CZ, DE, DK, EE, ES, FI, FR, GR, HR, HU, IE, IT, LT, LU, LV, MT, NL, PL, PT, RO, SE, SI, SK)",Ghana,ZINC AND ARTICLES THEREOF,EXPORT,VALUE_IN_EUROS,1999,270673
ESTAT:DS-045409(1.0),06/02/26 11:00:00,Annual,"European Union - 27 countries (AT, BE, BG, CY, CZ, DE, DK, EE, ES, FI, FR, GR, HR, HU, IE, IT, LT, LU, LV, MT, NL, PL, PT, RO, SE, SI, SK)",Ghana,ZINC AND ARTICLES THEREOF,EXPORT,VALUE_IN_EUROS,2000,170196
ESTAT:DS-045409(1.0),06/02/26 11:00:00,Annual,"European Union - 27 countries (AT, BE, BG, CY, CZ, DE, DK, EE, ES, FI, FR, GR, HR, HU, IE, IT, LT, LU, LV, MT, NL, PL, PT, RO, SE, SI, SK)",Ghana,ZINC AND ARTICLES THEREOF,EXPORT,VALUE_IN_EUROS,2001,303947
ESTAT:DS-045409(1.0),06/02/26 11:00:00,Annual,"European Union - 27 countries (AT, BE, BG, CY, CZ, DE, DK, EE, ES, FI, FR, GR, HR, HU, IE, IT, LT, LU, LV, MT, NL, PL, PT, RO, SE, SI, SK)",Ghana,ZINC AND ARTICLES THEREOF,EXPORT,VALUE_IN_EUROS,2002,247066
ESTAT:DS-045409(1.0),06/02/26 11:00:00,Annual,"European Union - 27 countries (AT, BE, BG, CY, CZ, DE, DK, EE, ES, FI, FR, GR, HR, HU, IE, IT, LT, LU, LV, MT, NL, PL, PT, RO, SE, SI, SK)",Ghana,ZINC AND ARTICLES THEREOF,EXPORT,VALUE_IN_EUROS,2003,184911
ESTAT:DS-045409(1.0),06/02/26 11:00:00,Annual,"European Union - 27 countries (AT, BE, BG, CY, CZ, DE, DK, EE, ES, FI, FR, GR, HR, HU, IE, IT, LT, LU, LV, MT, NL, PL, PT, RO, SE, SI, SK)",Ghana,ZINC AND ARTICLES THEREOF,EXPORT,VALUE_IN_EUROS,2004,276148
ESTAT:DS-045409(1.0),06/02/26 11:00:00,Annual,"European Union - 27 countries (AT, BE, BG, CY, CZ, DE, DK, EE, ES, FI, FR, GR, HR, HU, IE, IT, LT, LU, LV, MT, NL, PL, PT, RO, SE, SI, SK)",Ghana,ZINC AND ARTICLES THEREOF,EXPORT,VALUE_IN_EUROS,2005,185888
ESTAT:DS-045409(1.0),06/02/26 11:00:00,Annual,"European Union - 27 countries (AT, BE, BG, CY, CZ, DE, DK, EE, ES, FI, FR, GR, HR, HU, IE, IT, LT, LU, LV, MT, NL, PL, PT, RO, SE, SI, SK)",Ghana,ZINC AND ARTICLES THEREOF,EXPORT,VALUE_IN_EUROS,2006,226463
ESTAT:DS-045409(1.0),06/02/26 11:00:00,Annual,"European Union - 27 countries (AT, BE, BG, CY, CZ, DE, DK, EE, ES, FI, FR, GR, HR, HU, IE, IT, LT, LU, LV, MT, NL, PL, PT, RO, SE, SI, SK)",Ghana,ZINC AND ARTICLES THEREOF,EXPORT,VALUE_IN_EUROS,2007,30150
ESTAT:DS-045409(1.0),06/02/26 11:00:00,Annual,"European Union - 27 countries (AT, BE, BG, CY, CZ, DE, DK, EE, ES, FI, FR, GR, HR, HU, IE, IT, LT, LU, LV, MT, NL, PL, PT, RO, SE, SI, SK)",Ghana,ZINC AND ARTICLES THEREOF,EXPORT,VALUE_IN_EUROS,2008,45319
ESTAT:DS-045409(1.0),06/02/26 11:00:00,Annual,"European Union - 27 countries (AT, BE, BG, CY, CZ, DE, DK, EE, ES, FI, FR, GR, HR, HU, IE, IT, LT, LU, LV, MT, NL, PL, PT, RO, SE, SI, SK)",Ghana,ZINC AND ARTICLES THEREOF,EXPORT,VALUE_IN_EUROS,2009,59195
ESTAT:DS-045409(1.0),06/02/26 11:00:00,Annual,"European Union - 27 countries (AT, BE, BG, CY, CZ, DE, DK, EE, ES, FI, FR, GR, HR, HU, IE, IT, LT, LU, LV, MT, NL, PL, PT, RO, SE, SI, SK)",Ghana,ZINC AND ARTICLES THEREOF,EXPORT,VALUE_IN_EUROS,2010,48762
ESTAT:DS-045409(1.0),06/02/26 11:00:00,Annual,"European Union - 27 countries (AT, BE, BG, CY, CZ, DE, DK, EE, ES, FI, FR, GR, HR, HU, IE, IT, LT, LU, LV, MT, NL, PL, PT, RO, SE, SI, SK)",Ghana,ZINC AND ARTICLES THEREOF,EXPORT,VALUE_IN_EUROS,2011,64845
ESTAT:DS-045409(1.0),06/02/26 11:00:00,Annual,"European Union - 27 countries (AT, BE, BG, CY, CZ, DE, DK, EE, ES, FI, FR, GR, HR, HU, IE, IT, LT, LU, LV, MT, NL, PL, PT, RO, SE, SI, SK)",Ghana,ZINC AND ARTICLES THEREOF,EXPORT,VALUE_IN_EUROS,2012,246530
ESTAT:DS-045409(1.0),06/02/26 11:00:00,Annual,"European Union - 27 countries (AT, BE, BG, CY, CZ, DE, DK, EE, ES, FI, FR, GR, HR, HU, IE, IT, LT, LU, LV, MT, NL, PL, PT, RO, SE, SI, SK)",Ghana,ZINC AND ARTICLES THEREOF,EXPORT,VALUE_IN_EUROS,2013,173525
ESTAT:DS-045409(1.0),06/02/26 11:00:00,Annual,"European Union - 27 countries (AT, BE, BG, CY, CZ, DE, DK, EE, ES, FI, FR, GR, HR, HU, IE, IT, LT, LU, LV, MT, NL, PL, PT, RO, SE, SI, SK)",Ghana,ZINC AND ARTICLES THEREOF,EXPORT,VALUE_IN_EUROS,2014,344919
ESTAT:DS-045409(1.0),06/02/26 11:00:00,Annual,"European Union - 27 countries (AT, BE, BG, CY, CZ, DE, DK, EE, ES, FI, FR, GR, HR, HU, IE, IT, LT, LU, LV, MT, NL, PL, PT, RO, SE, SI, SK)",Ghana,ZINC AND ARTICLES THEREOF,EXPORT,VALUE_IN_EUROS,2015,41543
ESTAT:DS-045409(1.0),06/02/26 11:00:00,Annual,"European Union - 27 countries (AT, BE, BG, CY, CZ, DE, DK, EE, ES, FI, FR, GR, HR, HU, IE, IT, LT, LU, LV, MT, NL, PL, PT, RO, SE, SI, SK)",Ghana,ZINC AND ARTICLES THEREOF,EXPORT,VALUE_IN_EUROS,2016,102237
ESTAT:DS-045409(1.0),06/02/26 11:00:00,Annual,"European Union - 27 countries (AT, BE, BG, CY, CZ, DE, DK, EE, ES, FI, FR, GR, HR, HU, IE, IT, LT, LU, LV, MT, NL, PL, PT, RO, SE, SI, SK)",Ghana,ZINC AND ARTICLES THEREOF,EXPORT,VALUE_IN_EUROS,2017,73499
ESTAT:DS-045409(1.0),06/02/26 11:00:00,Annual,"European Union - 27 countries (AT, BE, BG, CY, CZ, DE, DK, EE, ES, FI, FR, GR, HR, HU, IE, IT, LT, LU, LV, MT, NL, PL, PT, RO, SE, SI, SK)",Ghana,ZINC AND ARTICLES THEREOF,EXPORT,VALUE_IN_EUROS,2018,11422
ESTAT:DS-045409(1.0),06/02/26 11:00:00,Annual,"European Union - 27 countries (AT, BE, BG, CY, CZ, DE, DK, EE, ES, FI, FR, GR, HR, HU, IE, IT, LT, LU, LV, MT, NL, PL, PT, RO, SE, SI, SK)",Ghana,ZINC AND ARTICLES THEREOF,EXPORT,VALUE_IN_EUROS,2019,49898
ESTAT:DS-045409(1.0),06/02/26 11:00:00,Annual,"European Union - 27 countries (AT, BE, BG, CY, CZ, DE, DK, EE, ES, FI, FR, GR, HR, HU, IE, IT, LT, LU, LV, MT, NL, PL, PT, RO, SE, SI, SK)",Ghana,ZINC AND ARTICLES THEREOF,EXPORT,VALUE_IN_EUROS,2020,24424
ESTAT:DS-045409(1.0),06/02/26 11:00:00,Annual,"European Union - 27 countries (AT, BE, BG, CY, CZ, DE, DK, EE, ES, FI, FR, GR, HR, HU, IE, IT, LT, LU, LV, MT, NL, PL, PT, RO, SE, SI, SK)",Ghana,ZINC AND ARTICLES THEREOF,EXPORT,VALUE_IN_EUROS,2021,50217
ESTAT:DS-045409(1.0),06/02/26 11:00:00,Annual,"European Union - 27 countries (AT, BE, BG, CY, CZ, DE, DK, EE, ES, FI, FR, GR, HR, HU, IE, IT, LT, LU, LV, MT, NL, PL, PT, RO, SE, SI, SK)",Ghana,ZINC AND ARTICLES THEREOF,EXPORT,VALUE_IN_EUROS,2022,45470
ESTAT:DS-045409(1.0),06/02/26 11:00:00,Annual,"European Union - 27 countries (AT, BE, BG, CY, CZ, DE, DK, EE, ES, FI, FR, GR, HR, HU, IE, IT, LT, LU, LV, MT, NL, PL, PT, RO, SE, SI, SK)",Ghana,ZINC AND ARTICLES THEREOF,EXPORT,VALUE_IN_EUROS,2023,87050
ESTAT:DS-045409(1.0),06/02/26 11:00:00,Annual,"European Union - 27 countries (AT, BE, BG, CY, CZ, DE, DK, EE, ES, FI, FR, GR, HR, HU, IE, IT, LT, LU, LV, MT, NL, PL, PT, RO, SE, SI, SK)",Ghana,ZINC AND ARTICLES THEREOF,EXPORT,VALUE_IN_EUROS,2024,504189
ESTAT:DS-045409(1.0),06/02/26 11:00:00,Annual,"European Union - 27 countries (AT, BE, BG, CY, CZ, DE, DK, EE, ES, FI, FR, GR, HR, HU, IE, IT, LT, LU, LV, MT, NL, PL, PT, RO, SE, SI, SK)",Gambia,ZINC AND ARTICLES THEREOF,EXPORT,VALUE_IN_EUROS,2002,10400
ESTAT:DS-045409(1.0),06/02/26 11:00:00,Annual,"European Union - 27 countries (AT, BE, BG, CY, CZ, DE, DK, EE, ES, FI, FR, GR, HR, HU, IE, IT, LT, LU, LV, MT, NL, PL, PT, RO, SE, SI, SK)",Gambia,ZINC AND ARTICLES THEREOF,EXPORT,VALUE_IN_EUROS,2014,15
ESTAT:DS-045409(1.0),06/02/26 11:00:00,Annual,"European Union - 27 countries (AT, BE, BG, CY, CZ, DE, DK, EE, ES, FI, FR, GR, HR, HU, IE, IT, LT, LU, LV, MT, NL, PL, PT, RO, SE, SI, SK)",Gambia,ZINC AND ARTICLES THEREOF,EXPORT,VALUE_IN_EUROS,2015,856
ESTAT:DS-045409(1.0),06/02/26 11:00:00,Annual,"European Union - 27 countries (AT, BE, BG, CY, CZ, DE, DK, EE, ES, FI, FR, GR, HR, HU, IE, IT, LT, LU, LV, MT, NL, PL, PT, RO, SE, SI, SK)",Gambia,ZINC AND ARTICLES THEREOF,EXPORT,VALUE_IN_EUROS,2018,214
ESTAT:DS-045409(1.0),06/02/26 11:00:00,Annual,"European Union - 27 countries (AT, BE, BG, CY, CZ, DE, DK, EE, ES, FI, FR, GR, HR, HU, IE, IT, LT, LU, LV, MT, NL, PL, PT, RO, SE, SI, SK)",Gambia,ZINC AND ARTICLES THEREOF,EXPORT,VALUE_IN_EUROS,2019,32
ESTAT:DS-045409(1.0),06/02/26 11:00:00,Annual,"European Union - 27 countries (AT, BE, BG, CY, CZ, DE, DK, EE, ES, FI, FR, GR, HR, HU, IE, IT, LT, LU, LV, MT, NL, PL, PT, RO, SE, SI, SK)",Gambia,ZINC AND ARTICLES THEREOF,EXPORT,VALUE_IN_EUROS,2020,414
ESTAT:DS-045409(1.0),06/02/26 11:00:00,Annual,"European Union - 27 countries (AT, BE, BG, CY, CZ, DE, DK, EE, ES, FI, FR, GR, HR, HU, IE, IT, LT, LU, LV, MT, NL, PL, PT, RO, SE, SI, SK)",Gambia,ZINC AND ARTICLES THEREOF,EXPORT,VALUE_IN_EUROS,2021,5614
ESTAT:DS-045409(1.0),06/02/26 11:00:00,Annual,"European Union - 27 countries (AT, BE, BG, CY, CZ, DE, DK, EE, ES, FI, FR, GR, HR, HU, IE, IT, LT, LU, LV, MT, NL, PL, PT, RO, SE, SI, SK)",Gambia,ZINC AND ARTICLES THEREOF,EXPORT,VALUE_IN_EUROS,2022,5067
ESTAT:DS-045409(1.0),06/02/26 11:00:00,Annual,"European Union - 27 countries (AT, BE, BG, CY, CZ, DE, DK, EE, ES, FI, FR, GR, HR, HU, IE, IT, LT, LU, LV, MT, NL, PL, PT, RO, SE, SI, SK)",Gambia,ZINC AND ARTICLES THEREOF,EXPORT,VALUE_IN_EUROS,2023,3999
ESTAT:DS-045409(1.0),06/02/26 11:00:00,Annual,"European Union - 27 countries (AT, BE, BG, CY, CZ, DE, DK, EE, ES, FI, FR, GR, HR, HU, IE, IT, LT, LU, LV, MT, NL, PL, PT, RO, SE, SI, SK)",Gambia,ZINC AND ARTICLES THEREOF,EXPORT,VALUE_IN_EUROS,2024,3743
ESTAT:DS-045409(1.0),06/02/26 11:00:00,Annual,"European Union - 27 countries (AT, BE, BG, CY, CZ, DE, DK, EE, ES, FI, FR, GR, HR, HU, IE, IT, LT, LU, LV, MT, NL, PL, PT, RO, SE, SI, SK)",Guinea,ZINC AND ARTICLES THEREOF,EXPORT,VALUE_IN_EUROS,1999,2227
ESTAT:DS-045409(1.0),06/02/26 11:00:00,Annual,"European Union - 27 countries (AT, BE, BG, CY, CZ, DE, DK, EE, ES, FI, FR, GR, HR, HU, IE, IT, LT, LU, LV, MT, NL, PL, PT, RO, SE, SI, SK)",Guinea,ZINC AND ARTICLES THEREOF,EXPORT,VALUE_IN_EUROS,2000,5862
ESTAT:DS-045409(1.0),06/02/26 11:00:00,Annual,"European Union - 27 countries (AT, BE, BG, CY, CZ, DE, DK, EE, ES, FI, FR, GR, HR, HU, IE, IT, LT, LU, LV, MT, NL, PL, PT, RO, SE, SI, SK)",Guinea,ZINC AND ARTICLES THEREOF,EXPORT,VALUE_IN_EUROS,2001,33742
ESTAT:DS-045409(1.0),06/02/26 11:00:00,Annual,"European Union - 27 countries (AT, BE, BG, CY, CZ, DE, DK, EE, ES, FI, FR, GR, HR, HU, IE, IT, LT, LU, LV, MT, NL, PL, PT, RO, SE, SI, SK)",Guinea,ZINC AND ARTICLES THEREOF,EXPORT,VALUE_IN_EUROS,2002,5575
ESTAT:DS-045409(1.0),06/02/26 11:00:00,Annual,"European Union - 27 countries (AT, BE, BG, CY, CZ, DE, DK, EE, ES, FI, FR, GR, HR, HU, IE, IT, LT, LU, LV, MT, NL, PL, PT, RO, SE, SI, SK)",Guinea,ZINC AND ARTICLES THEREOF,EXPORT,VALUE_IN_EUROS,2003,1956
ESTAT:DS-045409(1.0),06/02/26 11:00:00,Annual,"European Union - 27 countries (AT, BE, BG, CY, CZ, DE, DK, EE, ES, FI, FR, GR, HR, HU, IE, IT, LT, LU, LV, MT, NL, PL, PT, RO, SE, SI, SK)",Guinea,ZINC AND ARTICLES THEREOF,EXPORT,VALUE_IN_EUROS,2004,31752
ESTAT:DS-045409(1.0),06/02/26 11:00:00,Annual,"European Union - 27 countries (AT, BE, BG, CY, CZ, DE, DK, EE, ES, FI, FR, GR, HR, HU, IE, IT, LT, LU, LV, MT, NL, PL, PT, RO, SE, SI, SK)",Guinea,ZINC AND ARTICLES THEREOF,EXPORT,VALUE_IN_EUROS,2005,5399
ESTAT:DS-045409(1.0),06/02/26 11:00:00,Annual,"European Union - 27 countries (AT, BE, BG, CY, CZ, DE, DK, EE, ES, FI, FR, GR, HR, HU, IE, IT, LT, LU, LV, MT, NL, PL, PT, RO, SE, SI, SK)",Guinea,ZINC AND ARTICLES THEREOF,EXPORT,VALUE_IN_EUROS,2006,4371
ESTAT:DS-045409(1.0),06/02/26 11:00:00,Annual,"European Union - 27 countries (AT, BE, BG, CY, CZ, DE, DK, EE, ES, FI, FR, GR, HR, HU, IE, IT, LT, LU, LV, MT, NL, PL, PT, RO, SE, SI, SK)",Guinea,ZINC AND ARTICLES THEREOF,EXPORT,VALUE_IN_EUROS,2009,2218
ESTAT:DS-045409(1.0),06/02/26 11:00:00,Annual,"European Union - 27 countries (AT, BE, BG, CY, CZ, DE, DK, EE, ES, FI, FR, GR, HR, HU, IE, IT, LT, LU, LV, MT, NL, PL, PT, RO, SE, SI, SK)",Guinea,ZINC AND ARTICLES THEREOF,EXPORT,VALUE_IN_EUROS,2011,2364
ESTAT:DS-045409(1.0),06/02/26 11:00:00,Annual,"European Union - 27 countries (AT, BE, BG, CY, CZ, DE, DK, EE, ES, FI, FR, GR, HR, HU, IE, IT, LT, LU, LV, MT, NL, PL, PT, RO, SE, SI, SK)",Guinea,ZINC AND ARTICLES THEREOF,EXPORT,VALUE_IN_EUROS,2012,2657
ESTAT:DS-045409(1.0),06/02/26 11:00:00,Annual,"European Union - 27 countries (AT, BE, BG, CY, CZ, DE, DK, EE, ES, FI, FR, GR, HR, HU, IE, IT, LT, LU, LV, MT, NL, PL, PT, RO, SE, SI, SK)",Guinea,ZINC AND ARTICLES THEREOF,EXPORT,VALUE_IN_EUROS,2013,3097
ESTAT:DS-045409(1.0),06/02/26 11:00:00,Annual,"European Union - 27 countries (AT, BE, BG, CY, CZ, DE, DK, EE, ES, FI, FR, GR, HR, HU, IE, IT, LT, LU, LV, MT, NL, PL, PT, RO, SE, SI, SK)",Guinea,ZINC AND ARTICLES THEREOF,EXPORT,VALUE_IN_EUROS,2014,3425
ESTAT:DS-045409(1.0),06/02/26 11:00:00,Annual,"European Union - 27 countries (AT, BE, BG, CY, CZ, DE, DK, EE, ES, FI, FR, GR, HR, HU, IE, IT, LT, LU, LV, MT, NL, PL, PT, RO, SE, SI, SK)",Guinea,ZINC AND ARTICLES THEREOF,EXPORT,VALUE_IN_EUROS,2015,2514
ESTAT:DS-045409(1.0),06/02/26 11:00:00,Annual,"European Union - 27 countries (AT, BE, BG, CY, CZ, DE, DK, EE, ES, FI, FR, GR, HR, HU, IE, IT, LT, LU, LV, MT, NL, PL, PT, RO, SE, SI, SK)",Guinea,ZINC AND ARTICLES THEREOF,EXPORT,VALUE_IN_EUROS,2016,605
ESTAT:DS-045409(1.0),06/02/26 11:00:00,Annual,"European Union - 27 countries (AT, BE, BG, CY, CZ, DE, DK, EE, ES, FI, FR, GR, HR, HU, IE, IT, LT, LU, LV, MT, NL, PL, PT, RO, SE, SI, SK)",Guinea,ZINC AND ARTICLES THEREOF,EXPORT,VALUE_IN_EUROS,2017,12640
ESTAT:DS-045409(1.0),06/02/26 11:00:00,Annual,"European Union - 27 countries (AT, BE, BG, CY, CZ, DE, DK, EE, ES, FI, FR, GR, HR, HU, IE, IT, LT, LU, LV, MT, NL, PL, PT, RO, SE, SI, SK)",Guinea,ZINC AND ARTICLES THEREOF,EXPORT,VALUE_IN_EUROS,2018,2421
ESTAT:DS-045409(1.0),06/02/26 11:00:00,Annual,"European Union - 27 countries (AT, BE, BG, CY, CZ, DE, DK, EE, ES, FI, FR, GR, HR, HU, IE, IT, LT, LU, LV, MT, NL, PL, PT, RO, SE, SI, SK)",Guinea,ZINC AND ARTICLES THEREOF,EXPORT,VALUE_IN_EUROS,2019,4474
ESTAT:DS-045409(1.0),06/02/26 11:00:00,Annual,"European Union - 27 countries (AT, BE, BG, CY, CZ, DE, DK, EE, ES, FI, FR, GR, HR, HU, IE, IT, LT, LU, LV, MT, NL, PL, PT, RO, SE, SI, SK)",Guinea,ZINC AND ARTICLES THEREOF,EXPORT,VALUE_IN_EUROS,2020,1214
ESTAT:DS-045409(1.0),06/02/26 11:00:00,Annual,"European Union - 27 countries (AT, BE, BG, CY, CZ, DE, DK, EE, ES, FI, FR, GR, HR, HU, IE, IT, LT, LU, LV, MT, NL, PL, PT, RO, SE, SI, SK)",Guinea,ZINC AND ARTICLES THEREOF,EXPORT,VALUE_IN_EUROS,2021,35940
ESTAT:DS-045409(1.0),06/02/26 11:00:00,Annual,"European Union - 27 countries (AT, BE, BG, CY, CZ, DE, DK, EE, ES, FI, FR, GR, HR, HU, IE, IT, LT, LU, LV, MT, NL, PL, PT, RO, SE, SI, SK)",Guinea,ZINC AND ARTICLES THEREOF,EXPORT,VALUE_IN_EUROS,2022,16798
ESTAT:DS-045409(1.0),06/02/26 11:00:00,Annual,"European Union - 27 countries (AT, BE, BG, CY, CZ, DE, DK, EE, ES, FI, FR, GR, HR, HU, IE, IT, LT, LU, LV, MT, NL, PL, PT, RO, SE, SI, SK)",Guinea,ZINC AND ARTICLES THEREOF,EXPORT,VALUE_IN_EUROS,2023,79064
ESTAT:DS-045409(1.0),06/02/26 11:00:00,Annual,"European Union - 27 countries (AT, BE, BG, CY, CZ, DE, DK, EE, ES, FI, FR, GR, HR, HU, IE, IT, LT, LU, LV, MT, NL, PL, PT, RO, SE, SI, SK)",Guinea,ZINC AND ARTICLES THEREOF,EXPORT,VALUE_IN_EUROS,2024,73876
ESTAT:DS-045409(1.0),06/02/26 11:00:00,Annual,"European Union - 27 countries (AT, BE, BG, CY, CZ, DE, DK, EE, ES, FI, FR, GR, HR, HU, IE, IT, LT, LU, LV, MT, NL, PL, PT, RO, SE, SI, SK)",Equatorial Guinea,ZINC AND ARTICLES THEREOF,EXPORT,VALUE_IN_EUROS,1999,2303
ESTAT:DS-045409(1.0),06/02/26 11:00:00,Annual,"European Union - 27 countries (AT, BE, BG, CY, CZ, DE, DK, EE, ES, FI, FR, GR, HR, HU, IE, IT, LT, LU, LV, MT, NL, PL, PT, RO, SE, SI, SK)",Equatorial Guinea,ZINC AND ARTICLES THEREOF,EXPORT,VALUE_IN_EUROS,2000,8952
ESTAT:DS-045409(1.0),06/02/26 11:00:00,Annual,"European Union - 27 countries (AT, BE, BG, CY, CZ, DE, DK, EE, ES, FI, FR, GR, HR, HU, IE, IT, LT, LU, LV, MT, NL, PL, PT, RO, SE, SI, SK)",Equatorial Guinea,ZINC AND ARTICLES THEREOF,EXPORT,VALUE_IN_EUROS,2001,28751
ESTAT:DS-045409(1.0),06/02/26 11:00:00,Annual,"European Union - 27 countries (AT, BE, BG, CY, CZ, DE, DK, EE, ES, FI, FR, GR, HR, HU, IE, IT, LT, LU, LV, MT, NL, PL, PT, RO, SE, SI, SK)",Equatorial Guinea,ZINC AND ARTICLES THEREOF,EXPORT,VALUE_IN_EUROS,2003,2615
ESTAT:DS-045409(1.0),06/02/26 11:00:00,Annual,"European Union - 27 countries (AT, BE, BG, CY, CZ, DE, DK, EE, ES, FI, FR, GR, HR, HU, IE, IT, LT, LU, LV, MT, NL, PL, PT, RO, SE, SI, SK)",Equatorial Guinea,ZINC AND ARTICLES THEREOF,EXPORT,VALUE_IN_EUROS,2004,15757
ESTAT:DS-045409(1.0),06/02/26 11:00:00,Annual,"European Union - 27 countries (AT, BE, BG, CY, CZ, DE, DK, EE, ES, FI, FR, GR, HR, HU, IE, IT, LT, LU, LV, MT, NL, PL, PT, RO, SE, SI, SK)",Equatorial Guinea,ZINC AND ARTICLES THEREOF,EXPORT,VALUE_IN_EUROS,2006,5410
ESTAT:DS-045409(1.0),06/02/26 11:00:00,Annual,"European Union - 27 countries (AT, BE, BG, CY, CZ, DE, DK, EE, ES, FI, FR, GR, HR, HU, IE, IT, LT, LU, LV, MT, NL, PL, PT, RO, SE, SI, SK)",Equatorial Guinea,ZINC AND ARTICLES THEREOF,EXPORT,VALUE_IN_EUROS,2007,148209
ESTAT:DS-045409(1.0),06/02/26 11:00:00,Annual,"European Union - 27 countries (AT, BE, BG, CY, CZ, DE, DK, EE, ES, FI, FR, GR, HR, HU, IE, IT, LT, LU, LV, MT, NL, PL, PT, RO, SE, SI, SK)",Equatorial Guinea,ZINC AND ARTICLES THEREOF,EXPORT,VALUE_IN_EUROS,2008,45963
ESTAT:DS-045409(1.0),06/02/26 11:00:00,Annual,"European Union - 27 countries (AT, BE, BG, CY, CZ, DE, DK, EE, ES, FI, FR, GR, HR, HU, IE, IT, LT, LU, LV, MT, NL, PL, PT, RO, SE, SI, SK)",Equatorial Guinea,ZINC AND ARTICLES THEREOF,EXPORT,VALUE_IN_EUROS,2009,653011
ESTAT:DS-045409(1.0),06/02/26 11:00:00,Annual,"European Union - 27 countries (AT, BE, BG, CY, CZ, DE, DK, EE, ES, FI, FR, GR, HR, HU, IE, IT, LT, LU, LV, MT, NL, PL, PT, RO, SE, SI, SK)",Equatorial Guinea,ZINC AND ARTICLES THEREOF,EXPORT,VALUE_IN_EUROS,2010,18135
ESTAT:DS-045409(1.0),06/02/26 11:00:00,Annual,"European Union - 27 countries (AT, BE, BG, CY, CZ, DE, DK, EE, ES, FI, FR, GR, HR, HU, IE, IT, LT, LU, LV, MT, NL, PL, PT, RO, SE, SI, SK)",Equatorial Guinea,ZINC AND ARTICLES THEREOF,EXPORT,VALUE_IN_EUROS,2011,16845
ESTAT:DS-045409(1.0),06/02/26 11:00:00,Annual,"European Union - 27 countries (AT, BE, BG, CY, CZ, DE, DK, EE, ES, FI, FR, GR, HR, HU, IE, IT, LT, LU, LV, MT, NL, PL, PT, RO, SE, SI, SK)",Equatorial Guinea,ZINC AND ARTICLES THEREOF,EXPORT,VALUE_IN_EUROS,2012,35009
ESTAT:DS-045409(1.0),06/02/26 11:00:00,Annual,"European Union - 27 countries (AT, BE, BG, CY, CZ, DE, DK, EE, ES, FI, FR, GR, HR, HU, IE, IT, LT, LU, LV, MT, NL, PL, PT, RO, SE, SI, SK)",Equatorial Guinea,ZINC AND ARTICLES THEREOF,EXPORT,VALUE_IN_EUROS,2013,49503
ESTAT:DS-045409(1.0),06/02/26 11:00:00,Annual,"European Union - 27 countries (AT, BE, BG, CY, CZ, DE, DK, EE, ES, FI, FR, GR, HR, HU, IE, IT, LT, LU, LV, MT, NL, PL, PT, RO, SE, SI, SK)",Equatorial Guinea,ZINC AND ARTICLES THEREOF,EXPORT,VALUE_IN_EUROS,2014,57821
ESTAT:DS-045409(1.0),06/02/26 11:00:00,Annual,"European Union - 27 countries (AT, BE, BG, CY, CZ, DE, DK, EE, ES, FI, FR, GR, HR, HU, IE, IT, LT, LU, LV, MT, NL, PL, PT, RO, SE, SI, SK)",Equatorial Guinea,ZINC AND ARTICLES THEREOF,EXPORT,VALUE_IN_EUROS,2015,5097
ESTAT:DS-045409(1.0),06/02/26 11:00:00,Annual,"European Union - 27 countries (AT, BE, BG, CY, CZ, DE, DK, EE, ES, FI, FR, GR, HR, HU, IE, IT, LT, LU, LV, MT, NL, PL, PT, RO, SE, SI, SK)",Equatorial Guinea,ZINC AND ARTICLES THEREOF,EXPORT,VALUE_IN_EUROS,2016,2171
ESTAT:DS-045409(1.0),06/02/26 11:00:00,Annual,"European Union - 27 countries (AT, BE, BG, CY, CZ, DE, DK, EE, ES, FI, FR, GR, HR, HU, IE, IT, LT, LU, LV, MT, NL, PL, PT, RO, SE, SI, SK)",Equatorial Guinea,ZINC AND ARTICLES THEREOF,EXPORT,VALUE_IN_EUROS,2017,6737
ESTAT:DS-045409(1.0),06/02/26 11:00:00,Annual,"European Union - 27 countries (AT, BE, BG, CY, CZ, DE, DK, EE, ES, FI, FR, GR, HR, HU, IE, IT, LT, LU, LV, MT, NL, PL, PT, RO, SE, SI, SK)",Equatorial Guinea,ZINC AND ARTICLES THEREOF,EXPORT,VALUE_IN_EUROS,2018,55392
ESTAT:DS-045409(1.0),06/02/26 11:00:00,Annual,"European Union - 27 countries (AT, BE, BG, CY, CZ, DE, DK, EE, ES, FI, FR, GR, HR, HU, IE, IT, LT, LU, LV, MT, NL, PL, PT, RO, SE, SI, SK)",Equatorial Guinea,ZINC AND ARTICLES THEREOF,EXPORT,VALUE_IN_EUROS,2019,572
ESTAT:DS-045409(1.0),06/02/26 11:00:00,Annual,"European Union - 27 countries (AT, BE, BG, CY, CZ, DE, DK, EE, ES, FI, FR, GR, HR, HU, IE, IT, LT, LU, LV, MT, NL, PL, PT, RO, SE, SI, SK)",Equatorial Guinea,ZINC AND ARTICLES THEREOF,EXPORT,VALUE_IN_EUROS,2020,6471
ESTAT:DS-045409(1.0),06/02/26 11:00:00,Annual,"European Union - 27 countries (AT, BE, BG, CY, CZ, DE, DK, EE, ES, FI, FR, GR, HR, HU, IE, IT, LT, LU, LV, MT, NL, PL, PT, RO, SE, SI, SK)",Equatorial Guinea,ZINC AND ARTICLES THEREOF,EXPORT,VALUE_IN_EUROS,2021,30930
ESTAT:DS-045409(1.0),06/02/26 11:00:00,Annual,"European Union - 27 countries (AT, BE, BG, CY, CZ, DE, DK, EE, ES, FI, FR, GR, HR, HU, IE, IT, LT, LU, LV, MT, NL, PL, PT, RO, SE, SI, SK)",Equatorial Guinea,ZINC AND ARTICLES THEREOF,EXPORT,VALUE_IN_EUROS,2022,18
ESTAT:DS-045409(1.0),06/02/26 11:00:00,Annual,"European Union - 27 countries (AT, BE, BG, CY, CZ, DE, DK, EE, ES, FI, FR, GR, HR, HU, IE, IT, LT, LU, LV, MT, NL, PL, PT, RO, SE, SI, SK)",Equatorial Guinea,ZINC AND ARTICLES THEREOF,EXPORT,VALUE_IN_EUROS,2023,5620
ESTAT:DS-045409(1.0),06/02/26 11:00:00,Annual,"European Union - 27 countries (AT, BE, BG, CY, CZ, DE, DK, EE, ES, FI, FR, GR, HR, HU, IE, IT, LT, LU, LV, MT, NL, PL, PT, RO, SE, SI, SK)",Equatorial Guinea,ZINC AND ARTICLES THEREOF,EXPORT,VALUE_IN_EUROS,2024,2527
ESTAT:DS-045409(1.0),06/02/26 11:00:00,Annual,"European Union - 27 countries (AT, BE, BG, CY, CZ, DE, DK, EE, ES, FI, FR, GR, HR, HU, IE, IT, LT, LU, LV, MT, NL, PL, PT, RO, SE, SI, SK)",Guinea-Bissau,ZINC AND ARTICLES THEREOF,EXPORT,VALUE_IN_EUROS,1999,90821
ESTAT:DS-045409(1.0),06/02/26 11:00:00,Annual,"European Union - 27 countries (AT, BE, BG, CY, CZ, DE, DK, EE, ES, FI, FR, GR, HR, HU, IE, IT, LT, LU, LV, MT, NL, PL, PT, RO, SE, SI, SK)",Guinea-Bissau,ZINC AND ARTICLES THEREOF,EXPORT,VALUE_IN_EUROS,2000,22427
ESTAT:DS-045409(1.0),06/02/26 11:00:00,Annual,"European Union - 27 countries (AT, BE, BG, CY, CZ, DE, DK, EE, ES, FI, FR, GR, HR, HU, IE, IT, LT, LU, LV, MT, NL, PL, PT, RO, SE, SI, SK)",Guinea-Bissau,ZINC AND ARTICLES THEREOF,EXPORT,VALUE_IN_EUROS,2001,16315
ESTAT:DS-045409(1.0),06/02/26 11:00:00,Annual,"European Union - 27 countries (AT, BE, BG, CY, CZ, DE, DK, EE, ES, FI, FR, GR, HR, HU, IE, IT, LT, LU, LV, MT, NL, PL, PT, RO, SE, SI, SK)",Guinea-Bissau,ZINC AND ARTICLES THEREOF,EXPORT,VALUE_IN_EUROS,2002,15807
ESTAT:DS-045409(1.0),06/02/26 11:00:00,Annual,"European Union - 27 countries (AT, BE, BG, CY, CZ, DE, DK, EE, ES, FI, FR, GR, HR, HU, IE, IT, LT, LU, LV, MT, NL, PL, PT, RO, SE, SI, SK)",Guinea-Bissau,ZINC AND ARTICLES THEREOF,EXPORT,VALUE_IN_EUROS,2003,12970
ESTAT:DS-045409(1.0),06/02/26 11:00:00,Annual,"European Union - 27 countries (AT, BE, BG, CY, CZ, DE, DK, EE, ES, FI, FR, GR, HR, HU, IE, IT, LT, LU, LV, MT, NL, PL, PT, RO, SE, SI, SK)",Guinea-Bissau,ZINC AND ARTICLES THEREOF,EXPORT,VALUE_IN_EUROS,2004,9740
ESTAT:DS-045409(1.0),06/02/26 11:00:00,Annual,"European Union - 27 countries (AT, BE, BG, CY, CZ, DE, DK, EE, ES, FI, FR, GR, HR, HU, IE, IT, LT, LU, LV, MT, NL, PL, PT, RO, SE, SI, SK)",Guinea-Bissau,ZINC AND ARTICLES THEREOF,EXPORT,VALUE_IN_EUROS,2005,8747
ESTAT:DS-045409(1.0),06/02/26 11:00:00,Annual,"European Union - 27 countries (AT, BE, BG, CY, CZ, DE, DK, EE, ES, FI, FR, GR, HR, HU, IE, IT, LT, LU, LV, MT, NL, PL, PT, RO, SE, SI, SK)",Guinea-Bissau,ZINC AND ARTICLES THEREOF,EXPORT,VALUE_IN_EUROS,2006,9383
ESTAT:DS-045409(1.0),06/02/26 11:00:00,Annual,"European Union - 27 countries (AT, BE, BG, CY, CZ, DE, DK, EE, ES, FI, FR, GR, HR, HU, IE, IT, LT, LU, LV, MT, NL, PL, PT, RO, SE, SI, SK)",Guinea-Bissau,ZINC AND ARTICLES THEREOF,EXPORT,VALUE_IN_EUROS,2007,2241
ESTAT:DS-045409(1.0),06/02/26 11:00:00,Annual,"European Union - 27 countries (AT, BE, BG, CY, CZ, DE, DK, EE, ES, FI, FR, GR, HR, HU, IE, IT, LT, LU, LV, MT, NL, PL, PT, RO, SE, SI, SK)",Guinea-Bissau,ZINC AND ARTICLES THEREOF,EXPORT,VALUE_IN_EUROS,2008,1597
ESTAT:DS-045409(1.0),06/02/26 11:00:00,Annual,"European Union - 27 countries (AT, BE, BG, CY, CZ, DE, DK, EE, ES, FI, FR, GR, HR, HU, IE, IT, LT, LU, LV, MT, NL, PL, PT, RO, SE, SI, SK)",Guinea-Bissau,ZINC AND ARTICLES THEREOF,EXPORT,VALUE_IN_EUROS,2009,781
ESTAT:DS-045409(1.0),06/02/26 11:00:00,Annual,"European Union - 27 countries (AT, BE, BG, CY, CZ, DE, DK, EE, ES, FI, FR, GR, HR, HU, IE, IT, LT, LU, LV, MT, NL, PL, PT, RO, SE, SI, SK)",Guinea-Bissau,ZINC AND ARTICLES THEREOF,EXPORT,VALUE_IN_EUROS,2010,5545
ESTAT:DS-045409(1.0),06/02/26 11:00:00,Annual,"European Union - 27 countries (AT, BE, BG, CY, CZ, DE, DK, EE, ES, FI, FR, GR, HR, HU, IE, IT, LT, LU, LV, MT, NL, PL, PT, RO, SE, SI, SK)",Guinea-Bissau,ZINC AND ARTICLES THEREOF,EXPORT,VALUE_IN_EUROS,2011,3825
ESTAT:DS-045409(1.0),06/02/26 11:00:00,Annual,"European Union - 27 countries (AT, BE, BG, CY, CZ, DE, DK, EE, ES, FI, FR, GR, HR, HU, IE, IT, LT, LU, LV, MT, NL, PL, PT, RO, SE, SI, SK)",Guinea-Bissau,ZINC AND ARTICLES THEREOF,EXPORT,VALUE_IN_EUROS,2012,594
ESTAT:DS-045409(1.0),06/02/26 11:00:00,Annual,"European Union - 27 countries (AT, BE, BG, CY, CZ, DE, DK, EE, ES, FI, FR, GR, HR, HU, IE, IT, LT, LU, LV, MT, NL, PL, PT, RO, SE, SI, SK)",Guinea-Bissau,ZINC AND ARTICLES THEREOF,EXPORT,VALUE_IN_EUROS,2013,4000
ESTAT:DS-045409(1.0),06/02/26 11:00:00,Annual,"European Union - 27 countries (AT, BE, BG, CY, CZ, DE, DK, EE, ES, FI, FR, GR, HR, HU, IE, IT, LT, LU, LV, MT, NL, PL, PT, RO, SE, SI, SK)",Guinea-Bissau,ZINC AND ARTICLES THEREOF,EXPORT,VALUE_IN_EUROS,2014,877
ESTAT:DS-045409(1.0),06/02/26 11:00:00,Annual,"European Union - 27 countries (AT, BE, BG, CY, CZ, DE, DK, EE, ES, FI, FR, GR, HR, HU, IE, IT, LT, LU, LV, MT, NL, PL, PT, RO, SE, SI, SK)",Guinea-Bissau,ZINC AND ARTICLES THEREOF,EXPORT,VALUE_IN_EUROS,2015,1634
ESTAT:DS-045409(1.0),06/02/26 11:00:00,Annual,"European Union - 27 countries (AT, BE, BG, CY, CZ, DE, DK, EE, ES, FI, FR, GR, HR, HU, IE, IT, LT, LU, LV, MT, NL, PL, PT, RO, SE, SI, SK)",Guinea-Bissau,ZINC AND ARTICLES THEREOF,EXPORT,VALUE_IN_EUROS,2016,4521
ESTAT:DS-045409(1.0),06/02/26 11:00:00,Annual,"European Union - 27 countries (AT, BE, BG, CY, CZ, DE, DK, EE, ES, FI, FR, GR, HR, HU, IE, IT, LT, LU, LV, MT, NL, PL, PT, RO, SE, SI, SK)",Guinea-Bissau,ZINC AND ARTICLES THEREOF,EXPORT,VALUE_IN_EUROS,2017,4766
ESTAT:DS-045409(1.0),06/02/26 11:00:00,Annual,"European Union - 27 countries (AT, BE, BG, CY, CZ, DE, DK, EE, ES, FI, FR, GR, HR, HU, IE, IT, LT, LU, LV, MT, NL, PL, PT, RO, SE, SI, SK)",Guinea-Bissau,ZINC AND ARTICLES THEREOF,EXPORT,VALUE_IN_EUROS,2018,10044
ESTAT:DS-045409(1.0),06/02/26 11:00:00,Annual,"European Union - 27 countries (AT, BE, BG, CY, CZ, DE, DK, EE, ES, FI, FR, GR, HR, HU, IE, IT, LT, LU, LV, MT, NL, PL, PT, RO, SE, SI, SK)",Guinea-Bissau,ZINC AND ARTICLES THEREOF,EXPORT,VALUE_IN_EUROS,2019,3495
ESTAT:DS-045409(1.0),06/02/26 11:00:00,Annual,"European Union - 27 countries (AT, BE, BG, CY, CZ, DE, DK, EE, ES, FI, FR, GR, HR, HU, IE, IT, LT, LU, LV, MT, NL, PL, PT, RO, SE, SI, SK)",Guinea-Bissau,ZINC AND ARTICLES THEREOF,EXPORT,VALUE_IN_EUROS,2020,5473
ESTAT:DS-045409(1.0),06/02/26 11:00:00,Annual,"European Union - 27 countries (AT, BE, BG, CY, CZ, DE, DK, EE, ES, FI, FR, GR, HR, HU, IE, IT, LT, LU, LV, MT, NL, PL, PT, RO, SE, SI, SK)",Guinea-Bissau,ZINC AND ARTICLES THEREOF,EXPORT,VALUE_IN_EUROS,2021,13010
ESTAT:DS-045409(1.0),06/02/26 11:00:00,Annual,"European Union - 27 countries (AT, BE, BG, CY, CZ, DE, DK, EE, ES, FI, FR, GR, HR, HU, IE, IT, LT, LU, LV, MT, NL, PL, PT, RO, SE, SI, SK)",Guinea-Bissau,ZINC AND ARTICLES THEREOF,EXPORT,VALUE_IN_EUROS,2022,1539
ESTAT:DS-045409(1.0),06/02/26 11:00:00,Annual,"European Union - 27 countries (AT, BE, BG, CY, CZ, DE, DK, EE, ES, FI, FR, GR, HR, HU, IE, IT, LT, LU, LV, MT, NL, PL, PT, RO, SE, SI, SK)",Guinea-Bissau,ZINC AND ARTICLES THEREOF,EXPORT,VALUE_IN_EUROS,2023,12359
ESTAT:DS-045409(1.0),06/02/26 11:00:00,Annual,"European Union - 27 countries (AT, BE, BG, CY, CZ, DE, DK, EE, ES, FI, FR, GR, HR, HU, IE, IT, LT, LU, LV, MT, NL, PL, PT, RO, SE, SI, SK)",Guinea-Bissau,ZINC AND ARTICLES THEREOF,EXPORT,VALUE_IN_EUROS,2024,2373
ESTAT:DS-045409(1.0),06/02/26 11:00:00,Annual,"European Union - 27 countries (AT, BE, BG, CY, CZ, DE, DK, EE, ES, FI, FR, GR, HR, HU, IE, IT, LT, LU, LV, MT, NL, PL, PT, RO, SE, SI, SK)",Kenya,ZINC AND ARTICLES THEREOF,EXPORT,VALUE_IN_EUROS,1999,1598885
ESTAT:DS-045409(1.0),06/02/26 11:00:00,Annual,"European Union - 27 countries (AT, BE, BG, CY, CZ, DE, DK, EE, ES, FI, FR, GR, HR, HU, IE, IT, LT, LU, LV, MT, NL, PL, PT, RO, SE, SI, SK)",Kenya,ZINC AND ARTICLES THEREOF,EXPORT,VALUE_IN_EUROS,2000,2840327
ESTAT:DS-045409(1.0),06/02/26 11:00:00,Annual,"European Union - 27 countries (AT, BE, BG, CY, CZ, DE, DK, EE, ES, FI, FR, GR, HR, HU, IE, IT, LT, LU, LV, MT, NL, PL, PT, RO, SE, SI, SK)",Kenya,ZINC AND ARTICLES THEREOF,EXPORT,VALUE_IN_EUROS,2001,1700786
ESTAT:DS-045409(1.0),06/02/26 11:00:00,Annual,"European Union - 27 countries (AT, BE, BG, CY, CZ, DE, DK, EE, ES, FI, FR, GR, HR, HU, IE, IT, LT, LU, LV, MT, NL, PL, PT, RO, SE, SI, SK)",Kenya,ZINC AND ARTICLES THEREOF,EXPORT,VALUE_IN_EUROS,2002,4931
ESTAT:DS-045409(1.0),06/02/26 11:00:00,Annual,"European Union - 27 countries (AT, BE, BG, CY, CZ, DE, DK, EE, ES, FI, FR, GR, HR, HU, IE, IT, LT, LU, LV, MT, NL, PL, PT, RO, SE, SI, SK)",Kenya,ZINC AND ARTICLES THEREOF,EXPORT,VALUE_IN_EUROS,2003,4952
ESTAT:DS-045409(1.0),06/02/26 11:00:00,Annual,"European Union - 27 countries (AT, BE, BG, CY, CZ, DE, DK, EE, ES, FI, FR, GR, HR, HU, IE, IT, LT, LU, LV, MT, NL, PL, PT, RO, SE, SI, SK)",Kenya,ZINC AND ARTICLES THEREOF,EXPORT,VALUE_IN_EUROS,2004,155143
ESTAT:DS-045409(1.0),06/02/26 11:00:00,Annual,"European Union - 27 countries (AT, BE, BG, CY, CZ, DE, DK, EE, ES, FI, FR, GR, HR, HU, IE, IT, LT, LU, LV, MT, NL, PL, PT, RO, SE, SI, SK)",Kenya,ZINC AND ARTICLES THEREOF,EXPORT,VALUE_IN_EUROS,2005,68208
ESTAT:DS-045409(1.0),06/02/26 11:00:00,Annual,"European Union - 27 countries (AT, BE, BG, CY, CZ, DE, DK, EE, ES, FI, FR, GR, HR, HU, IE, IT, LT, LU, LV, MT, NL, PL, PT, RO, SE, SI, SK)",Kenya,ZINC AND ARTICLES THEREOF,EXPORT,VALUE_IN_EUROS,2006,1773880
ESTAT:DS-045409(1.0),06/02/26 11:00:00,Annual,"European Union - 27 countries (AT, BE, BG, CY, CZ, DE, DK, EE, ES, FI, FR, GR, HR, HU, IE, IT, LT, LU, LV, MT, NL, PL, PT, RO, SE, SI, SK)",Kenya,ZINC AND ARTICLES THEREOF,EXPORT,VALUE_IN_EUROS,2007,12633
ESTAT:DS-045409(1.0),06/02/26 11:00:00,Annual,"European Union - 27 countries (AT, BE, BG, CY, CZ, DE, DK, EE, ES, FI, FR, GR, HR, HU, IE, IT, LT, LU, LV, MT, NL, PL, PT, RO, SE, SI, SK)",Kenya,ZINC AND ARTICLES THEREOF,EXPORT,VALUE_IN_EUROS,2008,3709
ESTAT:DS-045409(1.0),06/02/26 11:00:00,Annual,"European Union - 27 countries (AT, BE, BG, CY, CZ, DE, DK, EE, ES, FI, FR, GR, HR, HU, IE, IT, LT, LU, LV, MT, NL, PL, PT, RO, SE, SI, SK)",Kenya,ZINC AND ARTICLES THEREOF,EXPORT,VALUE_IN_EUROS,2009,71357
ESTAT:DS-045409(1.0),06/02/26 11:00:00,Annual,"European Union - 27 countries (AT, BE, BG, CY, CZ, DE, DK, EE, ES, FI, FR, GR, HR, HU, IE, IT, LT, LU, LV, MT, NL, PL, PT, RO, SE, SI, SK)",Kenya,ZINC AND ARTICLES THEREOF,EXPORT,VALUE_IN_EUROS,2010,284778
ESTAT:DS-045409(1.0),06/02/26 11:00:00,Annual,"European Union - 27 countries (AT, BE, BG, CY, CZ, DE, DK, EE, ES, FI, FR, GR, HR, HU, IE, IT, LT, LU, LV, MT, NL, PL, PT, RO, SE, SI, SK)",Kenya,ZINC AND ARTICLES THEREOF,EXPORT,VALUE_IN_EUROS,2011,303242
ESTAT:DS-045409(1.0),06/02/26 11:00:00,Annual,"European Union - 27 countries (AT, BE, BG, CY, CZ, DE, DK, EE, ES, FI, FR, GR, HR, HU, IE, IT, LT, LU, LV, MT, NL, PL, PT, RO, SE, SI, SK)",Kenya,ZINC AND ARTICLES THEREOF,EXPORT,VALUE_IN_EUROS,2012,284420
ESTAT:DS-045409(1.0),06/02/26 11:00:00,Annual,"European Union - 27 countries (AT, BE, BG, CY, CZ, DE, DK, EE, ES, FI, FR, GR, HR, HU, IE, IT, LT, LU, LV, MT, NL, PL, PT, RO, SE, SI, SK)",Kenya,ZINC AND ARTICLES THEREOF,EXPORT,VALUE_IN_EUROS,2013,8337221
ESTAT:DS-045409(1.0),06/02/26 11:00:00,Annual,"European Union - 27 countries (AT, BE, BG, CY, CZ, DE, DK, EE, ES, FI, FR, GR, HR, HU, IE, IT, LT, LU, LV, MT, NL, PL, PT, RO, SE, SI, SK)",Kenya,ZINC AND ARTICLES THEREOF,EXPORT,VALUE_IN_EUROS,2014,5826225
ESTAT:DS-045409(1.0),06/02/26 11:00:00,Annual,"European Union - 27 countries (AT, BE, BG, CY, CZ, DE, DK, EE, ES, FI, FR, GR, HR, HU, IE, IT, LT, LU, LV, MT, NL, PL, PT, RO, SE, SI, SK)",Kenya,ZINC AND ARTICLES THEREOF,EXPORT,VALUE_IN_EUROS,2015,870472
ESTAT:DS-045409(1.0),06/02/26 11:00:00,Annual,"European Union - 27 countries (AT, BE, BG, CY, CZ, DE, DK, EE, ES, FI, FR, GR, HR, HU, IE, IT, LT, LU, LV, MT, NL, PL, PT, RO, SE, SI, SK)",Kenya,ZINC AND ARTICLES THEREOF,EXPORT,VALUE_IN_EUROS,2016,852341
ESTAT:DS-045409(1.0),06/02/26 11:00:00,Annual,"European Union - 27 countries (AT, BE, BG, CY, CZ, DE, DK, EE, ES, FI, FR, GR, HR, HU, IE, IT, LT, LU, LV, MT, NL, PL, PT, RO, SE, SI, SK)",Kenya,ZINC AND ARTICLES THEREOF,EXPORT,VALUE_IN_EUROS,2017,1138075
ESTAT:DS-045409(1.0),06/02/26 11:00:00,Annual,"European Union - 27 countries (AT, BE, BG, CY, CZ, DE, DK, EE, ES, FI, FR, GR, HR, HU, IE, IT, LT, LU, LV, MT, NL, PL, PT, RO, SE, SI, SK)",Kenya,ZINC AND ARTICLES THEREOF,EXPORT,VALUE_IN_EUROS,2018,1042624
ESTAT:DS-045409(1.0),06/02/26 11:00:00,Annual,"European Union - 27 countries (AT, BE, BG, CY, CZ, DE, DK, EE, ES, FI, FR, GR, HR, HU, IE, IT, LT, LU, LV, MT, NL, PL, PT, RO, SE, SI, SK)",Kenya,ZINC AND ARTICLES THEREOF,EXPORT,VALUE_IN_EUROS,2019,1105203
ESTAT:DS-045409(1.0),06/02/26 11:00:00,Annual,"European Union - 27 countries (AT, BE, BG, CY, CZ, DE, DK, EE, ES, FI, FR, GR, HR, HU, IE, IT, LT, LU, LV, MT, NL, PL, PT, RO, SE, SI, SK)",Kenya,ZINC AND ARTICLES THEREOF,EXPORT,VALUE_IN_EUROS,2020,5875765
ESTAT:DS-045409(1.0),06/02/26 11:00:00,Annual,"European Union - 27 countries (AT, BE, BG, CY, CZ, DE, DK, EE, ES, FI, FR, GR, HR, HU, IE, IT, LT, LU, LV, MT, NL, PL, PT, RO, SE, SI, SK)",Kenya,ZINC AND ARTICLES THEREOF,EXPORT,VALUE_IN_EUROS,2021,7403092
ESTAT:DS-045409(1.0),06/02/26 11:00:00,Annual,"European Union - 27 countries (AT, BE, BG, CY, CZ, DE, DK, EE, ES, FI, FR, GR, HR, HU, IE, IT, LT, LU, LV, MT, NL, PL, PT, RO, SE, SI, SK)",Kenya,ZINC AND ARTICLES THEREOF,EXPORT,VALUE_IN_EUROS,2022,114648
ESTAT:DS-045409(1.0),06/02/26 11:00:00,Annual,"European Union - 27 countries (AT, BE, BG, CY, CZ, DE, DK, EE, ES, FI, FR, GR, HR, HU, IE, IT, LT, LU, LV, MT, NL, PL, PT, RO, SE, SI, SK)",Kenya,ZINC AND ARTICLES THEREOF,EXPORT,VALUE_IN_EUROS,2023,144382
ESTAT:DS-045409(1.0),06/02/26 11:00:00,Annual,"European Union - 27 countries (AT, BE, BG, CY, CZ, DE, DK, EE, ES, FI, FR, GR, HR, HU, IE, IT, LT, LU, LV, MT, NL, PL, PT, RO, SE, SI, SK)",Kenya,ZINC AND ARTICLES THEREOF,EXPORT,VALUE_IN_EUROS,2024,2188393
ESTAT:DS-045409(1.0),06/02/26 11:00:00,Annual,"European Union - 27 countries (AT, BE, BG, CY, CZ, DE, DK, EE, ES, FI, FR, GR, HR, HU, IE, IT, LT, LU, LV, MT, NL, PL, PT, RO, SE, SI, SK)",Comoros (incl. Mayotte 'YT' -> 1976),ZINC AND ARTICLES THEREOF,EXPORT,VALUE_IN_EUROS,2007,10471
ESTAT:DS-045409(1.0),06/02/26 11:00:00,Annual,"European Union - 27 countries (AT, BE, BG, CY, CZ, DE, DK, EE, ES, FI, FR, GR, HR, HU, IE, IT, LT, LU, LV, MT, NL, PL, PT, RO, SE, SI, SK)",Comoros (incl. Mayotte 'YT' -> 1976),ZINC AND ARTICLES THEREOF,EXPORT,VALUE_IN_EUROS,2008,1992
ESTAT:DS-045409(1.0),06/02/26 11:00:00,Annual,"European Union - 27 countries (AT, BE, BG, CY, CZ, DE, DK, EE, ES, FI, FR, GR, HR, HU, IE, IT, LT, LU, LV, MT, NL, PL, PT, RO, SE, SI, SK)",Comoros (incl. Mayotte 'YT' -> 1976),ZINC AND ARTICLES THEREOF,EXPORT,VALUE_IN_EUROS,2018,527
ESTAT:DS-045409(1.0),06/02/26 11:00:00,Annual,"European Union - 27 countries (AT, BE, BG, CY, CZ, DE, DK, EE, ES, FI, FR, GR, HR, HU, IE, IT, LT, LU, LV, MT, NL, PL, PT, RO, SE, SI, SK)",Comoros (incl. Mayotte 'YT' -> 1976),ZINC AND ARTICLES THEREOF,EXPORT,VALUE_IN_EUROS,2019,8028
ESTAT:DS-045409(1.0),06/02/26 11:00:00,Annual,"European Union - 27 countries (AT, BE, BG, CY, CZ, DE, DK, EE, ES, FI, FR, GR, HR, HU, IE, IT, LT, LU, LV, MT, NL, PL, PT, RO, SE, SI, SK)",Comoros (incl. Mayotte 'YT' -> 1976),ZINC AND ARTICLES THEREOF,EXPORT,VALUE_IN_EUROS,2022,1296
ESTAT:DS-045409(1.0),06/02/26 11:00:00,Annual,"European Union - 27 countries (AT, BE, BG, CY, CZ, DE, DK, EE, ES, FI, FR, GR, HR, HU, IE, IT, LT, LU, LV, MT, NL, PL, PT, RO, SE, SI, SK)",Comoros (incl. Mayotte 'YT' -> 1976),ZINC AND ARTICLES THEREOF,EXPORT,VALUE_IN_EUROS,2023,8207
ESTAT:DS-045409(1.0),06/02/26 11:00:00,Annual,"European Union - 27 countries (AT, BE, BG, CY, CZ, DE, DK, EE, ES, FI, FR, GR, HR, HU, IE, IT, LT, LU, LV, MT, NL, PL, PT, RO, SE, SI, SK)",Liberia,ZINC AND ARTICLES THEREOF,EXPORT,VALUE_IN_EUROS,1999,10306
ESTAT:DS-045409(1.0),06/02/26 11:00:00,Annual,"European Union - 27 countries (AT, BE, BG, CY, CZ, DE, DK, EE, ES, FI, FR, GR, HR, HU, IE, IT, LT, LU, LV, MT, NL, PL, PT, RO, SE, SI, SK)",Liberia,ZINC AND ARTICLES THEREOF,EXPORT,VALUE_IN_EUROS,2000,363
ESTAT:DS-045409(1.0),06/02/26 11:00:00,Annual,"European Union - 27 countries (AT, BE, BG, CY, CZ, DE, DK, EE, ES, FI, FR, GR, HR, HU, IE, IT, LT, LU, LV, MT, NL, PL, PT, RO, SE, SI, SK)",Liberia,ZINC AND ARTICLES THEREOF,EXPORT,VALUE_IN_EUROS,2001,293
ESTAT:DS-045409(1.0),06/02/26 11:00:00,Annual,"European Union - 27 countries (AT, BE, BG, CY, CZ, DE, DK, EE, ES, FI, FR, GR, HR, HU, IE, IT, LT, LU, LV, MT, NL, PL, PT, RO, SE, SI, SK)",Liberia,ZINC AND ARTICLES THEREOF,EXPORT,VALUE_IN_EUROS,2002,341
ESTAT:DS-045409(1.0),06/02/26 11:00:00,Annual,"European Union - 27 countries (AT, BE, BG, CY, CZ, DE, DK, EE, ES, FI, FR, GR, HR, HU, IE, IT, LT, LU, LV, MT, NL, PL, PT, RO, SE, SI, SK)",Liberia,ZINC AND ARTICLES THEREOF,EXPORT,VALUE_IN_EUROS,2003,14816
ESTAT:DS-045409(1.0),06/02/26 11:00:00,Annual,"European Union - 27 countries (AT, BE, BG, CY, CZ, DE, DK, EE, ES, FI, FR, GR, HR, HU, IE, IT, LT, LU, LV, MT, NL, PL, PT, RO, SE, SI, SK)",Liberia,ZINC AND ARTICLES THEREOF,EXPORT,VALUE_IN_EUROS,2004,6966
ESTAT:DS-045409(1.0),06/02/26 11:00:00,Annual,"European Union - 27 countries (AT, BE, BG, CY, CZ, DE, DK, EE, ES, FI, FR, GR, HR, HU, IE, IT, LT, LU, LV, MT, NL, PL, PT, RO, SE, SI, SK)",Liberia,ZINC AND ARTICLES THEREOF,EXPORT,VALUE_IN_EUROS,2005,13133
ESTAT:DS-045409(1.0),06/02/26 11:00:00,Annual,"European Union - 27 countries (AT, BE, BG, CY, CZ, DE, DK, EE, ES, FI, FR, GR, HR, HU, IE, IT, LT, LU, LV, MT, NL, PL, PT, RO, SE, SI, SK)",Liberia,ZINC AND ARTICLES THEREOF,EXPORT,VALUE_IN_EUROS,2006,4252
ESTAT:DS-045409(1.0),06/02/26 11:00:00,Annual,"European Union - 27 countries (AT, BE, BG, CY, CZ, DE, DK, EE, ES, FI, FR, GR, HR, HU, IE, IT, LT, LU, LV, MT, NL, PL, PT, RO, SE, SI, SK)",Liberia,ZINC AND ARTICLES THEREOF,EXPORT,VALUE_IN_EUROS,2007,33733
ESTAT:DS-045409(1.0),06/02/26 11:00:00,Annual,"European Union - 27 countries (AT, BE, BG, CY, CZ, DE, DK, EE, ES, FI, FR, GR, HR, HU, IE, IT, LT, LU, LV, MT, NL, PL, PT, RO, SE, SI, SK)",Liberia,ZINC AND ARTICLES THEREOF,EXPORT,VALUE_IN_EUROS,2008,591
ESTAT:DS-045409(1.0),06/02/26 11:00:00,Annual,"European Union - 27 countries (AT, BE, BG, CY, CZ, DE, DK, EE, ES, FI, FR, GR, HR, HU, IE, IT, LT, LU, LV, MT, NL, PL, PT, RO, SE, SI, SK)",Liberia,ZINC AND ARTICLES THEREOF,EXPORT,VALUE_IN_EUROS,2009,13484
ESTAT:DS-045409(1.0),06/02/26 11:00:00,Annual,"European Union - 27 countries (AT, BE, BG, CY, CZ, DE, DK, EE, ES, FI, FR, GR, HR, HU, IE, IT, LT, LU, LV, MT, NL, PL, PT, RO, SE, SI, SK)",Liberia,ZINC AND ARTICLES THEREOF,EXPORT,VALUE_IN_EUROS,2010,8858
ESTAT:DS-045409(1.0),06/02/26 11:00:00,Annual,"European Union - 27 countries (AT, BE, BG, CY, CZ, DE, DK, EE, ES, FI, FR, GR, HR, HU, IE, IT, LT, LU, LV, MT, NL, PL, PT, RO, SE, SI, SK)",Liberia,ZINC AND ARTICLES THEREOF,EXPORT,VALUE_IN_EUROS,2011,769
ESTAT:DS-045409(1.0),06/02/26 11:00:00,Annual,"European Union - 27 countries (AT, BE, BG, CY, CZ, DE, DK, EE, ES, FI, FR, GR, HR, HU, IE, IT, LT, LU, LV, MT, NL, PL, PT, RO, SE, SI, SK)",Liberia,ZINC AND ARTICLES THEREOF,EXPORT,VALUE_IN_EUROS,2012,48
ESTAT:DS-045409(1.0),06/02/26 11:00:00,Annual,"European Union - 27 countries (AT, BE, BG, CY, CZ, DE, DK, EE, ES, FI, FR, GR, HR, HU, IE, IT, LT, LU, LV, MT, NL, PL, PT, RO, SE, SI, SK)",Liberia,ZINC AND ARTICLES THEREOF,EXPORT,VALUE_IN_EUROS,2013,54800
ESTAT:DS-045409(1.0),06/02/26 11:00:00,Annual,"European Union - 27 countries (AT, BE, BG, CY, CZ, DE, DK, EE, ES, FI, FR, GR, HR, HU, IE, IT, LT, LU, LV, MT, NL, PL, PT, RO, SE, SI, SK)",Liberia,ZINC AND ARTICLES THEREOF,EXPORT,VALUE_IN_EUROS,2014,5751
ESTAT:DS-045409(1.0),06/02/26 11:00:00,Annual,"European Union - 27 countries (AT, BE, BG, CY, CZ, DE, DK, EE, ES, FI, FR, GR, HR, HU, IE, IT, LT, LU, LV, MT, NL, PL, PT, RO, SE, SI, SK)",Liberia,ZINC AND ARTICLES THEREOF,EXPORT,VALUE_IN_EUROS,2015,7639
ESTAT:DS-045409(1.0),06/02/26 11:00:00,Annual,"European Union - 27 countries (AT, BE, BG, CY, CZ, DE, DK, EE, ES, FI, FR, GR, HR, HU, IE, IT, LT, LU, LV, MT, NL, PL, PT, RO, SE, SI, SK)",Liberia,ZINC AND ARTICLES THEREOF,EXPORT,VALUE_IN_EUROS,2016,85181
ESTAT:DS-045409(1.0),06/02/26 11:00:00,Annual,"European Union - 27 countries (AT, BE, BG, CY, CZ, DE, DK, EE, ES, FI, FR, GR, HR, HU, IE, IT, LT, LU, LV, MT, NL, PL, PT, RO, SE, SI, SK)",Liberia,ZINC AND ARTICLES THEREOF,EXPORT,VALUE_IN_EUROS,2017,8134
ESTAT:DS-045409(1.0),06/02/26 11:00:00,Annual,"European Union - 27 countries (AT, BE, BG, CY, CZ, DE, DK, EE, ES, FI, FR, GR, HR, HU, IE, IT, LT, LU, LV, MT, NL, PL, PT, RO, SE, SI, SK)",Liberia,ZINC AND ARTICLES THEREOF,EXPORT,VALUE_IN_EUROS,2018,17661
ESTAT:DS-045409(1.0),06/02/26 11:00:00,Annual,"European Union - 27 countries (AT, BE, BG, CY, CZ, DE, DK, EE, ES, FI, FR, GR, HR, HU, IE, IT, LT, LU, LV, MT, NL, PL, PT, RO, SE, SI, SK)",Liberia,ZINC AND ARTICLES THEREOF,EXPORT,VALUE_IN_EUROS,2019,20383
ESTAT:DS-045409(1.0),06/02/26 11:00:00,Annual,"European Union - 27 countries (AT, BE, BG, CY, CZ, DE, DK, EE, ES, FI, FR, GR, HR, HU, IE, IT, LT, LU, LV, MT, NL, PL, PT, RO, SE, SI, SK)",Liberia,ZINC AND ARTICLES THEREOF,EXPORT,VALUE_IN_EUROS,2020,28764
ESTAT:DS-045409(1.0),06/02/26 11:00:00,Annual,"European Union - 27 countries (AT, BE, BG, CY, CZ, DE, DK, EE, ES, FI, FR, GR, HR, HU, IE, IT, LT, LU, LV, MT, NL, PL, PT, RO, SE, SI, SK)",Liberia,ZINC AND ARTICLES THEREOF,EXPORT,VALUE_IN_EUROS,2021,17208
ESTAT:DS-045409(1.0),06/02/26 11:00:00,Annual,"European Union - 27 countries (AT, BE, BG, CY, CZ, DE, DK, EE, ES, FI, FR, GR, HR, HU, IE, IT, LT, LU, LV, MT, NL, PL, PT, RO, SE, SI, SK)",Liberia,ZINC AND ARTICLES THEREOF,EXPORT,VALUE_IN_EUROS,2022,53243
ESTAT:DS-045409(1.0),06/02/26 11:00:00,Annual,"European Union - 27 countries (AT, BE, BG, CY, CZ, DE, DK, EE, ES, FI, FR, GR, HR, HU, IE, IT, LT, LU, LV, MT, NL, PL, PT, RO, SE, SI, SK)",Liberia,ZINC AND ARTICLES THEREOF,EXPORT,VALUE_IN_EUROS,2023,20460
ESTAT:DS-045409(1.0),06/02/26 11:00:00,Annual,"European Union - 27 countries (AT, BE, BG, CY, CZ, DE, DK, EE, ES, FI, FR, GR, HR, HU, IE, IT, LT, LU, LV, MT, NL, PL, PT, RO, SE, SI, SK)",Liberia,ZINC AND ARTICLES THEREOF,EXPORT,VALUE_IN_EUROS,2024,125780
ESTAT:DS-045409(1.0),06/02/26 11:00:00,Annual,"European Union - 27 countries (AT, BE, BG, CY, CZ, DE, DK, EE, ES, FI, FR, GR, HR, HU, IE, IT, LT, LU, LV, MT, NL, PL, PT, RO, SE, SI, SK)",Lesotho,ZINC AND ARTICLES THEREOF,EXPORT,VALUE_IN_EUROS,2004,3907
ESTAT:DS-045409(1.0),06/02/26 11:00:00,Annual,"European Union - 27 countries (AT, BE, BG, CY, CZ, DE, DK, EE, ES, FI, FR, GR, HR, HU, IE, IT, LT, LU, LV, MT, NL, PL, PT, RO, SE, SI, SK)",Lesotho,ZINC AND ARTICLES THEREOF,EXPORT,VALUE_IN_EUROS,2007,9771
ESTAT:DS-045409(1.0),06/02/26 11:00:00,Annual,"European Union - 27 countries (AT, BE, BG, CY, CZ, DE, DK, EE, ES, FI, FR, GR, HR, HU, IE, IT, LT, LU, LV, MT, NL, PL, PT, RO, SE, SI, SK)",Libya,ZINC AND ARTICLES THEREOF,EXPORT,VALUE_IN_EUROS,1999,562997
ESTAT:DS-045409(1.0),06/02/26 11:00:00,Annual,"European Union - 27 countries (AT, BE, BG, CY, CZ, DE, DK, EE, ES, FI, FR, GR, HR, HU, IE, IT, LT, LU, LV, MT, NL, PL, PT, RO, SE, SI, SK)",Libya,ZINC AND ARTICLES THEREOF,EXPORT,VALUE_IN_EUROS,2000,192080
ESTAT:DS-045409(1.0),06/02/26 11:00:00,Annual,"European Union - 27 countries (AT, BE, BG, CY, CZ, DE, DK, EE, ES, FI, FR, GR, HR, HU, IE, IT, LT, LU, LV, MT, NL, PL, PT, RO, SE, SI, SK)",Libya,ZINC AND ARTICLES THEREOF,EXPORT,VALUE_IN_EUROS,2001,557459
ESTAT:DS-045409(1.0),06/02/26 11:00:00,Annual,"European Union - 27 countries (AT, BE, BG, CY, CZ, DE, DK, EE, ES, FI, FR, GR, HR, HU, IE, IT, LT, LU, LV, MT, NL, PL, PT, RO, SE, SI, SK)",Libya,ZINC AND ARTICLES THEREOF,EXPORT,VALUE_IN_EUROS,2002,471887
ESTAT:DS-045409(1.0),06/02/26 11:00:00,Annual,"European Union - 27 countries (AT, BE, BG, CY, CZ, DE, DK, EE, ES, FI, FR, GR, HR, HU, IE, IT, LT, LU, LV, MT, NL, PL, PT, RO, SE, SI, SK)",Libya,ZINC AND ARTICLES THEREOF,EXPORT,VALUE_IN_EUROS,2003,1970598
ESTAT:DS-045409(1.0),06/02/26 11:00:00,Annual,"European Union - 27 countries (AT, BE, BG, CY, CZ, DE, DK, EE, ES, FI, FR, GR, HR, HU, IE, IT, LT, LU, LV, MT, NL, PL, PT, RO, SE, SI, SK)",Libya,ZINC AND ARTICLES THEREOF,EXPORT,VALUE_IN_EUROS,2004,3236409
ESTAT:DS-045409(1.0),06/02/26 11:00:00,Annual,"European Union - 27 countries (AT, BE, BG, CY, CZ, DE, DK, EE, ES, FI, FR, GR, HR, HU, IE, IT, LT, LU, LV, MT, NL, PL, PT, RO, SE, SI, SK)",Libya,ZINC AND ARTICLES THEREOF,EXPORT,VALUE_IN_EUROS,2005,1953436
ESTAT:DS-045409(1.0),06/02/26 11:00:00,Annual,"European Union - 27 countries (AT, BE, BG, CY, CZ, DE, DK, EE, ES, FI, FR, GR, HR, HU, IE, IT, LT, LU, LV, MT, NL, PL, PT, RO, SE, SI, SK)",Libya,ZINC AND ARTICLES THEREOF,EXPORT,VALUE_IN_EUROS,2006,1007121
ESTAT:DS-045409(1.0),06/02/26 11:00:00,Annual,"European Union - 27 countries (AT, BE, BG, CY, CZ, DE, DK, EE, ES, FI, FR, GR, HR, HU, IE, IT, LT, LU, LV, MT, NL, PL, PT, RO, SE, SI, SK)",Libya,ZINC AND ARTICLES THEREOF,EXPORT,VALUE_IN_EUROS,2007,28056
ESTAT:DS-045409(1.0),06/02/26 11:00:00,Annual,"European Union - 27 countries (AT, BE, BG, CY, CZ, DE, DK, EE, ES, FI, FR, GR, HR, HU, IE, IT, LT, LU, LV, MT, NL, PL, PT, RO, SE, SI, SK)",Libya,ZINC AND ARTICLES THEREOF,EXPORT,VALUE_IN_EUROS,2008,132525
ESTAT:DS-045409(1.0),06/02/26 11:00:00,Annual,"European Union - 27 countries (AT, BE, BG, CY, CZ, DE, DK, EE, ES, FI, FR, GR, HR, HU, IE, IT, LT, LU, LV, MT, NL, PL, PT, RO, SE, SI, SK)",Libya,ZINC AND ARTICLES THEREOF,EXPORT,VALUE_IN_EUROS,2009,122553
ESTAT:DS-045409(1.0),06/02/26 11:00:00,Annual,"European Union - 27 countries (AT, BE, BG, CY, CZ, DE, DK, EE, ES, FI, FR, GR, HR, HU, IE, IT, LT, LU, LV, MT, NL, PL, PT, RO, SE, SI, SK)",Libya,ZINC AND ARTICLES THEREOF,EXPORT,VALUE_IN_EUROS,2010,604612
ESTAT:DS-045409(1.0),06/02/26 11:00:00,Annual,"European Union - 27 countries (AT, BE, BG, CY, CZ, DE, DK, EE, ES, FI, FR, GR, HR, HU, IE, IT, LT, LU, LV, MT, NL, PL, PT, RO, SE, SI, SK)",Libya,ZINC AND ARTICLES THEREOF,EXPORT,VALUE_IN_EUROS,2011,6571
ESTAT:DS-045409(1.0),06/02/26 11:00:00,Annual,"European Union - 27 countries (AT, BE, BG, CY, CZ, DE, DK, EE, ES, FI, FR, GR, HR, HU, IE, IT, LT, LU, LV, MT, NL, PL, PT, RO, SE, SI, SK)",Libya,ZINC AND ARTICLES THEREOF,EXPORT,VALUE_IN_EUROS,2012,134630
ESTAT:DS-045409(1.0),06/02/26 11:00:00,Annual,"European Union - 27 countries (AT, BE, BG, CY, CZ, DE, DK, EE, ES, FI, FR, GR, HR, HU, IE, IT, LT, LU, LV, MT, NL, PL, PT, RO, SE, SI, SK)",Libya,ZINC AND ARTICLES THEREOF,EXPORT,VALUE_IN_EUROS,2013,176790
ESTAT:DS-045409(1.0),06/02/26 11:00:00,Annual,"European Union - 27 countries (AT, BE, BG, CY, CZ, DE, DK, EE, ES, FI, FR, GR, HR, HU, IE, IT, LT, LU, LV, MT, NL, PL, PT, RO, SE, SI, SK)",Libya,ZINC AND ARTICLES THEREOF,EXPORT,VALUE_IN_EUROS,2014,180761
ESTAT:DS-045409(1.0),06/02/26 11:00:00,Annual,"European Union - 27 countries (AT, BE, BG, CY, CZ, DE, DK, EE, ES, FI, FR, GR, HR, HU, IE, IT, LT, LU, LV, MT, NL, PL, PT, RO, SE, SI, SK)",Libya,ZINC AND ARTICLES THEREOF,EXPORT,VALUE_IN_EUROS,2015,150196
ESTAT:DS-045409(1.0),06/02/26 11:00:00,Annual,"European Union - 27 countries (AT, BE, BG, CY, CZ, DE, DK, EE, ES, FI, FR, GR, HR, HU, IE, IT, LT, LU, LV, MT, NL, PL, PT, RO, SE, SI, SK)",Libya,ZINC AND ARTICLES THEREOF,EXPORT,VALUE_IN_EUROS,2016,12363
ESTAT:DS-045409(1.0),06/02/26 11:00:00,Annual,"European Union - 27 countries (AT, BE, BG, CY, CZ, DE, DK, EE, ES, FI, FR, GR, HR, HU, IE, IT, LT, LU, LV, MT, NL, PL, PT, RO, SE, SI, SK)",Libya,ZINC AND ARTICLES THEREOF,EXPORT,VALUE_IN_EUROS,2017,188092
ESTAT:DS-045409(1.0),06/02/26 11:00:00,Annual,"European Union - 27 countries (AT, BE, BG, CY, CZ, DE, DK, EE, ES, FI, FR, GR, HR, HU, IE, IT, LT, LU, LV, MT, NL, PL, PT, RO, SE, SI, SK)",Libya,ZINC AND ARTICLES THEREOF,EXPORT,VALUE_IN_EUROS,2018,40440
ESTAT:DS-045409(1.0),06/02/26 11:00:00,Annual,"European Union - 27 countries (AT, BE, BG, CY, CZ, DE, DK, EE, ES, FI, FR, GR, HR, HU, IE, IT, LT, LU, LV, MT, NL, PL, PT, RO, SE, SI, SK)",Libya,ZINC AND ARTICLES THEREOF,EXPORT,VALUE_IN_EUROS,2019,297210
ESTAT:DS-045409(1.0),06/02/26 11:00:00,Annual,"European Union - 27 countries (AT, BE, BG, CY, CZ, DE, DK, EE, ES, FI, FR, GR, HR, HU, IE, IT, LT, LU, LV, MT, NL, PL, PT, RO, SE, SI, SK)",Libya,ZINC AND ARTICLES THEREOF,EXPORT,VALUE_IN_EUROS,2020,305556
ESTAT:DS-045409(1.0),06/02/26 11:00:00,Annual,"European Union - 27 countries (AT, BE, BG, CY, CZ, DE, DK, EE, ES, FI, FR, GR, HR, HU, IE, IT, LT, LU, LV, MT, NL, PL, PT, RO, SE, SI, SK)",Libya,ZINC AND ARTICLES THEREOF,EXPORT,VALUE_IN_EUROS,2021,239729
ESTAT:DS-045409(1.0),06/02/26 11:00:00,Annual,"European Union - 27 countries (AT, BE, BG, CY, CZ, DE, DK, EE, ES, FI, FR, GR, HR, HU, IE, IT, LT, LU, LV, MT, NL, PL, PT, RO, SE, SI, SK)",Libya,ZINC AND ARTICLES THEREOF,EXPORT,VALUE_IN_EUROS,2022,64319
ESTAT:DS-045409(1.0),06/02/26 11:00:00,Annual,"European Union - 27 countries (AT, BE, BG, CY, CZ, DE, DK, EE, ES, FI, FR, GR, HR, HU, IE, IT, LT, LU, LV, MT, NL, PL, PT, RO, SE, SI, SK)",Libya,ZINC AND ARTICLES THEREOF,EXPORT,VALUE_IN_EUROS,2023,130277
ESTAT:DS-045409(1.0),06/02/26 11:00:00,Annual,"European Union - 27 countries (AT, BE, BG, CY, CZ, DE, DK, EE, ES, FI, FR, GR, HR, HU, IE, IT, LT, LU, LV, MT, NL, PL, PT, RO, SE, SI, SK)",Libya,ZINC AND ARTICLES THEREOF,EXPORT,VALUE_IN_EUROS,2024,91863
ESTAT:DS-045409(1.0),06/02/26 11:00:00,Annual,"European Union - 27 countries (AT, BE, BG, CY, CZ, DE, DK, EE, ES, FI, FR, GR, HR, HU, IE, IT, LT, LU, LV, MT, NL, PL, PT, RO, SE, SI, SK)",Morocco,ZINC AND ARTICLES THEREOF,EXPORT,VALUE_IN_EUROS,1999,3348062
ESTAT:DS-045409(1.0),06/02/26 11:00:00,Annual,"European Union - 27 countries (AT, BE, BG, CY, CZ, DE, DK, EE, ES, FI, FR, GR, HR, HU, IE, IT, LT, LU, LV, MT, NL, PL, PT, RO, SE, SI, SK)",Morocco,ZINC AND ARTICLES THEREOF,EXPORT,VALUE_IN_EUROS,2000,4726999
ESTAT:DS-045409(1.0),06/02/26 11:00:00,Annual,"European Union - 27 countries (AT, BE, BG, CY, CZ, DE, DK, EE, ES, FI, FR, GR, HR, HU, IE, IT, LT, LU, LV, MT, NL, PL, PT, RO, SE, SI, SK)",Morocco,ZINC AND ARTICLES THEREOF,EXPORT,VALUE_IN_EUROS,2001,7671730
ESTAT:DS-045409(1.0),06/02/26 11:00:00,Annual,"European Union - 27 countries (AT, BE, BG, CY, CZ, DE, DK, EE, ES, FI, FR, GR, HR, HU, IE, IT, LT, LU, LV, MT, NL, PL, PT, RO, SE, SI, SK)",Morocco,ZINC AND ARTICLES THEREOF,EXPORT,VALUE_IN_EUROS,2002,9506162
ESTAT:DS-045409(1.0),06/02/26 11:00:00,Annual,"European Union - 27 countries (AT, BE, BG, CY, CZ, DE, DK, EE, ES, FI, FR, GR, HR, HU, IE, IT, LT, LU, LV, MT, NL, PL, PT, RO, SE, SI, SK)",Morocco,ZINC AND ARTICLES THEREOF,EXPORT,VALUE_IN_EUROS,2003,7006958
ESTAT:DS-045409(1.0),06/02/26 11:00:00,Annual,"European Union - 27 countries (AT, BE, BG, CY, CZ, DE, DK, EE, ES, FI, FR, GR, HR, HU, IE, IT, LT, LU, LV, MT, NL, PL, PT, RO, SE, SI, SK)",Morocco,ZINC AND ARTICLES THEREOF,EXPORT,VALUE_IN_EUROS,2004,10820686
ESTAT:DS-045409(1.0),06/02/26 11:00:00,Annual,"European Union - 27 countries (AT, BE, BG, CY, CZ, DE, DK, EE, ES, FI, FR, GR, HR, HU, IE, IT, LT, LU, LV, MT, NL, PL, PT, RO, SE, SI, SK)",Morocco,ZINC AND ARTICLES THEREOF,EXPORT,VALUE_IN_EUROS,2005,9085192
ESTAT:DS-045409(1.0),06/02/26 11:00:00,Annual,"European Union - 27 countries (AT, BE, BG, CY, CZ, DE, DK, EE, ES, FI, FR, GR, HR, HU, IE, IT, LT, LU, LV, MT, NL, PL, PT, RO, SE, SI, SK)",Morocco,ZINC AND ARTICLES THEREOF,EXPORT,VALUE_IN_EUROS,2006,13670305
ESTAT:DS-045409(1.0),06/02/26 11:00:00,Annual,"European Union - 27 countries (AT, BE, BG, CY, CZ, DE, DK, EE, ES, FI, FR, GR, HR, HU, IE, IT, LT, LU, LV, MT, NL, PL, PT, RO, SE, SI, SK)",Morocco,ZINC AND ARTICLES THEREOF,EXPORT,VALUE_IN_EUROS,2007,22251846
ESTAT:DS-045409(1.0),06/02/26 11:00:00,Annual,"European Union - 27 countries (AT, BE, BG, CY, CZ, DE, DK, EE, ES, FI, FR, GR, HR, HU, IE, IT, LT, LU, LV, MT, NL, PL, PT, RO, SE, SI, SK)",Morocco,ZINC AND ARTICLES THEREOF,EXPORT,VALUE_IN_EUROS,2008,11520407
ESTAT:DS-045409(1.0),06/02/26 11:00:00,Annual,"European Union - 27 countries (AT, BE, BG, CY, CZ, DE, DK, EE, ES, FI, FR, GR, HR, HU, IE, IT, LT, LU, LV, MT, NL, PL, PT, RO, SE, SI, SK)",Morocco,ZINC AND ARTICLES THEREOF,EXPORT,VALUE_IN_EUROS,2009,5554214
ESTAT:DS-045409(1.0),06/02/26 11:00:00,Annual,"European Union - 27 countries (AT, BE, BG, CY, CZ, DE, DK, EE, ES, FI, FR, GR, HR, HU, IE, IT, LT, LU, LV, MT, NL, PL, PT, RO, SE, SI, SK)",Morocco,ZINC AND ARTICLES THEREOF,EXPORT,VALUE_IN_EUROS,2010,9398450
ESTAT:DS-045409(1.0),06/02/26 11:00:00,Annual,"European Union - 27 countries (AT, BE, BG, CY, CZ, DE, DK, EE, ES, FI, FR, GR, HR, HU, IE, IT, LT, LU, LV, MT, NL, PL, PT, RO, SE, SI, SK)",Morocco,ZINC AND ARTICLES THEREOF,EXPORT,VALUE_IN_EUROS,2011,15011700
ESTAT:DS-045409(1.0),06/02/26 11:00:00,Annual,"European Union - 27 countries (AT, BE, BG, CY, CZ, DE, DK, EE, ES, FI, FR, GR, HR, HU, IE, IT, LT, LU, LV, MT, NL, PL, PT, RO, SE, SI, SK)",Morocco,ZINC AND ARTICLES THEREOF,EXPORT,VALUE_IN_EUROS,2012,10504311
ESTAT:DS-045409(1.0),06/02/26 11:00:00,Annual,"European Union - 27 countries (AT, BE, BG, CY, CZ, DE, DK, EE, ES, FI, FR, GR, HR, HU, IE, IT, LT, LU, LV, MT, NL, PL, PT, RO, SE, SI, SK)",Morocco,ZINC AND ARTICLES THEREOF,EXPORT,VALUE_IN_EUROS,2013,10837099
ESTAT:DS-045409(1.0),06/02/26 11:00:00,Annual,"European Union - 27 countries (AT, BE, BG, CY, CZ, DE, DK, EE, ES, FI, FR, GR, HR, HU, IE, IT, LT, LU, LV, MT, NL, PL, PT, RO, SE, SI, SK)",Morocco,ZINC AND ARTICLES THEREOF,EXPORT,VALUE_IN_EUROS,2014,16713301
ESTAT:DS-045409(1.0),06/02/26 11:00:00,Annual,"European Union - 27 countries (AT, BE, BG, CY, CZ, DE, DK, EE, ES, FI, FR, GR, HR, HU, IE, IT, LT, LU, LV, MT, NL, PL, PT, RO, SE, SI, SK)",Morocco,ZINC AND ARTICLES THEREOF,EXPORT,VALUE_IN_EUROS,2015,23381637
ESTAT:DS-045409(1.0),06/02/26 11:00:00,Annual,"European Union - 27 countries (AT, BE, BG, CY, CZ, DE, DK, EE, ES, FI, FR, GR, HR, HU, IE, IT, LT, LU, LV, MT, NL, PL, PT, RO, SE, SI, SK)",Morocco,ZINC AND ARTICLES THEREOF,EXPORT,VALUE_IN_EUROS,2016,26557976
ESTAT:DS-045409(1.0),06/02/26 11:00:00,Annual,"European Union - 27 countries (AT, BE, BG, CY, CZ, DE, DK, EE, ES, FI, FR, GR, HR, HU, IE, IT, LT, LU, LV, MT, NL, PL, PT, RO, SE, SI, SK)",Morocco,ZINC AND ARTICLES THEREOF,EXPORT,VALUE_IN_EUROS,2017,30330339
ESTAT:DS-045409(1.0),06/02/26 11:00:00,Annual,"European Union - 27 countries (AT, BE, BG, CY, CZ, DE, DK, EE, ES, FI, FR, GR, HR, HU, IE, IT, LT, LU, LV, MT, NL, PL, PT, RO, SE, SI, SK)",Morocco,ZINC AND ARTICLES THEREOF,EXPORT,VALUE_IN_EUROS,2018,34042705
ESTAT:DS-045409(1.0),06/02/26 11:00:00,Annual,"European Union - 27 countries (AT, BE, BG, CY, CZ, DE, DK, EE, ES, FI, FR, GR, HR, HU, IE, IT, LT, LU, LV, MT, NL, PL, PT, RO, SE, SI, SK)",Morocco,ZINC AND ARTICLES THEREOF,EXPORT,VALUE_IN_EUROS,2019,31336602
ESTAT:DS-045409(1.0),06/02/26 11:00:00,Annual,"European Union - 27 countries (AT, BE, BG, CY, CZ, DE, DK, EE, ES, FI, FR, GR, HR, HU, IE, IT, LT, LU, LV, MT, NL, PL, PT, RO, SE, SI, SK)",Morocco,ZINC AND ARTICLES THEREOF,EXPORT,VALUE_IN_EUROS,2020,24608717
ESTAT:DS-045409(1.0),06/02/26 11:00:00,Annual,"European Union - 27 countries (AT, BE, BG, CY, CZ, DE, DK, EE, ES, FI, FR, GR, HR, HU, IE, IT, LT, LU, LV, MT, NL, PL, PT, RO, SE, SI, SK)",Morocco,ZINC AND ARTICLES THEREOF,EXPORT,VALUE_IN_EUROS,2021,35078701
ESTAT:DS-045409(1.0),06/02/26 11:00:00,Annual,"European Union - 27 countries (AT, BE, BG, CY, CZ, DE, DK, EE, ES, FI, FR, GR, HR, HU, IE, IT, LT, LU, LV, MT, NL, PL, PT, RO, SE, SI, SK)",Morocco,ZINC AND ARTICLES THEREOF,EXPORT,VALUE_IN_EUROS,2022,37812601
ESTAT:DS-045409(1.0),06/02/26 11:00:00,Annual,"European Union - 27 countries (AT, BE, BG, CY, CZ, DE, DK, EE, ES, FI, FR, GR, HR, HU, IE, IT, LT, LU, LV, MT, NL, PL, PT, RO, SE, SI, SK)",Morocco,ZINC AND ARTICLES THEREOF,EXPORT,VALUE_IN_EUROS,2023,20011069
ESTAT:DS-045409(1.0),06/02/26 11:00:00,Annual,"European Union - 27 countries (AT, BE, BG, CY, CZ, DE, DK, EE, ES, FI, FR, GR, HR, HU, IE, IT, LT, LU, LV, MT, NL, PL, PT, RO, SE, SI, SK)",Morocco,ZINC AND ARTICLES THEREOF,EXPORT,VALUE_IN_EUROS,2024,44102673
ESTAT:DS-045409(1.0),06/02/26 11:00:00,Annual,"European Union - 27 countries (AT, BE, BG, CY, CZ, DE, DK, EE, ES, FI, FR, GR, HR, HU, IE, IT, LT, LU, LV, MT, NL, PL, PT, RO, SE, SI, SK)",Madagascar,ZINC AND ARTICLES THEREOF,EXPORT,VALUE_IN_EUROS,1999,9762
ESTAT:DS-045409(1.0),06/02/26 11:00:00,Annual,"European Union - 27 countries (AT, BE, BG, CY, CZ, DE, DK, EE, ES, FI, FR, GR, HR, HU, IE, IT, LT, LU, LV, MT, NL, PL, PT, RO, SE, SI, SK)",Madagascar,ZINC AND ARTICLES THEREOF,EXPORT,VALUE_IN_EUROS,2000,115827
ESTAT:DS-045409(1.0),06/02/26 11:00:00,Annual,"European Union - 27 countries (AT, BE, BG, CY, CZ, DE, DK, EE, ES, FI, FR, GR, HR, HU, IE, IT, LT, LU, LV, MT, NL, PL, PT, RO, SE, SI, SK)",Madagascar,ZINC AND ARTICLES THEREOF,EXPORT,VALUE_IN_EUROS,2001,47299
ESTAT:DS-045409(1.0),06/02/26 11:00:00,Annual,"European Union - 27 countries (AT, BE, BG, CY, CZ, DE, DK, EE, ES, FI, FR, GR, HR, HU, IE, IT, LT, LU, LV, MT, NL, PL, PT, RO, SE, SI, SK)",Madagascar,ZINC AND ARTICLES THEREOF,EXPORT,VALUE_IN_EUROS,2002,815
ESTAT:DS-045409(1.0),06/02/26 11:00:00,Annual,"European Union - 27 countries (AT, BE, BG, CY, CZ, DE, DK, EE, ES, FI, FR, GR, HR, HU, IE, IT, LT, LU, LV, MT, NL, PL, PT, RO, SE, SI, SK)",Madagascar,ZINC AND ARTICLES THEREOF,EXPORT,VALUE_IN_EUROS,2003,17855
ESTAT:DS-045409(1.0),06/02/26 11:00:00,Annual,"European Union - 27 countries (AT, BE, BG, CY, CZ, DE, DK, EE, ES, FI, FR, GR, HR, HU, IE, IT, LT, LU, LV, MT, NL, PL, PT, RO, SE, SI, SK)",Madagascar,ZINC AND ARTICLES THEREOF,EXPORT,VALUE_IN_EUROS,2004,18797
ESTAT:DS-045409(1.0),06/02/26 11:00:00,Annual,"European Union - 27 countries (AT, BE, BG, CY, CZ, DE, DK, EE, ES, FI, FR, GR, HR, HU, IE, IT, LT, LU, LV, MT, NL, PL, PT, RO, SE, SI, SK)",Madagascar,ZINC AND ARTICLES THEREOF,EXPORT,VALUE_IN_EUROS,2005,97056
ESTAT:DS-045409(1.0),06/02/26 11:00:00,Annual,"European Union - 27 countries (AT, BE, BG, CY, CZ, DE, DK, EE, ES, FI, FR, GR, HR, HU, IE, IT, LT, LU, LV, MT, NL, PL, PT, RO, SE, SI, SK)",Madagascar,ZINC AND ARTICLES THEREOF,EXPORT,VALUE_IN_EUROS,2006,55751
ESTAT:DS-045409(1.0),06/02/26 11:00:00,Annual,"European Union - 27 countries (AT, BE, BG, CY, CZ, DE, DK, EE, ES, FI, FR, GR, HR, HU, IE, IT, LT, LU, LV, MT, NL, PL, PT, RO, SE, SI, SK)",Madagascar,ZINC AND ARTICLES THEREOF,EXPORT,VALUE_IN_EUROS,2007,125398
ESTAT:DS-045409(1.0),06/02/26 11:00:00,Annual,"European Union - 27 countries (AT, BE, BG, CY, CZ, DE, DK, EE, ES, FI, FR, GR, HR, HU, IE, IT, LT, LU, LV, MT, NL, PL, PT, RO, SE, SI, SK)",Madagascar,ZINC AND ARTICLES THEREOF,EXPORT,VALUE_IN_EUROS,2009,15618
ESTAT:DS-045409(1.0),06/02/26 11:00:00,Annual,"European Union - 27 countries (AT, BE, BG, CY, CZ, DE, DK, EE, ES, FI, FR, GR, HR, HU, IE, IT, LT, LU, LV, MT, NL, PL, PT, RO, SE, SI, SK)",Madagascar,ZINC AND ARTICLES THEREOF,EXPORT,VALUE_IN_EUROS,2010,40710
ESTAT:DS-045409(1.0),06/02/26 11:00:00,Annual,"European Union - 27 countries (AT, BE, BG, CY, CZ, DE, DK, EE, ES, FI, FR, GR, HR, HU, IE, IT, LT, LU, LV, MT, NL, PL, PT, RO, SE, SI, SK)",Madagascar,ZINC AND ARTICLES THEREOF,EXPORT,VALUE_IN_EUROS,2011,12836
ESTAT:DS-045409(1.0),06/02/26 11:00:00,Annual,"European Union - 27 countries (AT, BE, BG, CY, CZ, DE, DK, EE, ES, FI, FR, GR, HR, HU, IE, IT, LT, LU, LV, MT, NL, PL, PT, RO, SE, SI, SK)",Madagascar,ZINC AND ARTICLES THEREOF,EXPORT,VALUE_IN_EUROS,2012,8308
ESTAT:DS-045409(1.0),06/02/26 11:00:00,Annual,"European Union - 27 countries (AT, BE, BG, CY, CZ, DE, DK, EE, ES, FI, FR, GR, HR, HU, IE, IT, LT, LU, LV, MT, NL, PL, PT, RO, SE, SI, SK)",Madagascar,ZINC AND ARTICLES THEREOF,EXPORT,VALUE_IN_EUROS,2013,5519
ESTAT:DS-045409(1.0),06/02/26 11:00:00,Annual,"European Union - 27 countries (AT, BE, BG, CY, CZ, DE, DK, EE, ES, FI, FR, GR, HR, HU, IE, IT, LT, LU, LV, MT, NL, PL, PT, RO, SE, SI, SK)",Madagascar,ZINC AND ARTICLES THEREOF,EXPORT,VALUE_IN_EUROS,2014,59407
ESTAT:DS-045409(1.0),06/02/26 11:00:00,Annual,"European Union - 27 countries (AT, BE, BG, CY, CZ, DE, DK, EE, ES, FI, FR, GR, HR, HU, IE, IT, LT, LU, LV, MT, NL, PL, PT, RO, SE, SI, SK)",Madagascar,ZINC AND ARTICLES THEREOF,EXPORT,VALUE_IN_EUROS,2015,125623
ESTAT:DS-045409(1.0),06/02/26 11:00:00,Annual,"European Union - 27 countries (AT, BE, BG, CY, CZ, DE, DK, EE, ES, FI, FR, GR, HR, HU, IE, IT, LT, LU, LV, MT, NL, PL, PT, RO, SE, SI, SK)",Madagascar,ZINC AND ARTICLES THEREOF,EXPORT,VALUE_IN_EUROS,2016,15691
ESTAT:DS-045409(1.0),06/02/26 11:00:00,Annual,"European Union - 27 countries (AT, BE, BG, CY, CZ, DE, DK, EE, ES, FI, FR, GR, HR, HU, IE, IT, LT, LU, LV, MT, NL, PL, PT, RO, SE, SI, SK)",Madagascar,ZINC AND ARTICLES THEREOF,EXPORT,VALUE_IN_EUROS,2017,26822
ESTAT:DS-045409(1.0),06/02/26 11:00:00,Annual,"European Union - 27 countries (AT, BE, BG, CY, CZ, DE, DK, EE, ES, FI, FR, GR, HR, HU, IE, IT, LT, LU, LV, MT, NL, PL, PT, RO, SE, SI, SK)",Madagascar,ZINC AND ARTICLES THEREOF,EXPORT,VALUE_IN_EUROS,2018,6014
ESTAT:DS-045409(1.0),06/02/26 11:00:00,Annual,"European Union - 27 countries (AT, BE, BG, CY, CZ, DE, DK, EE, ES, FI, FR, GR, HR, HU, IE, IT, LT, LU, LV, MT, NL, PL, PT, RO, SE, SI, SK)",Madagascar,ZINC AND ARTICLES THEREOF,EXPORT,VALUE_IN_EUROS,2019,54774
ESTAT:DS-045409(1.0),06/02/26 11:00:00,Annual,"European Union - 27 countries (AT, BE, BG, CY, CZ, DE, DK, EE, ES, FI, FR, GR, HR, HU, IE, IT, LT, LU, LV, MT, NL, PL, PT, RO, SE, SI, SK)",Madagascar,ZINC AND ARTICLES THEREOF,EXPORT,VALUE_IN_EUROS,2020,41374
ESTAT:DS-045409(1.0),06/02/26 11:00:00,Annual,"European Union - 27 countries (AT, BE, BG, CY, CZ, DE, DK, EE, ES, FI, FR, GR, HR, HU, IE, IT, LT, LU, LV, MT, NL, PL, PT, RO, SE, SI, SK)",Madagascar,ZINC AND ARTICLES THEREOF,EXPORT,VALUE_IN_EUROS,2021,17579
ESTAT:DS-045409(1.0),06/02/26 11:00:00,Annual,"European Union - 27 countries (AT, BE, BG, CY, CZ, DE, DK, EE, ES, FI, FR, GR, HR, HU, IE, IT, LT, LU, LV, MT, NL, PL, PT, RO, SE, SI, SK)",Madagascar,ZINC AND ARTICLES THEREOF,EXPORT,VALUE_IN_EUROS,2022,14237
ESTAT:DS-045409(1.0),06/02/26 11:00:00,Annual,"European Union - 27 countries (AT, BE, BG, CY, CZ, DE, DK, EE, ES, FI, FR, GR, HR, HU, IE, IT, LT, LU, LV, MT, NL, PL, PT, RO, SE, SI, SK)",Madagascar,ZINC AND ARTICLES THEREOF,EXPORT,VALUE_IN_EUROS,2023,22803
ESTAT:DS-045409(1.0),06/02/26 11:00:00,Annual,"European Union - 27 countries (AT, BE, BG, CY, CZ, DE, DK, EE, ES, FI, FR, GR, HR, HU, IE, IT, LT, LU, LV, MT, NL, PL, PT, RO, SE, SI, SK)",Madagascar,ZINC AND ARTICLES THEREOF,EXPORT,VALUE_IN_EUROS,2024,19740
ESTAT:DS-045409(1.0),06/02/26 11:00:00,Annual,"European Union - 27 countries (AT, BE, BG, CY, CZ, DE, DK, EE, ES, FI, FR, GR, HR, HU, IE, IT, LT, LU, LV, MT, NL, PL, PT, RO, SE, SI, SK)",Mali,ZINC AND ARTICLES THEREOF,EXPORT,VALUE_IN_EUROS,1999,4352881
ESTAT:DS-045409(1.0),06/02/26 11:00:00,Annual,"European Union - 27 countries (AT, BE, BG, CY, CZ, DE, DK, EE, ES, FI, FR, GR, HR, HU, IE, IT, LT, LU, LV, MT, NL, PL, PT, RO, SE, SI, SK)",Mali,ZINC AND ARTICLES THEREOF,EXPORT,VALUE_IN_EUROS,2000,2978494
ESTAT:DS-045409(1.0),06/02/26 11:00:00,Annual,"European Union - 27 countries (AT, BE, BG, CY, CZ, DE, DK, EE, ES, FI, FR, GR, HR, HU, IE, IT, LT, LU, LV, MT, NL, PL, PT, RO, SE, SI, SK)",Mali,ZINC AND ARTICLES THEREOF,EXPORT,VALUE_IN_EUROS,2001,4405912
ESTAT:DS-045409(1.0),06/02/26 11:00:00,Annual,"European Union - 27 countries (AT, BE, BG, CY, CZ, DE, DK, EE, ES, FI, FR, GR, HR, HU, IE, IT, LT, LU, LV, MT, NL, PL, PT, RO, SE, SI, SK)",Mali,ZINC AND ARTICLES THEREOF,EXPORT,VALUE_IN_EUROS,2002,2113397
ESTAT:DS-045409(1.0),06/02/26 11:00:00,Annual,"European Union - 27 countries (AT, BE, BG, CY, CZ, DE, DK, EE, ES, FI, FR, GR, HR, HU, IE, IT, LT, LU, LV, MT, NL, PL, PT, RO, SE, SI, SK)",Mali,ZINC AND ARTICLES THEREOF,EXPORT,VALUE_IN_EUROS,2003,1582435
ESTAT:DS-045409(1.0),06/02/26 11:00:00,Annual,"European Union - 27 countries (AT, BE, BG, CY, CZ, DE, DK, EE, ES, FI, FR, GR, HR, HU, IE, IT, LT, LU, LV, MT, NL, PL, PT, RO, SE, SI, SK)",Mali,ZINC AND ARTICLES THEREOF,EXPORT,VALUE_IN_EUROS,2004,856843
ESTAT:DS-045409(1.0),06/02/26 11:00:00,Annual,"European Union - 27 countries (AT, BE, BG, CY, CZ, DE, DK, EE, ES, FI, FR, GR, HR, HU, IE, IT, LT, LU, LV, MT, NL, PL, PT, RO, SE, SI, SK)",Mali,ZINC AND ARTICLES THEREOF,EXPORT,VALUE_IN_EUROS,2005,202947
ESTAT:DS-045409(1.0),06/02/26 11:00:00,Annual,"European Union - 27 countries (AT, BE, BG, CY, CZ, DE, DK, EE, ES, FI, FR, GR, HR, HU, IE, IT, LT, LU, LV, MT, NL, PL, PT, RO, SE, SI, SK)",Mali,ZINC AND ARTICLES THEREOF,EXPORT,VALUE_IN_EUROS,2006,4820
ESTAT:DS-045409(1.0),06/02/26 11:00:00,Annual,"European Union - 27 countries (AT, BE, BG, CY, CZ, DE, DK, EE, ES, FI, FR, GR, HR, HU, IE, IT, LT, LU, LV, MT, NL, PL, PT, RO, SE, SI, SK)",Mali,ZINC AND ARTICLES THEREOF,EXPORT,VALUE_IN_EUROS,2009,28798
ESTAT:DS-045409(1.0),06/02/26 11:00:00,Annual,"European Union - 27 countries (AT, BE, BG, CY, CZ, DE, DK, EE, ES, FI, FR, GR, HR, HU, IE, IT, LT, LU, LV, MT, NL, PL, PT, RO, SE, SI, SK)",Mali,ZINC AND ARTICLES THEREOF,EXPORT,VALUE_IN_EUROS,2010,10387
ESTAT:DS-045409(1.0),06/02/26 11:00:00,Annual,"European Union - 27 countries (AT, BE, BG, CY, CZ, DE, DK, EE, ES, FI, FR, GR, HR, HU, IE, IT, LT, LU, LV, MT, NL, PL, PT, RO, SE, SI, SK)",Mali,ZINC AND ARTICLES THEREOF,EXPORT,VALUE_IN_EUROS,2011,98474
ESTAT:DS-045409(1.0),06/02/26 11:00:00,Annual,"European Union - 27 countries (AT, BE, BG, CY, CZ, DE, DK, EE, ES, FI, FR, GR, HR, HU, IE, IT, LT, LU, LV, MT, NL, PL, PT, RO, SE, SI, SK)",Mali,ZINC AND ARTICLES THEREOF,EXPORT,VALUE_IN_EUROS,2012,803
ESTAT:DS-045409(1.0),06/02/26 11:00:00,Annual,"European Union - 27 countries (AT, BE, BG, CY, CZ, DE, DK, EE, ES, FI, FR, GR, HR, HU, IE, IT, LT, LU, LV, MT, NL, PL, PT, RO, SE, SI, SK)",Mali,ZINC AND ARTICLES THEREOF,EXPORT,VALUE_IN_EUROS,2013,228
ESTAT:DS-045409(1.0),06/02/26 11:00:00,Annual,"European Union - 27 countries (AT, BE, BG, CY, CZ, DE, DK, EE, ES, FI, FR, GR, HR, HU, IE, IT, LT, LU, LV, MT, NL, PL, PT, RO, SE, SI, SK)",Mali,ZINC AND ARTICLES THEREOF,EXPORT,VALUE_IN_EUROS,2014,85
ESTAT:DS-045409(1.0),06/02/26 11:00:00,Annual,"European Union - 27 countries (AT, BE, BG, CY, CZ, DE, DK, EE, ES, FI, FR, GR, HR, HU, IE, IT, LT, LU, LV, MT, NL, PL, PT, RO, SE, SI, SK)",Mali,ZINC AND ARTICLES THEREOF,EXPORT,VALUE_IN_EUROS,2015,3696
ESTAT:DS-045409(1.0),06/02/26 11:00:00,Annual,"European Union - 27 countries (AT, BE, BG, CY, CZ, DE, DK, EE, ES, FI, FR, GR, HR, HU, IE, IT, LT, LU, LV, MT, NL, PL, PT, RO, SE, SI, SK)",Mali,ZINC AND ARTICLES THEREOF,EXPORT,VALUE_IN_EUROS,2016,112610
ESTAT:DS-045409(1.0),06/02/26 11:00:00,Annual,"European Union - 27 countries (AT, BE, BG, CY, CZ, DE, DK, EE, ES, FI, FR, GR, HR, HU, IE, IT, LT, LU, LV, MT, NL, PL, PT, RO, SE, SI, SK)",Mali,ZINC AND ARTICLES THEREOF,EXPORT,VALUE_IN_EUROS,2017,3074
ESTAT:DS-045409(1.0),06/02/26 11:00:00,Annual,"European Union - 27 countries (AT, BE, BG, CY, CZ, DE, DK, EE, ES, FI, FR, GR, HR, HU, IE, IT, LT, LU, LV, MT, NL, PL, PT, RO, SE, SI, SK)",Mali,ZINC AND ARTICLES THEREOF,EXPORT,VALUE_IN_EUROS,2018,967
ESTAT:DS-045409(1.0),06/02/26 11:00:00,Annual,"European Union - 27 countries (AT, BE, BG, CY, CZ, DE, DK, EE, ES, FI, FR, GR, HR, HU, IE, IT, LT, LU, LV, MT, NL, PL, PT, RO, SE, SI, SK)",Mali,ZINC AND ARTICLES THEREOF,EXPORT,VALUE_IN_EUROS,2020,92182
ESTAT:DS-045409(1.0),06/02/26 11:00:00,Annual,"European Union - 27 countries (AT, BE, BG, CY, CZ, DE, DK, EE, ES, FI, FR, GR, HR, HU, IE, IT, LT, LU, LV, MT, NL, PL, PT, RO, SE, SI, SK)",Mali,ZINC AND ARTICLES THEREOF,EXPORT,VALUE_IN_EUROS,2021,80009
ESTAT:DS-045409(1.0),06/02/26 11:00:00,Annual,"European Union - 27 countries (AT, BE, BG, CY, CZ, DE, DK, EE, ES, FI, FR, GR, HR, HU, IE, IT, LT, LU, LV, MT, NL, PL, PT, RO, SE, SI, SK)",Mali,ZINC AND ARTICLES THEREOF,EXPORT,VALUE_IN_EUROS,2022,1466
ESTAT:DS-045409(1.0),06/02/26 11:00:00,Annual,"European Union - 27 countries (AT, BE, BG, CY, CZ, DE, DK, EE, ES, FI, FR, GR, HR, HU, IE, IT, LT, LU, LV, MT, NL, PL, PT, RO, SE, SI, SK)",Mali,ZINC AND ARTICLES THEREOF,EXPORT,VALUE_IN_EUROS,2023,355
ESTAT:DS-045409(1.0),06/02/26 11:00:00,Annual,"European Union - 27 countries (AT, BE, BG, CY, CZ, DE, DK, EE, ES, FI, FR, GR, HR, HU, IE, IT, LT, LU, LV, MT, NL, PL, PT, RO, SE, SI, SK)",Mauritania (incl. Spanish Sahara from 1977),ZINC AND ARTICLES THEREOF,EXPORT,VALUE_IN_EUROS,1999,1430
ESTAT:DS-045409(1.0),06/02/26 11:00:00,Annual,"European Union - 27 countries (AT, BE, BG, CY, CZ, DE, DK, EE, ES, FI, FR, GR, HR, HU, IE, IT, LT, LU, LV, MT, NL, PL, PT, RO, SE, SI, SK)",Mauritania (incl. Spanish Sahara from 1977),ZINC AND ARTICLES THEREOF,EXPORT,VALUE_IN_EUROS,2001,50014
ESTAT:DS-045409(1.0),06/02/26 11:00:00,Annual,"European Union - 27 countries (AT, BE, BG, CY, CZ, DE, DK, EE, ES, FI, FR, GR, HR, HU, IE, IT, LT, LU, LV, MT, NL, PL, PT, RO, SE, SI, SK)",Mauritania (incl. Spanish Sahara from 1977),ZINC AND ARTICLES THEREOF,EXPORT,VALUE_IN_EUROS,2002,25838
ESTAT:DS-045409(1.0),06/02/26 11:00:00,Annual,"European Union - 27 countries (AT, BE, BG, CY, CZ, DE, DK, EE, ES, FI, FR, GR, HR, HU, IE, IT, LT, LU, LV, MT, NL, PL, PT, RO, SE, SI, SK)",Mauritania (incl. Spanish Sahara from 1977),ZINC AND ARTICLES THEREOF,EXPORT,VALUE_IN_EUROS,2003,16129
ESTAT:DS-045409(1.0),06/02/26 11:00:00,Annual,"European Union - 27 countries (AT, BE, BG, CY, CZ, DE, DK, EE, ES, FI, FR, GR, HR, HU, IE, IT, LT, LU, LV, MT, NL, PL, PT, RO, SE, SI, SK)",Mauritania (incl. Spanish Sahara from 1977),ZINC AND ARTICLES THEREOF,EXPORT,VALUE_IN_EUROS,2004,67508
ESTAT:DS-045409(1.0),06/02/26 11:00:00,Annual,"European Union - 27 countries (AT, BE, BG, CY, CZ, DE, DK, EE, ES, FI, FR, GR, HR, HU, IE, IT, LT, LU, LV, MT, NL, PL, PT, RO, SE, SI, SK)",Mauritania (incl. Spanish Sahara from 1977),ZINC AND ARTICLES THEREOF,EXPORT,VALUE_IN_EUROS,2005,35797
ESTAT:DS-045409(1.0),06/02/26 11:00:00,Annual,"European Union - 27 countries (AT, BE, BG, CY, CZ, DE, DK, EE, ES, FI, FR, GR, HR, HU, IE, IT, LT, LU, LV, MT, NL, PL, PT, RO, SE, SI, SK)",Mauritania (incl. Spanish Sahara from 1977),ZINC AND ARTICLES THEREOF,EXPORT,VALUE_IN_EUROS,2006,58851
ESTAT:DS-045409(1.0),06/02/26 11:00:00,Annual,"European Union - 27 countries (AT, BE, BG, CY, CZ, DE, DK, EE, ES, FI, FR, GR, HR, HU, IE, IT, LT, LU, LV, MT, NL, PL, PT, RO, SE, SI, SK)",Mauritania (incl. Spanish Sahara from 1977),ZINC AND ARTICLES THEREOF,EXPORT,VALUE_IN_EUROS,2007,44651
ESTAT:DS-045409(1.0),06/02/26 11:00:00,Annual,"European Union - 27 countries (AT, BE, BG, CY, CZ, DE, DK, EE, ES, FI, FR, GR, HR, HU, IE, IT, LT, LU, LV, MT, NL, PL, PT, RO, SE, SI, SK)",Mauritania (incl. Spanish Sahara from 1977),ZINC AND ARTICLES THEREOF,EXPORT,VALUE_IN_EUROS,2008,49454
ESTAT:DS-045409(1.0),06/02/26 11:00:00,Annual,"European Union - 27 countries (AT, BE, BG, CY, CZ, DE, DK, EE, ES, FI, FR, GR, HR, HU, IE, IT, LT, LU, LV, MT, NL, PL, PT, RO, SE, SI, SK)",Mauritania (incl. Spanish Sahara from 1977),ZINC AND ARTICLES THEREOF,EXPORT,VALUE_IN_EUROS,2009,12990
ESTAT:DS-045409(1.0),06/02/26 11:00:00,Annual,"European Union - 27 countries (AT, BE, BG, CY, CZ, DE, DK, EE, ES, FI, FR, GR, HR, HU, IE, IT, LT, LU, LV, MT, NL, PL, PT, RO, SE, SI, SK)",Mauritania (incl. Spanish Sahara from 1977),ZINC AND ARTICLES THEREOF,EXPORT,VALUE_IN_EUROS,2010,70239
ESTAT:DS-045409(1.0),06/02/26 11:00:00,Annual,"European Union - 27 countries (AT, BE, BG, CY, CZ, DE, DK, EE, ES, FI, FR, GR, HR, HU, IE, IT, LT, LU, LV, MT, NL, PL, PT, RO, SE, SI, SK)",Mauritania (incl. Spanish Sahara from 1977),ZINC AND ARTICLES THEREOF,EXPORT,VALUE_IN_EUROS,2011,25850
ESTAT:DS-045409(1.0),06/02/26 11:00:00,Annual,"European Union - 27 countries (AT, BE, BG, CY, CZ, DE, DK, EE, ES, FI, FR, GR, HR, HU, IE, IT, LT, LU, LV, MT, NL, PL, PT, RO, SE, SI, SK)",Mauritania (incl. Spanish Sahara from 1977),ZINC AND ARTICLES THEREOF,EXPORT,VALUE_IN_EUROS,2012,66184
ESTAT:DS-045409(1.0),06/02/26 11:00:00,Annual,"European Union - 27 countries (AT, BE, BG, CY, CZ, DE, DK, EE, ES, FI, FR, GR, HR, HU, IE, IT, LT, LU, LV, MT, NL, PL, PT, RO, SE, SI, SK)",Mauritania (incl. Spanish Sahara from 1977),ZINC AND ARTICLES THEREOF,EXPORT,VALUE_IN_EUROS,2013,62332
ESTAT:DS-045409(1.0),06/02/26 11:00:00,Annual,"European Union - 27 countries (AT, BE, BG, CY, CZ, DE, DK, EE, ES, FI, FR, GR, HR, HU, IE, IT, LT, LU, LV, MT, NL, PL, PT, RO, SE, SI, SK)",Mauritania (incl. Spanish Sahara from 1977),ZINC AND ARTICLES THEREOF,EXPORT,VALUE_IN_EUROS,2014,2072
ESTAT:DS-045409(1.0),06/02/26 11:00:00,Annual,"European Union - 27 countries (AT, BE, BG, CY, CZ, DE, DK, EE, ES, FI, FR, GR, HR, HU, IE, IT, LT, LU, LV, MT, NL, PL, PT, RO, SE, SI, SK)",Mauritania (incl. Spanish Sahara from 1977),ZINC AND ARTICLES THEREOF,EXPORT,VALUE_IN_EUROS,2015,16469
ESTAT:DS-045409(1.0),06/02/26 11:00:00,Annual,"European Union - 27 countries (AT, BE, BG, CY, CZ, DE, DK, EE, ES, FI, FR, GR, HR, HU, IE, IT, LT, LU, LV, MT, NL, PL, PT, RO, SE, SI, SK)",Mauritania (incl. Spanish Sahara from 1977),ZINC AND ARTICLES THEREOF,EXPORT,VALUE_IN_EUROS,2016,5270
ESTAT:DS-045409(1.0),06/02/26 11:00:00,Annual,"European Union - 27 countries (AT, BE, BG, CY, CZ, DE, DK, EE, ES, FI, FR, GR, HR, HU, IE, IT, LT, LU, LV, MT, NL, PL, PT, RO, SE, SI, SK)",Mauritania (incl. Spanish Sahara from 1977),ZINC AND ARTICLES THEREOF,EXPORT,VALUE_IN_EUROS,2017,53164
ESTAT:DS-045409(1.0),06/02/26 11:00:00,Annual,"European Union - 27 countries (AT, BE, BG, CY, CZ, DE, DK, EE, ES, FI, FR, GR, HR, HU, IE, IT, LT, LU, LV, MT, NL, PL, PT, RO, SE, SI, SK)",Mauritania (incl. Spanish Sahara from 1977),ZINC AND ARTICLES THEREOF,EXPORT,VALUE_IN_EUROS,2018,48099
ESTAT:DS-045409(1.0),06/02/26 11:00:00,Annual,"European Union - 27 countries (AT, BE, BG, CY, CZ, DE, DK, EE, ES, FI, FR, GR, HR, HU, IE, IT, LT, LU, LV, MT, NL, PL, PT, RO, SE, SI, SK)",Mauritania (incl. Spanish Sahara from 1977),ZINC AND ARTICLES THEREOF,EXPORT,VALUE_IN_EUROS,2019,152078
ESTAT:DS-045409(1.0),06/02/26 11:00:00,Annual,"European Union - 27 countries (AT, BE, BG, CY, CZ, DE, DK, EE, ES, FI, FR, GR, HR, HU, IE, IT, LT, LU, LV, MT, NL, PL, PT, RO, SE, SI, SK)",Mauritania (incl. Spanish Sahara from 1977),ZINC AND ARTICLES THEREOF,EXPORT,VALUE_IN_EUROS,2020,10967
ESTAT:DS-045409(1.0),06/02/26 11:00:00,Annual,"European Union - 27 countries (AT, BE, BG, CY, CZ, DE, DK, EE, ES, FI, FR, GR, HR, HU, IE, IT, LT, LU, LV, MT, NL, PL, PT, RO, SE, SI, SK)",Mauritania (incl. Spanish Sahara from 1977),ZINC AND ARTICLES THEREOF,EXPORT,VALUE_IN_EUROS,2021,19319
ESTAT:DS-045409(1.0),06/02/26 11:00:00,Annual,"European Union - 27 countries (AT, BE, BG, CY, CZ, DE, DK, EE, ES, FI, FR, GR, HR, HU, IE, IT, LT, LU, LV, MT, NL, PL, PT, RO, SE, SI, SK)",Mauritania (incl. Spanish Sahara from 1977),ZINC AND ARTICLES THEREOF,EXPORT,VALUE_IN_EUROS,2022,388725
ESTAT:DS-045409(1.0),06/02/26 11:00:00,Annual,"European Union - 27 countries (AT, BE, BG, CY, CZ, DE, DK, EE, ES, FI, FR, GR, HR, HU, IE, IT, LT, LU, LV, MT, NL, PL, PT, RO, SE, SI, SK)",Mauritania (incl. Spanish Sahara from 1977),ZINC AND ARTICLES THEREOF,EXPORT,VALUE_IN_EUROS,2023,55694
ESTAT:DS-045409(1.0),06/02/26 11:00:00,Annual,"European Union - 27 countries (AT, BE, BG, CY, CZ, DE, DK, EE, ES, FI, FR, GR, HR, HU, IE, IT, LT, LU, LV, MT, NL, PL, PT, RO, SE, SI, SK)",Mauritania (incl. Spanish Sahara from 1977),ZINC AND ARTICLES THEREOF,EXPORT,VALUE_IN_EUROS,2024,141480
ESTAT:DS-045409(1.0),06/02/26 11:00:00,Annual,"European Union - 27 countries (AT, BE, BG, CY, CZ, DE, DK, EE, ES, FI, FR, GR, HR, HU, IE, IT, LT, LU, LV, MT, NL, PL, PT, RO, SE, SI, SK)",Mauritius,ZINC AND ARTICLES THEREOF,EXPORT,VALUE_IN_EUROS,1999,35290
ESTAT:DS-045409(1.0),06/02/26 11:00:00,Annual,"European Union - 27 countries (AT, BE, BG, CY, CZ, DE, DK, EE, ES, FI, FR, GR, HR, HU, IE, IT, LT, LU, LV, MT, NL, PL, PT, RO, SE, SI, SK)",Mauritius,ZINC AND ARTICLES THEREOF,EXPORT,VALUE_IN_EUROS,2000,29684
ESTAT:DS-045409(1.0),06/02/26 11:00:00,Annual,"European Union - 27 countries (AT, BE, BG, CY, CZ, DE, DK, EE, ES, FI, FR, GR, HR, HU, IE, IT, LT, LU, LV, MT, NL, PL, PT, RO, SE, SI, SK)",Mauritius,ZINC AND ARTICLES THEREOF,EXPORT,VALUE_IN_EUROS,2001,2980
ESTAT:DS-045409(1.0),06/02/26 11:00:00,Annual,"European Union - 27 countries (AT, BE, BG, CY, CZ, DE, DK, EE, ES, FI, FR, GR, HR, HU, IE, IT, LT, LU, LV, MT, NL, PL, PT, RO, SE, SI, SK)",Mauritius,ZINC AND ARTICLES THEREOF,EXPORT,VALUE_IN_EUROS,2002,8588
ESTAT:DS-045409(1.0),06/02/26 11:00:00,Annual,"European Union - 27 countries (AT, BE, BG, CY, CZ, DE, DK, EE, ES, FI, FR, GR, HR, HU, IE, IT, LT, LU, LV, MT, NL, PL, PT, RO, SE, SI, SK)",Mauritius,ZINC AND ARTICLES THEREOF,EXPORT,VALUE_IN_EUROS,2003,14802
ESTAT:DS-045409(1.0),06/02/26 11:00:00,Annual,"European Union - 27 countries (AT, BE, BG, CY, CZ, DE, DK, EE, ES, FI, FR, GR, HR, HU, IE, IT, LT, LU, LV, MT, NL, PL, PT, RO, SE, SI, SK)",Mauritius,ZINC AND ARTICLES THEREOF,EXPORT,VALUE_IN_EUROS,2005,8110
ESTAT:DS-045409(1.0),06/02/26 11:00:00,Annual,"European Union - 27 countries (AT, BE, BG, CY, CZ, DE, DK, EE, ES, FI, FR, GR, HR, HU, IE, IT, LT, LU, LV, MT, NL, PL, PT, RO, SE, SI, SK)",Mauritius,ZINC AND ARTICLES THEREOF,EXPORT,VALUE_IN_EUROS,2006,12067
ESTAT:DS-045409(1.0),06/02/26 11:00:00,Annual,"European Union - 27 countries (AT, BE, BG, CY, CZ, DE, DK, EE, ES, FI, FR, GR, HR, HU, IE, IT, LT, LU, LV, MT, NL, PL, PT, RO, SE, SI, SK)",Mauritius,ZINC AND ARTICLES THEREOF,EXPORT,VALUE_IN_EUROS,2007,17941
ESTAT:DS-045409(1.0),06/02/26 11:00:00,Annual,"European Union - 27 countries (AT, BE, BG, CY, CZ, DE, DK, EE, ES, FI, FR, GR, HR, HU, IE, IT, LT, LU, LV, MT, NL, PL, PT, RO, SE, SI, SK)",Mauritius,ZINC AND ARTICLES THEREOF,EXPORT,VALUE_IN_EUROS,2008,16655
ESTAT:DS-045409(1.0),06/02/26 11:00:00,Annual,"European Union - 27 countries (AT, BE, BG, CY, CZ, DE, DK, EE, ES, FI, FR, GR, HR, HU, IE, IT, LT, LU, LV, MT, NL, PL, PT, RO, SE, SI, SK)",Mauritius,ZINC AND ARTICLES THEREOF,EXPORT,VALUE_IN_EUROS,2009,3213
ESTAT:DS-045409(1.0),06/02/26 11:00:00,Annual,"European Union - 27 countries (AT, BE, BG, CY, CZ, DE, DK, EE, ES, FI, FR, GR, HR, HU, IE, IT, LT, LU, LV, MT, NL, PL, PT, RO, SE, SI, SK)",Mauritius,ZINC AND ARTICLES THEREOF,EXPORT,VALUE_IN_EUROS,2010,11224
ESTAT:DS-045409(1.0),06/02/26 11:00:00,Annual,"European Union - 27 countries (AT, BE, BG, CY, CZ, DE, DK, EE, ES, FI, FR, GR, HR, HU, IE, IT, LT, LU, LV, MT, NL, PL, PT, RO, SE, SI, SK)",Mauritius,ZINC AND ARTICLES THEREOF,EXPORT,VALUE_IN_EUROS,2011,76157
ESTAT:DS-045409(1.0),06/02/26 11:00:00,Annual,"European Union - 27 countries (AT, BE, BG, CY, CZ, DE, DK, EE, ES, FI, FR, GR, HR, HU, IE, IT, LT, LU, LV, MT, NL, PL, PT, RO, SE, SI, SK)",Mauritius,ZINC AND ARTICLES THEREOF,EXPORT,VALUE_IN_EUROS,2012,31267
ESTAT:DS-045409(1.0),06/02/26 11:00:00,Annual,"European Union - 27 countries (AT, BE, BG, CY, CZ, DE, DK, EE, ES, FI, FR, GR, HR, HU, IE, IT, LT, LU, LV, MT, NL, PL, PT, RO, SE, SI, SK)",Mauritius,ZINC AND ARTICLES THEREOF,EXPORT,VALUE_IN_EUROS,2013,71150
ESTAT:DS-045409(1.0),06/02/26 11:00:00,Annual,"European Union - 27 countries (AT, BE, BG, CY, CZ, DE, DK, EE, ES, FI, FR, GR, HR, HU, IE, IT, LT, LU, LV, MT, NL, PL, PT, RO, SE, SI, SK)",Mauritius,ZINC AND ARTICLES THEREOF,EXPORT,VALUE_IN_EUROS,2014,43952
ESTAT:DS-045409(1.0),06/02/26 11:00:00,Annual,"European Union - 27 countries (AT, BE, BG, CY, CZ, DE, DK, EE, ES, FI, FR, GR, HR, HU, IE, IT, LT, LU, LV, MT, NL, PL, PT, RO, SE, SI, SK)",Mauritius,ZINC AND ARTICLES THEREOF,EXPORT,VALUE_IN_EUROS,2015,59125
ESTAT:DS-045409(1.0),06/02/26 11:00:00,Annual,"European Union - 27 countries (AT, BE, BG, CY, CZ, DE, DK, EE, ES, FI, FR, GR, HR, HU, IE, IT, LT, LU, LV, MT, NL, PL, PT, RO, SE, SI, SK)",Mauritius,ZINC AND ARTICLES THEREOF,EXPORT,VALUE_IN_EUROS,2016,63196
ESTAT:DS-045409(1.0),06/02/26 11:00:00,Annual,"European Union - 27 countries (AT, BE, BG, CY, CZ, DE, DK, EE, ES, FI, FR, GR, HR, HU, IE, IT, LT, LU, LV, MT, NL, PL, PT, RO, SE, SI, SK)",Mauritius,ZINC AND ARTICLES THEREOF,EXPORT,VALUE_IN_EUROS,2017,109357
ESTAT:DS-045409(1.0),06/02/26 11:00:00,Annual,"European Union - 27 countries (AT, BE, BG, CY, CZ, DE, DK, EE, ES, FI, FR, GR, HR, HU, IE, IT, LT, LU, LV, MT, NL, PL, PT, RO, SE, SI, SK)",Mauritius,ZINC AND ARTICLES THEREOF,EXPORT,VALUE_IN_EUROS,2018,53776
ESTAT:DS-045409(1.0),06/02/26 11:00:00,Annual,"European Union - 27 countries (AT, BE, BG, CY, CZ, DE, DK, EE, ES, FI, FR, GR, HR, HU, IE, IT, LT, LU, LV, MT, NL, PL, PT, RO, SE, SI, SK)",Mauritius,ZINC AND ARTICLES THEREOF,EXPORT,VALUE_IN_EUROS,2019,126742
ESTAT:DS-045409(1.0),06/02/26 11:00:00,Annual,"European Union - 27 countries (AT, BE, BG, CY, CZ, DE, DK, EE, ES, FI, FR, GR, HR, HU, IE, IT, LT, LU, LV, MT, NL, PL, PT, RO, SE, SI, SK)",Mauritius,ZINC AND ARTICLES THEREOF,EXPORT,VALUE_IN_EUROS,2020,23406
ESTAT:DS-045409(1.0),06/02/26 11:00:00,Annual,"European Union - 27 countries (AT, BE, BG, CY, CZ, DE, DK, EE, ES, FI, FR, GR, HR, HU, IE, IT, LT, LU, LV, MT, NL, PL, PT, RO, SE, SI, SK)",Mauritius,ZINC AND ARTICLES THEREOF,EXPORT,VALUE_IN_EUROS,2021,143050
ESTAT:DS-045409(1.0),06/02/26 11:00:00,Annual,"European Union - 27 countries (AT, BE, BG, CY, CZ, DE, DK, EE, ES, FI, FR, GR, HR, HU, IE, IT, LT, LU, LV, MT, NL, PL, PT, RO, SE, SI, SK)",Mauritius,ZINC AND ARTICLES THEREOF,EXPORT,VALUE_IN_EUROS,2022,109971
ESTAT:DS-045409(1.0),06/02/26 11:00:00,Annual,"European Union - 27 countries (AT, BE, BG, CY, CZ, DE, DK, EE, ES, FI, FR, GR, HR, HU, IE, IT, LT, LU, LV, MT, NL, PL, PT, RO, SE, SI, SK)",Mauritius,ZINC AND ARTICLES THEREOF,EXPORT,VALUE_IN_EUROS,2023,49466
ESTAT:DS-045409(1.0),06/02/26 11:00:00,Annual,"European Union - 27 countries (AT, BE, BG, CY, CZ, DE, DK, EE, ES, FI, FR, GR, HR, HU, IE, IT, LT, LU, LV, MT, NL, PL, PT, RO, SE, SI, SK)",Mauritius,ZINC AND ARTICLES THEREOF,EXPORT,VALUE_IN_EUROS,2024,178368
ESTAT:DS-045409(1.0),06/02/26 11:00:00,Annual,"European Union - 27 countries (AT, BE, BG, CY, CZ, DE, DK, EE, ES, FI, FR, GR, HR, HU, IE, IT, LT, LU, LV, MT, NL, PL, PT, RO, SE, SI, SK)",Malawi,ZINC AND ARTICLES THEREOF,EXPORT,VALUE_IN_EUROS,2001,232045
ESTAT:DS-045409(1.0),06/02/26 11:00:00,Annual,"European Union - 27 countries (AT, BE, BG, CY, CZ, DE, DK, EE, ES, FI, FR, GR, HR, HU, IE, IT, LT, LU, LV, MT, NL, PL, PT, RO, SE, SI, SK)",Malawi,ZINC AND ARTICLES THEREOF,EXPORT,VALUE_IN_EUROS,2002,157525
ESTAT:DS-045409(1.0),06/02/26 11:00:00,Annual,"European Union - 27 countries (AT, BE, BG, CY, CZ, DE, DK, EE, ES, FI, FR, GR, HR, HU, IE, IT, LT, LU, LV, MT, NL, PL, PT, RO, SE, SI, SK)",Malawi,ZINC AND ARTICLES THEREOF,EXPORT,VALUE_IN_EUROS,2013,129
ESTAT:DS-045409(1.0),06/02/26 11:00:00,Annual,"European Union - 27 countries (AT, BE, BG, CY, CZ, DE, DK, EE, ES, FI, FR, GR, HR, HU, IE, IT, LT, LU, LV, MT, NL, PL, PT, RO, SE, SI, SK)",Malawi,ZINC AND ARTICLES THEREOF,EXPORT,VALUE_IN_EUROS,2014,488
ESTAT:DS-045409(1.0),06/02/26 11:00:00,Annual,"European Union - 27 countries (AT, BE, BG, CY, CZ, DE, DK, EE, ES, FI, FR, GR, HR, HU, IE, IT, LT, LU, LV, MT, NL, PL, PT, RO, SE, SI, SK)",Malawi,ZINC AND ARTICLES THEREOF,EXPORT,VALUE_IN_EUROS,2015,635
ESTAT:DS-045409(1.0),06/02/26 11:00:00,Annual,"European Union - 27 countries (AT, BE, BG, CY, CZ, DE, DK, EE, ES, FI, FR, GR, HR, HU, IE, IT, LT, LU, LV, MT, NL, PL, PT, RO, SE, SI, SK)",Malawi,ZINC AND ARTICLES THEREOF,EXPORT,VALUE_IN_EUROS,2016,261
ESTAT:DS-045409(1.0),06/02/26 11:00:00,Annual,"European Union - 27 countries (AT, BE, BG, CY, CZ, DE, DK, EE, ES, FI, FR, GR, HR, HU, IE, IT, LT, LU, LV, MT, NL, PL, PT, RO, SE, SI, SK)",Malawi,ZINC AND ARTICLES THEREOF,EXPORT,VALUE_IN_EUROS,2017,48
ESTAT:DS-045409(1.0),06/02/26 11:00:00,Annual,"European Union - 27 countries (AT, BE, BG, CY, CZ, DE, DK, EE, ES, FI, FR, GR, HR, HU, IE, IT, LT, LU, LV, MT, NL, PL, PT, RO, SE, SI, SK)",Malawi,ZINC AND ARTICLES THEREOF,EXPORT,VALUE_IN_EUROS,2018,8
ESTAT:DS-045409(1.0),06/02/26 11:00:00,Annual,"European Union - 27 countries (AT, BE, BG, CY, CZ, DE, DK, EE, ES, FI, FR, GR, HR, HU, IE, IT, LT, LU, LV, MT, NL, PL, PT, RO, SE, SI, SK)",Malawi,ZINC AND ARTICLES THEREOF,EXPORT,VALUE_IN_EUROS,2021,632
ESTAT:DS-045409(1.0),06/02/26 11:00:00,Annual,"European Union - 27 countries (AT, BE, BG, CY, CZ, DE, DK, EE, ES, FI, FR, GR, HR, HU, IE, IT, LT, LU, LV, MT, NL, PL, PT, RO, SE, SI, SK)",Malawi,ZINC AND ARTICLES THEREOF,EXPORT,VALUE_IN_EUROS,2022,526
ESTAT:DS-045409(1.0),06/02/26 11:00:00,Annual,"European Union - 27 countries (AT, BE, BG, CY, CZ, DE, DK, EE, ES, FI, FR, GR, HR, HU, IE, IT, LT, LU, LV, MT, NL, PL, PT, RO, SE, SI, SK)",Malawi,ZINC AND ARTICLES THEREOF,EXPORT,VALUE_IN_EUROS,2023,380
ESTAT:DS-045409(1.0),06/02/26 11:00:00,Annual,"European Union - 27 countries (AT, BE, BG, CY, CZ, DE, DK, EE, ES, FI, FR, GR, HR, HU, IE, IT, LT, LU, LV, MT, NL, PL, PT, RO, SE, SI, SK)",Malawi,ZINC AND ARTICLES THEREOF,EXPORT,VALUE_IN_EUROS,2024,608
ESTAT:DS-045409(1.0),06/02/26 11:00:00,Annual,"European Union - 27 countries (AT, BE, BG, CY, CZ, DE, DK, EE, ES, FI, FR, GR, HR, HU, IE, IT, LT, LU, LV, MT, NL, PL, PT, RO, SE, SI, SK)",Mozambique,ZINC AND ARTICLES THEREOF,EXPORT,VALUE_IN_EUROS,1999,6870
ESTAT:DS-045409(1.0),06/02/26 11:00:00,Annual,"European Union - 27 countries (AT, BE, BG, CY, CZ, DE, DK, EE, ES, FI, FR, GR, HR, HU, IE, IT, LT, LU, LV, MT, NL, PL, PT, RO, SE, SI, SK)",Mozambique,ZINC AND ARTICLES THEREOF,EXPORT,VALUE_IN_EUROS,2000,5877
ESTAT:DS-045409(1.0),06/02/26 11:00:00,Annual,"European Union - 27 countries (AT, BE, BG, CY, CZ, DE, DK, EE, ES, FI, FR, GR, HR, HU, IE, IT, LT, LU, LV, MT, NL, PL, PT, RO, SE, SI, SK)",Mozambique,ZINC AND ARTICLES THEREOF,EXPORT,VALUE_IN_EUROS,2001,10772
ESTAT:DS-045409(1.0),06/02/26 11:00:00,Annual,"European Union - 27 countries (AT, BE, BG, CY, CZ, DE, DK, EE, ES, FI, FR, GR, HR, HU, IE, IT, LT, LU, LV, MT, NL, PL, PT, RO, SE, SI, SK)",Mozambique,ZINC AND ARTICLES THEREOF,EXPORT,VALUE_IN_EUROS,2002,17793
ESTAT:DS-045409(1.0),06/02/26 11:00:00,Annual,"European Union - 27 countries (AT, BE, BG, CY, CZ, DE, DK, EE, ES, FI, FR, GR, HR, HU, IE, IT, LT, LU, LV, MT, NL, PL, PT, RO, SE, SI, SK)",Mozambique,ZINC AND ARTICLES THEREOF,EXPORT,VALUE_IN_EUROS,2003,16454
ESTAT:DS-045409(1.0),06/02/26 11:00:00,Annual,"European Union - 27 countries (AT, BE, BG, CY, CZ, DE, DK, EE, ES, FI, FR, GR, HR, HU, IE, IT, LT, LU, LV, MT, NL, PL, PT, RO, SE, SI, SK)",Mozambique,ZINC AND ARTICLES THEREOF,EXPORT,VALUE_IN_EUROS,2004,25719
ESTAT:DS-045409(1.0),06/02/26 11:00:00,Annual,"European Union - 27 countries (AT, BE, BG, CY, CZ, DE, DK, EE, ES, FI, FR, GR, HR, HU, IE, IT, LT, LU, LV, MT, NL, PL, PT, RO, SE, SI, SK)",Mozambique,ZINC AND ARTICLES THEREOF,EXPORT,VALUE_IN_EUROS,2005,11736
ESTAT:DS-045409(1.0),06/02/26 11:00:00,Annual,"European Union - 27 countries (AT, BE, BG, CY, CZ, DE, DK, EE, ES, FI, FR, GR, HR, HU, IE, IT, LT, LU, LV, MT, NL, PL, PT, RO, SE, SI, SK)",Mozambique,ZINC AND ARTICLES THEREOF,EXPORT,VALUE_IN_EUROS,2006,5943
ESTAT:DS-045409(1.0),06/02/26 11:00:00,Annual,"European Union - 27 countries (AT, BE, BG, CY, CZ, DE, DK, EE, ES, FI, FR, GR, HR, HU, IE, IT, LT, LU, LV, MT, NL, PL, PT, RO, SE, SI, SK)",Mozambique,ZINC AND ARTICLES THEREOF,EXPORT,VALUE_IN_EUROS,2007,4721
ESTAT:DS-045409(1.0),06/02/26 11:00:00,Annual,"European Union - 27 countries (AT, BE, BG, CY, CZ, DE, DK, EE, ES, FI, FR, GR, HR, HU, IE, IT, LT, LU, LV, MT, NL, PL, PT, RO, SE, SI, SK)",Mozambique,ZINC AND ARTICLES THEREOF,EXPORT,VALUE_IN_EUROS,2008,16762
ESTAT:DS-045409(1.0),06/02/26 11:00:00,Annual,"European Union - 27 countries (AT, BE, BG, CY, CZ, DE, DK, EE, ES, FI, FR, GR, HR, HU, IE, IT, LT, LU, LV, MT, NL, PL, PT, RO, SE, SI, SK)",Mozambique,ZINC AND ARTICLES THEREOF,EXPORT,VALUE_IN_EUROS,2009,11295
ESTAT:DS-045409(1.0),06/02/26 11:00:00,Annual,"European Union - 27 countries (AT, BE, BG, CY, CZ, DE, DK, EE, ES, FI, FR, GR, HR, HU, IE, IT, LT, LU, LV, MT, NL, PL, PT, RO, SE, SI, SK)",Mozambique,ZINC AND ARTICLES THEREOF,EXPORT,VALUE_IN_EUROS,2010,275308
ESTAT:DS-045409(1.0),06/02/26 11:00:00,Annual,"European Union - 27 countries (AT, BE, BG, CY, CZ, DE, DK, EE, ES, FI, FR, GR, HR, HU, IE, IT, LT, LU, LV, MT, NL, PL, PT, RO, SE, SI, SK)",Mozambique,ZINC AND ARTICLES THEREOF,EXPORT,VALUE_IN_EUROS,2011,13854
ESTAT:DS-045409(1.0),06/02/26 11:00:00,Annual,"European Union - 27 countries (AT, BE, BG, CY, CZ, DE, DK, EE, ES, FI, FR, GR, HR, HU, IE, IT, LT, LU, LV, MT, NL, PL, PT, RO, SE, SI, SK)",Mozambique,ZINC AND ARTICLES THEREOF,EXPORT,VALUE_IN_EUROS,2012,30755
ESTAT:DS-045409(1.0),06/02/26 11:00:00,Annual,"European Union - 27 countries (AT, BE, BG, CY, CZ, DE, DK, EE, ES, FI, FR, GR, HR, HU, IE, IT, LT, LU, LV, MT, NL, PL, PT, RO, SE, SI, SK)",Mozambique,ZINC AND ARTICLES THEREOF,EXPORT,VALUE_IN_EUROS,2013,19629
ESTAT:DS-045409(1.0),06/02/26 11:00:00,Annual,"European Union - 27 countries (AT, BE, BG, CY, CZ, DE, DK, EE, ES, FI, FR, GR, HR, HU, IE, IT, LT, LU, LV, MT, NL, PL, PT, RO, SE, SI, SK)",Mozambique,ZINC AND ARTICLES THEREOF,EXPORT,VALUE_IN_EUROS,2014,79962
ESTAT:DS-045409(1.0),06/02/26 11:00:00,Annual,"European Union - 27 countries (AT, BE, BG, CY, CZ, DE, DK, EE, ES, FI, FR, GR, HR, HU, IE, IT, LT, LU, LV, MT, NL, PL, PT, RO, SE, SI, SK)",Mozambique,ZINC AND ARTICLES THEREOF,EXPORT,VALUE_IN_EUROS,2015,92677
ESTAT:DS-045409(1.0),06/02/26 11:00:00,Annual,"European Union - 27 countries (AT, BE, BG, CY, CZ, DE, DK, EE, ES, FI, FR, GR, HR, HU, IE, IT, LT, LU, LV, MT, NL, PL, PT, RO, SE, SI, SK)",Mozambique,ZINC AND ARTICLES THEREOF,EXPORT,VALUE_IN_EUROS,2016,25235
ESTAT:DS-045409(1.0),06/02/26 11:00:00,Annual,"European Union - 27 countries (AT, BE, BG, CY, CZ, DE, DK, EE, ES, FI, FR, GR, HR, HU, IE, IT, LT, LU, LV, MT, NL, PL, PT, RO, SE, SI, SK)",Mozambique,ZINC AND ARTICLES THEREOF,EXPORT,VALUE_IN_EUROS,2017,25119
ESTAT:DS-045409(1.0),06/02/26 11:00:00,Annual,"European Union - 27 countries (AT, BE, BG, CY, CZ, DE, DK, EE, ES, FI, FR, GR, HR, HU, IE, IT, LT, LU, LV, MT, NL, PL, PT, RO, SE, SI, SK)",Mozambique,ZINC AND ARTICLES THEREOF,EXPORT,VALUE_IN_EUROS,2018,241375
ESTAT:DS-045409(1.0),06/02/26 11:00:00,Annual,"European Union - 27 countries (AT, BE, BG, CY, CZ, DE, DK, EE, ES, FI, FR, GR, HR, HU, IE, IT, LT, LU, LV, MT, NL, PL, PT, RO, SE, SI, SK)",Mozambique,ZINC AND ARTICLES THEREOF,EXPORT,VALUE_IN_EUROS,2019,50665
ESTAT:DS-045409(1.0),06/02/26 11:00:00,Annual,"European Union - 27 countries (AT, BE, BG, CY, CZ, DE, DK, EE, ES, FI, FR, GR, HR, HU, IE, IT, LT, LU, LV, MT, NL, PL, PT, RO, SE, SI, SK)",Mozambique,ZINC AND ARTICLES THEREOF,EXPORT,VALUE_IN_EUROS,2020,28241
ESTAT:DS-045409(1.0),06/02/26 11:00:00,Annual,"European Union - 27 countries (AT, BE, BG, CY, CZ, DE, DK, EE, ES, FI, FR, GR, HR, HU, IE, IT, LT, LU, LV, MT, NL, PL, PT, RO, SE, SI, SK)",Mozambique,ZINC AND ARTICLES THEREOF,EXPORT,VALUE_IN_EUROS,2021,55641
ESTAT:DS-045409(1.0),06/02/26 11:00:00,Annual,"European Union - 27 countries (AT, BE, BG, CY, CZ, DE, DK, EE, ES, FI, FR, GR, HR, HU, IE, IT, LT, LU, LV, MT, NL, PL, PT, RO, SE, SI, SK)",Mozambique,ZINC AND ARTICLES THEREOF,EXPORT,VALUE_IN_EUROS,2022,25207
ESTAT:DS-045409(1.0),06/02/26 11:00:00,Annual,"European Union - 27 countries (AT, BE, BG, CY, CZ, DE, DK, EE, ES, FI, FR, GR, HR, HU, IE, IT, LT, LU, LV, MT, NL, PL, PT, RO, SE, SI, SK)",Mozambique,ZINC AND ARTICLES THEREOF,EXPORT,VALUE_IN_EUROS,2023,20157
ESTAT:DS-045409(1.0),06/02/26 11:00:00,Annual,"European Union - 27 countries (AT, BE, BG, CY, CZ, DE, DK, EE, ES, FI, FR, GR, HR, HU, IE, IT, LT, LU, LV, MT, NL, PL, PT, RO, SE, SI, SK)",Mozambique,ZINC AND ARTICLES THEREOF,EXPORT,VALUE_IN_EUROS,2024,15176
ESTAT:DS-045409(1.0),06/02/26 11:00:00,Annual,"European Union - 27 countries (AT, BE, BG, CY, CZ, DE, DK, EE, ES, FI, FR, GR, HR, HU, IE, IT, LT, LU, LV, MT, NL, PL, PT, RO, SE, SI, SK)",Namibia,ZINC AND ARTICLES THEREOF,EXPORT,VALUE_IN_EUROS,2004,5097
ESTAT:DS-045409(1.0),06/02/26 11:00:00,Annual,"European Union - 27 countries (AT, BE, BG, CY, CZ, DE, DK, EE, ES, FI, FR, GR, HR, HU, IE, IT, LT, LU, LV, MT, NL, PL, PT, RO, SE, SI, SK)",Namibia,ZINC AND ARTICLES THEREOF,EXPORT,VALUE_IN_EUROS,2006,27162
ESTAT:DS-045409(1.0),06/02/26 11:00:00,Annual,"European Union - 27 countries (AT, BE, BG, CY, CZ, DE, DK, EE, ES, FI, FR, GR, HR, HU, IE, IT, LT, LU, LV, MT, NL, PL, PT, RO, SE, SI, SK)",Namibia,ZINC AND ARTICLES THEREOF,EXPORT,VALUE_IN_EUROS,2007,2523
ESTAT:DS-045409(1.0),06/02/26 11:00:00,Annual,"European Union - 27 countries (AT, BE, BG, CY, CZ, DE, DK, EE, ES, FI, FR, GR, HR, HU, IE, IT, LT, LU, LV, MT, NL, PL, PT, RO, SE, SI, SK)",Namibia,ZINC AND ARTICLES THEREOF,EXPORT,VALUE_IN_EUROS,2009,1193
ESTAT:DS-045409(1.0),06/02/26 11:00:00,Annual,"European Union - 27 countries (AT, BE, BG, CY, CZ, DE, DK, EE, ES, FI, FR, GR, HR, HU, IE, IT, LT, LU, LV, MT, NL, PL, PT, RO, SE, SI, SK)",Namibia,ZINC AND ARTICLES THEREOF,EXPORT,VALUE_IN_EUROS,2010,9739
ESTAT:DS-045409(1.0),06/02/26 11:00:00,Annual,"European Union - 27 countries (AT, BE, BG, CY, CZ, DE, DK, EE, ES, FI, FR, GR, HR, HU, IE, IT, LT, LU, LV, MT, NL, PL, PT, RO, SE, SI, SK)",Namibia,ZINC AND ARTICLES THEREOF,EXPORT,VALUE_IN_EUROS,2011,123775
ESTAT:DS-045409(1.0),06/02/26 11:00:00,Annual,"European Union - 27 countries (AT, BE, BG, CY, CZ, DE, DK, EE, ES, FI, FR, GR, HR, HU, IE, IT, LT, LU, LV, MT, NL, PL, PT, RO, SE, SI, SK)",Namibia,ZINC AND ARTICLES THEREOF,EXPORT,VALUE_IN_EUROS,2012,1575987
ESTAT:DS-045409(1.0),06/02/26 11:00:00,Annual,"European Union - 27 countries (AT, BE, BG, CY, CZ, DE, DK, EE, ES, FI, FR, GR, HR, HU, IE, IT, LT, LU, LV, MT, NL, PL, PT, RO, SE, SI, SK)",Namibia,ZINC AND ARTICLES THEREOF,EXPORT,VALUE_IN_EUROS,2013,34653
ESTAT:DS-045409(1.0),06/02/26 11:00:00,Annual,"European Union - 27 countries (AT, BE, BG, CY, CZ, DE, DK, EE, ES, FI, FR, GR, HR, HU, IE, IT, LT, LU, LV, MT, NL, PL, PT, RO, SE, SI, SK)",Namibia,ZINC AND ARTICLES THEREOF,EXPORT,VALUE_IN_EUROS,2014,79627
ESTAT:DS-045409(1.0),06/02/26 11:00:00,Annual,"European Union - 27 countries (AT, BE, BG, CY, CZ, DE, DK, EE, ES, FI, FR, GR, HR, HU, IE, IT, LT, LU, LV, MT, NL, PL, PT, RO, SE, SI, SK)",Namibia,ZINC AND ARTICLES THEREOF,EXPORT,VALUE_IN_EUROS,2015,53327
ESTAT:DS-045409(1.0),06/02/26 11:00:00,Annual,"European Union - 27 countries (AT, BE, BG, CY, CZ, DE, DK, EE, ES, FI, FR, GR, HR, HU, IE, IT, LT, LU, LV, MT, NL, PL, PT, RO, SE, SI, SK)",Namibia,ZINC AND ARTICLES THEREOF,EXPORT,VALUE_IN_EUROS,2016,20069
ESTAT:DS-045409(1.0),06/02/26 11:00:00,Annual,"European Union - 27 countries (AT, BE, BG, CY, CZ, DE, DK, EE, ES, FI, FR, GR, HR, HU, IE, IT, LT, LU, LV, MT, NL, PL, PT, RO, SE, SI, SK)",Namibia,ZINC AND ARTICLES THEREOF,EXPORT,VALUE_IN_EUROS,2017,52315
ESTAT:DS-045409(1.0),06/02/26 11:00:00,Annual,"European Union - 27 countries (AT, BE, BG, CY, CZ, DE, DK, EE, ES, FI, FR, GR, HR, HU, IE, IT, LT, LU, LV, MT, NL, PL, PT, RO, SE, SI, SK)",Namibia,ZINC AND ARTICLES THEREOF,EXPORT,VALUE_IN_EUROS,2018,32611
ESTAT:DS-045409(1.0),06/02/26 11:00:00,Annual,"European Union - 27 countries (AT, BE, BG, CY, CZ, DE, DK, EE, ES, FI, FR, GR, HR, HU, IE, IT, LT, LU, LV, MT, NL, PL, PT, RO, SE, SI, SK)",Namibia,ZINC AND ARTICLES THEREOF,EXPORT,VALUE_IN_EUROS,2019,15790
ESTAT:DS-045409(1.0),06/02/26 11:00:00,Annual,"European Union - 27 countries (AT, BE, BG, CY, CZ, DE, DK, EE, ES, FI, FR, GR, HR, HU, IE, IT, LT, LU, LV, MT, NL, PL, PT, RO, SE, SI, SK)",Namibia,ZINC AND ARTICLES THEREOF,EXPORT,VALUE_IN_EUROS,2020,4446
ESTAT:DS-045409(1.0),06/02/26 11:00:00,Annual,"European Union - 27 countries (AT, BE, BG, CY, CZ, DE, DK, EE, ES, FI, FR, GR, HR, HU, IE, IT, LT, LU, LV, MT, NL, PL, PT, RO, SE, SI, SK)",Namibia,ZINC AND ARTICLES THEREOF,EXPORT,VALUE_IN_EUROS,2021,83247
ESTAT:DS-045409(1.0),06/02/26 11:00:00,Annual,"European Union - 27 countries (AT, BE, BG, CY, CZ, DE, DK, EE, ES, FI, FR, GR, HR, HU, IE, IT, LT, LU, LV, MT, NL, PL, PT, RO, SE, SI, SK)",Namibia,ZINC AND ARTICLES THEREOF,EXPORT,VALUE_IN_EUROS,2022,33647
ESTAT:DS-045409(1.0),06/02/26 11:00:00,Annual,"European Union - 27 countries (AT, BE, BG, CY, CZ, DE, DK, EE, ES, FI, FR, GR, HR, HU, IE, IT, LT, LU, LV, MT, NL, PL, PT, RO, SE, SI, SK)",Namibia,ZINC AND ARTICLES THEREOF,EXPORT,VALUE_IN_EUROS,2023,198373
ESTAT:DS-045409(1.0),06/02/26 11:00:00,Annual,"European Union - 27 countries (AT, BE, BG, CY, CZ, DE, DK, EE, ES, FI, FR, GR, HR, HU, IE, IT, LT, LU, LV, MT, NL, PL, PT, RO, SE, SI, SK)",Namibia,ZINC AND ARTICLES THEREOF,EXPORT,VALUE_IN_EUROS,2024,53469
ESTAT:DS-045409(1.0),06/02/26 11:00:00,Annual,"European Union - 27 countries (AT, BE, BG, CY, CZ, DE, DK, EE, ES, FI, FR, GR, HR, HU, IE, IT, LT, LU, LV, MT, NL, PL, PT, RO, SE, SI, SK)",Niger,ZINC AND ARTICLES THEREOF,EXPORT,VALUE_IN_EUROS,2003,17064
ESTAT:DS-045409(1.0),06/02/26 11:00:00,Annual,"European Union - 27 countries (AT, BE, BG, CY, CZ, DE, DK, EE, ES, FI, FR, GR, HR, HU, IE, IT, LT, LU, LV, MT, NL, PL, PT, RO, SE, SI, SK)",Niger,ZINC AND ARTICLES THEREOF,EXPORT,VALUE_IN_EUROS,2004,8000
ESTAT:DS-045409(1.0),06/02/26 11:00:00,Annual,"European Union - 27 countries (AT, BE, BG, CY, CZ, DE, DK, EE, ES, FI, FR, GR, HR, HU, IE, IT, LT, LU, LV, MT, NL, PL, PT, RO, SE, SI, SK)",Niger,ZINC AND ARTICLES THEREOF,EXPORT,VALUE_IN_EUROS,2007,173
ESTAT:DS-045409(1.0),06/02/26 11:00:00,Annual,"European Union - 27 countries (AT, BE, BG, CY, CZ, DE, DK, EE, ES, FI, FR, GR, HR, HU, IE, IT, LT, LU, LV, MT, NL, PL, PT, RO, SE, SI, SK)",Niger,ZINC AND ARTICLES THEREOF,EXPORT,VALUE_IN_EUROS,2008,1760
ESTAT:DS-045409(1.0),06/02/26 11:00:00,Annual,"European Union - 27 countries (AT, BE, BG, CY, CZ, DE, DK, EE, ES, FI, FR, GR, HR, HU, IE, IT, LT, LU, LV, MT, NL, PL, PT, RO, SE, SI, SK)",Niger,ZINC AND ARTICLES THEREOF,EXPORT,VALUE_IN_EUROS,2012,90
ESTAT:DS-045409(1.0),06/02/26 11:00:00,Annual,"European Union - 27 countries (AT, BE, BG, CY, CZ, DE, DK, EE, ES, FI, FR, GR, HR, HU, IE, IT, LT, LU, LV, MT, NL, PL, PT, RO, SE, SI, SK)",Niger,ZINC AND ARTICLES THEREOF,EXPORT,VALUE_IN_EUROS,2016,72
ESTAT:DS-045409(1.0),06/02/26 11:00:00,Annual,"European Union - 27 countries (AT, BE, BG, CY, CZ, DE, DK, EE, ES, FI, FR, GR, HR, HU, IE, IT, LT, LU, LV, MT, NL, PL, PT, RO, SE, SI, SK)",Niger,ZINC AND ARTICLES THEREOF,EXPORT,VALUE_IN_EUROS,2018,9739
ESTAT:DS-045409(1.0),06/02/26 11:00:00,Annual,"European Union - 27 countries (AT, BE, BG, CY, CZ, DE, DK, EE, ES, FI, FR, GR, HR, HU, IE, IT, LT, LU, LV, MT, NL, PL, PT, RO, SE, SI, SK)",Niger,ZINC AND ARTICLES THEREOF,EXPORT,VALUE_IN_EUROS,2019,750412
ESTAT:DS-045409(1.0),06/02/26 11:00:00,Annual,"European Union - 27 countries (AT, BE, BG, CY, CZ, DE, DK, EE, ES, FI, FR, GR, HR, HU, IE, IT, LT, LU, LV, MT, NL, PL, PT, RO, SE, SI, SK)",Niger,ZINC AND ARTICLES THEREOF,EXPORT,VALUE_IN_EUROS,2020,3400
ESTAT:DS-045409(1.0),06/02/26 11:00:00,Annual,"European Union - 27 countries (AT, BE, BG, CY, CZ, DE, DK, EE, ES, FI, FR, GR, HR, HU, IE, IT, LT, LU, LV, MT, NL, PL, PT, RO, SE, SI, SK)",Niger,ZINC AND ARTICLES THEREOF,EXPORT,VALUE_IN_EUROS,2021,7000
ESTAT:DS-045409(1.0),06/02/26 11:00:00,Annual,"European Union - 27 countries (AT, BE, BG, CY, CZ, DE, DK, EE, ES, FI, FR, GR, HR, HU, IE, IT, LT, LU, LV, MT, NL, PL, PT, RO, SE, SI, SK)",Niger,ZINC AND ARTICLES THEREOF,EXPORT,VALUE_IN_EUROS,2022,14
ESTAT:DS-045409(1.0),06/02/26 11:00:00,Annual,"European Union - 27 countries (AT, BE, BG, CY, CZ, DE, DK, EE, ES, FI, FR, GR, HR, HU, IE, IT, LT, LU, LV, MT, NL, PL, PT, RO, SE, SI, SK)",Nigeria,ZINC AND ARTICLES THEREOF,EXPORT,VALUE_IN_EUROS,1999,7718891
ESTAT:DS-045409(1.0),06/02/26 11:00:00,Annual,"European Union - 27 countries (AT, BE, BG, CY, CZ, DE, DK, EE, ES, FI, FR, GR, HR, HU, IE, IT, LT, LU, LV, MT, NL, PL, PT, RO, SE, SI, SK)",Nigeria,ZINC AND ARTICLES THEREOF,EXPORT,VALUE_IN_EUROS,2000,5370837
ESTAT:DS-045409(1.0),06/02/26 11:00:00,Annual,"European Union - 27 countries (AT, BE, BG, CY, CZ, DE, DK, EE, ES, FI, FR, GR, HR, HU, IE, IT, LT, LU, LV, MT, NL, PL, PT, RO, SE, SI, SK)",Nigeria,ZINC AND ARTICLES THEREOF,EXPORT,VALUE_IN_EUROS,2001,7389998
ESTAT:DS-045409(1.0),06/02/26 11:00:00,Annual,"European Union - 27 countries (AT, BE, BG, CY, CZ, DE, DK, EE, ES, FI, FR, GR, HR, HU, IE, IT, LT, LU, LV, MT, NL, PL, PT, RO, SE, SI, SK)",Nigeria,ZINC AND ARTICLES THEREOF,EXPORT,VALUE_IN_EUROS,2002,13673899
ESTAT:DS-045409(1.0),06/02/26 11:00:00,Annual,"European Union - 27 countries (AT, BE, BG, CY, CZ, DE, DK, EE, ES, FI, FR, GR, HR, HU, IE, IT, LT, LU, LV, MT, NL, PL, PT, RO, SE, SI, SK)",Nigeria,ZINC AND ARTICLES THEREOF,EXPORT,VALUE_IN_EUROS,2003,7467841
ESTAT:DS-045409(1.0),06/02/26 11:00:00,Annual,"European Union - 27 countries (AT, BE, BG, CY, CZ, DE, DK, EE, ES, FI, FR, GR, HR, HU, IE, IT, LT, LU, LV, MT, NL, PL, PT, RO, SE, SI, SK)",Nigeria,ZINC AND ARTICLES THEREOF,EXPORT,VALUE_IN_EUROS,2004,6190450
ESTAT:DS-045409(1.0),06/02/26 11:00:00,Annual,"European Union - 27 countries (AT, BE, BG, CY, CZ, DE, DK, EE, ES, FI, FR, GR, HR, HU, IE, IT, LT, LU, LV, MT, NL, PL, PT, RO, SE, SI, SK)",Nigeria,ZINC AND ARTICLES THEREOF,EXPORT,VALUE_IN_EUROS,2005,3738122
ESTAT:DS-045409(1.0),06/02/26 11:00:00,Annual,"European Union - 27 countries (AT, BE, BG, CY, CZ, DE, DK, EE, ES, FI, FR, GR, HR, HU, IE, IT, LT, LU, LV, MT, NL, PL, PT, RO, SE, SI, SK)",Nigeria,ZINC AND ARTICLES THEREOF,EXPORT,VALUE_IN_EUROS,2006,3327633
ESTAT:DS-045409(1.0),06/02/26 11:00:00,Annual,"European Union - 27 countries (AT, BE, BG, CY, CZ, DE, DK, EE, ES, FI, FR, GR, HR, HU, IE, IT, LT, LU, LV, MT, NL, PL, PT, RO, SE, SI, SK)",Nigeria,ZINC AND ARTICLES THEREOF,EXPORT,VALUE_IN_EUROS,2007,1491608
ESTAT:DS-045409(1.0),06/02/26 11:00:00,Annual,"European Union - 27 countries (AT, BE, BG, CY, CZ, DE, DK, EE, ES, FI, FR, GR, HR, HU, IE, IT, LT, LU, LV, MT, NL, PL, PT, RO, SE, SI, SK)",Nigeria,ZINC AND ARTICLES THEREOF,EXPORT,VALUE_IN_EUROS,2008,4871505
ESTAT:DS-045409(1.0),06/02/26 11:00:00,Annual,"European Union - 27 countries (AT, BE, BG, CY, CZ, DE, DK, EE, ES, FI, FR, GR, HR, HU, IE, IT, LT, LU, LV, MT, NL, PL, PT, RO, SE, SI, SK)",Nigeria,ZINC AND ARTICLES THEREOF,EXPORT,VALUE_IN_EUROS,2009,13428443
ESTAT:DS-045409(1.0),06/02/26 11:00:00,Annual,"European Union - 27 countries (AT, BE, BG, CY, CZ, DE, DK, EE, ES, FI, FR, GR, HR, HU, IE, IT, LT, LU, LV, MT, NL, PL, PT, RO, SE, SI, SK)",Nigeria,ZINC AND ARTICLES THEREOF,EXPORT,VALUE_IN_EUROS,2010,15714941
ESTAT:DS-045409(1.0),06/02/26 11:00:00,Annual,"European Union - 27 countries (AT, BE, BG, CY, CZ, DE, DK, EE, ES, FI, FR, GR, HR, HU, IE, IT, LT, LU, LV, MT, NL, PL, PT, RO, SE, SI, SK)",Nigeria,ZINC AND ARTICLES THEREOF,EXPORT,VALUE_IN_EUROS,2011,11133610
ESTAT:DS-045409(1.0),06/02/26 11:00:00,Annual,"European Union - 27 countries (AT, BE, BG, CY, CZ, DE, DK, EE, ES, FI, FR, GR, HR, HU, IE, IT, LT, LU, LV, MT, NL, PL, PT, RO, SE, SI, SK)",Nigeria,ZINC AND ARTICLES THEREOF,EXPORT,VALUE_IN_EUROS,2012,6248208
ESTAT:DS-045409(1.0),06/02/26 11:00:00,Annual,"European Union - 27 countries (AT, BE, BG, CY, CZ, DE, DK, EE, ES, FI, FR, GR, HR, HU, IE, IT, LT, LU, LV, MT, NL, PL, PT, RO, SE, SI, SK)",Nigeria,ZINC AND ARTICLES THEREOF,EXPORT,VALUE_IN_EUROS,2013,12175321
ESTAT:DS-045409(1.0),06/02/26 11:00:00,Annual,"European Union - 27 countries (AT, BE, BG, CY, CZ, DE, DK, EE, ES, FI, FR, GR, HR, HU, IE, IT, LT, LU, LV, MT, NL, PL, PT, RO, SE, SI, SK)",Nigeria,ZINC AND ARTICLES THEREOF,EXPORT,VALUE_IN_EUROS,2014,11218564
ESTAT:DS-045409(1.0),06/02/26 11:00:00,Annual,"European Union - 27 countries (AT, BE, BG, CY, CZ, DE, DK, EE, ES, FI, FR, GR, HR, HU, IE, IT, LT, LU, LV, MT, NL, PL, PT, RO, SE, SI, SK)",Nigeria,ZINC AND ARTICLES THEREOF,EXPORT,VALUE_IN_EUROS,2015,13227848
ESTAT:DS-045409(1.0),06/02/26 11:00:00,Annual,"European Union - 27 countries (AT, BE, BG, CY, CZ, DE, DK, EE, ES, FI, FR, GR, HR, HU, IE, IT, LT, LU, LV, MT, NL, PL, PT, RO, SE, SI, SK)",Nigeria,ZINC AND ARTICLES THEREOF,EXPORT,VALUE_IN_EUROS,2016,9696869
ESTAT:DS-045409(1.0),06/02/26 11:00:00,Annual,"European Union - 27 countries (AT, BE, BG, CY, CZ, DE, DK, EE, ES, FI, FR, GR, HR, HU, IE, IT, LT, LU, LV, MT, NL, PL, PT, RO, SE, SI, SK)",Nigeria,ZINC AND ARTICLES THEREOF,EXPORT,VALUE_IN_EUROS,2017,6910200
ESTAT:DS-045409(1.0),06/02/26 11:00:00,Annual,"European Union - 27 countries (AT, BE, BG, CY, CZ, DE, DK, EE, ES, FI, FR, GR, HR, HU, IE, IT, LT, LU, LV, MT, NL, PL, PT, RO, SE, SI, SK)",Nigeria,ZINC AND ARTICLES THEREOF,EXPORT,VALUE_IN_EUROS,2018,7904321
ESTAT:DS-045409(1.0),06/02/26 11:00:00,Annual,"European Union - 27 countries (AT, BE, BG, CY, CZ, DE, DK, EE, ES, FI, FR, GR, HR, HU, IE, IT, LT, LU, LV, MT, NL, PL, PT, RO, SE, SI, SK)",Nigeria,ZINC AND ARTICLES THEREOF,EXPORT,VALUE_IN_EUROS,2019,18564267
ESTAT:DS-045409(1.0),06/02/26 11:00:00,Annual,"European Union - 27 countries (AT, BE, BG, CY, CZ, DE, DK, EE, ES, FI, FR, GR, HR, HU, IE, IT, LT, LU, LV, MT, NL, PL, PT, RO, SE, SI, SK)",Nigeria,ZINC AND ARTICLES THEREOF,EXPORT,VALUE_IN_EUROS,2020,13649667
ESTAT:DS-045409(1.0),06/02/26 11:00:00,Annual,"European Union - 27 countries (AT, BE, BG, CY, CZ, DE, DK, EE, ES, FI, FR, GR, HR, HU, IE, IT, LT, LU, LV, MT, NL, PL, PT, RO, SE, SI, SK)",Nigeria,ZINC AND ARTICLES THEREOF,EXPORT,VALUE_IN_EUROS,2021,8884799
ESTAT:DS-045409(1.0),06/02/26 11:00:00,Annual,"European Union - 27 countries (AT, BE, BG, CY, CZ, DE, DK, EE, ES, FI, FR, GR, HR, HU, IE, IT, LT, LU, LV, MT, NL, PL, PT, RO, SE, SI, SK)",Nigeria,ZINC AND ARTICLES THEREOF,EXPORT,VALUE_IN_EUROS,2022,4440077
ESTAT:DS-045409(1.0),06/02/26 11:00:00,Annual,"European Union - 27 countries (AT, BE, BG, CY, CZ, DE, DK, EE, ES, FI, FR, GR, HR, HU, IE, IT, LT, LU, LV, MT, NL, PL, PT, RO, SE, SI, SK)",Nigeria,ZINC AND ARTICLES THEREOF,EXPORT,VALUE_IN_EUROS,2023,4695281
ESTAT:DS-045409(1.0),06/02/26 11:00:00,Annual,"European Union - 27 countries (AT, BE, BG, CY, CZ, DE, DK, EE, ES, FI, FR, GR, HR, HU, IE, IT, LT, LU, LV, MT, NL, PL, PT, RO, SE, SI, SK)",Nigeria,ZINC AND ARTICLES THEREOF,EXPORT,VALUE_IN_EUROS,2024,8692588
ESTAT:DS-045409(1.0),06/02/26 11:00:00,Annual,"European Union - 27 countries (AT, BE, BG, CY, CZ, DE, DK, EE, ES, FI, FR, GR, HR, HU, IE, IT, LT, LU, LV, MT, NL, PL, PT, RO, SE, SI, SK)",Rwanda,ZINC AND ARTICLES THEREOF,EXPORT,VALUE_IN_EUROS,2003,27388
ESTAT:DS-045409(1.0),06/02/26 11:00:00,Annual,"European Union - 27 countries (AT, BE, BG, CY, CZ, DE, DK, EE, ES, FI, FR, GR, HR, HU, IE, IT, LT, LU, LV, MT, NL, PL, PT, RO, SE, SI, SK)",Rwanda,ZINC AND ARTICLES THEREOF,EXPORT,VALUE_IN_EUROS,2004,42693
ESTAT:DS-045409(1.0),06/02/26 11:00:00,Annual,"European Union - 27 countries (AT, BE, BG, CY, CZ, DE, DK, EE, ES, FI, FR, GR, HR, HU, IE, IT, LT, LU, LV, MT, NL, PL, PT, RO, SE, SI, SK)",Rwanda,ZINC AND ARTICLES THEREOF,EXPORT,VALUE_IN_EUROS,2005,40843
ESTAT:DS-045409(1.0),06/02/26 11:00:00,Annual,"European Union - 27 countries (AT, BE, BG, CY, CZ, DE, DK, EE, ES, FI, FR, GR, HR, HU, IE, IT, LT, LU, LV, MT, NL, PL, PT, RO, SE, SI, SK)",Rwanda,ZINC AND ARTICLES THEREOF,EXPORT,VALUE_IN_EUROS,2006,16339
ESTAT:DS-045409(1.0),06/02/26 11:00:00,Annual,"European Union - 27 countries (AT, BE, BG, CY, CZ, DE, DK, EE, ES, FI, FR, GR, HR, HU, IE, IT, LT, LU, LV, MT, NL, PL, PT, RO, SE, SI, SK)",Rwanda,ZINC AND ARTICLES THEREOF,EXPORT,VALUE_IN_EUROS,2007,12474
ESTAT:DS-045409(1.0),06/02/26 11:00:00,Annual,"European Union - 27 countries (AT, BE, BG, CY, CZ, DE, DK, EE, ES, FI, FR, GR, HR, HU, IE, IT, LT, LU, LV, MT, NL, PL, PT, RO, SE, SI, SK)",Rwanda,ZINC AND ARTICLES THEREOF,EXPORT,VALUE_IN_EUROS,2008,8647
ESTAT:DS-045409(1.0),06/02/26 11:00:00,Annual,"European Union - 27 countries (AT, BE, BG, CY, CZ, DE, DK, EE, ES, FI, FR, GR, HR, HU, IE, IT, LT, LU, LV, MT, NL, PL, PT, RO, SE, SI, SK)",Rwanda,ZINC AND ARTICLES THEREOF,EXPORT,VALUE_IN_EUROS,2009,18043
ESTAT:DS-045409(1.0),06/02/26 11:00:00,Annual,"European Union - 27 countries (AT, BE, BG, CY, CZ, DE, DK, EE, ES, FI, FR, GR, HR, HU, IE, IT, LT, LU, LV, MT, NL, PL, PT, RO, SE, SI, SK)",Rwanda,ZINC AND ARTICLES THEREOF,EXPORT,VALUE_IN_EUROS,2010,702
ESTAT:DS-045409(1.0),06/02/26 11:00:00,Annual,"European Union - 27 countries (AT, BE, BG, CY, CZ, DE, DK, EE, ES, FI, FR, GR, HR, HU, IE, IT, LT, LU, LV, MT, NL, PL, PT, RO, SE, SI, SK)",Rwanda,ZINC AND ARTICLES THEREOF,EXPORT,VALUE_IN_EUROS,2013,3709
ESTAT:DS-045409(1.0),06/02/26 11:00:00,Annual,"European Union - 27 countries (AT, BE, BG, CY, CZ, DE, DK, EE, ES, FI, FR, GR, HR, HU, IE, IT, LT, LU, LV, MT, NL, PL, PT, RO, SE, SI, SK)",Rwanda,ZINC AND ARTICLES THEREOF,EXPORT,VALUE_IN_EUROS,2014,674
ESTAT:DS-045409(1.0),06/02/26 11:00:00,Annual,"European Union - 27 countries (AT, BE, BG, CY, CZ, DE, DK, EE, ES, FI, FR, GR, HR, HU, IE, IT, LT, LU, LV, MT, NL, PL, PT, RO, SE, SI, SK)",Rwanda,ZINC AND ARTICLES THEREOF,EXPORT,VALUE_IN_EUROS,2016,4621
ESTAT:DS-045409(1.0),06/02/26 11:00:00,Annual,"European Union - 27 countries (AT, BE, BG, CY, CZ, DE, DK, EE, ES, FI, FR, GR, HR, HU, IE, IT, LT, LU, LV, MT, NL, PL, PT, RO, SE, SI, SK)",Rwanda,ZINC AND ARTICLES THEREOF,EXPORT,VALUE_IN_EUROS,2017,4585
ESTAT:DS-045409(1.0),06/02/26 11:00:00,Annual,"European Union - 27 countries (AT, BE, BG, CY, CZ, DE, DK, EE, ES, FI, FR, GR, HR, HU, IE, IT, LT, LU, LV, MT, NL, PL, PT, RO, SE, SI, SK)",Rwanda,ZINC AND ARTICLES THEREOF,EXPORT,VALUE_IN_EUROS,2018,93
ESTAT:DS-045409(1.0),06/02/26 11:00:00,Annual,"European Union - 27 countries (AT, BE, BG, CY, CZ, DE, DK, EE, ES, FI, FR, GR, HR, HU, IE, IT, LT, LU, LV, MT, NL, PL, PT, RO, SE, SI, SK)",Rwanda,ZINC AND ARTICLES THEREOF,EXPORT,VALUE_IN_EUROS,2019,1012
ESTAT:DS-045409(1.0),06/02/26 11:00:00,Annual,"European Union - 27 countries (AT, BE, BG, CY, CZ, DE, DK, EE, ES, FI, FR, GR, HR, HU, IE, IT, LT, LU, LV, MT, NL, PL, PT, RO, SE, SI, SK)",Rwanda,ZINC AND ARTICLES THEREOF,EXPORT,VALUE_IN_EUROS,2020,277
ESTAT:DS-045409(1.0),06/02/26 11:00:00,Annual,"European Union - 27 countries (AT, BE, BG, CY, CZ, DE, DK, EE, ES, FI, FR, GR, HR, HU, IE, IT, LT, LU, LV, MT, NL, PL, PT, RO, SE, SI, SK)",Rwanda,ZINC AND ARTICLES THEREOF,EXPORT,VALUE_IN_EUROS,2022,33
ESTAT:DS-045409(1.0),06/02/26 11:00:00,Annual,"European Union - 27 countries (AT, BE, BG, CY, CZ, DE, DK, EE, ES, FI, FR, GR, HR, HU, IE, IT, LT, LU, LV, MT, NL, PL, PT, RO, SE, SI, SK)",Rwanda,ZINC AND ARTICLES THEREOF,EXPORT,VALUE_IN_EUROS,2023,803
ESTAT:DS-045409(1.0),06/02/26 11:00:00,Annual,"European Union - 27 countries (AT, BE, BG, CY, CZ, DE, DK, EE, ES, FI, FR, GR, HR, HU, IE, IT, LT, LU, LV, MT, NL, PL, PT, RO, SE, SI, SK)",Rwanda,ZINC AND ARTICLES THEREOF,EXPORT,VALUE_IN_EUROS,2024,79
ESTAT:DS-045409(1.0),06/02/26 11:00:00,Annual,"European Union - 27 countries (AT, BE, BG, CY, CZ, DE, DK, EE, ES, FI, FR, GR, HR, HU, IE, IT, LT, LU, LV, MT, NL, PL, PT, RO, SE, SI, SK)",Seychelles,ZINC AND ARTICLES THEREOF,EXPORT,VALUE_IN_EUROS,2002,2011
ESTAT:DS-045409(1.0),06/02/26 11:00:00,Annual,"European Union - 27 countries (AT, BE, BG, CY, CZ, DE, DK, EE, ES, FI, FR, GR, HR, HU, IE, IT, LT, LU, LV, MT, NL, PL, PT, RO, SE, SI, SK)",Seychelles,ZINC AND ARTICLES THEREOF,EXPORT,VALUE_IN_EUROS,2005,146
ESTAT:DS-045409(1.0),06/02/26 11:00:00,Annual,"European Union - 27 countries (AT, BE, BG, CY, CZ, DE, DK, EE, ES, FI, FR, GR, HR, HU, IE, IT, LT, LU, LV, MT, NL, PL, PT, RO, SE, SI, SK)",Seychelles,ZINC AND ARTICLES THEREOF,EXPORT,VALUE_IN_EUROS,2006,1770
ESTAT:DS-045409(1.0),06/02/26 11:00:00,Annual,"European Union - 27 countries (AT, BE, BG, CY, CZ, DE, DK, EE, ES, FI, FR, GR, HR, HU, IE, IT, LT, LU, LV, MT, NL, PL, PT, RO, SE, SI, SK)",Seychelles,ZINC AND ARTICLES THEREOF,EXPORT,VALUE_IN_EUROS,2007,2238
ESTAT:DS-045409(1.0),06/02/26 11:00:00,Annual,"European Union - 27 countries (AT, BE, BG, CY, CZ, DE, DK, EE, ES, FI, FR, GR, HR, HU, IE, IT, LT, LU, LV, MT, NL, PL, PT, RO, SE, SI, SK)",Seychelles,ZINC AND ARTICLES THEREOF,EXPORT,VALUE_IN_EUROS,2008,8144
ESTAT:DS-045409(1.0),06/02/26 11:00:00,Annual,"European Union - 27 countries (AT, BE, BG, CY, CZ, DE, DK, EE, ES, FI, FR, GR, HR, HU, IE, IT, LT, LU, LV, MT, NL, PL, PT, RO, SE, SI, SK)",Seychelles,ZINC AND ARTICLES THEREOF,EXPORT,VALUE_IN_EUROS,2009,256
ESTAT:DS-045409(1.0),06/02/26 11:00:00,Annual,"European Union - 27 countries (AT, BE, BG, CY, CZ, DE, DK, EE, ES, FI, FR, GR, HR, HU, IE, IT, LT, LU, LV, MT, NL, PL, PT, RO, SE, SI, SK)",Seychelles,ZINC AND ARTICLES THEREOF,EXPORT,VALUE_IN_EUROS,2010,676
ESTAT:DS-045409(1.0),06/02/26 11:00:00,Annual,"European Union - 27 countries (AT, BE, BG, CY, CZ, DE, DK, EE, ES, FI, FR, GR, HR, HU, IE, IT, LT, LU, LV, MT, NL, PL, PT, RO, SE, SI, SK)",Seychelles,ZINC AND ARTICLES THEREOF,EXPORT,VALUE_IN_EUROS,2011,21427
ESTAT:DS-045409(1.0),06/02/26 11:00:00,Annual,"European Union - 27 countries (AT, BE, BG, CY, CZ, DE, DK, EE, ES, FI, FR, GR, HR, HU, IE, IT, LT, LU, LV, MT, NL, PL, PT, RO, SE, SI, SK)",Seychelles,ZINC AND ARTICLES THEREOF,EXPORT,VALUE_IN_EUROS,2012,13610
ESTAT:DS-045409(1.0),06/02/26 11:00:00,Annual,"European Union - 27 countries (AT, BE, BG, CY, CZ, DE, DK, EE, ES, FI, FR, GR, HR, HU, IE, IT, LT, LU, LV, MT, NL, PL, PT, RO, SE, SI, SK)",Seychelles,ZINC AND ARTICLES THEREOF,EXPORT,VALUE_IN_EUROS,2013,4738
ESTAT:DS-045409(1.0),06/02/26 11:00:00,Annual,"European Union - 27 countries (AT, BE, BG, CY, CZ, DE, DK, EE, ES, FI, FR, GR, HR, HU, IE, IT, LT, LU, LV, MT, NL, PL, PT, RO, SE, SI, SK)",Seychelles,ZINC AND ARTICLES THEREOF,EXPORT,VALUE_IN_EUROS,2014,18386
ESTAT:DS-045409(1.0),06/02/26 11:00:00,Annual,"European Union - 27 countries (AT, BE, BG, CY, CZ, DE, DK, EE, ES, FI, FR, GR, HR, HU, IE, IT, LT, LU, LV, MT, NL, PL, PT, RO, SE, SI, SK)",Seychelles,ZINC AND ARTICLES THEREOF,EXPORT,VALUE_IN_EUROS,2015,1589
ESTAT:DS-045409(1.0),06/02/26 11:00:00,Annual,"European Union - 27 countries (AT, BE, BG, CY, CZ, DE, DK, EE, ES, FI, FR, GR, HR, HU, IE, IT, LT, LU, LV, MT, NL, PL, PT, RO, SE, SI, SK)",Seychelles,ZINC AND ARTICLES THEREOF,EXPORT,VALUE_IN_EUROS,2016,4927
ESTAT:DS-045409(1.0),06/02/26 11:00:00,Annual,"European Union - 27 countries (AT, BE, BG, CY, CZ, DE, DK, EE, ES, FI, FR, GR, HR, HU, IE, IT, LT, LU, LV, MT, NL, PL, PT, RO, SE, SI, SK)",Seychelles,ZINC AND ARTICLES THEREOF,EXPORT,VALUE_IN_EUROS,2017,6598
ESTAT:DS-045409(1.0),06/02/26 11:00:00,Annual,"European Union - 27 countries (AT, BE, BG, CY, CZ, DE, DK, EE, ES, FI, FR, GR, HR, HU, IE, IT, LT, LU, LV, MT, NL, PL, PT, RO, SE, SI, SK)",Seychelles,ZINC AND ARTICLES THEREOF,EXPORT,VALUE_IN_EUROS,2018,29580
ESTAT:DS-045409(1.0),06/02/26 11:00:00,Annual,"European Union - 27 countries (AT, BE, BG, CY, CZ, DE, DK, EE, ES, FI, FR, GR, HR, HU, IE, IT, LT, LU, LV, MT, NL, PL, PT, RO, SE, SI, SK)",Seychelles,ZINC AND ARTICLES THEREOF,EXPORT,VALUE_IN_EUROS,2019,13370
ESTAT:DS-045409(1.0),06/02/26 11:00:00,Annual,"European Union - 27 countries (AT, BE, BG, CY, CZ, DE, DK, EE, ES, FI, FR, GR, HR, HU, IE, IT, LT, LU, LV, MT, NL, PL, PT, RO, SE, SI, SK)",Seychelles,ZINC AND ARTICLES THEREOF,EXPORT,VALUE_IN_EUROS,2020,17423
ESTAT:DS-045409(1.0),06/02/26 11:00:00,Annual,"European Union - 27 countries (AT, BE, BG, CY, CZ, DE, DK, EE, ES, FI, FR, GR, HR, HU, IE, IT, LT, LU, LV, MT, NL, PL, PT, RO, SE, SI, SK)",Seychelles,ZINC AND ARTICLES THEREOF,EXPORT,VALUE_IN_EUROS,2021,8320
ESTAT:DS-045409(1.0),06/02/26 11:00:00,Annual,"European Union - 27 countries (AT, BE, BG, CY, CZ, DE, DK, EE, ES, FI, FR, GR, HR, HU, IE, IT, LT, LU, LV, MT, NL, PL, PT, RO, SE, SI, SK)",Seychelles,ZINC AND ARTICLES THEREOF,EXPORT,VALUE_IN_EUROS,2022,44266
ESTAT:DS-045409(1.0),06/02/26 11:00:00,Annual,"European Union - 27 countries (AT, BE, BG, CY, CZ, DE, DK, EE, ES, FI, FR, GR, HR, HU, IE, IT, LT, LU, LV, MT, NL, PL, PT, RO, SE, SI, SK)",Seychelles,ZINC AND ARTICLES THEREOF,EXPORT,VALUE_IN_EUROS,2023,34180
ESTAT:DS-045409(1.0),06/02/26 11:00:00,Annual,"European Union - 27 countries (AT, BE, BG, CY, CZ, DE, DK, EE, ES, FI, FR, GR, HR, HU, IE, IT, LT, LU, LV, MT, NL, PL, PT, RO, SE, SI, SK)",Seychelles,ZINC AND ARTICLES THEREOF,EXPORT,VALUE_IN_EUROS,2024,321718
ESTAT:DS-045409(1.0),06/02/26 11:00:00,Annual,"European Union - 27 countries (AT, BE, BG, CY, CZ, DE, DK, EE, ES, FI, FR, GR, HR, HU, IE, IT, LT, LU, LV, MT, NL, PL, PT, RO, SE, SI, SK)",Sudan (incl. South Sudan 'SS' -> 2012),ZINC AND ARTICLES THEREOF,EXPORT,VALUE_IN_EUROS,1999,1850885
ESTAT:DS-045409(1.0),06/02/26 11:00:00,Annual,"European Union - 27 countries (AT, BE, BG, CY, CZ, DE, DK, EE, ES, FI, FR, GR, HR, HU, IE, IT, LT, LU, LV, MT, NL, PL, PT, RO, SE, SI, SK)",Sudan (incl. South Sudan 'SS' -> 2012),ZINC AND ARTICLES THEREOF,EXPORT,VALUE_IN_EUROS,2000,1202003
ESTAT:DS-045409(1.0),06/02/26 11:00:00,Annual,"European Union - 27 countries (AT, BE, BG, CY, CZ, DE, DK, EE, ES, FI, FR, GR, HR, HU, IE, IT, LT, LU, LV, MT, NL, PL, PT, RO, SE, SI, SK)",Sudan (incl. South Sudan 'SS' -> 2012),ZINC AND ARTICLES THEREOF,EXPORT,VALUE_IN_EUROS,2001,919221
ESTAT:DS-045409(1.0),06/02/26 11:00:00,Annual,"European Union - 27 countries (AT, BE, BG, CY, CZ, DE, DK, EE, ES, FI, FR, GR, HR, HU, IE, IT, LT, LU, LV, MT, NL, PL, PT, RO, SE, SI, SK)",Sudan (incl. South Sudan 'SS' -> 2012),ZINC AND ARTICLES THEREOF,EXPORT,VALUE_IN_EUROS,2002,9174
ESTAT:DS-045409(1.0),06/02/26 11:00:00,Annual,"European Union - 27 countries (AT, BE, BG, CY, CZ, DE, DK, EE, ES, FI, FR, GR, HR, HU, IE, IT, LT, LU, LV, MT, NL, PL, PT, RO, SE, SI, SK)",Sudan (incl. South Sudan 'SS' -> 2012),ZINC AND ARTICLES THEREOF,EXPORT,VALUE_IN_EUROS,2003,195976
ESTAT:DS-045409(1.0),06/02/26 11:00:00,Annual,"European Union - 27 countries (AT, BE, BG, CY, CZ, DE, DK, EE, ES, FI, FR, GR, HR, HU, IE, IT, LT, LU, LV, MT, NL, PL, PT, RO, SE, SI, SK)",Sudan (incl. South Sudan 'SS' -> 2012),ZINC AND ARTICLES THEREOF,EXPORT,VALUE_IN_EUROS,2004,22251
ESTAT:DS-045409(1.0),06/02/26 11:00:00,Annual,"European Union - 27 countries (AT, BE, BG, CY, CZ, DE, DK, EE, ES, FI, FR, GR, HR, HU, IE, IT, LT, LU, LV, MT, NL, PL, PT, RO, SE, SI, SK)",Sudan (incl. South Sudan 'SS' -> 2012),ZINC AND ARTICLES THEREOF,EXPORT,VALUE_IN_EUROS,2005,14107
ESTAT:DS-045409(1.0),06/02/26 11:00:00,Annual,"European Union - 27 countries (AT, BE, BG, CY, CZ, DE, DK, EE, ES, FI, FR, GR, HR, HU, IE, IT, LT, LU, LV, MT, NL, PL, PT, RO, SE, SI, SK)",Sudan (incl. South Sudan 'SS' -> 2012),ZINC AND ARTICLES THEREOF,EXPORT,VALUE_IN_EUROS,2006,770
ESTAT:DS-045409(1.0),06/02/26 11:00:00,Annual,"European Union - 27 countries (AT, BE, BG, CY, CZ, DE, DK, EE, ES, FI, FR, GR, HR, HU, IE, IT, LT, LU, LV, MT, NL, PL, PT, RO, SE, SI, SK)",Sudan (incl. South Sudan 'SS' -> 2012),ZINC AND ARTICLES THEREOF,EXPORT,VALUE_IN_EUROS,2007,10570
ESTAT:DS-045409(1.0),06/02/26 11:00:00,Annual,"European Union - 27 countries (AT, BE, BG, CY, CZ, DE, DK, EE, ES, FI, FR, GR, HR, HU, IE, IT, LT, LU, LV, MT, NL, PL, PT, RO, SE, SI, SK)",Sudan (incl. South Sudan 'SS' -> 2012),ZINC AND ARTICLES THEREOF,EXPORT,VALUE_IN_EUROS,2008,72122
ESTAT:DS-045409(1.0),06/02/26 11:00:00,Annual,"European Union - 27 countries (AT, BE, BG, CY, CZ, DE, DK, EE, ES, FI, FR, GR, HR, HU, IE, IT, LT, LU, LV, MT, NL, PL, PT, RO, SE, SI, SK)",Sudan (incl. South Sudan 'SS' -> 2012),ZINC AND ARTICLES THEREOF,EXPORT,VALUE_IN_EUROS,2009,19964
ESTAT:DS-045409(1.0),06/02/26 11:00:00,Annual,"European Union - 27 countries (AT, BE, BG, CY, CZ, DE, DK, EE, ES, FI, FR, GR, HR, HU, IE, IT, LT, LU, LV, MT, NL, PL, PT, RO, SE, SI, SK)",Sudan (incl. South Sudan 'SS' -> 2012),ZINC AND ARTICLES THEREOF,EXPORT,VALUE_IN_EUROS,2010,3596
ESTAT:DS-045409(1.0),06/02/26 11:00:00,Annual,"European Union - 27 countries (AT, BE, BG, CY, CZ, DE, DK, EE, ES, FI, FR, GR, HR, HU, IE, IT, LT, LU, LV, MT, NL, PL, PT, RO, SE, SI, SK)",Sudan (incl. South Sudan 'SS' -> 2012),ZINC AND ARTICLES THEREOF,EXPORT,VALUE_IN_EUROS,2011,1290
ESTAT:DS-045409(1.0),06/02/26 11:00:00,Annual,"European Union - 27 countries (AT, BE, BG, CY, CZ, DE, DK, EE, ES, FI, FR, GR, HR, HU, IE, IT, LT, LU, LV, MT, NL, PL, PT, RO, SE, SI, SK)",Sudan (incl. South Sudan 'SS' -> 2012),ZINC AND ARTICLES THEREOF,EXPORT,VALUE_IN_EUROS,2012,49658
ESTAT:DS-045409(1.0),06/02/26 11:00:00,Annual,"European Union - 27 countries (AT, BE, BG, CY, CZ, DE, DK, EE, ES, FI, FR, GR, HR, HU, IE, IT, LT, LU, LV, MT, NL, PL, PT, RO, SE, SI, SK)",Sudan (incl. South Sudan 'SS' -> 2012),ZINC AND ARTICLES THEREOF,EXPORT,VALUE_IN_EUROS,2013,111677
ESTAT:DS-045409(1.0),06/02/26 11:00:00,Annual,"European Union - 27 countries (AT, BE, BG, CY, CZ, DE, DK, EE, ES, FI, FR, GR, HR, HU, IE, IT, LT, LU, LV, MT, NL, PL, PT, RO, SE, SI, SK)",Sudan (incl. South Sudan 'SS' -> 2012),ZINC AND ARTICLES THEREOF,EXPORT,VALUE_IN_EUROS,2014,51863
ESTAT:DS-045409(1.0),06/02/26 11:00:00,Annual,"European Union - 27 countries (AT, BE, BG, CY, CZ, DE, DK, EE, ES, FI, FR, GR, HR, HU, IE, IT, LT, LU, LV, MT, NL, PL, PT, RO, SE, SI, SK)",Sudan (incl. South Sudan 'SS' -> 2012),ZINC AND ARTICLES THEREOF,EXPORT,VALUE_IN_EUROS,2015,554
ESTAT:DS-045409(1.0),06/02/26 11:00:00,Annual,"European Union - 27 countries (AT, BE, BG, CY, CZ, DE, DK, EE, ES, FI, FR, GR, HR, HU, IE, IT, LT, LU, LV, MT, NL, PL, PT, RO, SE, SI, SK)",Sudan (incl. South Sudan 'SS' -> 2012),ZINC AND ARTICLES THEREOF,EXPORT,VALUE_IN_EUROS,2016,88440
ESTAT:DS-045409(1.0),06/02/26 11:00:00,Annual,"European Union - 27 countries (AT, BE, BG, CY, CZ, DE, DK, EE, ES, FI, FR, GR, HR, HU, IE, IT, LT, LU, LV, MT, NL, PL, PT, RO, SE, SI, SK)",Sudan (incl. South Sudan 'SS' -> 2012),ZINC AND ARTICLES THEREOF,EXPORT,VALUE_IN_EUROS,2017,59904
ESTAT:DS-045409(1.0),06/02/26 11:00:00,Annual,"European Union - 27 countries (AT, BE, BG, CY, CZ, DE, DK, EE, ES, FI, FR, GR, HR, HU, IE, IT, LT, LU, LV, MT, NL, PL, PT, RO, SE, SI, SK)",Sudan (incl. South Sudan 'SS' -> 2012),ZINC AND ARTICLES THEREOF,EXPORT,VALUE_IN_EUROS,2019,2303
ESTAT:DS-045409(1.0),06/02/26 11:00:00,Annual,"European Union - 27 countries (AT, BE, BG, CY, CZ, DE, DK, EE, ES, FI, FR, GR, HR, HU, IE, IT, LT, LU, LV, MT, NL, PL, PT, RO, SE, SI, SK)",Sudan (incl. South Sudan 'SS' -> 2012),ZINC AND ARTICLES THEREOF,EXPORT,VALUE_IN_EUROS,2020,237
ESTAT:DS-045409(1.0),06/02/26 11:00:00,Annual,"European Union - 27 countries (AT, BE, BG, CY, CZ, DE, DK, EE, ES, FI, FR, GR, HR, HU, IE, IT, LT, LU, LV, MT, NL, PL, PT, RO, SE, SI, SK)",Sudan (incl. South Sudan 'SS' -> 2012),ZINC AND ARTICLES THEREOF,EXPORT,VALUE_IN_EUROS,2021,258
ESTAT:DS-045409(1.0),06/02/26 11:00:00,Annual,"European Union - 27 countries (AT, BE, BG, CY, CZ, DE, DK, EE, ES, FI, FR, GR, HR, HU, IE, IT, LT, LU, LV, MT, NL, PL, PT, RO, SE, SI, SK)",Sudan (incl. South Sudan 'SS' -> 2012),ZINC AND ARTICLES THEREOF,EXPORT,VALUE_IN_EUROS,2022,2976
ESTAT:DS-045409(1.0),06/02/26 11:00:00,Annual,"European Union - 27 countries (AT, BE, BG, CY, CZ, DE, DK, EE, ES, FI, FR, GR, HR, HU, IE, IT, LT, LU, LV, MT, NL, PL, PT, RO, SE, SI, SK)",Sudan (incl. South Sudan 'SS' -> 2012),ZINC AND ARTICLES THEREOF,EXPORT,VALUE_IN_EUROS,2023,1093
ESTAT:DS-045409(1.0),06/02/26 11:00:00,Annual,"European Union - 27 countries (AT, BE, BG, CY, CZ, DE, DK, EE, ES, FI, FR, GR, HR, HU, IE, IT, LT, LU, LV, MT, NL, PL, PT, RO, SE, SI, SK)",Sierra Leone,ZINC AND ARTICLES THEREOF,EXPORT,VALUE_IN_EUROS,2000,92859
ESTAT:DS-045409(1.0),06/02/26 11:00:00,Annual,"European Union - 27 countries (AT, BE, BG, CY, CZ, DE, DK, EE, ES, FI, FR, GR, HR, HU, IE, IT, LT, LU, LV, MT, NL, PL, PT, RO, SE, SI, SK)",Sierra Leone,ZINC AND ARTICLES THEREOF,EXPORT,VALUE_IN_EUROS,2001,187904
ESTAT:DS-045409(1.0),06/02/26 11:00:00,Annual,"European Union - 27 countries (AT, BE, BG, CY, CZ, DE, DK, EE, ES, FI, FR, GR, HR, HU, IE, IT, LT, LU, LV, MT, NL, PL, PT, RO, SE, SI, SK)",Sierra Leone,ZINC AND ARTICLES THEREOF,EXPORT,VALUE_IN_EUROS,2002,9686
ESTAT:DS-045409(1.0),06/02/26 11:00:00,Annual,"European Union - 27 countries (AT, BE, BG, CY, CZ, DE, DK, EE, ES, FI, FR, GR, HR, HU, IE, IT, LT, LU, LV, MT, NL, PL, PT, RO, SE, SI, SK)",Sierra Leone,ZINC AND ARTICLES THEREOF,EXPORT,VALUE_IN_EUROS,2003,14261
ESTAT:DS-045409(1.0),06/02/26 11:00:00,Annual,"European Union - 27 countries (AT, BE, BG, CY, CZ, DE, DK, EE, ES, FI, FR, GR, HR, HU, IE, IT, LT, LU, LV, MT, NL, PL, PT, RO, SE, SI, SK)",Sierra Leone,ZINC AND ARTICLES THEREOF,EXPORT,VALUE_IN_EUROS,2004,44381
ESTAT:DS-045409(1.0),06/02/26 11:00:00,Annual,"European Union - 27 countries (AT, BE, BG, CY, CZ, DE, DK, EE, ES, FI, FR, GR, HR, HU, IE, IT, LT, LU, LV, MT, NL, PL, PT, RO, SE, SI, SK)",Sierra Leone,ZINC AND ARTICLES THEREOF,EXPORT,VALUE_IN_EUROS,2007,5568
ESTAT:DS-045409(1.0),06/02/26 11:00:00,Annual,"European Union - 27 countries (AT, BE, BG, CY, CZ, DE, DK, EE, ES, FI, FR, GR, HR, HU, IE, IT, LT, LU, LV, MT, NL, PL, PT, RO, SE, SI, SK)",Sierra Leone,ZINC AND ARTICLES THEREOF,EXPORT,VALUE_IN_EUROS,2008,6860
ESTAT:DS-045409(1.0),06/02/26 11:00:00,Annual,"European Union - 27 countries (AT, BE, BG, CY, CZ, DE, DK, EE, ES, FI, FR, GR, HR, HU, IE, IT, LT, LU, LV, MT, NL, PL, PT, RO, SE, SI, SK)",Sierra Leone,ZINC AND ARTICLES THEREOF,EXPORT,VALUE_IN_EUROS,2009,2520
ESTAT:DS-045409(1.0),06/02/26 11:00:00,Annual,"European Union - 27 countries (AT, BE, BG, CY, CZ, DE, DK, EE, ES, FI, FR, GR, HR, HU, IE, IT, LT, LU, LV, MT, NL, PL, PT, RO, SE, SI, SK)",Sierra Leone,ZINC AND ARTICLES THEREOF,EXPORT,VALUE_IN_EUROS,2012,9140
ESTAT:DS-045409(1.0),06/02/26 11:00:00,Annual,"European Union - 27 countries (AT, BE, BG, CY, CZ, DE, DK, EE, ES, FI, FR, GR, HR, HU, IE, IT, LT, LU, LV, MT, NL, PL, PT, RO, SE, SI, SK)",Sierra Leone,ZINC AND ARTICLES THEREOF,EXPORT,VALUE_IN_EUROS,2013,573
ESTAT:DS-045409(1.0),06/02/26 11:00:00,Annual,"European Union - 27 countries (AT, BE, BG, CY, CZ, DE, DK, EE, ES, FI, FR, GR, HR, HU, IE, IT, LT, LU, LV, MT, NL, PL, PT, RO, SE, SI, SK)",Sierra Leone,ZINC AND ARTICLES THEREOF,EXPORT,VALUE_IN_EUROS,2016,4060
ESTAT:DS-045409(1.0),06/02/26 11:00:00,Annual,"European Union - 27 countries (AT, BE, BG, CY, CZ, DE, DK, EE, ES, FI, FR, GR, HR, HU, IE, IT, LT, LU, LV, MT, NL, PL, PT, RO, SE, SI, SK)",Sierra Leone,ZINC AND ARTICLES THEREOF,EXPORT,VALUE_IN_EUROS,2017,200
ESTAT:DS-045409(1.0),06/02/26 11:00:00,Annual,"European Union - 27 countries (AT, BE, BG, CY, CZ, DE, DK, EE, ES, FI, FR, GR, HR, HU, IE, IT, LT, LU, LV, MT, NL, PL, PT, RO, SE, SI, SK)",Sierra Leone,ZINC AND ARTICLES THEREOF,EXPORT,VALUE_IN_EUROS,2019,2704
ESTAT:DS-045409(1.0),06/02/26 11:00:00,Annual,"European Union - 27 countries (AT, BE, BG, CY, CZ, DE, DK, EE, ES, FI, FR, GR, HR, HU, IE, IT, LT, LU, LV, MT, NL, PL, PT, RO, SE, SI, SK)",Sierra Leone,ZINC AND ARTICLES THEREOF,EXPORT,VALUE_IN_EUROS,2020,19
ESTAT:DS-045409(1.0),06/02/26 11:00:00,Annual,"European Union - 27 countries (AT, BE, BG, CY, CZ, DE, DK, EE, ES, FI, FR, GR, HR, HU, IE, IT, LT, LU, LV, MT, NL, PL, PT, RO, SE, SI, SK)",Sierra Leone,ZINC AND ARTICLES THEREOF,EXPORT,VALUE_IN_EUROS,2021,25
ESTAT:DS-045409(1.0),06/02/26 11:00:00,Annual,"European Union - 27 countries (AT, BE, BG, CY, CZ, DE, DK, EE, ES, FI, FR, GR, HR, HU, IE, IT, LT, LU, LV, MT, NL, PL, PT, RO, SE, SI, SK)",Sierra Leone,ZINC AND ARTICLES THEREOF,EXPORT,VALUE_IN_EUROS,2022,268
ESTAT:DS-045409(1.0),06/02/26 11:00:00,Annual,"European Union - 27 countries (AT, BE, BG, CY, CZ, DE, DK, EE, ES, FI, FR, GR, HR, HU, IE, IT, LT, LU, LV, MT, NL, PL, PT, RO, SE, SI, SK)",Sierra Leone,ZINC AND ARTICLES THEREOF,EXPORT,VALUE_IN_EUROS,2023,2790
ESTAT:DS-045409(1.0),06/02/26 11:00:00,Annual,"European Union - 27 countries (AT, BE, BG, CY, CZ, DE, DK, EE, ES, FI, FR, GR, HR, HU, IE, IT, LT, LU, LV, MT, NL, PL, PT, RO, SE, SI, SK)",Sierra Leone,ZINC AND ARTICLES THEREOF,EXPORT,VALUE_IN_EUROS,2024,24
ESTAT:DS-045409(1.0),06/02/26 11:00:00,Annual,"European Union - 27 countries (AT, BE, BG, CY, CZ, DE, DK, EE, ES, FI, FR, GR, HR, HU, IE, IT, LT, LU, LV, MT, NL, PL, PT, RO, SE, SI, SK)",Senegal,ZINC AND ARTICLES THEREOF,EXPORT,VALUE_IN_EUROS,1999,2485065
ESTAT:DS-045409(1.0),06/02/26 11:00:00,Annual,"European Union - 27 countries (AT, BE, BG, CY, CZ, DE, DK, EE, ES, FI, FR, GR, HR, HU, IE, IT, LT, LU, LV, MT, NL, PL, PT, RO, SE, SI, SK)",Senegal,ZINC AND ARTICLES THEREOF,EXPORT,VALUE_IN_EUROS,2000,2917858
ESTAT:DS-045409(1.0),06/02/26 11:00:00,Annual,"European Union - 27 countries (AT, BE, BG, CY, CZ, DE, DK, EE, ES, FI, FR, GR, HR, HU, IE, IT, LT, LU, LV, MT, NL, PL, PT, RO, SE, SI, SK)",Senegal,ZINC AND ARTICLES THEREOF,EXPORT,VALUE_IN_EUROS,2001,3280578
ESTAT:DS-045409(1.0),06/02/26 11:00:00,Annual,"European Union - 27 countries (AT, BE, BG, CY, CZ, DE, DK, EE, ES, FI, FR, GR, HR, HU, IE, IT, LT, LU, LV, MT, NL, PL, PT, RO, SE, SI, SK)",Senegal,ZINC AND ARTICLES THEREOF,EXPORT,VALUE_IN_EUROS,2002,2698131
ESTAT:DS-045409(1.0),06/02/26 11:00:00,Annual,"European Union - 27 countries (AT, BE, BG, CY, CZ, DE, DK, EE, ES, FI, FR, GR, HR, HU, IE, IT, LT, LU, LV, MT, NL, PL, PT, RO, SE, SI, SK)",Senegal,ZINC AND ARTICLES THEREOF,EXPORT,VALUE_IN_EUROS,2003,50651
ESTAT:DS-045409(1.0),06/02/26 11:00:00,Annual,"European Union - 27 countries (AT, BE, BG, CY, CZ, DE, DK, EE, ES, FI, FR, GR, HR, HU, IE, IT, LT, LU, LV, MT, NL, PL, PT, RO, SE, SI, SK)",Senegal,ZINC AND ARTICLES THEREOF,EXPORT,VALUE_IN_EUROS,2004,23968
ESTAT:DS-045409(1.0),06/02/26 11:00:00,Annual,"European Union - 27 countries (AT, BE, BG, CY, CZ, DE, DK, EE, ES, FI, FR, GR, HR, HU, IE, IT, LT, LU, LV, MT, NL, PL, PT, RO, SE, SI, SK)",Senegal,ZINC AND ARTICLES THEREOF,EXPORT,VALUE_IN_EUROS,2005,8168
ESTAT:DS-045409(1.0),06/02/26 11:00:00,Annual,"European Union - 27 countries (AT, BE, BG, CY, CZ, DE, DK, EE, ES, FI, FR, GR, HR, HU, IE, IT, LT, LU, LV, MT, NL, PL, PT, RO, SE, SI, SK)",Senegal,ZINC AND ARTICLES THEREOF,EXPORT,VALUE_IN_EUROS,2006,26345
ESTAT:DS-045409(1.0),06/02/26 11:00:00,Annual,"European Union - 27 countries (AT, BE, BG, CY, CZ, DE, DK, EE, ES, FI, FR, GR, HR, HU, IE, IT, LT, LU, LV, MT, NL, PL, PT, RO, SE, SI, SK)",Senegal,ZINC AND ARTICLES THEREOF,EXPORT,VALUE_IN_EUROS,2007,55458
ESTAT:DS-045409(1.0),06/02/26 11:00:00,Annual,"European Union - 27 countries (AT, BE, BG, CY, CZ, DE, DK, EE, ES, FI, FR, GR, HR, HU, IE, IT, LT, LU, LV, MT, NL, PL, PT, RO, SE, SI, SK)",Senegal,ZINC AND ARTICLES THEREOF,EXPORT,VALUE_IN_EUROS,2008,301361
ESTAT:DS-045409(1.0),06/02/26 11:00:00,Annual,"European Union - 27 countries (AT, BE, BG, CY, CZ, DE, DK, EE, ES, FI, FR, GR, HR, HU, IE, IT, LT, LU, LV, MT, NL, PL, PT, RO, SE, SI, SK)",Senegal,ZINC AND ARTICLES THEREOF,EXPORT,VALUE_IN_EUROS,2009,152370
ESTAT:DS-045409(1.0),06/02/26 11:00:00,Annual,"European Union - 27 countries (AT, BE, BG, CY, CZ, DE, DK, EE, ES, FI, FR, GR, HR, HU, IE, IT, LT, LU, LV, MT, NL, PL, PT, RO, SE, SI, SK)",Senegal,ZINC AND ARTICLES THEREOF,EXPORT,VALUE_IN_EUROS,2010,164355
ESTAT:DS-045409(1.0),06/02/26 11:00:00,Annual,"European Union - 27 countries (AT, BE, BG, CY, CZ, DE, DK, EE, ES, FI, FR, GR, HR, HU, IE, IT, LT, LU, LV, MT, NL, PL, PT, RO, SE, SI, SK)",Senegal,ZINC AND ARTICLES THEREOF,EXPORT,VALUE_IN_EUROS,2011,92507
ESTAT:DS-045409(1.0),06/02/26 11:00:00,Annual,"European Union - 27 countries (AT, BE, BG, CY, CZ, DE, DK, EE, ES, FI, FR, GR, HR, HU, IE, IT, LT, LU, LV, MT, NL, PL, PT, RO, SE, SI, SK)",Senegal,ZINC AND ARTICLES THEREOF,EXPORT,VALUE_IN_EUROS,2012,175194
ESTAT:DS-045409(1.0),06/02/26 11:00:00,Annual,"European Union - 27 countries (AT, BE, BG, CY, CZ, DE, DK, EE, ES, FI, FR, GR, HR, HU, IE, IT, LT, LU, LV, MT, NL, PL, PT, RO, SE, SI, SK)",Senegal,ZINC AND ARTICLES THEREOF,EXPORT,VALUE_IN_EUROS,2013,233295
ESTAT:DS-045409(1.0),06/02/26 11:00:00,Annual,"European Union - 27 countries (AT, BE, BG, CY, CZ, DE, DK, EE, ES, FI, FR, GR, HR, HU, IE, IT, LT, LU, LV, MT, NL, PL, PT, RO, SE, SI, SK)",Senegal,ZINC AND ARTICLES THEREOF,EXPORT,VALUE_IN_EUROS,2014,184115
ESTAT:DS-045409(1.0),06/02/26 11:00:00,Annual,"European Union - 27 countries (AT, BE, BG, CY, CZ, DE, DK, EE, ES, FI, FR, GR, HR, HU, IE, IT, LT, LU, LV, MT, NL, PL, PT, RO, SE, SI, SK)",Senegal,ZINC AND ARTICLES THEREOF,EXPORT,VALUE_IN_EUROS,2015,195652
ESTAT:DS-045409(1.0),06/02/26 11:00:00,Annual,"European Union - 27 countries (AT, BE, BG, CY, CZ, DE, DK, EE, ES, FI, FR, GR, HR, HU, IE, IT, LT, LU, LV, MT, NL, PL, PT, RO, SE, SI, SK)",Senegal,ZINC AND ARTICLES THEREOF,EXPORT,VALUE_IN_EUROS,2016,59291
ESTAT:DS-045409(1.0),06/02/26 11:00:00,Annual,"European Union - 27 countries (AT, BE, BG, CY, CZ, DE, DK, EE, ES, FI, FR, GR, HR, HU, IE, IT, LT, LU, LV, MT, NL, PL, PT, RO, SE, SI, SK)",Senegal,ZINC AND ARTICLES THEREOF,EXPORT,VALUE_IN_EUROS,2017,189154
ESTAT:DS-045409(1.0),06/02/26 11:00:00,Annual,"European Union - 27 countries (AT, BE, BG, CY, CZ, DE, DK, EE, ES, FI, FR, GR, HR, HU, IE, IT, LT, LU, LV, MT, NL, PL, PT, RO, SE, SI, SK)",Senegal,ZINC AND ARTICLES THEREOF,EXPORT,VALUE_IN_EUROS,2018,322468
ESTAT:DS-045409(1.0),06/02/26 11:00:00,Annual,"European Union - 27 countries (AT, BE, BG, CY, CZ, DE, DK, EE, ES, FI, FR, GR, HR, HU, IE, IT, LT, LU, LV, MT, NL, PL, PT, RO, SE, SI, SK)",Senegal,ZINC AND ARTICLES THEREOF,EXPORT,VALUE_IN_EUROS,2019,213276
ESTAT:DS-045409(1.0),06/02/26 11:00:00,Annual,"European Union - 27 countries (AT, BE, BG, CY, CZ, DE, DK, EE, ES, FI, FR, GR, HR, HU, IE, IT, LT, LU, LV, MT, NL, PL, PT, RO, SE, SI, SK)",Senegal,ZINC AND ARTICLES THEREOF,EXPORT,VALUE_IN_EUROS,2020,177219
ESTAT:DS-045409(1.0),06/02/26 11:00:00,Annual,"European Union - 27 countries (AT, BE, BG, CY, CZ, DE, DK, EE, ES, FI, FR, GR, HR, HU, IE, IT, LT, LU, LV, MT, NL, PL, PT, RO, SE, SI, SK)",Senegal,ZINC AND ARTICLES THEREOF,EXPORT,VALUE_IN_EUROS,2021,335251
ESTAT:DS-045409(1.0),06/02/26 11:00:00,Annual,"European Union - 27 countries (AT, BE, BG, CY, CZ, DE, DK, EE, ES, FI, FR, GR, HR, HU, IE, IT, LT, LU, LV, MT, NL, PL, PT, RO, SE, SI, SK)",Senegal,ZINC AND ARTICLES THEREOF,EXPORT,VALUE_IN_EUROS,2022,120514
ESTAT:DS-045409(1.0),06/02/26 11:00:00,Annual,"European Union - 27 countries (AT, BE, BG, CY, CZ, DE, DK, EE, ES, FI, FR, GR, HR, HU, IE, IT, LT, LU, LV, MT, NL, PL, PT, RO, SE, SI, SK)",Senegal,ZINC AND ARTICLES THEREOF,EXPORT,VALUE_IN_EUROS,2023,678443
ESTAT:DS-045409(1.0),06/02/26 11:00:00,Annual,"European Union - 27 countries (AT, BE, BG, CY, CZ, DE, DK, EE, ES, FI, FR, GR, HR, HU, IE, IT, LT, LU, LV, MT, NL, PL, PT, RO, SE, SI, SK)",Senegal,ZINC AND ARTICLES THEREOF,EXPORT,VALUE_IN_EUROS,2024,441017
ESTAT:DS-045409(1.0),06/02/26 11:00:00,Annual,"European Union - 27 countries (AT, BE, BG, CY, CZ, DE, DK, EE, ES, FI, FR, GR, HR, HU, IE, IT, LT, LU, LV, MT, NL, PL, PT, RO, SE, SI, SK)",Somalia,ZINC AND ARTICLES THEREOF,EXPORT,VALUE_IN_EUROS,2015,11
ESTAT:DS-045409(1.0),06/02/26 11:00:00,Annual,"European Union - 27 countries (AT, BE, BG, CY, CZ, DE, DK, EE, ES, FI, FR, GR, HR, HU, IE, IT, LT, LU, LV, MT, NL, PL, PT, RO, SE, SI, SK)",South Sudan,ZINC AND ARTICLES THEREOF,EXPORT,VALUE_IN_EUROS,2014,322
ESTAT:DS-045409(1.0),06/02/26 11:00:00,Annual,"European Union - 27 countries (AT, BE, BG, CY, CZ, DE, DK, EE, ES, FI, FR, GR, HR, HU, IE, IT, LT, LU, LV, MT, NL, PL, PT, RO, SE, SI, SK)",Sao Tome and Principe,ZINC AND ARTICLES THEREOF,EXPORT,VALUE_IN_EUROS,1999,64159
ESTAT:DS-045409(1.0),06/02/26 11:00:00,Annual,"European Union - 27 countries (AT, BE, BG, CY, CZ, DE, DK, EE, ES, FI, FR, GR, HR, HU, IE, IT, LT, LU, LV, MT, NL, PL, PT, RO, SE, SI, SK)",Sao Tome and Principe,ZINC AND ARTICLES THEREOF,EXPORT,VALUE_IN_EUROS,2000,56839
ESTAT:DS-045409(1.0),06/02/26 11:00:00,Annual,"European Union - 27 countries (AT, BE, BG, CY, CZ, DE, DK, EE, ES, FI, FR, GR, HR, HU, IE, IT, LT, LU, LV, MT, NL, PL, PT, RO, SE, SI, SK)",Sao Tome and Principe,ZINC AND ARTICLES THEREOF,EXPORT,VALUE_IN_EUROS,2001,145105
ESTAT:DS-045409(1.0),06/02/26 11:00:00,Annual,"European Union - 27 countries (AT, BE, BG, CY, CZ, DE, DK, EE, ES, FI, FR, GR, HR, HU, IE, IT, LT, LU, LV, MT, NL, PL, PT, RO, SE, SI, SK)",Sao Tome and Principe,ZINC AND ARTICLES THEREOF,EXPORT,VALUE_IN_EUROS,2002,158701
ESTAT:DS-045409(1.0),06/02/26 11:00:00,Annual,"European Union - 27 countries (AT, BE, BG, CY, CZ, DE, DK, EE, ES, FI, FR, GR, HR, HU, IE, IT, LT, LU, LV, MT, NL, PL, PT, RO, SE, SI, SK)",Sao Tome and Principe,ZINC AND ARTICLES THEREOF,EXPORT,VALUE_IN_EUROS,2003,133611
ESTAT:DS-045409(1.0),06/02/26 11:00:00,Annual,"European Union - 27 countries (AT, BE, BG, CY, CZ, DE, DK, EE, ES, FI, FR, GR, HR, HU, IE, IT, LT, LU, LV, MT, NL, PL, PT, RO, SE, SI, SK)",Sao Tome and Principe,ZINC AND ARTICLES THEREOF,EXPORT,VALUE_IN_EUROS,2004,61970
ESTAT:DS-045409(1.0),06/02/26 11:00:00,Annual,"European Union - 27 countries (AT, BE, BG, CY, CZ, DE, DK, EE, ES, FI, FR, GR, HR, HU, IE, IT, LT, LU, LV, MT, NL, PL, PT, RO, SE, SI, SK)",Sao Tome and Principe,ZINC AND ARTICLES THEREOF,EXPORT,VALUE_IN_EUROS,2005,75677
ESTAT:DS-045409(1.0),06/02/26 11:00:00,Annual,"European Union - 27 countries (AT, BE, BG, CY, CZ, DE, DK, EE, ES, FI, FR, GR, HR, HU, IE, IT, LT, LU, LV, MT, NL, PL, PT, RO, SE, SI, SK)",Sao Tome and Principe,ZINC AND ARTICLES THEREOF,EXPORT,VALUE_IN_EUROS,2006,1026
ESTAT:DS-045409(1.0),06/02/26 11:00:00,Annual,"European Union - 27 countries (AT, BE, BG, CY, CZ, DE, DK, EE, ES, FI, FR, GR, HR, HU, IE, IT, LT, LU, LV, MT, NL, PL, PT, RO, SE, SI, SK)",Sao Tome and Principe,ZINC AND ARTICLES THEREOF,EXPORT,VALUE_IN_EUROS,2007,22578
ESTAT:DS-045409(1.0),06/02/26 11:00:00,Annual,"European Union - 27 countries (AT, BE, BG, CY, CZ, DE, DK, EE, ES, FI, FR, GR, HR, HU, IE, IT, LT, LU, LV, MT, NL, PL, PT, RO, SE, SI, SK)",Sao Tome and Principe,ZINC AND ARTICLES THEREOF,EXPORT,VALUE_IN_EUROS,2008,63833
ESTAT:DS-045409(1.0),06/02/26 11:00:00,Annual,"European Union - 27 countries (AT, BE, BG, CY, CZ, DE, DK, EE, ES, FI, FR, GR, HR, HU, IE, IT, LT, LU, LV, MT, NL, PL, PT, RO, SE, SI, SK)",Sao Tome and Principe,ZINC AND ARTICLES THEREOF,EXPORT,VALUE_IN_EUROS,2009,37309
ESTAT:DS-045409(1.0),06/02/26 11:00:00,Annual,"European Union - 27 countries (AT, BE, BG, CY, CZ, DE, DK, EE, ES, FI, FR, GR, HR, HU, IE, IT, LT, LU, LV, MT, NL, PL, PT, RO, SE, SI, SK)",Sao Tome and Principe,ZINC AND ARTICLES THEREOF,EXPORT,VALUE_IN_EUROS,2010,2833
ESTAT:DS-045409(1.0),06/02/26 11:00:00,Annual,"European Union - 27 countries (AT, BE, BG, CY, CZ, DE, DK, EE, ES, FI, FR, GR, HR, HU, IE, IT, LT, LU, LV, MT, NL, PL, PT, RO, SE, SI, SK)",Sao Tome and Principe,ZINC AND ARTICLES THEREOF,EXPORT,VALUE_IN_EUROS,2011,4685
ESTAT:DS-045409(1.0),06/02/26 11:00:00,Annual,"European Union - 27 countries (AT, BE, BG, CY, CZ, DE, DK, EE, ES, FI, FR, GR, HR, HU, IE, IT, LT, LU, LV, MT, NL, PL, PT, RO, SE, SI, SK)",Sao Tome and Principe,ZINC AND ARTICLES THEREOF,EXPORT,VALUE_IN_EUROS,2012,17297
ESTAT:DS-045409(1.0),06/02/26 11:00:00,Annual,"European Union - 27 countries (AT, BE, BG, CY, CZ, DE, DK, EE, ES, FI, FR, GR, HR, HU, IE, IT, LT, LU, LV, MT, NL, PL, PT, RO, SE, SI, SK)",Sao Tome and Principe,ZINC AND ARTICLES THEREOF,EXPORT,VALUE_IN_EUROS,2013,14164
ESTAT:DS-045409(1.0),06/02/26 11:00:00,Annual,"European Union - 27 countries (AT, BE, BG, CY, CZ, DE, DK, EE, ES, FI, FR, GR, HR, HU, IE, IT, LT, LU, LV, MT, NL, PL, PT, RO, SE, SI, SK)",Sao Tome and Principe,ZINC AND ARTICLES THEREOF,EXPORT,VALUE_IN_EUROS,2014,89
ESTAT:DS-045409(1.0),06/02/26 11:00:00,Annual,"European Union - 27 countries (AT, BE, BG, CY, CZ, DE, DK, EE, ES, FI, FR, GR, HR, HU, IE, IT, LT, LU, LV, MT, NL, PL, PT, RO, SE, SI, SK)",Sao Tome and Principe,ZINC AND ARTICLES THEREOF,EXPORT,VALUE_IN_EUROS,2015,4475
ESTAT:DS-045409(1.0),06/02/26 11:00:00,Annual,"European Union - 27 countries (AT, BE, BG, CY, CZ, DE, DK, EE, ES, FI, FR, GR, HR, HU, IE, IT, LT, LU, LV, MT, NL, PL, PT, RO, SE, SI, SK)",Sao Tome and Principe,ZINC AND ARTICLES THEREOF,EXPORT,VALUE_IN_EUROS,2016,2634
ESTAT:DS-045409(1.0),06/02/26 11:00:00,Annual,"European Union - 27 countries (AT, BE, BG, CY, CZ, DE, DK, EE, ES, FI, FR, GR, HR, HU, IE, IT, LT, LU, LV, MT, NL, PL, PT, RO, SE, SI, SK)",Sao Tome and Principe,ZINC AND ARTICLES THEREOF,EXPORT,VALUE_IN_EUROS,2017,4476
ESTAT:DS-045409(1.0),06/02/26 11:00:00,Annual,"European Union - 27 countries (AT, BE, BG, CY, CZ, DE, DK, EE, ES, FI, FR, GR, HR, HU, IE, IT, LT, LU, LV, MT, NL, PL, PT, RO, SE, SI, SK)",Sao Tome and Principe,ZINC AND ARTICLES THEREOF,EXPORT,VALUE_IN_EUROS,2018,5699
ESTAT:DS-045409(1.0),06/02/26 11:00:00,Annual,"European Union - 27 countries (AT, BE, BG, CY, CZ, DE, DK, EE, ES, FI, FR, GR, HR, HU, IE, IT, LT, LU, LV, MT, NL, PL, PT, RO, SE, SI, SK)",Sao Tome and Principe,ZINC AND ARTICLES THEREOF,EXPORT,VALUE_IN_EUROS,2019,1398
ESTAT:DS-045409(1.0),06/02/26 11:00:00,Annual,"European Union - 27 countries (AT, BE, BG, CY, CZ, DE, DK, EE, ES, FI, FR, GR, HR, HU, IE, IT, LT, LU, LV, MT, NL, PL, PT, RO, SE, SI, SK)",Sao Tome and Principe,ZINC AND ARTICLES THEREOF,EXPORT,VALUE_IN_EUROS,2020,3820
ESTAT:DS-045409(1.0),06/02/26 11:00:00,Annual,"European Union - 27 countries (AT, BE, BG, CY, CZ, DE, DK, EE, ES, FI, FR, GR, HR, HU, IE, IT, LT, LU, LV, MT, NL, PL, PT, RO, SE, SI, SK)",Sao Tome and Principe,ZINC AND ARTICLES THEREOF,EXPORT,VALUE_IN_EUROS,2021,601
ESTAT:DS-045409(1.0),06/02/26 11:00:00,Annual,"European Union - 27 countries (AT, BE, BG, CY, CZ, DE, DK, EE, ES, FI, FR, GR, HR, HU, IE, IT, LT, LU, LV, MT, NL, PL, PT, RO, SE, SI, SK)",Sao Tome and Principe,ZINC AND ARTICLES THEREOF,EXPORT,VALUE_IN_EUROS,2022,20
ESTAT:DS-045409(1.0),06/02/26 11:00:00,Annual,"European Union - 27 countries (AT, BE, BG, CY, CZ, DE, DK, EE, ES, FI, FR, GR, HR, HU, IE, IT, LT, LU, LV, MT, NL, PL, PT, RO, SE, SI, SK)",Sao Tome and Principe,ZINC AND ARTICLES THEREOF,EXPORT,VALUE_IN_EUROS,2023,2652
ESTAT:DS-045409(1.0),06/02/26 11:00:00,Annual,"European Union - 27 countries (AT, BE, BG, CY, CZ, DE, DK, EE, ES, FI, FR, GR, HR, HU, IE, IT, LT, LU, LV, MT, NL, PL, PT, RO, SE, SI, SK)",Sao Tome and Principe,ZINC AND ARTICLES THEREOF,EXPORT,VALUE_IN_EUROS,2024,304
ESTAT:DS-045409(1.0),06/02/26 11:00:00,Annual,"European Union - 27 countries (AT, BE, BG, CY, CZ, DE, DK, EE, ES, FI, FR, GR, HR, HU, IE, IT, LT, LU, LV, MT, NL, PL, PT, RO, SE, SI, SK)",Eswatini (Ngwane),ZINC AND ARTICLES THEREOF,EXPORT,VALUE_IN_EUROS,2018,42
ESTAT:DS-045409(1.0),06/02/26 11:00:00,Annual,"European Union - 27 countries (AT, BE, BG, CY, CZ, DE, DK, EE, ES, FI, FR, GR, HR, HU, IE, IT, LT, LU, LV, MT, NL, PL, PT, RO, SE, SI, SK)",Eswatini (Ngwane),ZINC AND ARTICLES THEREOF,EXPORT,VALUE_IN_EUROS,2021,1584
ESTAT:DS-045409(1.0),06/02/26 11:00:00,Annual,"European Union - 27 countries (AT, BE, BG, CY, CZ, DE, DK, EE, ES, FI, FR, GR, HR, HU, IE, IT, LT, LU, LV, MT, NL, PL, PT, RO, SE, SI, SK)",Chad,ZINC AND ARTICLES THEREOF,EXPORT,VALUE_IN_EUROS,2009,41177
ESTAT:DS-045409(1.0),06/02/26 11:00:00,Annual,"European Union - 27 countries (AT, BE, BG, CY, CZ, DE, DK, EE, ES, FI, FR, GR, HR, HU, IE, IT, LT, LU, LV, MT, NL, PL, PT, RO, SE, SI, SK)",Chad,ZINC AND ARTICLES THEREOF,EXPORT,VALUE_IN_EUROS,2010,929
ESTAT:DS-045409(1.0),06/02/26 11:00:00,Annual,"European Union - 27 countries (AT, BE, BG, CY, CZ, DE, DK, EE, ES, FI, FR, GR, HR, HU, IE, IT, LT, LU, LV, MT, NL, PL, PT, RO, SE, SI, SK)",Chad,ZINC AND ARTICLES THEREOF,EXPORT,VALUE_IN_EUROS,2011,1231
ESTAT:DS-045409(1.0),06/02/26 11:00:00,Annual,"European Union - 27 countries (AT, BE, BG, CY, CZ, DE, DK, EE, ES, FI, FR, GR, HR, HU, IE, IT, LT, LU, LV, MT, NL, PL, PT, RO, SE, SI, SK)",Chad,ZINC AND ARTICLES THEREOF,EXPORT,VALUE_IN_EUROS,2012,302
ESTAT:DS-045409(1.0),06/02/26 11:00:00,Annual,"European Union - 27 countries (AT, BE, BG, CY, CZ, DE, DK, EE, ES, FI, FR, GR, HR, HU, IE, IT, LT, LU, LV, MT, NL, PL, PT, RO, SE, SI, SK)",Chad,ZINC AND ARTICLES THEREOF,EXPORT,VALUE_IN_EUROS,2015,5128
ESTAT:DS-045409(1.0),06/02/26 11:00:00,Annual,"European Union - 27 countries (AT, BE, BG, CY, CZ, DE, DK, EE, ES, FI, FR, GR, HR, HU, IE, IT, LT, LU, LV, MT, NL, PL, PT, RO, SE, SI, SK)",Chad,ZINC AND ARTICLES THEREOF,EXPORT,VALUE_IN_EUROS,2016,148
ESTAT:DS-045409(1.0),06/02/26 11:00:00,Annual,"European Union - 27 countries (AT, BE, BG, CY, CZ, DE, DK, EE, ES, FI, FR, GR, HR, HU, IE, IT, LT, LU, LV, MT, NL, PL, PT, RO, SE, SI, SK)",Chad,ZINC AND ARTICLES THEREOF,EXPORT,VALUE_IN_EUROS,2017,309
ESTAT:DS-045409(1.0),06/02/26 11:00:00,Annual,"European Union - 27 countries (AT, BE, BG, CY, CZ, DE, DK, EE, ES, FI, FR, GR, HR, HU, IE, IT, LT, LU, LV, MT, NL, PL, PT, RO, SE, SI, SK)",Chad,ZINC AND ARTICLES THEREOF,EXPORT,VALUE_IN_EUROS,2020,3167
ESTAT:DS-045409(1.0),06/02/26 11:00:00,Annual,"European Union - 27 countries (AT, BE, BG, CY, CZ, DE, DK, EE, ES, FI, FR, GR, HR, HU, IE, IT, LT, LU, LV, MT, NL, PL, PT, RO, SE, SI, SK)",Chad,ZINC AND ARTICLES THEREOF,EXPORT,VALUE_IN_EUROS,2021,37098
ESTAT:DS-045409(1.0),06/02/26 11:00:00,Annual,"European Union - 27 countries (AT, BE, BG, CY, CZ, DE, DK, EE, ES, FI, FR, GR, HR, HU, IE, IT, LT, LU, LV, MT, NL, PL, PT, RO, SE, SI, SK)",Chad,ZINC AND ARTICLES THEREOF,EXPORT,VALUE_IN_EUROS,2023,32
ESTAT:DS-045409(1.0),06/02/26 11:00:00,Annual,"European Union - 27 countries (AT, BE, BG, CY, CZ, DE, DK, EE, ES, FI, FR, GR, HR, HU, IE, IT, LT, LU, LV, MT, NL, PL, PT, RO, SE, SI, SK)",Togo,ZINC AND ARTICLES THEREOF,EXPORT,VALUE_IN_EUROS,1999,647586
ESTAT:DS-045409(1.0),06/02/26 11:00:00,Annual,"European Union - 27 countries (AT, BE, BG, CY, CZ, DE, DK, EE, ES, FI, FR, GR, HR, HU, IE, IT, LT, LU, LV, MT, NL, PL, PT, RO, SE, SI, SK)",Togo,ZINC AND ARTICLES THEREOF,EXPORT,VALUE_IN_EUROS,2000,965944
ESTAT:DS-045409(1.0),06/02/26 11:00:00,Annual,"European Union - 27 countries (AT, BE, BG, CY, CZ, DE, DK, EE, ES, FI, FR, GR, HR, HU, IE, IT, LT, LU, LV, MT, NL, PL, PT, RO, SE, SI, SK)",Togo,ZINC AND ARTICLES THEREOF,EXPORT,VALUE_IN_EUROS,2001,1458842
ESTAT:DS-045409(1.0),06/02/26 11:00:00,Annual,"European Union - 27 countries (AT, BE, BG, CY, CZ, DE, DK, EE, ES, FI, FR, GR, HR, HU, IE, IT, LT, LU, LV, MT, NL, PL, PT, RO, SE, SI, SK)",Togo,ZINC AND ARTICLES THEREOF,EXPORT,VALUE_IN_EUROS,2003,2065
ESTAT:DS-045409(1.0),06/02/26 11:00:00,Annual,"European Union - 27 countries (AT, BE, BG, CY, CZ, DE, DK, EE, ES, FI, FR, GR, HR, HU, IE, IT, LT, LU, LV, MT, NL, PL, PT, RO, SE, SI, SK)",Togo,ZINC AND ARTICLES THEREOF,EXPORT,VALUE_IN_EUROS,2004,1857
ESTAT:DS-045409(1.0),06/02/26 11:00:00,Annual,"European Union - 27 countries (AT, BE, BG, CY, CZ, DE, DK, EE, ES, FI, FR, GR, HR, HU, IE, IT, LT, LU, LV, MT, NL, PL, PT, RO, SE, SI, SK)",Togo,ZINC AND ARTICLES THEREOF,EXPORT,VALUE_IN_EUROS,2006,1193338
ESTAT:DS-045409(1.0),06/02/26 11:00:00,Annual,"European Union - 27 countries (AT, BE, BG, CY, CZ, DE, DK, EE, ES, FI, FR, GR, HR, HU, IE, IT, LT, LU, LV, MT, NL, PL, PT, RO, SE, SI, SK)",Togo,ZINC AND ARTICLES THEREOF,EXPORT,VALUE_IN_EUROS,2007,1082510
ESTAT:DS-045409(1.0),06/02/26 11:00:00,Annual,"European Union - 27 countries (AT, BE, BG, CY, CZ, DE, DK, EE, ES, FI, FR, GR, HR, HU, IE, IT, LT, LU, LV, MT, NL, PL, PT, RO, SE, SI, SK)",Togo,ZINC AND ARTICLES THEREOF,EXPORT,VALUE_IN_EUROS,2008,412497
ESTAT:DS-045409(1.0),06/02/26 11:00:00,Annual,"European Union - 27 countries (AT, BE, BG, CY, CZ, DE, DK, EE, ES, FI, FR, GR, HR, HU, IE, IT, LT, LU, LV, MT, NL, PL, PT, RO, SE, SI, SK)",Togo,ZINC AND ARTICLES THEREOF,EXPORT,VALUE_IN_EUROS,2009,376280
ESTAT:DS-045409(1.0),06/02/26 11:00:00,Annual,"European Union - 27 countries (AT, BE, BG, CY, CZ, DE, DK, EE, ES, FI, FR, GR, HR, HU, IE, IT, LT, LU, LV, MT, NL, PL, PT, RO, SE, SI, SK)",Togo,ZINC AND ARTICLES THEREOF,EXPORT,VALUE_IN_EUROS,2010,2056824
ESTAT:DS-045409(1.0),06/02/26 11:00:00,Annual,"European Union - 27 countries (AT, BE, BG, CY, CZ, DE, DK, EE, ES, FI, FR, GR, HR, HU, IE, IT, LT, LU, LV, MT, NL, PL, PT, RO, SE, SI, SK)",Togo,ZINC AND ARTICLES THEREOF,EXPORT,VALUE_IN_EUROS,2011,315348
ESTAT:DS-045409(1.0),06/02/26 11:00:00,Annual,"European Union - 27 countries (AT, BE, BG, CY, CZ, DE, DK, EE, ES, FI, FR, GR, HR, HU, IE, IT, LT, LU, LV, MT, NL, PL, PT, RO, SE, SI, SK)",Togo,ZINC AND ARTICLES THEREOF,EXPORT,VALUE_IN_EUROS,2012,1578899
ESTAT:DS-045409(1.0),06/02/26 11:00:00,Annual,"European Union - 27 countries (AT, BE, BG, CY, CZ, DE, DK, EE, ES, FI, FR, GR, HR, HU, IE, IT, LT, LU, LV, MT, NL, PL, PT, RO, SE, SI, SK)",Togo,ZINC AND ARTICLES THEREOF,EXPORT,VALUE_IN_EUROS,2013,1307477
ESTAT:DS-045409(1.0),06/02/26 11:00:00,Annual,"European Union - 27 countries (AT, BE, BG, CY, CZ, DE, DK, EE, ES, FI, FR, GR, HR, HU, IE, IT, LT, LU, LV, MT, NL, PL, PT, RO, SE, SI, SK)",Togo,ZINC AND ARTICLES THEREOF,EXPORT,VALUE_IN_EUROS,2014,1757827
ESTAT:DS-045409(1.0),06/02/26 11:00:00,Annual,"European Union - 27 countries (AT, BE, BG, CY, CZ, DE, DK, EE, ES, FI, FR, GR, HR, HU, IE, IT, LT, LU, LV, MT, NL, PL, PT, RO, SE, SI, SK)",Togo,ZINC AND ARTICLES THEREOF,EXPORT,VALUE_IN_EUROS,2015,1873074
ESTAT:DS-045409(1.0),06/02/26 11:00:00,Annual,"European Union - 27 countries (AT, BE, BG, CY, CZ, DE, DK, EE, ES, FI, FR, GR, HR, HU, IE, IT, LT, LU, LV, MT, NL, PL, PT, RO, SE, SI, SK)",Togo,ZINC AND ARTICLES THEREOF,EXPORT,VALUE_IN_EUROS,2016,1816217
ESTAT:DS-045409(1.0),06/02/26 11:00:00,Annual,"European Union - 27 countries (AT, BE, BG, CY, CZ, DE, DK, EE, ES, FI, FR, GR, HR, HU, IE, IT, LT, LU, LV, MT, NL, PL, PT, RO, SE, SI, SK)",Togo,ZINC AND ARTICLES THEREOF,EXPORT,VALUE_IN_EUROS,2017,2744102
ESTAT:DS-045409(1.0),06/02/26 11:00:00,Annual,"European Union - 27 countries (AT, BE, BG, CY, CZ, DE, DK, EE, ES, FI, FR, GR, HR, HU, IE, IT, LT, LU, LV, MT, NL, PL, PT, RO, SE, SI, SK)",Togo,ZINC AND ARTICLES THEREOF,EXPORT,VALUE_IN_EUROS,2018,4780442
ESTAT:DS-045409(1.0),06/02/26 11:00:00,Annual,"European Union - 27 countries (AT, BE, BG, CY, CZ, DE, DK, EE, ES, FI, FR, GR, HR, HU, IE, IT, LT, LU, LV, MT, NL, PL, PT, RO, SE, SI, SK)",Togo,ZINC AND ARTICLES THEREOF,EXPORT,VALUE_IN_EUROS,2019,6526605
ESTAT:DS-045409(1.0),06/02/26 11:00:00,Annual,"European Union - 27 countries (AT, BE, BG, CY, CZ, DE, DK, EE, ES, FI, FR, GR, HR, HU, IE, IT, LT, LU, LV, MT, NL, PL, PT, RO, SE, SI, SK)",Togo,ZINC AND ARTICLES THEREOF,EXPORT,VALUE_IN_EUROS,2020,1159684
ESTAT:DS-045409(1.0),06/02/26 11:00:00,Annual,"European Union - 27 countries (AT, BE, BG, CY, CZ, DE, DK, EE, ES, FI, FR, GR, HR, HU, IE, IT, LT, LU, LV, MT, NL, PL, PT, RO, SE, SI, SK)",Togo,ZINC AND ARTICLES THEREOF,EXPORT,VALUE_IN_EUROS,2021,715411
ESTAT:DS-045409(1.0),06/02/26 11:00:00,Annual,"European Union - 27 countries (AT, BE, BG, CY, CZ, DE, DK, EE, ES, FI, FR, GR, HR, HU, IE, IT, LT, LU, LV, MT, NL, PL, PT, RO, SE, SI, SK)",Togo,ZINC AND ARTICLES THEREOF,EXPORT,VALUE_IN_EUROS,2022,6083
ESTAT:DS-045409(1.0),06/02/26 11:00:00,Annual,"European Union - 27 countries (AT, BE, BG, CY, CZ, DE, DK, EE, ES, FI, FR, GR, HR, HU, IE, IT, LT, LU, LV, MT, NL, PL, PT, RO, SE, SI, SK)",Togo,ZINC AND ARTICLES THEREOF,EXPORT,VALUE_IN_EUROS,2023,13819
ESTAT:DS-045409(1.0),06/02/26 11:00:00,Annual,"European Union - 27 countries (AT, BE, BG, CY, CZ, DE, DK, EE, ES, FI, FR, GR, HR, HU, IE, IT, LT, LU, LV, MT, NL, PL, PT, RO, SE, SI, SK)",Togo,ZINC AND ARTICLES THEREOF,EXPORT,VALUE_IN_EUROS,2024,26695
ESTAT:DS-045409(1.0),06/02/26 11:00:00,Annual,"European Union - 27 countries (AT, BE, BG, CY, CZ, DE, DK, EE, ES, FI, FR, GR, HR, HU, IE, IT, LT, LU, LV, MT, NL, PL, PT, RO, SE, SI, SK)",Tunisia,ZINC AND ARTICLES THEREOF,EXPORT,VALUE_IN_EUROS,1999,5149856
ESTAT:DS-045409(1.0),06/02/26 11:00:00,Annual,"European Union - 27 countries (AT, BE, BG, CY, CZ, DE, DK, EE, ES, FI, FR, GR, HR, HU, IE, IT, LT, LU, LV, MT, NL, PL, PT, RO, SE, SI, SK)",Tunisia,ZINC AND ARTICLES THEREOF,EXPORT,VALUE_IN_EUROS,2000,5674324
ESTAT:DS-045409(1.0),06/02/26 11:00:00,Annual,"European Union - 27 countries (AT, BE, BG, CY, CZ, DE, DK, EE, ES, FI, FR, GR, HR, HU, IE, IT, LT, LU, LV, MT, NL, PL, PT, RO, SE, SI, SK)",Tunisia,ZINC AND ARTICLES THEREOF,EXPORT,VALUE_IN_EUROS,2001,6818500
ESTAT:DS-045409(1.0),06/02/26 11:00:00,Annual,"European Union - 27 countries (AT, BE, BG, CY, CZ, DE, DK, EE, ES, FI, FR, GR, HR, HU, IE, IT, LT, LU, LV, MT, NL, PL, PT, RO, SE, SI, SK)",Tunisia,ZINC AND ARTICLES THEREOF,EXPORT,VALUE_IN_EUROS,2002,7012089
ESTAT:DS-045409(1.0),06/02/26 11:00:00,Annual,"European Union - 27 countries (AT, BE, BG, CY, CZ, DE, DK, EE, ES, FI, FR, GR, HR, HU, IE, IT, LT, LU, LV, MT, NL, PL, PT, RO, SE, SI, SK)",Tunisia,ZINC AND ARTICLES THEREOF,EXPORT,VALUE_IN_EUROS,2003,4556042
ESTAT:DS-045409(1.0),06/02/26 11:00:00,Annual,"European Union - 27 countries (AT, BE, BG, CY, CZ, DE, DK, EE, ES, FI, FR, GR, HR, HU, IE, IT, LT, LU, LV, MT, NL, PL, PT, RO, SE, SI, SK)",Tunisia,ZINC AND ARTICLES THEREOF,EXPORT,VALUE_IN_EUROS,2004,7580771
ESTAT:DS-045409(1.0),06/02/26 11:00:00,Annual,"European Union - 27 countries (AT, BE, BG, CY, CZ, DE, DK, EE, ES, FI, FR, GR, HR, HU, IE, IT, LT, LU, LV, MT, NL, PL, PT, RO, SE, SI, SK)",Tunisia,ZINC AND ARTICLES THEREOF,EXPORT,VALUE_IN_EUROS,2005,8633725
ESTAT:DS-045409(1.0),06/02/26 11:00:00,Annual,"European Union - 27 countries (AT, BE, BG, CY, CZ, DE, DK, EE, ES, FI, FR, GR, HR, HU, IE, IT, LT, LU, LV, MT, NL, PL, PT, RO, SE, SI, SK)",Tunisia,ZINC AND ARTICLES THEREOF,EXPORT,VALUE_IN_EUROS,2006,13746334
ESTAT:DS-045409(1.0),06/02/26 11:00:00,Annual,"European Union - 27 countries (AT, BE, BG, CY, CZ, DE, DK, EE, ES, FI, FR, GR, HR, HU, IE, IT, LT, LU, LV, MT, NL, PL, PT, RO, SE, SI, SK)",Tunisia,ZINC AND ARTICLES THEREOF,EXPORT,VALUE_IN_EUROS,2007,14031774
ESTAT:DS-045409(1.0),06/02/26 11:00:00,Annual,"European Union - 27 countries (AT, BE, BG, CY, CZ, DE, DK, EE, ES, FI, FR, GR, HR, HU, IE, IT, LT, LU, LV, MT, NL, PL, PT, RO, SE, SI, SK)",Tunisia,ZINC AND ARTICLES THEREOF,EXPORT,VALUE_IN_EUROS,2008,9194649
ESTAT:DS-045409(1.0),06/02/26 11:00:00,Annual,"European Union - 27 countries (AT, BE, BG, CY, CZ, DE, DK, EE, ES, FI, FR, GR, HR, HU, IE, IT, LT, LU, LV, MT, NL, PL, PT, RO, SE, SI, SK)",Tunisia,ZINC AND ARTICLES THEREOF,EXPORT,VALUE_IN_EUROS,2009,3371671
ESTAT:DS-045409(1.0),06/02/26 11:00:00,Annual,"European Union - 27 countries (AT, BE, BG, CY, CZ, DE, DK, EE, ES, FI, FR, GR, HR, HU, IE, IT, LT, LU, LV, MT, NL, PL, PT, RO, SE, SI, SK)",Tunisia,ZINC AND ARTICLES THEREOF,EXPORT,VALUE_IN_EUROS,2010,6561204
ESTAT:DS-045409(1.0),06/02/26 11:00:00,Annual,"European Union - 27 countries (AT, BE, BG, CY, CZ, DE, DK, EE, ES, FI, FR, GR, HR, HU, IE, IT, LT, LU, LV, MT, NL, PL, PT, RO, SE, SI, SK)",Tunisia,ZINC AND ARTICLES THEREOF,EXPORT,VALUE_IN_EUROS,2011,6294360
ESTAT:DS-045409(1.0),06/02/26 11:00:00,Annual,"European Union - 27 countries (AT, BE, BG, CY, CZ, DE, DK, EE, ES, FI, FR, GR, HR, HU, IE, IT, LT, LU, LV, MT, NL, PL, PT, RO, SE, SI, SK)",Tunisia,ZINC AND ARTICLES THEREOF,EXPORT,VALUE_IN_EUROS,2012,5495353
ESTAT:DS-045409(1.0),06/02/26 11:00:00,Annual,"European Union - 27 countries (AT, BE, BG, CY, CZ, DE, DK, EE, ES, FI, FR, GR, HR, HU, IE, IT, LT, LU, LV, MT, NL, PL, PT, RO, SE, SI, SK)",Tunisia,ZINC AND ARTICLES THEREOF,EXPORT,VALUE_IN_EUROS,2013,9135524
ESTAT:DS-045409(1.0),06/02/26 11:00:00,Annual,"European Union - 27 countries (AT, BE, BG, CY, CZ, DE, DK, EE, ES, FI, FR, GR, HR, HU, IE, IT, LT, LU, LV, MT, NL, PL, PT, RO, SE, SI, SK)",Tunisia,ZINC AND ARTICLES THEREOF,EXPORT,VALUE_IN_EUROS,2014,9825423
ESTAT:DS-045409(1.0),06/02/26 11:00:00,Annual,"European Union - 27 countries (AT, BE, BG, CY, CZ, DE, DK, EE, ES, FI, FR, GR, HR, HU, IE, IT, LT, LU, LV, MT, NL, PL, PT, RO, SE, SI, SK)",Tunisia,ZINC AND ARTICLES THEREOF,EXPORT,VALUE_IN_EUROS,2015,7924763
ESTAT:DS-045409(1.0),06/02/26 11:00:00,Annual,"European Union - 27 countries (AT, BE, BG, CY, CZ, DE, DK, EE, ES, FI, FR, GR, HR, HU, IE, IT, LT, LU, LV, MT, NL, PL, PT, RO, SE, SI, SK)",Tunisia,ZINC AND ARTICLES THEREOF,EXPORT,VALUE_IN_EUROS,2016,9849597
ESTAT:DS-045409(1.0),06/02/26 11:00:00,Annual,"European Union - 27 countries (AT, BE, BG, CY, CZ, DE, DK, EE, ES, FI, FR, GR, HR, HU, IE, IT, LT, LU, LV, MT, NL, PL, PT, RO, SE, SI, SK)",Tunisia,ZINC AND ARTICLES THEREOF,EXPORT,VALUE_IN_EUROS,2017,10519463
ESTAT:DS-045409(1.0),06/02/26 11:00:00,Annual,"European Union - 27 countries (AT, BE, BG, CY, CZ, DE, DK, EE, ES, FI, FR, GR, HR, HU, IE, IT, LT, LU, LV, MT, NL, PL, PT, RO, SE, SI, SK)",Tunisia,ZINC AND ARTICLES THEREOF,EXPORT,VALUE_IN_EUROS,2018,33087957
ESTAT:DS-045409(1.0),06/02/26 11:00:00,Annual,"European Union - 27 countries (AT, BE, BG, CY, CZ, DE, DK, EE, ES, FI, FR, GR, HR, HU, IE, IT, LT, LU, LV, MT, NL, PL, PT, RO, SE, SI, SK)",Tunisia,ZINC AND ARTICLES THEREOF,EXPORT,VALUE_IN_EUROS,2019,19378111
ESTAT:DS-045409(1.0),06/02/26 11:00:00,Annual,"European Union - 27 countries (AT, BE, BG, CY, CZ, DE, DK, EE, ES, FI, FR, GR, HR, HU, IE, IT, LT, LU, LV, MT, NL, PL, PT, RO, SE, SI, SK)",Tunisia,ZINC AND ARTICLES THEREOF,EXPORT,VALUE_IN_EUROS,2020,17246782
ESTAT:DS-045409(1.0),06/02/26 11:00:00,Annual,"European Union - 27 countries (AT, BE, BG, CY, CZ, DE, DK, EE, ES, FI, FR, GR, HR, HU, IE, IT, LT, LU, LV, MT, NL, PL, PT, RO, SE, SI, SK)",Tunisia,ZINC AND ARTICLES THEREOF,EXPORT,VALUE_IN_EUROS,2021,23931931
ESTAT:DS-045409(1.0),06/02/26 11:00:00,Annual,"European Union - 27 countries (AT, BE, BG, CY, CZ, DE, DK, EE, ES, FI, FR, GR, HR, HU, IE, IT, LT, LU, LV, MT, NL, PL, PT, RO, SE, SI, SK)",Tunisia,ZINC AND ARTICLES THEREOF,EXPORT,VALUE_IN_EUROS,2022,24369092
ESTAT:DS-045409(1.0),06/02/26 11:00:00,Annual,"European Union - 27 countries (AT, BE, BG, CY, CZ, DE, DK, EE, ES, FI, FR, GR, HR, HU, IE, IT, LT, LU, LV, MT, NL, PL, PT, RO, SE, SI, SK)",Tunisia,ZINC AND ARTICLES THEREOF,EXPORT,VALUE_IN_EUROS,2023,15723560
ESTAT:DS-045409(1.0),06/02/26 11:00:00,Annual,"European Union - 27 countries (AT, BE, BG, CY, CZ, DE, DK, EE, ES, FI, FR, GR, HR, HU, IE, IT, LT, LU, LV, MT, NL, PL, PT, RO, SE, SI, SK)",Tunisia,ZINC AND ARTICLES THEREOF,EXPORT,VALUE_IN_EUROS,2024,23366781
ESTAT:DS-045409(1.0),06/02/26 11:00:00,Annual,"European Union - 27 countries (AT, BE, BG, CY, CZ, DE, DK, EE, ES, FI, FR, GR, HR, HU, IE, IT, LT, LU, LV, MT, NL, PL, PT, RO, SE, SI, SK)","Tanzania, United Republic of",ZINC AND ARTICLES THEREOF,EXPORT,VALUE_IN_EUROS,1999,533365
ESTAT:DS-045409(1.0),06/02/26 11:00:00,Annual,"European Union - 27 countries (AT, BE, BG, CY, CZ, DE, DK, EE, ES, FI, FR, GR, HR, HU, IE, IT, LT, LU, LV, MT, NL, PL, PT, RO, SE, SI, SK)","Tanzania, United Republic of",ZINC AND ARTICLES THEREOF,EXPORT,VALUE_IN_EUROS,2000,680266
ESTAT:DS-045409(1.0),06/02/26 11:00:00,Annual,"European Union - 27 countries (AT, BE, BG, CY, CZ, DE, DK, EE, ES, FI, FR, GR, HR, HU, IE, IT, LT, LU, LV, MT, NL, PL, PT, RO, SE, SI, SK)","Tanzania, United Republic of",ZINC AND ARTICLES THEREOF,EXPORT,VALUE_IN_EUROS,2002,935
ESTAT:DS-045409(1.0),06/02/26 11:00:00,Annual,"European Union - 27 countries (AT, BE, BG, CY, CZ, DE, DK, EE, ES, FI, FR, GR, HR, HU, IE, IT, LT, LU, LV, MT, NL, PL, PT, RO, SE, SI, SK)","Tanzania, United Republic of",ZINC AND ARTICLES THEREOF,EXPORT,VALUE_IN_EUROS,2003,23326
ESTAT:DS-045409(1.0),06/02/26 11:00:00,Annual,"European Union - 27 countries (AT, BE, BG, CY, CZ, DE, DK, EE, ES, FI, FR, GR, HR, HU, IE, IT, LT, LU, LV, MT, NL, PL, PT, RO, SE, SI, SK)","Tanzania, United Republic of",ZINC AND ARTICLES THEREOF,EXPORT,VALUE_IN_EUROS,2004,139796
ESTAT:DS-045409(1.0),06/02/26 11:00:00,Annual,"European Union - 27 countries (AT, BE, BG, CY, CZ, DE, DK, EE, ES, FI, FR, GR, HR, HU, IE, IT, LT, LU, LV, MT, NL, PL, PT, RO, SE, SI, SK)","Tanzania, United Republic of",ZINC AND ARTICLES THEREOF,EXPORT,VALUE_IN_EUROS,2005,57163
ESTAT:DS-045409(1.0),06/02/26 11:00:00,Annual,"European Union - 27 countries (AT, BE, BG, CY, CZ, DE, DK, EE, ES, FI, FR, GR, HR, HU, IE, IT, LT, LU, LV, MT, NL, PL, PT, RO, SE, SI, SK)","Tanzania, United Republic of",ZINC AND ARTICLES THEREOF,EXPORT,VALUE_IN_EUROS,2006,13
ESTAT:DS-045409(1.0),06/02/26 11:00:00,Annual,"European Union - 27 countries (AT, BE, BG, CY, CZ, DE, DK, EE, ES, FI, FR, GR, HR, HU, IE, IT, LT, LU, LV, MT, NL, PL, PT, RO, SE, SI, SK)","Tanzania, United Republic of",ZINC AND ARTICLES THEREOF,EXPORT,VALUE_IN_EUROS,2007,10632
ESTAT:DS-045409(1.0),06/02/26 11:00:00,Annual,"European Union - 27 countries (AT, BE, BG, CY, CZ, DE, DK, EE, ES, FI, FR, GR, HR, HU, IE, IT, LT, LU, LV, MT, NL, PL, PT, RO, SE, SI, SK)","Tanzania, United Republic of",ZINC AND ARTICLES THEREOF,EXPORT,VALUE_IN_EUROS,2008,700
ESTAT:DS-045409(1.0),06/02/26 11:00:00,Annual,"European Union - 27 countries (AT, BE, BG, CY, CZ, DE, DK, EE, ES, FI, FR, GR, HR, HU, IE, IT, LT, LU, LV, MT, NL, PL, PT, RO, SE, SI, SK)","Tanzania, United Republic of",ZINC AND ARTICLES THEREOF,EXPORT,VALUE_IN_EUROS,2009,50
ESTAT:DS-045409(1.0),06/02/26 11:00:00,Annual,"European Union - 27 countries (AT, BE, BG, CY, CZ, DE, DK, EE, ES, FI, FR, GR, HR, HU, IE, IT, LT, LU, LV, MT, NL, PL, PT, RO, SE, SI, SK)","Tanzania, United Republic of",ZINC AND ARTICLES THEREOF,EXPORT,VALUE_IN_EUROS,2010,55112
ESTAT:DS-045409(1.0),06/02/26 11:00:00,Annual,"European Union - 27 countries (AT, BE, BG, CY, CZ, DE, DK, EE, ES, FI, FR, GR, HR, HU, IE, IT, LT, LU, LV, MT, NL, PL, PT, RO, SE, SI, SK)","Tanzania, United Republic of",ZINC AND ARTICLES THEREOF,EXPORT,VALUE_IN_EUROS,2011,10980
ESTAT:DS-045409(1.0),06/02/26 11:00:00,Annual,"European Union - 27 countries (AT, BE, BG, CY, CZ, DE, DK, EE, ES, FI, FR, GR, HR, HU, IE, IT, LT, LU, LV, MT, NL, PL, PT, RO, SE, SI, SK)","Tanzania, United Republic of",ZINC AND ARTICLES THEREOF,EXPORT,VALUE_IN_EUROS,2012,8260
ESTAT:DS-045409(1.0),06/02/26 11:00:00,Annual,"European Union - 27 countries (AT, BE, BG, CY, CZ, DE, DK, EE, ES, FI, FR, GR, HR, HU, IE, IT, LT, LU, LV, MT, NL, PL, PT, RO, SE, SI, SK)","Tanzania, United Republic of",ZINC AND ARTICLES THEREOF,EXPORT,VALUE_IN_EUROS,2013,599070
ESTAT:DS-045409(1.0),06/02/26 11:00:00,Annual,"European Union - 27 countries (AT, BE, BG, CY, CZ, DE, DK, EE, ES, FI, FR, GR, HR, HU, IE, IT, LT, LU, LV, MT, NL, PL, PT, RO, SE, SI, SK)","Tanzania, United Republic of",ZINC AND ARTICLES THEREOF,EXPORT,VALUE_IN_EUROS,2014,2306733
ESTAT:DS-045409(1.0),06/02/26 11:00:00,Annual,"European Union - 27 countries (AT, BE, BG, CY, CZ, DE, DK, EE, ES, FI, FR, GR, HR, HU, IE, IT, LT, LU, LV, MT, NL, PL, PT, RO, SE, SI, SK)","Tanzania, United Republic of",ZINC AND ARTICLES THEREOF,EXPORT,VALUE_IN_EUROS,2015,1351297
ESTAT:DS-045409(1.0),06/02/26 11:00:00,Annual,"European Union - 27 countries (AT, BE, BG, CY, CZ, DE, DK, EE, ES, FI, FR, GR, HR, HU, IE, IT, LT, LU, LV, MT, NL, PL, PT, RO, SE, SI, SK)","Tanzania, United Republic of",ZINC AND ARTICLES THEREOF,EXPORT,VALUE_IN_EUROS,2016,6300
ESTAT:DS-045409(1.0),06/02/26 11:00:00,Annual,"European Union - 27 countries (AT, BE, BG, CY, CZ, DE, DK, EE, ES, FI, FR, GR, HR, HU, IE, IT, LT, LU, LV, MT, NL, PL, PT, RO, SE, SI, SK)","Tanzania, United Republic of",ZINC AND ARTICLES THEREOF,EXPORT,VALUE_IN_EUROS,2017,426411
ESTAT:DS-045409(1.0),06/02/26 11:00:00,Annual,"European Union - 27 countries (AT, BE, BG, CY, CZ, DE, DK, EE, ES, FI, FR, GR, HR, HU, IE, IT, LT, LU, LV, MT, NL, PL, PT, RO, SE, SI, SK)","Tanzania, United Republic of",ZINC AND ARTICLES THEREOF,EXPORT,VALUE_IN_EUROS,2018,11925
ESTAT:DS-045409(1.0),06/02/26 11:00:00,Annual,"European Union - 27 countries (AT, BE, BG, CY, CZ, DE, DK, EE, ES, FI, FR, GR, HR, HU, IE, IT, LT, LU, LV, MT, NL, PL, PT, RO, SE, SI, SK)","Tanzania, United Republic of",ZINC AND ARTICLES THEREOF,EXPORT,VALUE_IN_EUROS,2019,7284
ESTAT:DS-045409(1.0),06/02/26 11:00:00,Annual,"European Union - 27 countries (AT, BE, BG, CY, CZ, DE, DK, EE, ES, FI, FR, GR, HR, HU, IE, IT, LT, LU, LV, MT, NL, PL, PT, RO, SE, SI, SK)","Tanzania, United Republic of",ZINC AND ARTICLES THEREOF,EXPORT,VALUE_IN_EUROS,2020,9547
ESTAT:DS-045409(1.0),06/02/26 11:00:00,Annual,"European Union - 27 countries (AT, BE, BG, CY, CZ, DE, DK, EE, ES, FI, FR, GR, HR, HU, IE, IT, LT, LU, LV, MT, NL, PL, PT, RO, SE, SI, SK)","Tanzania, United Republic of",ZINC AND ARTICLES THEREOF,EXPORT,VALUE_IN_EUROS,2021,89856
ESTAT:DS-045409(1.0),06/02/26 11:00:00,Annual,"European Union - 27 countries (AT, BE, BG, CY, CZ, DE, DK, EE, ES, FI, FR, GR, HR, HU, IE, IT, LT, LU, LV, MT, NL, PL, PT, RO, SE, SI, SK)","Tanzania, United Republic of",ZINC AND ARTICLES THEREOF,EXPORT,VALUE_IN_EUROS,2022,76299
ESTAT:DS-045409(1.0),06/02/26 11:00:00,Annual,"European Union - 27 countries (AT, BE, BG, CY, CZ, DE, DK, EE, ES, FI, FR, GR, HR, HU, IE, IT, LT, LU, LV, MT, NL, PL, PT, RO, SE, SI, SK)","Tanzania, United Republic of",ZINC AND ARTICLES THEREOF,EXPORT,VALUE_IN_EUROS,2023,73709
ESTAT:DS-045409(1.0),06/02/26 11:00:00,Annual,"European Union - 27 countries (AT, BE, BG, CY, CZ, DE, DK, EE, ES, FI, FR, GR, HR, HU, IE, IT, LT, LU, LV, MT, NL, PL, PT, RO, SE, SI, SK)","Tanzania, United Republic of",ZINC AND ARTICLES THEREOF,EXPORT,VALUE_IN_EUROS,2024,26247
ESTAT:DS-045409(1.0),06/02/26 11:00:00,Annual,"European Union - 27 countries (AT, BE, BG, CY, CZ, DE, DK, EE, ES, FI, FR, GR, HR, HU, IE, IT, LT, LU, LV, MT, NL, PL, PT, RO, SE, SI, SK)",Uganda,ZINC AND ARTICLES THEREOF,EXPORT,VALUE_IN_EUROS,2001,15333
ESTAT:DS-045409(1.0),06/02/26 11:00:00,Annual,"European Union - 27 countries (AT, BE, BG, CY, CZ, DE, DK, EE, ES, FI, FR, GR, HR, HU, IE, IT, LT, LU, LV, MT, NL, PL, PT, RO, SE, SI, SK)",Uganda,ZINC AND ARTICLES THEREOF,EXPORT,VALUE_IN_EUROS,2002,81898
ESTAT:DS-045409(1.0),06/02/26 11:00:00,Annual,"European Union - 27 countries (AT, BE, BG, CY, CZ, DE, DK, EE, ES, FI, FR, GR, HR, HU, IE, IT, LT, LU, LV, MT, NL, PL, PT, RO, SE, SI, SK)",Uganda,ZINC AND ARTICLES THEREOF,EXPORT,VALUE_IN_EUROS,2003,10973
ESTAT:DS-045409(1.0),06/02/26 11:00:00,Annual,"European Union - 27 countries (AT, BE, BG, CY, CZ, DE, DK, EE, ES, FI, FR, GR, HR, HU, IE, IT, LT, LU, LV, MT, NL, PL, PT, RO, SE, SI, SK)",Uganda,ZINC AND ARTICLES THEREOF,EXPORT,VALUE_IN_EUROS,2004,36277
ESTAT:DS-045409(1.0),06/02/26 11:00:00,Annual,"European Union - 27 countries (AT, BE, BG, CY, CZ, DE, DK, EE, ES, FI, FR, GR, HR, HU, IE, IT, LT, LU, LV, MT, NL, PL, PT, RO, SE, SI, SK)",Uganda,ZINC AND ARTICLES THEREOF,EXPORT,VALUE_IN_EUROS,2005,18202
ESTAT:DS-045409(1.0),06/02/26 11:00:00,Annual,"European Union - 27 countries (AT, BE, BG, CY, CZ, DE, DK, EE, ES, FI, FR, GR, HR, HU, IE, IT, LT, LU, LV, MT, NL, PL, PT, RO, SE, SI, SK)",Uganda,ZINC AND ARTICLES THEREOF,EXPORT,VALUE_IN_EUROS,2006,73601
ESTAT:DS-045409(1.0),06/02/26 11:00:00,Annual,"European Union - 27 countries (AT, BE, BG, CY, CZ, DE, DK, EE, ES, FI, FR, GR, HR, HU, IE, IT, LT, LU, LV, MT, NL, PL, PT, RO, SE, SI, SK)",Uganda,ZINC AND ARTICLES THEREOF,EXPORT,VALUE_IN_EUROS,2007,63730
ESTAT:DS-045409(1.0),06/02/26 11:00:00,Annual,"European Union - 27 countries (AT, BE, BG, CY, CZ, DE, DK, EE, ES, FI, FR, GR, HR, HU, IE, IT, LT, LU, LV, MT, NL, PL, PT, RO, SE, SI, SK)",Uganda,ZINC AND ARTICLES THEREOF,EXPORT,VALUE_IN_EUROS,2008,132881
ESTAT:DS-045409(1.0),06/02/26 11:00:00,Annual,"European Union - 27 countries (AT, BE, BG, CY, CZ, DE, DK, EE, ES, FI, FR, GR, HR, HU, IE, IT, LT, LU, LV, MT, NL, PL, PT, RO, SE, SI, SK)",Uganda,ZINC AND ARTICLES THEREOF,EXPORT,VALUE_IN_EUROS,2009,558
ESTAT:DS-045409(1.0),06/02/26 11:00:00,Annual,"European Union - 27 countries (AT, BE, BG, CY, CZ, DE, DK, EE, ES, FI, FR, GR, HR, HU, IE, IT, LT, LU, LV, MT, NL, PL, PT, RO, SE, SI, SK)",Uganda,ZINC AND ARTICLES THEREOF,EXPORT,VALUE_IN_EUROS,2010,2553
ESTAT:DS-045409(1.0),06/02/26 11:00:00,Annual,"European Union - 27 countries (AT, BE, BG, CY, CZ, DE, DK, EE, ES, FI, FR, GR, HR, HU, IE, IT, LT, LU, LV, MT, NL, PL, PT, RO, SE, SI, SK)",Uganda,ZINC AND ARTICLES THEREOF,EXPORT,VALUE_IN_EUROS,2011,50862
ESTAT:DS-045409(1.0),06/02/26 11:00:00,Annual,"European Union - 27 countries (AT, BE, BG, CY, CZ, DE, DK, EE, ES, FI, FR, GR, HR, HU, IE, IT, LT, LU, LV, MT, NL, PL, PT, RO, SE, SI, SK)",Uganda,ZINC AND ARTICLES THEREOF,EXPORT,VALUE_IN_EUROS,2012,47195
ESTAT:DS-045409(1.0),06/02/26 11:00:00,Annual,"European Union - 27 countries (AT, BE, BG, CY, CZ, DE, DK, EE, ES, FI, FR, GR, HR, HU, IE, IT, LT, LU, LV, MT, NL, PL, PT, RO, SE, SI, SK)",Uganda,ZINC AND ARTICLES THEREOF,EXPORT,VALUE_IN_EUROS,2013,872759
ESTAT:DS-045409(1.0),06/02/26 11:00:00,Annual,"European Union - 27 countries (AT, BE, BG, CY, CZ, DE, DK, EE, ES, FI, FR, GR, HR, HU, IE, IT, LT, LU, LV, MT, NL, PL, PT, RO, SE, SI, SK)",Uganda,ZINC AND ARTICLES THEREOF,EXPORT,VALUE_IN_EUROS,2014,300582
ESTAT:DS-045409(1.0),06/02/26 11:00:00,Annual,"European Union - 27 countries (AT, BE, BG, CY, CZ, DE, DK, EE, ES, FI, FR, GR, HR, HU, IE, IT, LT, LU, LV, MT, NL, PL, PT, RO, SE, SI, SK)",Uganda,ZINC AND ARTICLES THEREOF,EXPORT,VALUE_IN_EUROS,2015,493284
ESTAT:DS-045409(1.0),06/02/26 11:00:00,Annual,"European Union - 27 countries (AT, BE, BG, CY, CZ, DE, DK, EE, ES, FI, FR, GR, HR, HU, IE, IT, LT, LU, LV, MT, NL, PL, PT, RO, SE, SI, SK)",Uganda,ZINC AND ARTICLES THEREOF,EXPORT,VALUE_IN_EUROS,2016,661462
ESTAT:DS-045409(1.0),06/02/26 11:00:00,Annual,"European Union - 27 countries (AT, BE, BG, CY, CZ, DE, DK, EE, ES, FI, FR, GR, HR, HU, IE, IT, LT, LU, LV, MT, NL, PL, PT, RO, SE, SI, SK)",Uganda,ZINC AND ARTICLES THEREOF,EXPORT,VALUE_IN_EUROS,2017,58529
ESTAT:DS-045409(1.0),06/02/26 11:00:00,Annual,"European Union - 27 countries (AT, BE, BG, CY, CZ, DE, DK, EE, ES, FI, FR, GR, HR, HU, IE, IT, LT, LU, LV, MT, NL, PL, PT, RO, SE, SI, SK)",Uganda,ZINC AND ARTICLES THEREOF,EXPORT,VALUE_IN_EUROS,2018,477779
ESTAT:DS-045409(1.0),06/02/26 11:00:00,Annual,"European Union - 27 countries (AT, BE, BG, CY, CZ, DE, DK, EE, ES, FI, FR, GR, HR, HU, IE, IT, LT, LU, LV, MT, NL, PL, PT, RO, SE, SI, SK)",Uganda,ZINC AND ARTICLES THEREOF,EXPORT,VALUE_IN_EUROS,2019,405891
ESTAT:DS-045409(1.0),06/02/26 11:00:00,Annual,"European Union - 27 countries (AT, BE, BG, CY, CZ, DE, DK, EE, ES, FI, FR, GR, HR, HU, IE, IT, LT, LU, LV, MT, NL, PL, PT, RO, SE, SI, SK)",Uganda,ZINC AND ARTICLES THEREOF,EXPORT,VALUE_IN_EUROS,2020,213332
ESTAT:DS-045409(1.0),06/02/26 11:00:00,Annual,"European Union - 27 countries (AT, BE, BG, CY, CZ, DE, DK, EE, ES, FI, FR, GR, HR, HU, IE, IT, LT, LU, LV, MT, NL, PL, PT, RO, SE, SI, SK)",Uganda,ZINC AND ARTICLES THEREOF,EXPORT,VALUE_IN_EUROS,2021,535967
ESTAT:DS-045409(1.0),06/02/26 11:00:00,Annual,"European Union - 27 countries (AT, BE, BG, CY, CZ, DE, DK, EE, ES, FI, FR, GR, HR, HU, IE, IT, LT, LU, LV, MT, NL, PL, PT, RO, SE, SI, SK)",Uganda,ZINC AND ARTICLES THEREOF,EXPORT,VALUE_IN_EUROS,2022,48209
ESTAT:DS-045409(1.0),06/02/26 11:00:00,Annual,"European Union - 27 countries (AT, BE, BG, CY, CZ, DE, DK, EE, ES, FI, FR, GR, HR, HU, IE, IT, LT, LU, LV, MT, NL, PL, PT, RO, SE, SI, SK)",Uganda,ZINC AND ARTICLES THEREOF,EXPORT,VALUE_IN_EUROS,2023,96755
ESTAT:DS-045409(1.0),06/02/26 11:00:00,Annual,"European Union - 27 countries (AT, BE, BG, CY, CZ, DE, DK, EE, ES, FI, FR, GR, HR, HU, IE, IT, LT, LU, LV, MT, NL, PL, PT, RO, SE, SI, SK)",Uganda,ZINC AND ARTICLES THEREOF,EXPORT,VALUE_IN_EUROS,2024,108691
ESTAT:DS-045409(1.0),06/02/26 11:00:00,Annual,"European Union - 27 countries (AT, BE, BG, CY, CZ, DE, DK, EE, ES, FI, FR, GR, HR, HU, IE, IT, LT, LU, LV, MT, NL, PL, PT, RO, SE, SI, SK)",South Africa (incl. Namibia 'NA' -> 1989),ZINC AND ARTICLES THEREOF,EXPORT,VALUE_IN_EUROS,1999,428459
ESTAT:DS-045409(1.0),06/02/26 11:00:00,Annual,"European Union - 27 countries (AT, BE, BG, CY, CZ, DE, DK, EE, ES, FI, FR, GR, HR, HU, IE, IT, LT, LU, LV, MT, NL, PL, PT, RO, SE, SI, SK)",South Africa (incl. Namibia 'NA' -> 1989),ZINC AND ARTICLES THEREOF,EXPORT,VALUE_IN_EUROS,2000,473189
ESTAT:DS-045409(1.0),06/02/26 11:00:00,Annual,"European Union - 27 countries (AT, BE, BG, CY, CZ, DE, DK, EE, ES, FI, FR, GR, HR, HU, IE, IT, LT, LU, LV, MT, NL, PL, PT, RO, SE, SI, SK)",South Africa (incl. Namibia 'NA' -> 1989),ZINC AND ARTICLES THEREOF,EXPORT,VALUE_IN_EUROS,2001,186686
ESTAT:DS-045409(1.0),06/02/26 11:00:00,Annual,"European Union - 27 countries (AT, BE, BG, CY, CZ, DE, DK, EE, ES, FI, FR, GR, HR, HU, IE, IT, LT, LU, LV, MT, NL, PL, PT, RO, SE, SI, SK)",South Africa (incl. Namibia 'NA' -> 1989),ZINC AND ARTICLES THEREOF,EXPORT,VALUE_IN_EUROS,2002,174140
ESTAT:DS-045409(1.0),06/02/26 11:00:00,Annual,"European Union - 27 countries (AT, BE, BG, CY, CZ, DE, DK, EE, ES, FI, FR, GR, HR, HU, IE, IT, LT, LU, LV, MT, NL, PL, PT, RO, SE, SI, SK)",South Africa (incl. Namibia 'NA' -> 1989),ZINC AND ARTICLES THEREOF,EXPORT,VALUE_IN_EUROS,2003,199135
ESTAT:DS-045409(1.0),06/02/26 11:00:00,Annual,"European Union - 27 countries (AT, BE, BG, CY, CZ, DE, DK, EE, ES, FI, FR, GR, HR, HU, IE, IT, LT, LU, LV, MT, NL, PL, PT, RO, SE, SI, SK)",South Africa (incl. Namibia 'NA' -> 1989),ZINC AND ARTICLES THEREOF,EXPORT,VALUE_IN_EUROS,2004,348701
ESTAT:DS-045409(1.0),06/02/26 11:00:00,Annual,"European Union - 27 countries (AT, BE, BG, CY, CZ, DE, DK, EE, ES, FI, FR, GR, HR, HU, IE, IT, LT, LU, LV, MT, NL, PL, PT, RO, SE, SI, SK)",South Africa (incl. Namibia 'NA' -> 1989),ZINC AND ARTICLES THEREOF,EXPORT,VALUE_IN_EUROS,2005,298782
ESTAT:DS-045409(1.0),06/02/26 11:00:00,Annual,"European Union - 27 countries (AT, BE, BG, CY, CZ, DE, DK, EE, ES, FI, FR, GR, HR, HU, IE, IT, LT, LU, LV, MT, NL, PL, PT, RO, SE, SI, SK)",South Africa (incl. Namibia 'NA' -> 1989),ZINC AND ARTICLES THEREOF,EXPORT,VALUE_IN_EUROS,2006,1407140
ESTAT:DS-045409(1.0),06/02/26 11:00:00,Annual,"European Union - 27 countries (AT, BE, BG, CY, CZ, DE, DK, EE, ES, FI, FR, GR, HR, HU, IE, IT, LT, LU, LV, MT, NL, PL, PT, RO, SE, SI, SK)",South Africa (incl. Namibia 'NA' -> 1989),ZINC AND ARTICLES THEREOF,EXPORT,VALUE_IN_EUROS,2007,1262836
ESTAT:DS-045409(1.0),06/02/26 11:00:00,Annual,"European Union - 27 countries (AT, BE, BG, CY, CZ, DE, DK, EE, ES, FI, FR, GR, HR, HU, IE, IT, LT, LU, LV, MT, NL, PL, PT, RO, SE, SI, SK)",South Africa (incl. Namibia 'NA' -> 1989),ZINC AND ARTICLES THEREOF,EXPORT,VALUE_IN_EUROS,2008,985862
ESTAT:DS-045409(1.0),06/02/26 11:00:00,Annual,"European Union - 27 countries (AT, BE, BG, CY, CZ, DE, DK, EE, ES, FI, FR, GR, HR, HU, IE, IT, LT, LU, LV, MT, NL, PL, PT, RO, SE, SI, SK)",South Africa (incl. Namibia 'NA' -> 1989),ZINC AND ARTICLES THEREOF,EXPORT,VALUE_IN_EUROS,2009,1465234
ESTAT:DS-045409(1.0),06/02/26 11:00:00,Annual,"European Union - 27 countries (AT, BE, BG, CY, CZ, DE, DK, EE, ES, FI, FR, GR, HR, HU, IE, IT, LT, LU, LV, MT, NL, PL, PT, RO, SE, SI, SK)",South Africa (incl. Namibia 'NA' -> 1989),ZINC AND ARTICLES THEREOF,EXPORT,VALUE_IN_EUROS,2010,1063107
ESTAT:DS-045409(1.0),06/02/26 11:00:00,Annual,"European Union - 27 countries (AT, BE, BG, CY, CZ, DE, DK, EE, ES, FI, FR, GR, HR, HU, IE, IT, LT, LU, LV, MT, NL, PL, PT, RO, SE, SI, SK)",South Africa (incl. Namibia 'NA' -> 1989),ZINC AND ARTICLES THEREOF,EXPORT,VALUE_IN_EUROS,2011,2230331
ESTAT:DS-045409(1.0),06/02/26 11:00:00,Annual,"European Union - 27 countries (AT, BE, BG, CY, CZ, DE, DK, EE, ES, FI, FR, GR, HR, HU, IE, IT, LT, LU, LV, MT, NL, PL, PT, RO, SE, SI, SK)",South Africa (incl. Namibia 'NA' -> 1989),ZINC AND ARTICLES THEREOF,EXPORT,VALUE_IN_EUROS,2012,4110675
ESTAT:DS-045409(1.0),06/02/26 11:00:00,Annual,"European Union - 27 countries (AT, BE, BG, CY, CZ, DE, DK, EE, ES, FI, FR, GR, HR, HU, IE, IT, LT, LU, LV, MT, NL, PL, PT, RO, SE, SI, SK)",South Africa (incl. Namibia 'NA' -> 1989),ZINC AND ARTICLES THEREOF,EXPORT,VALUE_IN_EUROS,2013,9168386
ESTAT:DS-045409(1.0),06/02/26 11:00:00,Annual,"European Union - 27 countries (AT, BE, BG, CY, CZ, DE, DK, EE, ES, FI, FR, GR, HR, HU, IE, IT, LT, LU, LV, MT, NL, PL, PT, RO, SE, SI, SK)",South Africa (incl. Namibia 'NA' -> 1989),ZINC AND ARTICLES THEREOF,EXPORT,VALUE_IN_EUROS,2014,10378578
ESTAT:DS-045409(1.0),06/02/26 11:00:00,Annual,"European Union - 27 countries (AT, BE, BG, CY, CZ, DE, DK, EE, ES, FI, FR, GR, HR, HU, IE, IT, LT, LU, LV, MT, NL, PL, PT, RO, SE, SI, SK)",South Africa (incl. Namibia 'NA' -> 1989),ZINC AND ARTICLES THEREOF,EXPORT,VALUE_IN_EUROS,2015,4859528
ESTAT:DS-045409(1.0),06/02/26 11:00:00,Annual,"European Union - 27 countries (AT, BE, BG, CY, CZ, DE, DK, EE, ES, FI, FR, GR, HR, HU, IE, IT, LT, LU, LV, MT, NL, PL, PT, RO, SE, SI, SK)",South Africa (incl. Namibia 'NA' -> 1989),ZINC AND ARTICLES THEREOF,EXPORT,VALUE_IN_EUROS,2016,2472907
ESTAT:DS-045409(1.0),06/02/26 11:00:00,Annual,"European Union - 27 countries (AT, BE, BG, CY, CZ, DE, DK, EE, ES, FI, FR, GR, HR, HU, IE, IT, LT, LU, LV, MT, NL, PL, PT, RO, SE, SI, SK)",South Africa (incl. Namibia 'NA' -> 1989),ZINC AND ARTICLES THEREOF,EXPORT,VALUE_IN_EUROS,2017,2939813
ESTAT:DS-045409(1.0),06/02/26 11:00:00,Annual,"European Union - 27 countries (AT, BE, BG, CY, CZ, DE, DK, EE, ES, FI, FR, GR, HR, HU, IE, IT, LT, LU, LV, MT, NL, PL, PT, RO, SE, SI, SK)",South Africa (incl. Namibia 'NA' -> 1989),ZINC AND ARTICLES THEREOF,EXPORT,VALUE_IN_EUROS,2018,4443719
ESTAT:DS-045409(1.0),06/02/26 11:00:00,Annual,"European Union - 27 countries (AT, BE, BG, CY, CZ, DE, DK, EE, ES, FI, FR, GR, HR, HU, IE, IT, LT, LU, LV, MT, NL, PL, PT, RO, SE, SI, SK)",South Africa (incl. Namibia 'NA' -> 1989),ZINC AND ARTICLES THEREOF,EXPORT,VALUE_IN_EUROS,2019,17663700
ESTAT:DS-045409(1.0),06/02/26 11:00:00,Annual,"European Union - 27 countries (AT, BE, BG, CY, CZ, DE, DK, EE, ES, FI, FR, GR, HR, HU, IE, IT, LT, LU, LV, MT, NL, PL, PT, RO, SE, SI, SK)",South Africa (incl. Namibia 'NA' -> 1989),ZINC AND ARTICLES THEREOF,EXPORT,VALUE_IN_EUROS,2020,18417695
ESTAT:DS-045409(1.0),06/02/26 11:00:00,Annual,"European Union - 27 countries (AT, BE, BG, CY, CZ, DE, DK, EE, ES, FI, FR, GR, HR, HU, IE, IT, LT, LU, LV, MT, NL, PL, PT, RO, SE, SI, SK)",South Africa (incl. Namibia 'NA' -> 1989),ZINC AND ARTICLES THEREOF,EXPORT,VALUE_IN_EUROS,2021,29765698
ESTAT:DS-045409(1.0),06/02/26 11:00:00,Annual,"European Union - 27 countries (AT, BE, BG, CY, CZ, DE, DK, EE, ES, FI, FR, GR, HR, HU, IE, IT, LT, LU, LV, MT, NL, PL, PT, RO, SE, SI, SK)",South Africa (incl. Namibia 'NA' -> 1989),ZINC AND ARTICLES THEREOF,EXPORT,VALUE_IN_EUROS,2022,2002372
ESTAT:DS-045409(1.0),06/02/26 11:00:00,Annual,"European Union - 27 countries (AT, BE, BG, CY, CZ, DE, DK, EE, ES, FI, FR, GR, HR, HU, IE, IT, LT, LU, LV, MT, NL, PL, PT, RO, SE, SI, SK)",South Africa (incl. Namibia 'NA' -> 1989),ZINC AND ARTICLES THEREOF,EXPORT,VALUE_IN_EUROS,2023,11445898
ESTAT:DS-045409(1.0),06/02/26 11:00:00,Annual,"European Union - 27 countries (AT, BE, BG, CY, CZ, DE, DK, EE, ES, FI, FR, GR, HR, HU, IE, IT, LT, LU, LV, MT, NL, PL, PT, RO, SE, SI, SK)",South Africa (incl. Namibia 'NA' -> 1989),ZINC AND ARTICLES THEREOF,EXPORT,VALUE_IN_EUROS,2024,16556488
ESTAT:DS-045409(1.0),06/02/26 11:00:00,Annual,"European Union - 27 countries (AT, BE, BG, CY, CZ, DE, DK, EE, ES, FI, FR, GR, HR, HU, IE, IT, LT, LU, LV, MT, NL, PL, PT, RO, SE, SI, SK)",Zambia,ZINC AND ARTICLES THEREOF,EXPORT,VALUE_IN_EUROS,1999,516
ESTAT:DS-045409(1.0),06/02/26 11:00:00,Annual,"European Union - 27 countries (AT, BE, BG, CY, CZ, DE, DK, EE, ES, FI, FR, GR, HR, HU, IE, IT, LT, LU, LV, MT, NL, PL, PT, RO, SE, SI, SK)",Zambia,ZINC AND ARTICLES THEREOF,EXPORT,VALUE_IN_EUROS,2000,13798
ESTAT:DS-045409(1.0),06/02/26 11:00:00,Annual,"European Union - 27 countries (AT, BE, BG, CY, CZ, DE, DK, EE, ES, FI, FR, GR, HR, HU, IE, IT, LT, LU, LV, MT, NL, PL, PT, RO, SE, SI, SK)",Zambia,ZINC AND ARTICLES THEREOF,EXPORT,VALUE_IN_EUROS,2002,29046
ESTAT:DS-045409(1.0),06/02/26 11:00:00,Annual,"European Union - 27 countries (AT, BE, BG, CY, CZ, DE, DK, EE, ES, FI, FR, GR, HR, HU, IE, IT, LT, LU, LV, MT, NL, PL, PT, RO, SE, SI, SK)",Zambia,ZINC AND ARTICLES THEREOF,EXPORT,VALUE_IN_EUROS,2011,132
ESTAT:DS-045409(1.0),06/02/26 11:00:00,Annual,"European Union - 27 countries (AT, BE, BG, CY, CZ, DE, DK, EE, ES, FI, FR, GR, HR, HU, IE, IT, LT, LU, LV, MT, NL, PL, PT, RO, SE, SI, SK)",Zambia,ZINC AND ARTICLES THEREOF,EXPORT,VALUE_IN_EUROS,2012,168
ESTAT:DS-045409(1.0),06/02/26 11:00:00,Annual,"European Union - 27 countries (AT, BE, BG, CY, CZ, DE, DK, EE, ES, FI, FR, GR, HR, HU, IE, IT, LT, LU, LV, MT, NL, PL, PT, RO, SE, SI, SK)",Zambia,ZINC AND ARTICLES THEREOF,EXPORT,VALUE_IN_EUROS,2013,26
ESTAT:DS-045409(1.0),06/02/26 11:00:00,Annual,"European Union - 27 countries (AT, BE, BG, CY, CZ, DE, DK, EE, ES, FI, FR, GR, HR, HU, IE, IT, LT, LU, LV, MT, NL, PL, PT, RO, SE, SI, SK)",Zambia,ZINC AND ARTICLES THEREOF,EXPORT,VALUE_IN_EUROS,2014,27
ESTAT:DS-045409(1.0),06/02/26 11:00:00,Annual,"European Union - 27 countries (AT, BE, BG, CY, CZ, DE, DK, EE, ES, FI, FR, GR, HR, HU, IE, IT, LT, LU, LV, MT, NL, PL, PT, RO, SE, SI, SK)",Zambia,ZINC AND ARTICLES THEREOF,EXPORT,VALUE_IN_EUROS,2015,44538
ESTAT:DS-045409(1.0),06/02/26 11:00:00,Annual,"European Union - 27 countries (AT, BE, BG, CY, CZ, DE, DK, EE, ES, FI, FR, GR, HR, HU, IE, IT, LT, LU, LV, MT, NL, PL, PT, RO, SE, SI, SK)",Zambia,ZINC AND ARTICLES THEREOF,EXPORT,VALUE_IN_EUROS,2017,207
ESTAT:DS-045409(1.0),06/02/26 11:00:00,Annual,"European Union - 27 countries (AT, BE, BG, CY, CZ, DE, DK, EE, ES, FI, FR, GR, HR, HU, IE, IT, LT, LU, LV, MT, NL, PL, PT, RO, SE, SI, SK)",Zambia,ZINC AND ARTICLES THEREOF,EXPORT,VALUE_IN_EUROS,2018,67
ESTAT:DS-045409(1.0),06/02/26 11:00:00,Annual,"European Union - 27 countries (AT, BE, BG, CY, CZ, DE, DK, EE, ES, FI, FR, GR, HR, HU, IE, IT, LT, LU, LV, MT, NL, PL, PT, RO, SE, SI, SK)",Zambia,ZINC AND ARTICLES THEREOF,EXPORT,VALUE_IN_EUROS,2019,924
ESTAT:DS-045409(1.0),06/02/26 11:00:00,Annual,"European Union - 27 countries (AT, BE, BG, CY, CZ, DE, DK, EE, ES, FI, FR, GR, HR, HU, IE, IT, LT, LU, LV, MT, NL, PL, PT, RO, SE, SI, SK)",Zambia,ZINC AND ARTICLES THEREOF,EXPORT,VALUE_IN_EUROS,2020,2
ESTAT:DS-045409(1.0),06/02/26 11:00:00,Annual,"European Union - 27 countries (AT, BE, BG, CY, CZ, DE, DK, EE, ES, FI, FR, GR, HR, HU, IE, IT, LT, LU, LV, MT, NL, PL, PT, RO, SE, SI, SK)",Zambia,ZINC AND ARTICLES THEREOF,EXPORT,VALUE_IN_EUROS,2021,1290
ESTAT:DS-045409(1.0),06/02/26 11:00:00,Annual,"European Union - 27 countries (AT, BE, BG, CY, CZ, DE, DK, EE, ES, FI, FR, GR, HR, HU, IE, IT, LT, LU, LV, MT, NL, PL, PT, RO, SE, SI, SK)",Zambia,ZINC AND ARTICLES THEREOF,EXPORT,VALUE_IN_EUROS,2022,3028
ESTAT:DS-045409(1.0),06/02/26 11:00:00,Annual,"European Union - 27 countries (AT, BE, BG, CY, CZ, DE, DK, EE, ES, FI, FR, GR, HR, HU, IE, IT, LT, LU, LV, MT, NL, PL, PT, RO, SE, SI, SK)",Zambia,ZINC AND ARTICLES THEREOF,EXPORT,VALUE_IN_EUROS,2023,521
ESTAT:DS-045409(1.0),06/02/26 11:00:00,Annual,"European Union - 27 countries (AT, BE, BG, CY, CZ, DE, DK, EE, ES, FI, FR, GR, HR, HU, IE, IT, LT, LU, LV, MT, NL, PL, PT, RO, SE, SI, SK)",Zambia,ZINC AND ARTICLES THEREOF,EXPORT,VALUE_IN_EUROS,2024,16
ESTAT:DS-045409(1.0),06/02/26 11:00:00,Annual,"European Union - 27 countries (AT, BE, BG, CY, CZ, DE, DK, EE, ES, FI, FR, GR, HR, HU, IE, IT, LT, LU, LV, MT, NL, PL, PT, RO, SE, SI, SK)",Zimbabwe,ZINC AND ARTICLES THEREOF,EXPORT,VALUE_IN_EUROS,2000,204
ESTAT:DS-045409(1.0),06/02/26 11:00:00,Annual,"European Union - 27 countries (AT, BE, BG, CY, CZ, DE, DK, EE, ES, FI, FR, GR, HR, HU, IE, IT, LT, LU, LV, MT, NL, PL, PT, RO, SE, SI, SK)",Zimbabwe,ZINC AND ARTICLES THEREOF,EXPORT,VALUE_IN_EUROS,2001,1986
ESTAT:DS-045409(1.0),06/02/26 11:00:00,Annual,"European Union - 27 countries (AT, BE, BG, CY, CZ, DE, DK, EE, ES, FI, FR, GR, HR, HU, IE, IT, LT, LU, LV, MT, NL, PL, PT, RO, SE, SI, SK)",Zimbabwe,ZINC AND ARTICLES THEREOF,EXPORT,VALUE_IN_EUROS,2005,4180
ESTAT:DS-045409(1.0),06/02/26 11:00:00,Annual,"European Union - 27 countries (AT, BE, BG, CY, CZ, DE, DK, EE, ES, FI, FR, GR, HR, HU, IE, IT, LT, LU, LV, MT, NL, PL, PT, RO, SE, SI, SK)",Zimbabwe,ZINC AND ARTICLES THEREOF,EXPORT,VALUE_IN_EUROS,2006,9320
ESTAT:DS-045409(1.0),06/02/26 11:00:00,Annual,"European Union - 27 countries (AT, BE, BG, CY, CZ, DE, DK, EE, ES, FI, FR, GR, HR, HU, IE, IT, LT, LU, LV, MT, NL, PL, PT, RO, SE, SI, SK)",Zimbabwe,ZINC AND ARTICLES THEREOF,EXPORT,VALUE_IN_EUROS,2007,4765
ESTAT:DS-045409(1.0),06/02/26 11:00:00,Annual,"European Union - 27 countries (AT, BE, BG, CY, CZ, DE, DK, EE, ES, FI, FR, GR, HR, HU, IE, IT, LT, LU, LV, MT, NL, PL, PT, RO, SE, SI, SK)",Zimbabwe,ZINC AND ARTICLES THEREOF,EXPORT,VALUE_IN_EUROS,2011,120
ESTAT:DS-045409(1.0),06/02/26 11:00:00,Annual,"European Union - 27 countries (AT, BE, BG, CY, CZ, DE, DK, EE, ES, FI, FR, GR, HR, HU, IE, IT, LT, LU, LV, MT, NL, PL, PT, RO, SE, SI, SK)",Zimbabwe,ZINC AND ARTICLES THEREOF,EXPORT,VALUE_IN_EUROS,2012,3078
ESTAT:DS-045409(1.0),06/02/26 11:00:00,Annual,"European Union - 27 countries (AT, BE, BG, CY, CZ, DE, DK, EE, ES, FI, FR, GR, HR, HU, IE, IT, LT, LU, LV, MT, NL, PL, PT, RO, SE, SI, SK)",Zimbabwe,ZINC AND ARTICLES THEREOF,EXPORT,VALUE_IN_EUROS,2014,84
ESTAT:DS-045409(1.0),06/02/26 11:00:00,Annual,"European Union - 27 countries (AT, BE, BG, CY, CZ, DE, DK, EE, ES, FI, FR, GR, HR, HU, IE, IT, LT, LU, LV, MT, NL, PL, PT, RO, SE, SI, SK)",Zimbabwe,ZINC AND ARTICLES THEREOF,EXPORT,VALUE_IN_EUROS,2015,159
ESTAT:DS-045409(1.0),06/02/26 11:00:00,Annual,"European Union - 27 countries (AT, BE, BG, CY, CZ, DE, DK, EE, ES, FI, FR, GR, HR, HU, IE, IT, LT, LU, LV, MT, NL, PL, PT, RO, SE, SI, SK)",Zimbabwe,ZINC AND ARTICLES THEREOF,EXPORT,VALUE_IN_EUROS,2016,9
ESTAT:DS-045409(1.0),06/02/26 11:00:00,Annual,"European Union - 27 countries (AT, BE, BG, CY, CZ, DE, DK, EE, ES, FI, FR, GR, HR, HU, IE, IT, LT, LU, LV, MT, NL, PL, PT, RO, SE, SI, SK)",Zimbabwe,ZINC AND ARTICLES THEREOF,EXPORT,VALUE_IN_EUROS,2017,19
ESTAT:DS-045409(1.0),06/02/26 11:00:00,Annual,"European Union - 27 countries (AT, BE, BG, CY, CZ, DE, DK, EE, ES, FI, FR, GR, HR, HU, IE, IT, LT, LU, LV, MT, NL, PL, PT, RO, SE, SI, SK)",Zimbabwe,ZINC AND ARTICLES THEREOF,EXPORT,VALUE_IN_EUROS,2018,16094
ESTAT:DS-045409(1.0),06/02/26 11:00:00,Annual,"European Union - 27 countries (AT, BE, BG, CY, CZ, DE, DK, EE, ES, FI, FR, GR, HR, HU, IE, IT, LT, LU, LV, MT, NL, PL, PT, RO, SE, SI, SK)",Zimbabwe,ZINC AND ARTICLES THEREOF,EXPORT,VALUE_IN_EUROS,2019,15
ESTAT:DS-045409(1.0),06/02/26 11:00:00,Annual,"European Union - 27 countries (AT, BE, BG, CY, CZ, DE, DK, EE, ES, FI, FR, GR, HR, HU, IE, IT, LT, LU, LV, MT, NL, PL, PT, RO, SE, SI, SK)",Zimbabwe,ZINC AND ARTICLES THEREOF,EXPORT,VALUE_IN_EUROS,2022,4156
ESTAT:DS-045409(1.0),06/02/26 11:00:00,Annual,"European Union - 27 countries (AT, BE, BG, CY, CZ, DE, DK, EE, ES, FI, FR, GR, HR, HU, IE, IT, LT, LU, LV, MT, NL, PL, PT, RO, SE, SI, SK)",Zimbabwe,ZINC AND ARTICLES THEREOF,EXPORT,VALUE_IN_EUROS,2023,872
ESTAT:DS-045409(1.0),06/02/26 11:00:00,Annual,"European Union - 27 countries (AT, BE, BG, CY, CZ, DE, DK, EE, ES, FI, FR, GR, HR, HU, IE, IT, LT, LU, LV, MT, NL, PL, PT, RO, SE, SI, SK)",Zimbabwe,ZINC AND ARTICLES THEREOF,EXPORT,VALUE_IN_EUROS,2024,16542
